bodyId,threshold_degree,observed_target_groups,null_group_mean,null_group_min,null_group_max,descriptive_upper_tail_fraction
10006,1,1,1,1,1,1.0
10012,1,1,1,1,1,1.0
10026,4,4,3.90625,3,4,0.90625
10030,6,5,5.71875,5,6,1.0
10037,1,1,1,1,1,1.0
10038,6,4,5.75,5,6,1.0
10045,19,12,16.15625,14,19,1.0
10048,4,4,3.96875,3,4,0.96875
10054,4,2,3.9375,3,4,1.0
10056,17,10,14.75,12,17,1.0
10065,6,5,5.53125,4,6,0.9375
10073,1,1,1,1,1,1.0
100755,1,1,1,1,1,1.0
10076,1,1,1,1,1,1.0
10081,1,1,1,1,1,1.0
10090,6,4,5.625,5,6,1.0
10104,6,4,5.6875,4,6,1.0
10106,3,2,3,3,3,1.0
10112,1,1,1,1,1,1.0
10118,5,5,4.75,4,5,0.75
10124,27,15,20.5625,17,23,1.0
10131,23,13,18.4375,14,22,1.0
10135,2,1,2,2,2,1.0
10141,2,2,2,2,2,1.0
10160,2,2,2,2,2,1.0
10163,2,2,2,2,2,1.0
10177,9,6,8.3125,7,9,1.0
10192,13,8,11.5625,10,13,1.0
10197,1,1,1,1,1,1.0
10216,7,5,6.625,5,7,1.0
10218,8,5,7.375,6,8,1.0
10221,7,5,6.625,5,7,1.0
10247,16,10,13.71875,11,16,1.0
10249,2,1,2,2,2,1.0
10259,2,2,2,2,2,1.0
10264,1,1,1,1,1,1.0
10274,20,14,16.34375,13,18,0.96875
10280,5,4,4.6875,3,5,0.96875
10281,20,12,16.5,14,19,1.0
10301,11,10,9.90625,9,11,0.71875
10313,2,1,2,2,2,1.0
103156,2,1,1.96875,1,2,1.0
10360,7,4,6.5625,5,7,1.0
10416,1,1,1,1,1,1.0
10425,3,3,2.90625,2,3,0.90625
10433,2,2,2,2,2,1.0
10440,7,4,6.71875,6,7,1.0
10442,1,1,1,1,1,1.0
10444,22,13,17.84375,15,21,1.0
104605,1,1,1,1,1,1.0
104610,1,1,1,1,1,1.0
10469,6,3,5.71875,5,6,1.0
10482,10,6,9.15625,7,10,1.0
10499,4,2,3.84375,3,4,1.0
1050112921,5,3,4.78125,4,5,1.0
1050115348,2,1,1.96875,1,2,1.0
1050138510,5,2,4.9375,4,5,1.0
1050151038,1,1,1,1,1,1.0
1050379364,9,5,8.5,7,9,1.0
1050441863,4,3,3.96875,3,4,1.0
1050591428,3,2,2.96875,2,3,1.0
10506,4,2,3.8125,3,4,1.0
1050765441,1,1,1,1,1,1.0
10508,1,1,1,1,1,1.0
1050815626,1,1,1,1,1,1.0
1050859066,1,1,1,1,1,1.0
1050910351,1,1,1,1,1,1.0
1050938168,5,3,4.71875,4,5,1.0
1051045520,4,2,3.875,3,4,1.0
1051296846,1,1,1,1,1,1.0
1051333245,1,1,1,1,1,1.0
1051352087,1,1,1,1,1,1.0
1051358866,2,2,1.90625,1,2,0.90625
1051479717,2,1,2,2,2,1.0
1051645871,4,4,3.90625,3,4,0.90625
10520,25,17,19.84375,17,23,1.0
105240,1,1,1,1,1,1.0
10527,2,2,2,2,2,1.0
1053329543,1,1,1,1,1,1.0
10535,5,3,4.625,4,5,1.0
1053526057,2,2,1.90625,1,2,0.90625
1053549729,2,1,1.96875,1,2,1.0
1053563856,1,1,1,1,1,1.0
1053955095,1,1,1,1,1,1.0
1054019402,4,1,3.84375,3,4,1.0
10544,7,6,6.625,5,7,0.90625
1054499659,1,1,1,1,1,1.0
1055333832,1,1,1,1,1,1.0
10562,1,1,1,1,1,1.0
105726,1,1,1,1,1,1.0
1057576230,2,2,2,2,2,1.0
10577,4,3,3.9375,3,4,1.0
10581,11,8,9.78125,8,11,1.0
10584,2,2,2,2,2,1.0
10587,3,2,3,3,3,1.0
1061901900,1,1,1,1,1,1.0
1062512192,1,1,1,1,1,1.0
106355,1,1,1,1,1,1.0
10643,3,3,2.9375,2,3,0.9375
10668,2,2,2,2,2,1.0
10673,2,1,2,2,2,1.0
1068560359,4,3,3.78125,3,4,1.0
10703,4,2,3.9375,3,4,1.0
10717,31,17,23.25,20,27,1.0
10734,30,20,22.96875,20,25,1.0
1074160161,1,1,1,1,1,1.0
10751,2,1,2,2,2,1.0
10760,4,4,3.78125,3,4,0.78125
10800,1,1,1,1,1,1.0
10833,2,2,2,2,2,1.0
10834,4,2,3.90625,3,4,1.0
1083604933,1,1,1,1,1,1.0
10846,4,2,3.90625,3,4,1.0
10849,1,1,1,1,1,1.0
10853,11,8,10.0625,8,11,1.0
10881,1,1,1,1,1,1.0
10885,8,6,7.46875,5,8,0.96875
10888,1,1,1,1,1,1.0
108941,1,1,1,1,1,1.0
10895,2,2,2,2,2,1.0
10922,3,3,2.96875,2,3,0.96875
109328,2,1,1.96875,1,2,1.0
10952,4,2,3.9375,3,4,1.0
109521,1,1,1,1,1,1.0
10968,2,1,2,2,2,1.0
110202,1,1,1,1,1,1.0
11048,2,1,1.96875,1,2,1.0
11066,1,1,1,1,1,1.0
11067,3,3,3,3,3,1.0
11074,3,2,2.875,2,3,1.0
11078,5,4,4.90625,4,5,1.0
11097,5,4,4.84375,4,5,1.0
1110706007,5,2,4.90625,4,5,1.0
11127,1,1,1,1,1,1.0
11172,1,1,1,1,1,1.0
11179,3,2,2.84375,2,3,1.0
11211,2,1,2,2,2,1.0
11223,6,4,5.71875,4,6,1.0
11270,6,3,5.78125,4,6,1.0
11304,1,1,1,1,1,1.0
11310,6,4,5.84375,5,6,1.0
11352,1,1,1,1,1,1.0
11373,1,1,1,1,1,1.0
11411,5,3,4.8125,4,5,1.0
11421,4,3,3.96875,3,4,1.0
11424,1,1,1,1,1,1.0
11458,1,1,1,1,1,1.0
11466,1,1,1,1,1,1.0
114757,1,1,1,1,1,1.0
114795,4,2,3.875,3,4,1.0
11513,3,3,2.90625,2,3,0.90625
11527,1,1,1,1,1,1.0
11563,1,1,1,1,1,1.0
11575,13,9,11.5,9,13,1.0
115974,1,1,1,1,1,1.0
11598,8,4,7.5625,7,8,1.0
11600,1,1,1,1,1,1.0
11629,2,1,2,2,2,1.0
11643,2,1,2,2,2,1.0
11704,1,1,1,1,1,1.0
11713,2,1,1.96875,1,2,1.0
11737,2,2,1.96875,1,2,0.96875
11755,1,1,1,1,1,1.0
11770,1,1,1,1,1,1.0
11803,2,1,2,2,2,1.0
11844,1,1,1,1,1,1.0
11846,1,1,1,1,1,1.0
11881,2,2,1.96875,1,2,0.96875
119228,2,2,1.96875,1,2,0.96875
119284,1,1,1,1,1,1.0
11951,1,1,1,1,1,1.0
11955,1,1,1,1,1,1.0
11970,1,1,1,1,1,1.0
120169,2,2,1.96875,1,2,0.96875
120242,1,1,1,1,1,1.0
120318,1,1,1,1,1,1.0
12038,2,2,1.96875,1,2,0.96875
121271,2,2,1.96875,1,2,0.96875
121911,1,1,1,1,1,1.0
12209,2,1,1.96875,1,2,1.0
122112,5,4,4.84375,4,5,1.0
12224,4,3,4,4,4,1.0
12238,1,1,1,1,1,1.0
122753,1,1,1,1,1,1.0
122992,1,1,1,1,1,1.0
123153,1,1,1,1,1,1.0
12319,1,1,1,1,1,1.0
123566,1,1,1,1,1,1.0
12364,1,1,1,1,1,1.0
12378,1,1,1,1,1,1.0
12393,1,1,1,1,1,1.0
12394,5,3,4.78125,3,5,1.0
124189,1,1,1,1,1,1.0
124505,1,1,1,1,1,1.0
12451,1,1,1,1,1,1.0
12453,1,1,1,1,1,1.0
12483,1,1,1,1,1,1.0
12484,8,6,7.34375,6,8,1.0
12520,3,2,2.9375,2,3,1.0
12533,2,1,1.90625,1,2,1.0
12559,2,1,2,2,2,1.0
12563,1,1,1,1,1,1.0
12581,2,2,1.96875,1,2,0.96875
12619,1,1,1,1,1,1.0
12622,2,2,1.96875,1,2,0.96875
12745,2,1,1.9375,1,2,1.0
12752,2,1,1.96875,1,2,1.0
12794,1,1,1,1,1,1.0
12804,1,1,1,1,1,1.0
12821,7,4,6.75,6,7,1.0
12850,1,1,1,1,1,1.0
12851,1,1,1,1,1,1.0
12875,2,1,2,2,2,1.0
12886,4,3,3.84375,3,4,1.0
12894,2,1,1.96875,1,2,1.0
129124,1,1,1,1,1,1.0
129205,1,1,1,1,1,1.0
13030,2,2,2,2,2,1.0
13034,4,4,3.90625,3,4,0.90625
1310068700,2,1,1.9375,1,2,1.0
131272,1,1,1,1,1,1.0
13130,31,16,22.96875,18,26,1.0
131475,2,2,2,2,2,1.0
13178,5,3,4.9375,4,5,1.0
13186,3,2,2.96875,2,3,1.0
13196,1,1,1,1,1,1.0
132009,1,1,1,1,1,1.0
13218,1,1,1,1,1,1.0
13277,1,1,1,1,1,1.0
13319,1,1,1,1,1,1.0
133389,1,1,1,1,1,1.0
13364,2,2,2,2,2,1.0
13377,1,1,1,1,1,1.0
13402,1,1,1,1,1,1.0
13444,1,1,1,1,1,1.0
13499,4,3,3.90625,3,4,1.0
13508,4,3,3.84375,3,4,1.0
13539,2,1,1.9375,1,2,1.0
13570,1,1,1,1,1,1.0
13624,2,1,2,2,2,1.0
13649,8,6,7.34375,6,8,1.0
13652,4,4,3.8125,3,4,0.8125
13719,1,1,1,1,1,1.0
13754,1,1,1,1,1,1.0
137825,1,1,1,1,1,1.0
13795,1,1,1,1,1,1.0
13805,5,4,4.78125,3,5,0.96875
138205,1,1,1,1,1,1.0
13852,2,2,2,2,2,1.0
13854,1,1,1,1,1,1.0
13958,1,1,1,1,1,1.0
13964,1,1,1,1,1,1.0
13978,10,7,9.125,7,10,1.0
139941,1,1,1,1,1,1.0
14046,1,1,1,1,1,1.0
14075,2,1,2,2,2,1.0
140838,1,1,1,1,1,1.0
14114,3,3,3,3,3,1.0
14121,6,6,5.625,3,6,0.71875
14141,1,1,1,1,1,1.0
14154,2,1,2,2,2,1.0
142880,1,1,1,1,1,1.0
143017,1,1,1,1,1,1.0
14306,2,1,1.96875,1,2,1.0
14357,2,1,1.9375,1,2,1.0
14409,2,1,1.9375,1,2,1.0
14455,1,1,1,1,1,1.0
14498,1,1,1,1,1,1.0
14537,1,1,1,1,1,1.0
145375,2,1,2,2,2,1.0
145433,1,1,1,1,1,1.0
14561,1,1,1,1,1,1.0
14569,1,1,1,1,1,1.0
14593,2,1,1.96875,1,2,1.0
146426,1,1,1,1,1,1.0
14718,1,1,1,1,1,1.0
14732,1,1,1,1,1,1.0
14842,1,1,1,1,1,1.0
14891,2,1,1.96875,1,2,1.0
149075,3,2,2.90625,2,3,1.0
149456,1,1,1,1,1,1.0
149486,3,2,2.96875,2,3,1.0
14970,1,1,1,1,1,1.0
14994,1,1,1,1,1,1.0
150355,1,1,1,1,1,1.0
15047,1,1,1,1,1,1.0
15063,6,6,5.75,5,6,0.75
15064,2,1,1.96875,1,2,1.0
15065,1,1,1,1,1,1.0
15148,2,1,1.9375,1,2,1.0
153572,1,1,1,1,1,1.0
154726,3,2,2.9375,2,3,1.0
15485,1,1,1,1,1,1.0
154893,5,2,4.84375,4,5,1.0
155172,2,2,2,2,2,1.0
15550,22,14,18.40625,15,22,1.0
15587,1,1,1,1,1,1.0
15619,1,1,1,1,1,1.0
15653,3,2,3,3,3,1.0
15783,2,1,2,2,2,1.0
15906,5,3,4.8125,4,5,1.0
15988,2,2,1.96875,1,2,0.96875
160651,1,1,1,1,1,1.0
16079,2,1,2,2,2,1.0
16118,1,1,1,1,1,1.0
16142,1,1,1,1,1,1.0
161422,1,1,1,1,1,1.0
161542,1,1,1,1,1,1.0
161704,1,1,1,1,1,1.0
162371,1,1,1,1,1,1.0
16307,2,1,1.96875,1,2,1.0
163274,1,1,1,1,1,1.0
16359,2,1,2,2,2,1.0
16369,1,1,1,1,1,1.0
16593,24,15,19.375,17,22,1.0
16595,2,1,2,2,2,1.0
168334,1,1,1,1,1,1.0
168542,2,2,2,2,2,1.0
16994,3,2,2.875,1,3,0.96875
17019,1,1,1,1,1,1.0
17120,1,1,1,1,1,1.0
17179,1,1,1,1,1,1.0
17198,19,13,15.8125,14,18,1.0
17199,1,1,1,1,1,1.0
172868,1,1,1,1,1,1.0
17386,2,1,1.96875,1,2,1.0
174277,2,2,1.9375,1,2,0.9375
17490,1,1,1,1,1,1.0
17628,3,3,2.90625,2,3,0.90625
17739,2,2,1.96875,1,2,0.96875
17757,14,8,12.28125,10,14,1.0
17782,1,1,1,1,1,1.0
178260,5,3,4.90625,4,5,1.0
18110,1,1,1,1,1,1.0
18265,1,1,1,1,1,1.0
18279,2,1,1.90625,1,2,1.0
18424,2,1,1.9375,1,2,1.0
18616,2,1,2,2,2,1.0
18714,1,1,1,1,1,1.0
187243,4,3,3.90625,3,4,1.0
188043,2,2,2,2,2,1.0
188093,2,2,1.96875,1,2,0.96875
18811,1,1,1,1,1,1.0
19084,1,1,1,1,1,1.0
19217,1,1,1,1,1,1.0
19441,2,1,1.90625,1,2,1.0
195620,1,1,1,1,1,1.0
19607,1,1,1,1,1,1.0
19612,5,4,4.78125,4,5,1.0
19691,1,1,1,1,1,1.0
197418,1,1,1,1,1,1.0
19753,1,1,1,1,1,1.0
19810,1,1,1,1,1,1.0
19960,1,1,1,1,1,1.0
20014,1,1,1,1,1,1.0
200165,1,1,1,1,1,1.0
20051,1,1,1,1,1,1.0
20102,2,2,1.96875,1,2,0.96875
20129,4,2,3.90625,3,4,1.0
20453,1,1,1,1,1,1.0
21182,1,1,1,1,1,1.0
215290,1,1,1,1,1,1.0
21581,1,1,1,1,1,1.0
21624,2,1,1.96875,1,2,1.0
21743,10,6,9.21875,7,10,1.0
218325,1,1,1,1,1,1.0
21929,5,2,4.84375,4,5,1.0
22058,8,4,7.53125,6,8,1.0
22190,3,2,2.90625,2,3,1.0
22247,1,1,1,1,1,1.0
223170,2,1,1.96875,1,2,1.0
22341,2,1,1.96875,1,2,1.0
22356,1,1,1,1,1,1.0
22474,3,1,3,3,3,1.0
22499,3,2,2.90625,2,3,1.0
22564,2,1,2,2,2,1.0
22596,5,2,4.71875,4,5,1.0
226016,1,1,1,1,1,1.0
22757,1,1,1,1,1,1.0
228797,1,1,1,1,1,1.0
22931,13,6,11.84375,10,13,1.0
230783,6,4,5.65625,5,6,1.0
23489,1,1,1,1,1,1.0
23498,1,1,1,1,1,1.0
23551,2,1,1.96875,1,2,1.0
23628,2,1,1.96875,1,2,1.0
23715,1,1,1,1,1,1.0
238142,1,1,1,1,1,1.0
240137,1,1,1,1,1,1.0
24133,8,5,7.5625,6,8,1.0
24354,1,1,1,1,1,1.0
24593,1,1,1,1,1,1.0
24700,3,2,2.96875,2,3,1.0
24888,1,1,1,1,1,1.0
25076,1,1,1,1,1,1.0
25179,1,1,1,1,1,1.0
25180,2,1,2,2,2,1.0
251962,1,1,1,1,1,1.0
25205,1,1,1,1,1,1.0
25284,1,1,1,1,1,1.0
25455,1,1,1,1,1,1.0
256420,12,10,10.6875,9,12,0.875
258513,1,1,1,1,1,1.0
25861,3,3,2.9375,2,3,0.9375
26278,3,2,2.96875,2,3,1.0
263403,2,2,1.9375,1,2,0.9375
26644,1,1,1,1,1,1.0
26680,2,1,2,2,2,1.0
26743,1,1,1,1,1,1.0
26764,1,1,1,1,1,1.0
27001,1,1,1,1,1,1.0
27079,1,1,1,1,1,1.0
27373,3,3,2.9375,2,3,0.9375
27626,1,1,1,1,1,1.0
27735,1,1,1,1,1,1.0
28001,2,1,1.96875,1,2,1.0
28084,5,3,4.90625,4,5,1.0
28131,1,1,1,1,1,1.0
28181,2,1,2,2,2,1.0
285848,1,1,1,1,1,1.0
29086,2,2,1.96875,1,2,0.96875
29188,1,1,1,1,1,1.0
293667,1,1,1,1,1,1.0
29676,1,1,1,1,1,1.0
29867,1,1,1,1,1,1.0
30016,1,1,1,1,1,1.0
30212,1,1,1,1,1,1.0
304430,1,1,1,1,1,1.0
30777,3,2,2.9375,2,3,1.0
31103,13,6,11.75,10,13,1.0
31362,1,1,1,1,1,1.0
31407,7,5,6.59375,5,7,1.0
31567,2,2,1.96875,1,2,0.96875
31760,1,1,1,1,1,1.0
31825,1,1,1,1,1,1.0
31896,12,6,11.0625,9,12,1.0
32016,1,1,1,1,1,1.0
32102,1,1,1,1,1,1.0
32464,1,1,1,1,1,1.0
32849,1,1,1,1,1,1.0
33008,1,1,1,1,1,1.0
33220,2,2,1.9375,1,2,0.9375
33892,1,1,1,1,1,1.0
344330055,1,1,1,1,1,1.0
34664,1,1,1,1,1,1.0
34674,1,1,1,1,1,1.0
356694,1,1,1,1,1,1.0
36136,1,1,1,1,1,1.0
36216,1,1,1,1,1,1.0
36316,1,1,1,1,1,1.0
36541,1,1,1,1,1,1.0
36671,1,1,1,1,1,1.0
36718,1,1,1,1,1,1.0
36930,10,6,9.09375,8,10,1.0
37199,1,1,1,1,1,1.0
37363,1,1,1,1,1,1.0
38071,1,1,1,1,1,1.0
382580,4,2,3.90625,3,4,1.0
38796,2,1,2,2,2,1.0
38919,2,1,2,2,2,1.0
39102,2,1,1.96875,1,2,1.0
397041555,4,2,3.9375,3,4,1.0
40361,2,1,1.96875,1,2,1.0
40447,9,7,8.3125,7,9,1.0
40773,5,3,4.78125,4,5,1.0
40792,1,1,1,1,1,1.0
41346,1,1,1,1,1,1.0
42102,1,1,1,1,1,1.0
42792,1,1,1,1,1,1.0
43038,1,1,1,1,1,1.0
43185,1,1,1,1,1,1.0
43436,3,2,2.9375,2,3,1.0
43716,1,1,1,1,1,1.0
43765,2,1,2,2,2,1.0
44319,1,1,1,1,1,1.0
44917,2,2,1.90625,1,2,0.90625
45062,1,1,1,1,1,1.0
45139,1,1,1,1,1,1.0
45501,2,1,2,2,2,1.0
45658,1,1,1,1,1,1.0
45757,1,1,1,1,1,1.0
46240,5,5,4.90625,4,5,0.90625
46303,1,1,1,1,1,1.0
46348,1,1,1,1,1,1.0
46380,1,1,1,1,1,1.0
47277,1,1,1,1,1,1.0
47409,10,6,9.125,8,10,1.0
48783,1,1,1,1,1,1.0
511989,2,1,2,2,2,1.0
512002,4,2,3.96875,3,4,1.0
512006,2,1,2,2,2,1.0
512079,1,1,1,1,1,1.0
512260,1,1,1,1,1,1.0
512614,1,1,1,1,1,1.0
512938,1,1,1,1,1,1.0
513052,2,2,1.90625,1,2,0.90625
513162,2,1,1.96875,1,2,1.0
513487,1,1,1,1,1,1.0
513655,1,1,1,1,1,1.0
513811,1,1,1,1,1,1.0
513875,1,1,1,1,1,1.0
51393,2,1,2,2,2,1.0
514395,1,1,1,1,1,1.0
514489,1,1,1,1,1,1.0
514753,1,1,1,1,1,1.0
514967,1,1,1,1,1,1.0
515110,2,1,1.96875,1,2,1.0
515236,2,1,1.96875,1,2,1.0
515575,2,2,2,2,2,1.0
515785,2,1,1.96875,1,2,1.0
516819,1,1,1,1,1,1.0
516821,1,1,1,1,1,1.0
516918,2,1,1.96875,1,2,1.0
516930,1,1,1,1,1,1.0
517500,2,1,2,2,2,1.0
518028,1,1,1,1,1,1.0
519228,1,1,1,1,1,1.0
519265,1,1,1,1,1,1.0
519266,1,1,1,1,1,1.0
519410,2,1,2,2,2,1.0
519570,2,2,2,2,2,1.0
519660,5,3,4.8125,3,5,1.0
519839,4,3,3.90625,3,4,1.0
519945,1,1,1,1,1,1.0
520118,3,2,2.875,2,3,1.0
520300,14,7,12.3125,10,14,1.0
521445,1,1,1,1,1,1.0
522702,1,1,1,1,1,1.0
522961,4,3,3.84375,3,4,1.0
522975,13,6,11.84375,10,13,1.0
523039,2,2,2,2,2,1.0
523040,1,1,1,1,1,1.0
523329,1,1,1,1,1,1.0
523590,2,1,1.96875,1,2,1.0
523679,2,2,2,2,2,1.0
523769,10,7,9.34375,8,10,1.0
523771,2,1,2,2,2,1.0
523983,1,1,1,1,1,1.0
524001,1,1,1,1,1,1.0
52419,1,1,1,1,1,1.0
524190,3,2,2.90625,2,3,1.0
524225,6,3,5.6875,5,6,1.0
524245,1,1,1,1,1,1.0
524253,1,1,1,1,1,1.0
524426,1,1,1,1,1,1.0
524470,6,3,5.8125,5,6,1.0
525407,1,1,1,1,1,1.0
525454,31,16,23.65625,19,27,1.0
525960,2,2,2,2,2,1.0
527267,1,1,1,1,1,1.0
531434,2,1,2,2,2,1.0
532787,1,1,1,1,1,1.0
53588,1,1,1,1,1,1.0
537470,2,1,2,2,2,1.0
540462,1,1,1,1,1,1.0
541808,1,1,1,1,1,1.0
544361,2,1,2,2,2,1.0
547197,1,1,1,1,1,1.0
55021,4,2,3.8125,3,4,1.0
550221,6,5,5.625,4,6,0.9375
55375,1,1,1,1,1,1.0
55428,2,1,1.96875,1,2,1.0
555267,1,1,1,1,1,1.0
555293,1,1,1,1,1,1.0
555457,21,13,17.1875,14,20,1.0
555726,2,2,1.9375,1,2,0.9375
555871,1,1,1,1,1,1.0
556717,1,1,1,1,1,1.0
56138,2,1,1.96875,1,2,1.0
564865,1,1,1,1,1,1.0
56660,1,1,1,1,1,1.0
57190,2,1,2,2,2,1.0
57390,1,1,1,1,1,1.0
580414,1,1,1,1,1,1.0
581519998,2,2,1.96875,1,2,0.96875
58229,1,1,1,1,1,1.0
58609,5,3,4.84375,4,5,1.0
58772,1,1,1,1,1,1.0
60039,1,1,1,1,1,1.0
62760,2,1,1.96875,1,2,1.0
63109,2,1,2,2,2,1.0
63718,1,1,1,1,1,1.0
63963,2,1,1.96875,1,2,1.0
64272,1,1,1,1,1,1.0
65170,2,1,1.96875,1,2,1.0
66284,1,1,1,1,1,1.0
66800,8,5,7.6875,6,8,1.0
67529,1,1,1,1,1,1.0
68005,2,2,2,2,2,1.0
69759,1,1,1,1,1,1.0
71282,1,1,1,1,1,1.0
71443,1,1,1,1,1,1.0
721595680,1,1,1,1,1,1.0
73753,6,5,5.71875,4,6,0.96875
75754,4,2,3.9375,3,4,1.0
76985,10,6,9.375,8,10,1.0
76998,1,1,1,1,1,1.0
77796,1,1,1,1,1,1.0
78114,5,4,4.90625,3,5,0.96875
78445,1,1,1,1,1,1.0
79510,1,1,1,1,1,1.0
79634,5,4,4.90625,4,5,1.0
800001,8,5,7.59375,6,8,1.0
800002,10,6,9.21875,8,10,1.0
800003,1,1,1,1,1,1.0
800004,2,2,1.96875,1,2,0.96875
800008,3,2,2.8125,2,3,1.0
800009,1,1,1,1,1,1.0
800012,10,6,9.1875,8,10,1.0
800018,4,2,3.875,3,4,1.0
800020,1,1,1,1,1,1.0
800022,3,3,3,3,3,1.0
800032,2,1,1.96875,1,2,1.0
800041,1,1,1,1,1,1.0
800051,1,1,1,1,1,1.0
800053,1,1,1,1,1,1.0
800054,10,4,9.3125,8,10,1.0
800059,5,2,4.8125,4,5,1.0
800063,3,2,3,3,3,1.0
800069,2,1,1.96875,1,2,1.0
800070,2,2,2,2,2,1.0
800071,2,2,2,2,2,1.0
800072,10,5,8.96875,7,10,1.0
800073,18,14,15.40625,12,18,0.90625
800075,7,4,6.78125,6,7,1.0
800076,9,6,8.375,7,9,1.0
800077,3,2,2.9375,2,3,1.0
800079,1,1,1,1,1,1.0
800081,3,3,2.9375,2,3,0.9375
800082,5,3,4.84375,4,5,1.0
800084,4,3,3.875,3,4,1.0
800085,12,9,11.09375,10,12,1.0
800088,1,1,1,1,1,1.0
800089,7,4,6.59375,5,7,1.0
800090,2,2,2,2,2,1.0
800093,1,1,1,1,1,1.0
800095,2,2,2,2,2,1.0
800099,24,15,19.75,17,23,1.0
800100,1,1,1,1,1,1.0
800101,6,3,5.65625,4,6,1.0
800102,4,1,3.875,3,4,1.0
800103,4,4,3.9375,3,4,0.9375
800111,5,3,4.84375,4,5,1.0
800114,2,2,1.9375,1,2,0.9375
800116,8,3,7.4375,6,8,1.0
800117,7,3,6.75,5,7,1.0
800118,10,5,9.0625,7,10,1.0
800119,5,3,4.875,4,5,1.0
800121,4,3,3.9375,3,4,1.0
800123,13,6,11.375,9,13,1.0
800124,2,2,2,2,2,1.0
800127,5,2,4.75,4,5,1.0
800133,1,1,1,1,1,1.0
800134,7,3,6.625,5,7,1.0
800135,16,9,13.75,11,16,1.0
800136,13,8,11.5,10,13,1.0
800139,2,1,2,2,2,1.0
800140,6,3,5.625,4,6,1.0
800141,1,1,1,1,1,1.0
800142,5,5,4.875,3,5,0.90625
800144,5,3,4.84375,4,5,1.0
800147,14,10,12.3125,11,14,1.0
800148,2,2,1.96875,1,2,0.96875
800149,13,7,11.375,10,13,1.0
800150,2,1,2,2,2,1.0
800154,1,1,1,1,1,1.0
800155,12,6,10.4375,9,12,1.0
800156,1,1,1,1,1,1.0
800157,1,1,1,1,1,1.0
800159,6,4,5.75,4,6,1.0
800162,3,1,3,3,3,1.0
800167,3,2,2.9375,2,3,1.0
800171,5,5,4.78125,4,5,0.78125
800173,3,3,2.90625,2,3,0.90625
800174,2,2,1.96875,1,2,0.96875
800182,3,2,2.90625,2,3,1.0
800188,5,4,4.75,4,5,1.0
800192,1,1,1,1,1,1.0
800194,1,1,1,1,1,1.0
800202,1,1,1,1,1,1.0
800206,1,1,1,1,1,1.0
800207,6,1,5.625,4,6,1.0
800211,8,4,7.5,6,8,1.0
800214,1,1,1,1,1,1.0
800215,5,3,4.75,4,5,1.0
800216,9,5,8.5,7,9,1.0
800218,1,1,1,1,1,1.0
800224,7,3,6.46875,4,7,1.0
800226,1,1,1,1,1,1.0
800228,4,3,3.75,2,4,0.96875
800233,6,4,5.71875,4,6,1.0
800234,1,1,1,1,1,1.0
800235,4,3,3.90625,3,4,1.0
800236,1,1,1,1,1,1.0
800239,2,1,1.96875,1,2,1.0
800240,4,2,3.84375,3,4,1.0
800244,2,1,2,2,2,1.0
800246,1,1,1,1,1,1.0
800247,12,9,10.71875,8,12,0.96875
800256,5,4,4.84375,3,5,0.96875
800257,3,1,2.9375,2,3,1.0
800259,4,3,3.875,3,4,1.0
800263,1,1,1,1,1,1.0
800269,1,1,1,1,1,1.0
800270,9,3,8.125,6,9,1.0
800277,3,3,3,3,3,1.0
800278,1,1,1,1,1,1.0
800279,4,3,3.96875,3,4,1.0
800283,4,3,3.8125,2,4,0.96875
800286,10,5,9.375,8,10,1.0
800291,6,3,5.59375,4,6,1.0
800296,5,4,4.84375,4,5,1.0
800297,1,1,1,1,1,1.0
800299,1,1,1,1,1,1.0
800300,2,1,2,2,2,1.0
800304,2,2,1.96875,1,2,0.96875
800306,2,2,2,2,2,1.0
800307,1,1,1,1,1,1.0
800308,1,1,1,1,1,1.0
800311,3,3,2.9375,2,3,0.9375
800313,3,2,3,3,3,1.0
800318,1,1,1,1,1,1.0
800321,2,1,1.96875,1,2,1.0
800325,2,2,2,2,2,1.0
800326,3,3,2.96875,2,3,0.96875
800330,1,1,1,1,1,1.0
800332,1,1,1,1,1,1.0
800333,3,2,3,3,3,1.0
800334,3,2,2.9375,2,3,1.0
800335,1,1,1,1,1,1.0
800340,1,1,1,1,1,1.0
800341,3,2,2.96875,2,3,1.0
800344,1,1,1,1,1,1.0
800345,11,5,10.125,8,11,1.0
800347,7,3,6.6875,5,7,1.0
800350,1,1,1,1,1,1.0
800353,2,2,1.96875,1,2,0.96875
800354,3,3,2.90625,2,3,0.90625
800356,2,2,1.96875,1,2,0.96875
800364,1,1,1,1,1,1.0
800369,3,2,2.875,2,3,1.0
800371,7,2,6.71875,5,7,1.0
800373,2,2,2,2,2,1.0
800374,6,4,5.75,5,6,1.0
800375,8,5,7.40625,6,8,1.0
800380,1,1,1,1,1,1.0
800383,11,6,9.9375,8,11,1.0
800389,7,2,6.6875,6,7,1.0
800391,1,1,1,1,1,1.0
800392,1,1,1,1,1,1.0
800396,6,3,5.71875,4,6,1.0
800398,2,2,1.96875,1,2,0.96875
800403,3,2,2.96875,2,3,1.0
800405,8,7,7.25,6,8,0.8125
800406,1,1,1,1,1,1.0
800407,4,3,3.875,3,4,1.0
800411,4,3,3.84375,3,4,1.0
800416,4,2,3.9375,3,4,1.0
800420,5,4,4.90625,4,5,1.0
800423,4,4,3.875,3,4,0.875
800426,7,3,6.65625,6,7,1.0
800428,2,1,1.9375,1,2,1.0
800430,2,1,2,2,2,1.0
800432,5,3,4.59375,4,5,1.0
800434,4,4,3.96875,3,4,0.96875
800438,1,1,1,1,1,1.0
800441,1,1,1,1,1,1.0
800442,4,3,3.9375,3,4,1.0
800446,3,2,3,3,3,1.0
800448,2,2,1.9375,1,2,0.9375
800452,7,2,6.65625,5,7,1.0
800453,1,1,1,1,1,1.0
800457,2,2,2,2,2,1.0
800459,5,3,4.78125,4,5,1.0
800461,7,2,6.625,6,7,1.0
800464,7,5,6.75,6,7,1.0
800465,3,2,2.9375,2,3,1.0
800466,1,1,1,1,1,1.0
800468,5,3,4.90625,4,5,1.0
800471,1,1,1,1,1,1.0
800472,1,1,1,1,1,1.0
800473,9,7,8.25,6,9,0.9375
800476,1,1,1,1,1,1.0
800480,2,1,2,2,2,1.0
800482,1,1,1,1,1,1.0
800483,6,4,5.65625,4,6,1.0
800487,3,1,3,3,3,1.0
800489,4,3,3.9375,3,4,1.0
800490,3,2,2.90625,2,3,1.0
800492,8,2,7.5625,6,8,1.0
800493,1,1,1,1,1,1.0
800494,4,2,3.6875,2,4,1.0
800495,2,2,1.96875,1,2,0.96875
800497,2,1,1.96875,1,2,1.0
800501,6,2,5.71875,4,6,1.0
800503,4,4,3.875,3,4,0.875
800508,2,1,2,2,2,1.0
800511,2,1,2,2,2,1.0
800516,9,4,8.46875,6,9,1.0
800520,4,2,3.875,3,4,1.0
800524,3,1,3,3,3,1.0
800525,1,1,1,1,1,1.0
800526,4,3,3.9375,3,4,1.0
800527,6,2,5.625,5,6,1.0
800530,4,2,3.875,3,4,1.0
800535,1,1,1,1,1,1.0
800536,2,1,1.90625,1,2,1.0
800539,3,2,2.9375,2,3,1.0
800542,2,2,1.96875,1,2,0.96875
800544,5,4,4.9375,4,5,1.0
800546,6,2,5.75,4,6,1.0
800547,3,2,2.90625,2,3,1.0
800549,6,2,5.78125,5,6,1.0
800550,1,1,1,1,1,1.0
800551,4,2,3.96875,3,4,1.0
800557,3,2,2.96875,2,3,1.0
800559,3,2,2.875,2,3,1.0
800561,5,3,4.84375,4,5,1.0
800562,4,4,3.8125,3,4,0.8125
800564,1,1,1,1,1,1.0
800565,10,4,9.5,8,10,1.0
800567,4,3,4,4,4,1.0
800569,1,1,1,1,1,1.0
800576,6,4,5.78125,5,6,1.0
800580,4,2,3.96875,3,4,1.0
800582,8,6,7.5625,6,8,1.0
800583,10,5,9.5,8,10,1.0
800585,2,2,1.96875,1,2,0.96875
800586,1,1,1,1,1,1.0
800596,5,2,4.875,4,5,1.0
800597,2,2,1.96875,1,2,0.96875
800599,5,3,4.75,3,5,1.0
800605,4,3,3.96875,3,4,1.0
800613,2,1,2,2,2,1.0
800618,1,1,1,1,1,1.0
800622,5,2,4.6875,3,5,1.0
800624,7,4,6.65625,5,7,1.0
800631,7,4,6.625,5,7,1.0
800638,4,1,3.96875,3,4,1.0
800640,5,3,4.75,4,5,1.0
800642,5,3,4.71875,4,5,1.0
800643,4,3,3.96875,3,4,1.0
800644,1,1,1,1,1,1.0
800646,2,1,1.9375,1,2,1.0
800650,3,2,3,3,3,1.0
800655,1,1,1,1,1,1.0
800656,2,2,1.96875,1,2,0.96875
800662,2,1,1.96875,1,2,1.0
800663,4,3,3.78125,3,4,1.0
800668,1,1,1,1,1,1.0
800670,3,2,2.90625,2,3,1.0
800675,4,2,3.875,3,4,1.0
800677,4,4,3.96875,3,4,0.96875
800678,1,1,1,1,1,1.0
800681,1,1,1,1,1,1.0
800684,2,2,2,2,2,1.0
800685,8,6,7.5625,6,8,1.0
800687,7,2,6.53125,5,7,1.0
800691,4,3,3.84375,3,4,1.0
800692,3,1,2.875,2,3,1.0
800697,1,1,1,1,1,1.0
800698,1,1,1,1,1,1.0
800699,2,1,2,2,2,1.0
800702,1,1,1,1,1,1.0
800705,9,3,8.125,6,9,1.0
800707,2,1,1.96875,1,2,1.0
800716,7,4,6.65625,5,7,1.0
800722,2,1,1.96875,1,2,1.0
800731,3,2,2.90625,2,3,1.0
800736,9,3,8.09375,6,9,1.0
800737,1,1,1,1,1,1.0
800742,1,1,1,1,1,1.0
800747,9,5,8.1875,6,9,1.0
800749,4,3,3.875,3,4,1.0
800750,5,4,4.90625,4,5,1.0
800752,5,3,4.6875,4,5,1.0
800759,4,3,3.8125,3,4,1.0
800769,2,2,2,2,2,1.0
800772,2,1,2,2,2,1.0
800775,2,2,1.96875,1,2,0.96875
800782,1,1,1,1,1,1.0
800783,3,2,2.90625,2,3,1.0
800786,1,1,1,1,1,1.0
800787,7,4,6.5,5,7,1.0
800791,4,2,3.84375,2,4,1.0
800793,7,1,6.625,5,7,1.0
800794,1,1,1,1,1,1.0
800795,1,1,1,1,1,1.0
800796,5,3,4.8125,4,5,1.0
800797,1,1,1,1,1,1.0
800800,2,1,2,2,2,1.0
800802,3,2,2.9375,2,3,1.0
800804,2,2,1.96875,1,2,0.96875
800805,10,8,9.09375,7,10,0.90625
800807,5,3,4.75,4,5,1.0
800810,2,1,1.90625,1,2,1.0
800816,9,5,8.4375,7,9,1.0
800827,1,1,1,1,1,1.0
800829,5,5,4.8125,4,5,0.8125
800832,4,4,3.84375,3,4,0.84375
800833,4,2,3.875,3,4,1.0
800837,9,5,8.375,7,9,1.0
800838,8,4,7.5,6,8,1.0
800846,7,5,6.59375,5,7,1.0
800856,2,1,2,2,2,1.0
800857,8,1,7.375,5,8,1.0
800860,2,1,2,2,2,1.0
800863,6,4,5.71875,4,6,1.0
800874,1,1,1,1,1,1.0
800879,9,5,8.5,7,9,1.0
800883,9,5,8.4375,7,9,1.0
800892,4,2,3.96875,3,4,1.0
800893,11,8,9.8125,8,11,1.0
800894,3,3,3,3,3,1.0
800896,7,4,6.625,5,7,1.0
800897,2,2,1.96875,1,2,0.96875
800898,10,2,9.25,7,10,1.0
800902,2,2,1.9375,1,2,0.9375
800903,3,1,2.9375,2,3,1.0
800904,7,4,6.6875,5,7,1.0
800905,7,1,6.40625,5,7,1.0
800907,9,4,8.0625,7,9,1.0
800908,3,2,2.90625,2,3,1.0
800910,8,4,7.375,5,8,1.0
800920,1,1,1,1,1,1.0
800921,1,1,1,1,1,1.0
800922,5,3,4.8125,4,5,1.0
800924,4,3,3.9375,3,4,1.0
800931,7,2,6.59375,5,7,1.0
800941,6,5,5.71875,4,6,0.96875
800946,1,1,1,1,1,1.0
800948,1,1,1,1,1,1.0
800949,4,2,3.9375,3,4,1.0
800953,4,3,3.8125,3,4,1.0
800955,2,1,1.96875,1,2,1.0
800956,4,4,3.875,3,4,0.875
800959,6,3,5.53125,4,6,1.0
800963,3,2,3,3,3,1.0
800964,1,1,1,1,1,1.0
800967,1,1,1,1,1,1.0
800969,2,2,1.90625,1,2,0.90625
800975,2,2,1.9375,1,2,0.9375
800976,8,1,7.4375,6,8,1.0
800977,8,4,7.4375,5,8,1.0
800985,2,2,1.96875,1,2,0.96875
800987,3,2,2.90625,2,3,1.0
800991,3,1,2.84375,2,3,1.0
800992,2,1,2,2,2,1.0
800995,1,1,1,1,1,1.0
800996,3,3,2.9375,2,3,0.9375
800999,1,1,1,1,1,1.0
801002,5,3,4.875,4,5,1.0
801004,4,2,3.9375,3,4,1.0
801006,1,1,1,1,1,1.0
801007,2,1,2,2,2,1.0
801017,8,1,7.5,6,8,1.0
801018,2,1,2,2,2,1.0
801019,1,1,1,1,1,1.0
801022,1,1,1,1,1,1.0
801026,6,2,5.75,4,6,1.0
801027,4,2,3.8125,3,4,1.0
801029,2,2,1.96875,1,2,0.96875
801032,2,2,2,2,2,1.0
801036,6,3,5.71875,4,6,1.0
801037,3,2,2.9375,2,3,1.0
801040,2,1,2,2,2,1.0
801047,4,3,3.9375,3,4,1.0
801049,3,3,2.9375,2,3,0.9375
801050,1,1,1,1,1,1.0
801051,3,2,2.9375,2,3,1.0
801052,4,3,3.90625,3,4,1.0
801054,7,1,6.59375,4,7,1.0
801055,3,2,2.90625,2,3,1.0
801056,1,1,1,1,1,1.0
801059,4,2,3.9375,3,4,1.0
801061,10,5,9.21875,7,10,1.0
801072,3,3,2.9375,2,3,0.9375
801074,4,2,3.90625,3,4,1.0
801075,14,10,12.34375,10,14,1.0
801077,2,2,2,2,2,1.0
801082,2,1,2,2,2,1.0
801084,6,3,5.8125,5,6,1.0
801085,1,1,1,1,1,1.0
801087,1,1,1,1,1,1.0
801089,4,3,3.90625,3,4,1.0
801091,10,1,9.28125,8,10,1.0
801094,5,3,4.6875,3,5,1.0
801097,6,4,5.6875,5,6,1.0
801098,1,1,1,1,1,1.0
801100,1,1,1,1,1,1.0
801101,5,4,4.84375,3,5,0.96875
801102,2,1,2,2,2,1.0
801109,3,2,2.90625,2,3,1.0
801111,7,3,6.59375,5,7,1.0
801115,3,2,2.90625,2,3,1.0
801116,1,1,1,1,1,1.0
801120,1,1,1,1,1,1.0
801124,1,1,1,1,1,1.0
801127,1,1,1,1,1,1.0
801129,7,3,6.65625,5,7,1.0
801134,1,1,1,1,1,1.0
801136,1,1,1,1,1,1.0
801141,1,1,1,1,1,1.0
801147,3,2,2.9375,2,3,1.0
801149,5,3,4.75,3,5,1.0
801150,3,2,2.9375,2,3,1.0
801153,1,1,1,1,1,1.0
801154,3,3,2.9375,2,3,0.9375
801156,3,2,2.96875,2,3,1.0
801159,9,8,8.25,6,9,0.8125
801164,4,2,3.9375,3,4,1.0
801166,3,2,2.96875,2,3,1.0
801167,4,3,3.90625,2,4,0.96875
801171,1,1,1,1,1,1.0
801176,3,3,2.9375,2,3,0.9375
801181,1,1,1,1,1,1.0
801184,4,2,3.8125,3,4,1.0
801188,5,3,4.84375,4,5,1.0
801189,2,1,1.96875,1,2,1.0
801192,1,1,1,1,1,1.0
801193,4,2,3.875,3,4,1.0
801194,3,2,2.90625,2,3,1.0
801195,3,1,2.96875,2,3,1.0
801196,1,1,1,1,1,1.0
801204,2,2,1.96875,1,2,0.96875
801207,2,1,2,2,2,1.0
801208,3,2,2.96875,2,3,1.0
801209,3,2,2.96875,2,3,1.0
801210,5,2,4.84375,4,5,1.0
801214,3,2,2.96875,2,3,1.0
801230,8,5,7.53125,6,8,1.0
801231,1,1,1,1,1,1.0
801233,4,3,3.90625,3,4,1.0
801235,6,3,5.8125,5,6,1.0
801237,2,2,2,2,2,1.0
801239,3,2,2.96875,2,3,1.0
801243,3,2,2.90625,2,3,1.0
801246,7,3,6.59375,6,7,1.0
801248,2,2,2,2,2,1.0
801251,4,3,3.8125,3,4,1.0
801252,4,2,3.875,3,4,1.0
801253,1,1,1,1,1,1.0
801254,7,4,6.5,5,7,1.0
801256,2,1,1.96875,1,2,1.0
801258,4,2,3.9375,3,4,1.0
801261,3,2,2.96875,2,3,1.0
801262,12,11,10.59375,8,12,0.53125
801263,3,2,3,3,3,1.0
801268,1,1,1,1,1,1.0
801270,5,1,4.8125,4,5,1.0
801278,5,2,4.84375,4,5,1.0
801284,4,2,3.84375,3,4,1.0
801286,6,3,5.6875,5,6,1.0
801289,4,2,3.9375,3,4,1.0
801290,7,1,6.59375,6,7,1.0
801293,1,1,1,1,1,1.0
801296,11,5,9.96875,7,11,1.0
801297,1,1,1,1,1,1.0
801302,3,2,2.96875,2,3,1.0
801303,1,1,1,1,1,1.0
801309,3,1,3,3,3,1.0
801313,1,1,1,1,1,1.0
801316,7,3,6.53125,5,7,1.0
801317,3,3,3,3,3,1.0
801318,1,1,1,1,1,1.0
801320,6,5,5.71875,5,6,1.0
801324,2,2,2,2,2,1.0
801326,2,1,2,2,2,1.0
801342,3,2,2.875,2,3,1.0
801345,2,2,2,2,2,1.0
801349,1,1,1,1,1,1.0
801351,2,2,2,2,2,1.0
801355,7,3,6.59375,5,7,1.0
801357,2,1,2,2,2,1.0
801358,2,2,2,2,2,1.0
801364,1,1,1,1,1,1.0
801366,4,2,3.9375,3,4,1.0
801367,1,1,1,1,1,1.0
801371,11,2,9.875,8,11,1.0
801373,3,2,2.9375,2,3,1.0
801378,1,1,1,1,1,1.0
801380,3,3,2.96875,2,3,0.96875
801382,5,5,4.78125,3,5,0.8125
801384,4,2,3.90625,3,4,1.0
801385,13,5,11.5625,9,13,1.0
801386,5,5,4.90625,4,5,0.90625
801389,1,1,1,1,1,1.0
801405,2,1,2,2,2,1.0
801411,1,1,1,1,1,1.0
801412,2,1,2,2,2,1.0
801421,5,5,4.75,4,5,0.75
801422,3,2,2.9375,2,3,1.0
801426,9,7,8.34375,7,9,1.0
801429,5,3,4.8125,4,5,1.0
801430,1,1,1,1,1,1.0
801431,6,3,5.71875,5,6,1.0
801433,3,2,2.9375,2,3,1.0
801435,3,2,2.84375,2,3,1.0
801437,5,3,4.84375,4,5,1.0
801441,3,2,2.9375,2,3,1.0
801443,1,1,1,1,1,1.0
801446,1,1,1,1,1,1.0
801451,1,1,1,1,1,1.0
801453,5,3,4.90625,4,5,1.0
801457,1,1,1,1,1,1.0
801462,2,2,2,2,2,1.0
801471,5,3,4.90625,4,5,1.0
801474,1,1,1,1,1,1.0
801483,4,2,3.84375,3,4,1.0
801485,1,1,1,1,1,1.0
801487,2,1,1.9375,1,2,1.0
801493,2,1,2,2,2,1.0
801494,2,2,2,2,2,1.0
801495,1,1,1,1,1,1.0
801497,7,2,6.71875,6,7,1.0
801502,2,2,2,2,2,1.0
801503,2,1,2,2,2,1.0
801508,3,2,2.9375,2,3,1.0
801509,4,2,3.9375,3,4,1.0
801510,3,1,3,3,3,1.0
801516,1,1,1,1,1,1.0
801520,1,1,1,1,1,1.0
801523,1,1,1,1,1,1.0
801526,7,3,6.6875,5,7,1.0
801527,1,1,1,1,1,1.0
801535,1,1,1,1,1,1.0
801542,4,2,3.90625,3,4,1.0
801547,1,1,1,1,1,1.0
801550,2,2,2,2,2,1.0
801552,7,2,6.625,5,7,1.0
801554,2,1,2,2,2,1.0
801564,2,2,1.96875,1,2,0.96875
801565,5,1,4.84375,4,5,1.0
801568,2,2,2,2,2,1.0
801569,5,2,4.84375,4,5,1.0
801574,2,1,2,2,2,1.0
801575,3,1,2.96875,2,3,1.0
801576,7,4,6.75,6,7,1.0
801579,3,2,2.9375,2,3,1.0
801580,2,1,2,2,2,1.0
801581,2,1,2,2,2,1.0
801582,5,3,4.875,4,5,1.0
801593,6,3,5.71875,5,6,1.0
801598,3,1,2.9375,2,3,1.0
801609,2,1,2,2,2,1.0
801610,3,2,2.9375,2,3,1.0
801611,2,1,1.96875,1,2,1.0
801614,6,4,5.8125,5,6,1.0
801625,2,2,1.96875,1,2,0.96875
801626,6,2,5.65625,4,6,1.0
801629,2,2,1.96875,1,2,0.96875
801630,3,2,2.9375,2,3,1.0
801634,1,1,1,1,1,1.0
801635,2,1,2,2,2,1.0
801638,6,2,5.84375,5,6,1.0
801646,2,2,2,2,2,1.0
801650,4,2,3.90625,3,4,1.0
801652,2,2,1.90625,1,2,0.90625
801656,1,1,1,1,1,1.0
801660,1,1,1,1,1,1.0
801663,5,3,4.75,4,5,1.0
801665,8,1,7.71875,7,8,1.0
801666,2,1,1.9375,1,2,1.0
801667,1,1,1,1,1,1.0
801673,1,1,1,1,1,1.0
801675,1,1,1,1,1,1.0
801676,1,1,1,1,1,1.0
801677,7,6,6.53125,5,7,0.9375
801679,1,1,1,1,1,1.0
801682,6,4,5.59375,4,6,1.0
801696,1,1,1,1,1,1.0
801698,2,1,1.96875,1,2,1.0
801699,1,1,1,1,1,1.0
801706,1,1,1,1,1,1.0
801709,1,1,1,1,1,1.0
801710,2,2,2,2,2,1.0
801713,4,2,3.875,3,4,1.0
801718,5,2,4.75,3,5,1.0
801719,2,2,1.9375,1,2,0.9375
801720,4,2,3.8125,3,4,1.0
801723,2,2,2,2,2,1.0
801725,4,2,3.84375,3,4,1.0
801727,1,1,1,1,1,1.0
801728,6,3,5.9375,5,6,1.0
801729,1,1,1,1,1,1.0
801732,2,2,1.96875,1,2,0.96875
801739,3,2,2.875,2,3,1.0
801747,7,2,6.5625,5,7,1.0
801748,2,2,1.96875,1,2,0.96875
801752,4,1,3.90625,3,4,1.0
801755,4,4,3.875,2,4,0.90625
801757,3,2,2.9375,2,3,1.0
801762,1,1,1,1,1,1.0
801763,4,3,4,4,4,1.0
801765,2,1,1.9375,1,2,1.0
801770,1,1,1,1,1,1.0
801771,3,3,2.9375,2,3,0.9375
801772,15,8,13.09375,11,15,1.0
801773,4,2,3.875,3,4,1.0
801774,2,1,2,2,2,1.0
801778,2,2,2,2,2,1.0
801781,1,1,1,1,1,1.0
801783,5,4,4.59375,3,5,0.96875
801785,10,5,9.375,8,10,1.0
801786,1,1,1,1,1,1.0
801787,7,2,6.53125,5,7,1.0
801791,1,1,1,1,1,1.0
801794,4,3,3.90625,3,4,1.0
801797,3,2,2.875,2,3,1.0
801798,2,1,2,2,2,1.0
801804,6,2,5.8125,5,6,1.0
801805,2,2,2,2,2,1.0
801807,2,1,1.96875,1,2,1.0
801808,5,3,4.90625,4,5,1.0
801809,1,1,1,1,1,1.0
801814,3,3,2.96875,2,3,0.96875
801819,4,2,3.8125,3,4,1.0
801822,5,4,4.8125,4,5,1.0
801823,3,2,2.96875,2,3,1.0
801827,2,1,1.9375,1,2,1.0
801828,4,2,3.9375,3,4,1.0
801834,2,1,1.9375,1,2,1.0
801838,2,1,1.96875,1,2,1.0
801840,4,3,4,4,4,1.0
801843,6,3,5.625,5,6,1.0
801849,1,1,1,1,1,1.0
801857,1,1,1,1,1,1.0
801860,7,2,6.8125,5,7,1.0
801861,1,1,1,1,1,1.0
801870,1,1,1,1,1,1.0
801873,7,2,6.75,6,7,1.0
801875,1,1,1,1,1,1.0
801876,2,2,2,2,2,1.0
801880,1,1,1,1,1,1.0
801882,6,2,5.84375,4,6,1.0
801883,1,1,1,1,1,1.0
801886,4,2,3.8125,3,4,1.0
801892,1,1,1,1,1,1.0
801894,3,2,2.96875,2,3,1.0
801901,2,1,2,2,2,1.0
801904,2,1,2,2,2,1.0
801909,3,1,2.875,2,3,1.0
801910,2,1,2,2,2,1.0
801916,1,1,1,1,1,1.0
801924,3,2,2.9375,2,3,1.0
801930,6,2,5.6875,4,6,1.0
801950,1,1,1,1,1,1.0
801951,1,1,1,1,1,1.0
801952,4,2,3.96875,3,4,1.0
801956,1,1,1,1,1,1.0
801962,1,1,1,1,1,1.0
801973,6,2,5.6875,5,6,1.0
801975,2,1,2,2,2,1.0
801981,2,2,1.9375,1,2,0.9375
801988,4,2,3.8125,3,4,1.0
801992,1,1,1,1,1,1.0
801993,3,2,2.875,2,3,1.0
801995,4,3,3.9375,3,4,1.0
802001,1,1,1,1,1,1.0
802009,8,3,7.5625,6,8,1.0
802010,2,1,1.96875,1,2,1.0
802012,2,1,2,2,2,1.0
802013,3,2,2.96875,2,3,1.0
802016,7,6,6.65625,5,7,0.9375
802017,6,4,5.71875,4,6,1.0
802020,3,2,2.9375,2,3,1.0
802021,1,1,1,1,1,1.0
802025,5,3,4.84375,4,5,1.0
802036,1,1,1,1,1,1.0
802038,2,2,1.96875,1,2,0.96875
802041,6,2,5.6875,4,6,1.0
802044,4,1,3.875,3,4,1.0
802046,3,2,2.96875,2,3,1.0
802053,11,8,9.84375,9,11,1.0
802060,5,3,4.8125,4,5,1.0
802062,2,1,2,2,2,1.0
802063,1,1,1,1,1,1.0
802075,1,1,1,1,1,1.0
802079,1,1,1,1,1,1.0
802085,2,1,2,2,2,1.0
802093,3,2,2.90625,2,3,1.0
802101,9,4,8.5,8,9,1.0
802106,6,4,5.6875,4,6,1.0
802112,3,1,2.90625,2,3,1.0
802118,6,4,5.59375,5,6,1.0
802126,1,1,1,1,1,1.0
802132,3,3,3,3,3,1.0
802134,7,4,6.53125,5,7,1.0
802143,3,2,2.90625,2,3,1.0
802148,2,2,2,2,2,1.0
802154,2,2,1.96875,1,2,0.96875
802167,5,4,4.8125,3,5,0.96875
802169,7,2,6.78125,5,7,1.0
802173,2,2,2,2,2,1.0
802175,7,4,6.71875,6,7,1.0
802177,11,5,10.21875,8,11,1.0
802178,2,2,1.96875,1,2,0.96875
802180,5,4,4.84375,4,5,1.0
802182,3,3,2.90625,2,3,0.90625
802189,3,2,2.9375,2,3,1.0
802192,2,2,1.96875,1,2,0.96875
802197,2,1,2,2,2,1.0
802205,2,1,1.9375,1,2,1.0
802206,1,1,1,1,1,1.0
802209,4,2,3.96875,3,4,1.0
802210,2,1,2,2,2,1.0
802213,2,1,1.90625,1,2,1.0
802214,2,2,1.9375,1,2,0.9375
802219,2,2,2,2,2,1.0
802226,2,1,2,2,2,1.0
802233,2,2,2,2,2,1.0
802236,1,1,1,1,1,1.0
802239,5,2,4.71875,4,5,1.0
802241,7,3,6.6875,5,7,1.0
802246,6,2,5.8125,5,6,1.0
802248,6,3,5.71875,5,6,1.0
802254,1,1,1,1,1,1.0
802270,6,2,5.6875,5,6,1.0
802272,2,2,1.96875,1,2,0.96875
802276,2,1,2,2,2,1.0
802279,6,4,5.59375,5,6,1.0
802296,1,1,1,1,1,1.0
802306,3,2,2.9375,2,3,1.0
802307,5,3,4.65625,4,5,1.0
802310,9,6,8.40625,7,9,1.0
802314,1,1,1,1,1,1.0
802316,4,3,4,4,4,1.0
802323,2,2,1.96875,1,2,0.96875
802324,1,1,1,1,1,1.0
802330,5,4,4.75,4,5,1.0
802335,1,1,1,1,1,1.0
802336,3,2,2.96875,2,3,1.0
802337,3,3,2.96875,2,3,0.96875
802341,4,3,3.8125,3,4,1.0
802344,5,3,4.78125,3,5,1.0
802354,2,2,1.96875,1,2,0.96875
802355,3,3,2.9375,2,3,0.9375
802363,4,2,3.8125,2,4,1.0
802368,9,4,8.15625,7,9,1.0
802373,1,1,1,1,1,1.0
802375,2,2,2,2,2,1.0
802376,2,1,2,2,2,1.0
802377,4,3,3.9375,3,4,1.0
802382,5,3,4.875,4,5,1.0
802386,3,2,2.9375,2,3,1.0
802391,1,1,1,1,1,1.0
802395,1,1,1,1,1,1.0
802400,2,1,2,2,2,1.0
802404,2,1,1.9375,1,2,1.0
802410,2,2,1.96875,1,2,0.96875
802411,2,2,1.9375,1,2,0.9375
802416,2,1,1.96875,1,2,1.0
802418,1,1,1,1,1,1.0
802421,1,1,1,1,1,1.0
802423,2,1,2,2,2,1.0
802434,4,2,3.90625,3,4,1.0
802438,5,3,4.8125,4,5,1.0
802440,1,1,1,1,1,1.0
802442,1,1,1,1,1,1.0
802443,7,4,6.65625,6,7,1.0
802445,4,2,3.90625,3,4,1.0
802458,3,3,2.96875,2,3,0.96875
802460,5,3,4.78125,4,5,1.0
802465,5,3,4.96875,4,5,1.0
802471,5,3,4.71875,3,5,1.0
802476,1,1,1,1,1,1.0
802478,3,3,2.90625,2,3,0.90625
802481,6,4,5.65625,5,6,1.0
802483,8,5,7.625,6,8,1.0
802487,2,1,2,2,2,1.0
802489,11,5,9.96875,8,11,1.0
802490,4,3,3.90625,3,4,1.0
802494,6,2,5.84375,5,6,1.0
802497,1,1,1,1,1,1.0
802498,2,1,2,2,2,1.0
802499,3,2,2.90625,2,3,1.0
802510,1,1,1,1,1,1.0
802523,2,1,1.96875,1,2,1.0
802527,5,5,4.84375,4,5,0.84375
802534,2,2,1.96875,1,2,0.96875
802536,1,1,1,1,1,1.0
802538,2,1,1.96875,1,2,1.0
802542,4,2,3.875,3,4,1.0
802546,5,2,4.90625,4,5,1.0
802548,4,3,3.90625,3,4,1.0
802553,3,2,3,3,3,1.0
802555,2,1,1.9375,1,2,1.0
802557,1,1,1,1,1,1.0
802562,4,2,3.84375,3,4,1.0
802563,3,2,2.96875,2,3,1.0
802566,4,2,3.9375,3,4,1.0
802567,5,4,4.875,4,5,1.0
802571,1,1,1,1,1,1.0
802578,1,1,1,1,1,1.0
802583,1,1,1,1,1,1.0
802584,1,1,1,1,1,1.0
802586,1,1,1,1,1,1.0
802588,4,2,3.96875,3,4,1.0
802594,3,2,2.96875,2,3,1.0
802595,2,2,1.96875,1,2,0.96875
802598,3,3,2.90625,2,3,0.90625
802600,3,3,2.96875,2,3,0.96875
802604,1,1,1,1,1,1.0
802605,8,4,7.46875,6,8,1.0
802609,2,1,2,2,2,1.0
802610,3,3,2.9375,2,3,0.9375
802612,1,1,1,1,1,1.0
802619,5,1,4.9375,4,5,1.0
802621,4,1,3.9375,3,4,1.0
802625,4,2,4,4,4,1.0
802634,2,1,2,2,2,1.0
802637,4,3,3.90625,3,4,1.0
802638,7,3,6.65625,5,7,1.0
802640,5,2,4.84375,3,5,1.0
802643,8,4,7.625,6,8,1.0
802660,4,4,3.75,3,4,0.75
802663,5,2,4.875,4,5,1.0
802668,5,2,4.78125,3,5,1.0
802669,4,3,3.84375,3,4,1.0
802675,1,1,1,1,1,1.0
802676,3,1,2.875,2,3,1.0
802677,3,1,2.875,2,3,1.0
802678,5,3,4.875,3,5,1.0
802684,11,3,9.84375,8,11,1.0
802689,1,1,1,1,1,1.0
802691,3,1,2.9375,2,3,1.0
802695,4,2,3.9375,3,4,1.0
802696,3,1,2.96875,2,3,1.0
802701,1,1,1,1,1,1.0
802704,1,1,1,1,1,1.0
802705,2,1,2,2,2,1.0
802706,2,1,1.90625,1,2,1.0
802709,1,1,1,1,1,1.0
802717,2,2,2,2,2,1.0
802729,2,2,2,2,2,1.0
802732,11,8,10.09375,8,11,1.0
802733,2,1,2,2,2,1.0
802738,2,2,2,2,2,1.0
802743,5,2,4.84375,4,5,1.0
802747,3,2,2.96875,2,3,1.0
802749,1,1,1,1,1,1.0
802750,2,1,1.9375,1,2,1.0
802751,8,3,7.1875,5,8,1.0
802755,4,3,3.9375,3,4,1.0
802757,2,2,1.96875,1,2,0.96875
802766,3,3,2.84375,2,3,0.84375
802775,4,4,3.9375,3,4,0.9375
802779,4,3,3.84375,3,4,1.0
802780,3,2,3,3,3,1.0
802782,2,1,2,2,2,1.0
802784,6,3,5.8125,5,6,1.0
802786,3,2,2.96875,2,3,1.0
802789,2,1,2,2,2,1.0
802792,4,2,3.84375,3,4,1.0
802795,1,1,1,1,1,1.0
802799,2,2,1.96875,1,2,0.96875
802804,2,1,2,2,2,1.0
802810,2,1,1.9375,1,2,1.0
802811,4,3,3.90625,3,4,1.0
802818,2,1,2,2,2,1.0
802820,2,2,2,2,2,1.0
802821,2,1,1.90625,1,2,1.0
802827,1,1,1,1,1,1.0
802829,3,2,2.96875,2,3,1.0
802830,1,1,1,1,1,1.0
802842,2,1,1.96875,1,2,1.0
802843,10,3,9,6,10,1.0
802849,1,1,1,1,1,1.0
802854,4,1,3.84375,3,4,1.0
802863,1,1,1,1,1,1.0
802869,1,1,1,1,1,1.0
802877,1,1,1,1,1,1.0
802880,7,1,6.59375,5,7,1.0
802882,2,2,2,2,2,1.0
802886,1,1,1,1,1,1.0
802888,1,1,1,1,1,1.0
802895,5,2,4.9375,4,5,1.0
802896,5,2,4.78125,4,5,1.0
802901,4,2,3.875,3,4,1.0
802903,5,3,4.875,4,5,1.0
802917,1,1,1,1,1,1.0
802925,1,1,1,1,1,1.0
802927,1,1,1,1,1,1.0
802929,2,1,1.96875,1,2,1.0
802931,3,2,2.9375,2,3,1.0
802944,9,2,8.21875,7,9,1.0
802948,1,1,1,1,1,1.0
802951,10,7,9.09375,8,10,1.0
802953,2,1,1.96875,1,2,1.0
802968,2,2,1.90625,1,2,0.90625
802971,2,2,2,2,2,1.0
802975,5,2,4.875,4,5,1.0
802976,2,1,1.96875,1,2,1.0
802979,2,2,1.96875,1,2,0.96875
802984,2,1,2,2,2,1.0
802985,5,2,4.78125,3,5,1.0
802988,1,1,1,1,1,1.0
802989,1,1,1,1,1,1.0
802990,5,2,4.90625,4,5,1.0
802991,5,2,4.84375,4,5,1.0
802998,7,3,6.71875,5,7,1.0
803001,2,1,2,2,2,1.0
803007,2,2,2,2,2,1.0
803008,2,1,2,2,2,1.0
803020,1,1,1,1,1,1.0
803027,3,2,2.96875,2,3,1.0
803030,4,2,3.9375,3,4,1.0
803035,3,2,2.9375,2,3,1.0
803039,10,3,9.1875,7,10,1.0
803040,2,1,1.96875,1,2,1.0
803052,1,1,1,1,1,1.0
803053,3,2,2.96875,2,3,1.0
803054,2,1,1.96875,1,2,1.0
803058,8,4,7.59375,6,8,1.0
803061,1,1,1,1,1,1.0
803063,1,1,1,1,1,1.0
803066,1,1,1,1,1,1.0
803068,1,1,1,1,1,1.0
803074,1,1,1,1,1,1.0
803075,2,1,1.9375,1,2,1.0
803077,3,2,2.9375,2,3,1.0
803082,1,1,1,1,1,1.0
803085,3,2,3,3,3,1.0
803087,3,2,2.96875,2,3,1.0
803093,3,1,2.96875,2,3,1.0
803095,3,3,2.9375,2,3,0.9375
803098,1,1,1,1,1,1.0
803101,2,1,2,2,2,1.0
803105,2,1,1.96875,1,2,1.0
803106,1,1,1,1,1,1.0
803108,4,2,3.84375,3,4,1.0
803110,2,2,2,2,2,1.0
803113,4,3,3.96875,3,4,1.0
803119,2,2,2,2,2,1.0
803123,4,3,3.78125,2,4,0.9375
803126,2,2,1.96875,1,2,0.96875
803128,4,2,3.875,3,4,1.0
803132,5,2,4.84375,4,5,1.0
803136,1,1,1,1,1,1.0
803139,2,2,2,2,2,1.0
803146,4,3,3.84375,3,4,1.0
803149,2,2,1.96875,1,2,0.96875
803158,2,1,1.96875,1,2,1.0
803164,1,1,1,1,1,1.0
803169,1,1,1,1,1,1.0
803177,3,2,2.9375,2,3,1.0
803182,3,2,2.96875,2,3,1.0
803184,2,2,2,2,2,1.0
803187,2,1,2,2,2,1.0
803196,2,1,1.96875,1,2,1.0
803197,2,2,2,2,2,1.0
803198,2,1,2,2,2,1.0
803201,1,1,1,1,1,1.0
803202,7,4,6.59375,5,7,1.0
803210,9,8,8.3125,7,9,0.90625
803211,2,2,1.90625,1,2,0.90625
803218,2,1,1.96875,1,2,1.0
803219,5,3,4.84375,4,5,1.0
803223,6,2,5.71875,4,6,1.0
803233,4,2,3.9375,3,4,1.0
803234,6,4,5.84375,5,6,1.0
803238,3,2,2.96875,2,3,1.0
803244,3,2,3,3,3,1.0
803256,6,3,5.71875,4,6,1.0
803258,4,3,3.875,3,4,1.0
803259,2,2,2,2,2,1.0
803261,2,2,2,2,2,1.0
803267,2,2,2,2,2,1.0
803268,1,1,1,1,1,1.0
803269,1,1,1,1,1,1.0
803274,5,3,4.75,4,5,1.0
803278,4,3,3.875,3,4,1.0
803293,1,1,1,1,1,1.0
803294,1,1,1,1,1,1.0
803302,2,1,2,2,2,1.0
803305,1,1,1,1,1,1.0
803311,3,2,2.90625,2,3,1.0
803316,1,1,1,1,1,1.0
803322,3,3,2.9375,2,3,0.9375
803328,1,1,1,1,1,1.0
803341,2,1,2,2,2,1.0
803344,1,1,1,1,1,1.0
803366,7,3,6.75,5,7,1.0
803370,4,2,3.96875,3,4,1.0
803372,5,3,4.78125,4,5,1.0
803375,2,2,2,2,2,1.0
803376,2,1,1.9375,1,2,1.0
803380,1,1,1,1,1,1.0
803384,6,3,5.71875,4,6,1.0
803385,4,2,3.9375,3,4,1.0
803391,6,2,5.8125,5,6,1.0
803404,3,2,2.96875,2,3,1.0
803410,3,2,2.96875,2,3,1.0
803415,2,1,1.96875,1,2,1.0
803421,1,1,1,1,1,1.0
803423,2,1,2,2,2,1.0
803427,3,2,2.96875,2,3,1.0
803428,3,2,2.90625,2,3,1.0
803431,2,2,1.96875,1,2,0.96875
803439,5,3,4.875,4,5,1.0
803442,6,3,5.84375,4,6,1.0
803456,2,1,2,2,2,1.0
803458,5,3,4.8125,4,5,1.0
803466,1,1,1,1,1,1.0
803469,1,1,1,1,1,1.0
803473,1,1,1,1,1,1.0
803475,2,1,1.96875,1,2,1.0
803477,3,2,2.9375,2,3,1.0
803478,2,1,2,2,2,1.0
803483,7,4,6.625,5,7,1.0
803485,7,5,6.6875,6,7,1.0
803489,4,2,3.96875,3,4,1.0
803501,5,3,4.78125,3,5,1.0
803502,3,2,2.90625,2,3,1.0
803511,1,1,1,1,1,1.0
803512,2,1,2,2,2,1.0
803514,7,5,6.71875,6,7,1.0
803518,4,1,4,4,4,1.0
803519,1,1,1,1,1,1.0
803526,2,1,1.96875,1,2,1.0
803533,2,1,1.96875,1,2,1.0
803540,5,2,4.875,4,5,1.0
803549,1,1,1,1,1,1.0
803554,4,3,3.9375,3,4,1.0
803572,4,3,3.71875,3,4,1.0
803575,1,1,1,1,1,1.0
803579,5,4,4.75,4,5,1.0
803580,1,1,1,1,1,1.0
803584,1,1,1,1,1,1.0
803587,4,2,3.84375,3,4,1.0
803588,4,2,3.8125,3,4,1.0
803592,2,1,1.96875,1,2,1.0
803598,5,4,4.78125,4,5,1.0
803600,5,3,4.6875,4,5,1.0
803603,4,2,3.875,3,4,1.0
803606,4,3,3.90625,3,4,1.0
803608,1,1,1,1,1,1.0
803609,3,2,2.96875,2,3,1.0
803610,1,1,1,1,1,1.0
803611,4,1,3.84375,3,4,1.0
803621,2,1,2,2,2,1.0
803623,6,3,5.71875,5,6,1.0
803624,1,1,1,1,1,1.0
803625,2,2,2,2,2,1.0
803635,2,1,2,2,2,1.0
803636,4,2,3.90625,3,4,1.0
803641,3,1,2.90625,2,3,1.0
803642,2,1,1.96875,1,2,1.0
803652,1,1,1,1,1,1.0
803658,3,2,2.9375,2,3,1.0
803659,2,2,2,2,2,1.0
803661,4,3,3.96875,3,4,1.0
803664,1,1,1,1,1,1.0
803666,3,2,3,3,3,1.0
803668,2,1,1.9375,1,2,1.0
803674,1,1,1,1,1,1.0
803675,1,1,1,1,1,1.0
803679,1,1,1,1,1,1.0
803680,2,1,2,2,2,1.0
803685,5,2,4.90625,4,5,1.0
803705,1,1,1,1,1,1.0
803706,1,1,1,1,1,1.0
803713,4,3,3.875,3,4,1.0
803719,4,2,3.84375,3,4,1.0
803721,1,1,1,1,1,1.0
803727,1,1,1,1,1,1.0
803731,1,1,1,1,1,1.0
803737,2,2,1.96875,1,2,0.96875
803738,3,2,2.9375,2,3,1.0
803746,2,1,1.96875,1,2,1.0
803750,5,2,4.8125,4,5,1.0
803754,1,1,1,1,1,1.0
803758,1,1,1,1,1,1.0
803761,1,1,1,1,1,1.0
803762,3,3,2.96875,2,3,0.96875
803770,2,1,2,2,2,1.0
803779,1,1,1,1,1,1.0
803782,4,3,3.90625,3,4,1.0
803785,1,1,1,1,1,1.0
803791,1,1,1,1,1,1.0
803794,3,3,2.96875,2,3,0.96875
803795,3,1,2.96875,2,3,1.0
803799,6,3,5.75,4,6,1.0
803802,5,3,4.71875,4,5,1.0
803805,1,1,1,1,1,1.0
803806,5,4,4.78125,4,5,1.0
803807,1,1,1,1,1,1.0
803811,3,2,2.96875,2,3,1.0
803815,7,3,6.59375,5,7,1.0
803817,3,1,2.9375,2,3,1.0
803818,2,2,1.90625,1,2,0.90625
803823,1,1,1,1,1,1.0
803824,2,2,1.96875,1,2,0.96875
803825,1,1,1,1,1,1.0
803826,2,2,1.9375,1,2,0.9375
803828,6,2,5.78125,4,6,1.0
803831,3,2,2.96875,2,3,1.0
803841,9,3,8.3125,6,9,1.0
803843,1,1,1,1,1,1.0
803851,1,1,1,1,1,1.0
803852,4,2,3.90625,3,4,1.0
803859,2,2,1.96875,1,2,0.96875
803860,1,1,1,1,1,1.0
803863,6,3,5.75,4,6,1.0
803868,6,2,5.75,4,6,1.0
803869,1,1,1,1,1,1.0
803874,1,1,1,1,1,1.0
803883,2,2,1.96875,1,2,0.96875
803885,2,2,2,2,2,1.0
803890,3,2,2.9375,2,3,1.0
803899,2,2,1.96875,1,2,0.96875
803901,8,2,7.6875,6,8,1.0
803906,1,1,1,1,1,1.0
803907,2,1,1.96875,1,2,1.0
803918,3,2,2.875,2,3,1.0
803920,2,1,2,2,2,1.0
803928,1,1,1,1,1,1.0
803933,4,2,3.90625,3,4,1.0
803934,2,1,1.9375,1,2,1.0
803935,2,2,2,2,2,1.0
803940,3,2,2.875,2,3,1.0
803944,2,1,2,2,2,1.0
803947,4,2,3.90625,3,4,1.0
803950,2,1,2,2,2,1.0
803955,2,1,2,2,2,1.0
803956,1,1,1,1,1,1.0
803957,4,2,3.9375,3,4,1.0
803959,2,1,1.96875,1,2,1.0
803961,1,1,1,1,1,1.0
803963,5,4,4.78125,4,5,1.0
803971,7,3,6.625,5,7,1.0
803974,4,2,3.875,3,4,1.0
803981,1,1,1,1,1,1.0
803988,3,3,2.96875,2,3,0.96875
803989,2,1,2,2,2,1.0
803991,2,1,2,2,2,1.0
803998,4,1,3.8125,3,4,1.0
804016,2,1,1.96875,1,2,1.0
804017,3,2,2.90625,2,3,1.0
804020,2,1,2,2,2,1.0
804022,1,1,1,1,1,1.0
804026,3,1,2.9375,2,3,1.0
804027,2,2,2,2,2,1.0
804028,2,2,2,2,2,1.0
804032,1,1,1,1,1,1.0
804033,2,1,2,2,2,1.0
804034,1,1,1,1,1,1.0
804035,1,1,1,1,1,1.0
804036,2,2,1.96875,1,2,0.96875
804037,3,2,3,3,3,1.0
804038,1,1,1,1,1,1.0
804040,2,1,1.96875,1,2,1.0
804041,3,3,2.96875,2,3,0.96875
804053,2,1,2,2,2,1.0
804054,1,1,1,1,1,1.0
804063,8,4,7.5,6,8,1.0
804067,7,3,6.6875,6,7,1.0
804070,2,2,2,2,2,1.0
804073,2,2,1.9375,1,2,0.9375
804082,2,1,2,2,2,1.0
804085,2,2,2,2,2,1.0
804097,3,2,2.90625,2,3,1.0
804098,4,3,3.9375,3,4,1.0
804100,1,1,1,1,1,1.0
804106,2,1,1.96875,1,2,1.0
804110,2,1,1.96875,1,2,1.0
804111,2,1,1.96875,1,2,1.0
804117,2,2,2,2,2,1.0
804129,3,1,2.96875,2,3,1.0
804133,2,1,1.96875,1,2,1.0
804134,1,1,1,1,1,1.0
804136,4,3,3.9375,3,4,1.0
804141,5,3,4.78125,4,5,1.0
804146,6,3,5.6875,5,6,1.0
804148,5,2,4.8125,4,5,1.0
804152,3,3,2.875,2,3,0.875
804158,3,2,2.96875,2,3,1.0
804160,4,2,3.96875,3,4,1.0
804161,1,1,1,1,1,1.0
804163,5,2,4.84375,4,5,1.0
804167,3,2,2.96875,2,3,1.0
804169,3,2,2.9375,2,3,1.0
804171,1,1,1,1,1,1.0
804174,5,3,4.84375,4,5,1.0
804181,2,1,1.96875,1,2,1.0
804183,2,1,1.9375,1,2,1.0
804184,3,1,2.9375,2,3,1.0
804188,4,2,3.875,3,4,1.0
804189,3,2,2.84375,2,3,1.0
804190,1,1,1,1,1,1.0
804200,5,4,4.84375,4,5,1.0
804214,1,1,1,1,1,1.0
804215,1,1,1,1,1,1.0
804217,2,1,1.96875,1,2,1.0
804218,3,2,2.96875,2,3,1.0
804221,2,1,1.90625,1,2,1.0
804227,2,2,2,2,2,1.0
804228,3,2,3,3,3,1.0
804232,5,4,4.84375,4,5,1.0
804233,4,2,3.9375,3,4,1.0
804234,1,1,1,1,1,1.0
804236,5,3,4.8125,4,5,1.0
804238,2,1,2,2,2,1.0
804241,3,2,2.9375,2,3,1.0
804252,4,1,3.84375,3,4,1.0
804253,10,4,9.21875,8,10,1.0
804254,1,1,1,1,1,1.0
804267,4,3,3.78125,3,4,1.0
804269,3,2,3,3,3,1.0
804282,1,1,1,1,1,1.0
804293,2,1,2,2,2,1.0
804296,1,1,1,1,1,1.0
804298,1,1,1,1,1,1.0
804304,1,1,1,1,1,1.0
804307,5,3,4.96875,4,5,1.0
804311,8,3,7.625,6,8,1.0
804312,4,2,3.75,3,4,1.0
804316,2,1,1.9375,1,2,1.0
804317,2,1,2,2,2,1.0
804329,1,1,1,1,1,1.0
804331,2,2,1.96875,1,2,0.96875
804333,4,3,3.84375,3,4,1.0
804334,4,2,3.9375,3,4,1.0
804335,1,1,1,1,1,1.0
804337,2,1,1.96875,1,2,1.0
804338,2,1,2,2,2,1.0
804340,5,2,4.84375,4,5,1.0
804362,2,2,1.9375,1,2,0.9375
804374,4,2,3.8125,2,4,1.0
804376,1,1,1,1,1,1.0
804379,1,1,1,1,1,1.0
804385,3,3,2.9375,2,3,0.9375
804389,1,1,1,1,1,1.0
804391,2,1,2,2,2,1.0
804400,1,1,1,1,1,1.0
804401,3,2,2.90625,2,3,1.0
804402,2,2,1.9375,1,2,0.9375
804406,4,3,3.8125,3,4,1.0
804415,1,1,1,1,1,1.0
804418,2,1,1.96875,1,2,1.0
804421,2,1,1.9375,1,2,1.0
804422,4,2,3.96875,3,4,1.0
804426,1,1,1,1,1,1.0
804433,5,2,4.875,4,5,1.0
804435,6,2,5.75,4,6,1.0
804438,2,1,1.9375,1,2,1.0
804455,5,2,4.9375,4,5,1.0
804457,1,1,1,1,1,1.0
804460,3,1,2.96875,2,3,1.0
804462,4,2,3.84375,3,4,1.0
804472,3,2,2.9375,2,3,1.0
804475,2,1,1.96875,1,2,1.0
804480,4,2,3.8125,3,4,1.0
804491,1,1,1,1,1,1.0
804497,2,2,1.96875,1,2,0.96875
804502,1,1,1,1,1,1.0
804504,3,1,3,3,3,1.0
804507,4,3,3.9375,3,4,1.0
804511,7,3,6.5625,5,7,1.0
804519,5,2,4.78125,4,5,1.0
804529,4,3,3.96875,3,4,1.0
804532,1,1,1,1,1,1.0
804533,4,3,3.9375,3,4,1.0
804535,5,2,4.75,4,5,1.0
804542,2,1,2,2,2,1.0
804545,3,2,2.875,2,3,1.0
804550,4,2,3.875,2,4,1.0
804551,7,3,6.65625,6,7,1.0
804557,6,3,5.71875,4,6,1.0
804558,1,1,1,1,1,1.0
804559,1,1,1,1,1,1.0
804562,1,1,1,1,1,1.0
804563,2,1,1.96875,1,2,1.0
804564,1,1,1,1,1,1.0
804572,4,3,3.90625,3,4,1.0
804573,1,1,1,1,1,1.0
804579,1,1,1,1,1,1.0
804581,2,1,1.90625,1,2,1.0
804582,5,3,4.8125,4,5,1.0
804584,4,3,3.84375,3,4,1.0
804589,4,2,3.875,3,4,1.0
804592,3,1,3,3,3,1.0
804605,1,1,1,1,1,1.0
804607,2,1,2,2,2,1.0
804609,3,2,2.96875,2,3,1.0
804610,1,1,1,1,1,1.0
804612,1,1,1,1,1,1.0
804623,2,1,2,2,2,1.0
804628,7,3,6.375,5,7,1.0
804632,2,1,2,2,2,1.0
804640,6,3,5.78125,5,6,1.0
804647,7,4,6.5625,5,7,1.0
804649,4,2,3.96875,3,4,1.0
804657,3,3,2.90625,2,3,0.90625
804660,2,1,1.96875,1,2,1.0
804662,1,1,1,1,1,1.0
804663,7,2,6.6875,6,7,1.0
804665,5,2,4.71875,4,5,1.0
804667,2,1,2,2,2,1.0
804672,2,1,2,2,2,1.0
804677,1,1,1,1,1,1.0
804678,3,1,2.90625,2,3,1.0
804681,3,1,2.96875,2,3,1.0
804684,1,1,1,1,1,1.0
804685,2,1,1.96875,1,2,1.0
804687,8,4,7.6875,6,8,1.0
804688,2,2,2,2,2,1.0
804698,6,2,5.71875,4,6,1.0
804701,1,1,1,1,1,1.0
804706,2,1,2,2,2,1.0
804708,5,2,4.875,4,5,1.0
804720,2,1,2,2,2,1.0
804721,4,2,3.9375,3,4,1.0
804724,5,2,4.90625,4,5,1.0
804725,6,2,5.8125,4,6,1.0
804727,5,2,4.8125,4,5,1.0
804729,6,2,5.625,5,6,1.0
804735,2,1,2,2,2,1.0
804738,1,1,1,1,1,1.0
804743,2,1,1.96875,1,2,1.0
804749,1,1,1,1,1,1.0
804751,3,2,3,3,3,1.0
804753,2,1,2,2,2,1.0
804754,2,1,2,2,2,1.0
804759,3,2,2.9375,2,3,1.0
804760,6,3,5.71875,4,6,1.0
804764,5,3,4.78125,3,5,1.0
804771,3,2,2.9375,2,3,1.0
804773,2,1,1.96875,1,2,1.0
804783,1,1,1,1,1,1.0
804784,4,3,3.90625,3,4,1.0
804788,2,2,2,2,2,1.0
804790,1,1,1,1,1,1.0
804794,2,1,2,2,2,1.0
804796,1,1,1,1,1,1.0
804798,3,1,2.90625,2,3,1.0
804803,2,1,1.90625,1,2,1.0
804805,2,2,2,2,2,1.0
804808,7,3,6.4375,4,7,1.0
804826,2,1,2,2,2,1.0
804830,6,2,5.625,4,6,1.0
804831,3,2,2.9375,2,3,1.0
804835,2,1,1.9375,1,2,1.0
804837,3,3,2.96875,2,3,0.96875
804838,1,1,1,1,1,1.0
804842,2,1,2,2,2,1.0
804845,2,1,2,2,2,1.0
804853,4,2,3.90625,3,4,1.0
804854,2,1,2,2,2,1.0
804856,1,1,1,1,1,1.0
804859,5,2,4.8125,4,5,1.0
804872,4,3,3.84375,3,4,1.0
804873,5,3,4.8125,4,5,1.0
804874,2,2,2,2,2,1.0
804875,4,1,3.78125,3,4,1.0
804876,2,1,2,2,2,1.0
804880,4,2,3.90625,3,4,1.0
804884,3,2,2.90625,2,3,1.0
804889,4,2,3.96875,3,4,1.0
804894,1,1,1,1,1,1.0
804897,1,1,1,1,1,1.0
804901,2,2,2,2,2,1.0
804904,2,1,1.96875,1,2,1.0
804906,1,1,1,1,1,1.0
804911,3,2,2.96875,2,3,1.0
804912,1,1,1,1,1,1.0
804914,7,4,6.5625,5,7,1.0
804917,1,1,1,1,1,1.0
804920,2,1,1.9375,1,2,1.0
804921,2,1,1.96875,1,2,1.0
804922,3,2,2.9375,2,3,1.0
804933,6,3,5.6875,5,6,1.0
804935,2,1,2,2,2,1.0
804936,1,1,1,1,1,1.0
804939,2,2,1.90625,1,2,0.90625
804943,4,3,3.90625,3,4,1.0
804947,1,1,1,1,1,1.0
804956,2,1,1.96875,1,2,1.0
804960,4,4,3.90625,3,4,0.90625
804962,3,1,2.96875,2,3,1.0
804964,1,1,1,1,1,1.0
804967,3,2,3,3,3,1.0
804968,3,2,2.9375,2,3,1.0
804972,6,2,5.8125,5,6,1.0
804975,5,2,4.78125,3,5,1.0
804977,2,1,1.96875,1,2,1.0
804980,1,1,1,1,1,1.0
804993,2,1,2,2,2,1.0
804998,1,1,1,1,1,1.0
804999,2,2,1.96875,1,2,0.96875
805002,5,4,4.84375,3,5,0.96875
805012,1,1,1,1,1,1.0
805013,1,1,1,1,1,1.0
805014,5,3,4.6875,4,5,1.0
805016,3,2,3,3,3,1.0
805018,5,3,4.75,3,5,1.0
805021,2,1,1.90625,1,2,1.0
805033,2,1,1.96875,1,2,1.0
805034,6,2,5.5625,4,6,1.0
805040,1,1,1,1,1,1.0
805041,1,1,1,1,1,1.0
805047,8,6,7.5625,6,8,1.0
805049,5,3,4.84375,4,5,1.0
805054,4,2,3.84375,3,4,1.0
805056,2,1,1.96875,1,2,1.0
805058,2,1,2,2,2,1.0
805060,4,3,3.8125,3,4,1.0
805061,4,1,3.84375,3,4,1.0
805062,2,1,2,2,2,1.0
805066,4,2,3.9375,3,4,1.0
805073,1,1,1,1,1,1.0
805074,3,3,2.9375,2,3,0.9375
805078,2,1,2,2,2,1.0
805087,7,4,6.59375,5,7,1.0
805092,1,1,1,1,1,1.0
805094,1,1,1,1,1,1.0
805109,1,1,1,1,1,1.0
805114,3,2,2.96875,2,3,1.0
805124,7,3,6.59375,5,7,1.0
805125,1,1,1,1,1,1.0
805127,1,1,1,1,1,1.0
805128,3,2,2.96875,2,3,1.0
805129,2,2,2,2,2,1.0
805135,5,2,4.65625,4,5,1.0
805141,1,1,1,1,1,1.0
805143,2,1,2,2,2,1.0
805154,5,5,4.8125,4,5,0.8125
805155,1,1,1,1,1,1.0
805159,2,2,1.96875,1,2,0.96875
805162,2,1,2,2,2,1.0
805169,1,1,1,1,1,1.0
805174,5,2,4.6875,4,5,1.0
805180,3,2,3,3,3,1.0
805181,1,1,1,1,1,1.0
805190,4,1,3.875,3,4,1.0
805191,4,2,3.8125,2,4,1.0
805193,2,1,1.90625,1,2,1.0
805195,2,2,1.96875,1,2,0.96875
805198,2,2,2,2,2,1.0
805199,3,2,2.96875,2,3,1.0
805201,3,2,2.9375,2,3,1.0
805203,2,1,2,2,2,1.0
805210,4,2,3.90625,3,4,1.0
805211,3,2,2.96875,2,3,1.0
805212,2,1,2,2,2,1.0
805215,1,1,1,1,1,1.0
805216,1,1,1,1,1,1.0
805218,2,1,1.96875,1,2,1.0
805219,1,1,1,1,1,1.0
805223,5,2,4.75,4,5,1.0
805226,5,3,4.78125,4,5,1.0
805232,2,2,2,2,2,1.0
805233,2,1,2,2,2,1.0
805234,2,1,2,2,2,1.0
805238,1,1,1,1,1,1.0
805239,2,1,1.96875,1,2,1.0
805248,2,1,2,2,2,1.0
805253,3,2,2.96875,2,3,1.0
805264,2,2,1.96875,1,2,0.96875
805265,4,3,3.84375,3,4,1.0
805266,1,1,1,1,1,1.0
805270,1,1,1,1,1,1.0
805272,8,4,7.375,6,8,1.0
805274,2,1,1.96875,1,2,1.0
805286,2,2,1.96875,1,2,0.96875
805289,2,1,1.96875,1,2,1.0
805293,4,2,3.90625,3,4,1.0
805294,3,2,2.9375,2,3,1.0
805300,7,3,6.625,5,7,1.0
805302,2,2,2,2,2,1.0
805315,4,1,3.84375,3,4,1.0
805322,2,2,1.96875,1,2,0.96875
805329,2,1,2,2,2,1.0
805332,1,1,1,1,1,1.0
805334,3,2,2.90625,2,3,1.0
805339,2,2,2,2,2,1.0
805341,4,1,3.8125,3,4,1.0
805343,2,2,2,2,2,1.0
805346,1,1,1,1,1,1.0
805351,4,2,3.90625,3,4,1.0
805352,6,3,5.5625,4,6,1.0
805360,5,3,4.75,4,5,1.0
805364,1,1,1,1,1,1.0
805366,3,1,2.9375,2,3,1.0
805370,1,1,1,1,1,1.0
805372,2,2,2,2,2,1.0
805373,3,3,2.875,2,3,0.875
805375,4,1,3.90625,3,4,1.0
805376,2,2,1.96875,1,2,0.96875
805378,2,1,2,2,2,1.0
805386,1,1,1,1,1,1.0
805390,3,2,2.9375,2,3,1.0
805391,2,1,1.96875,1,2,1.0
805392,2,1,2,2,2,1.0
805405,3,2,2.96875,2,3,1.0
805412,2,2,2,2,2,1.0
805413,2,1,2,2,2,1.0
805417,1,1,1,1,1,1.0
805425,5,5,4.90625,4,5,0.90625
805426,1,1,1,1,1,1.0
805429,2,1,2,2,2,1.0
805431,1,1,1,1,1,1.0
805432,2,1,1.96875,1,2,1.0
805433,1,1,1,1,1,1.0
805439,5,4,4.84375,4,5,1.0
805446,1,1,1,1,1,1.0
805455,2,1,2,2,2,1.0
805458,2,2,2,2,2,1.0
805459,3,2,2.96875,2,3,1.0
805462,2,1,2,2,2,1.0
805465,3,2,3,3,3,1.0
805468,2,2,1.96875,1,2,0.96875
805470,1,1,1,1,1,1.0
805471,2,2,2,2,2,1.0
805474,4,3,3.9375,3,4,1.0
805484,1,1,1,1,1,1.0
805487,1,1,1,1,1,1.0
805501,5,2,4.96875,4,5,1.0
805502,2,1,2,2,2,1.0
805506,1,1,1,1,1,1.0
805525,1,1,1,1,1,1.0
805528,6,1,5.59375,4,6,1.0
805539,3,2,2.96875,2,3,1.0
805542,2,2,1.96875,1,2,0.96875
805543,5,3,4.875,4,5,1.0
805544,1,1,1,1,1,1.0
805545,1,1,1,1,1,1.0
805546,1,1,1,1,1,1.0
805550,3,2,2.96875,2,3,1.0
805551,3,2,2.9375,2,3,1.0
805555,1,1,1,1,1,1.0
805567,4,1,3.75,3,4,1.0
805570,1,1,1,1,1,1.0
805575,3,1,3,3,3,1.0
805578,2,1,1.96875,1,2,1.0
805581,1,1,1,1,1,1.0
805582,2,2,2,2,2,1.0
805596,1,1,1,1,1,1.0
805599,3,2,2.8125,2,3,1.0
805605,1,1,1,1,1,1.0
805606,1,1,1,1,1,1.0
805610,2,1,1.96875,1,2,1.0
805622,2,1,1.96875,1,2,1.0
805627,6,4,5.71875,4,6,1.0
805641,1,1,1,1,1,1.0
805644,7,2,6.53125,5,7,1.0
805648,1,1,1,1,1,1.0
805651,2,1,2,2,2,1.0
805674,2,1,1.96875,1,2,1.0
805677,1,1,1,1,1,1.0
805682,5,3,4.6875,3,5,1.0
805686,3,2,2.9375,2,3,1.0
805688,2,2,2,2,2,1.0
805698,1,1,1,1,1,1.0
805699,2,1,2,2,2,1.0
805701,3,2,3,3,3,1.0
805702,1,1,1,1,1,1.0
805703,6,3,5.78125,4,6,1.0
805708,1,1,1,1,1,1.0
805710,10,6,9.125,8,10,1.0
805712,2,2,1.96875,1,2,0.96875
805719,2,2,1.96875,1,2,0.96875
805723,1,1,1,1,1,1.0
805727,1,1,1,1,1,1.0
805728,4,2,3.90625,3,4,1.0
805730,1,1,1,1,1,1.0
805734,3,2,2.9375,2,3,1.0
805736,2,1,2,2,2,1.0
805748,2,2,2,2,2,1.0
805755,1,1,1,1,1,1.0
805759,2,1,1.96875,1,2,1.0
805767,1,1,1,1,1,1.0
805781,4,2,3.9375,3,4,1.0
805794,1,1,1,1,1,1.0
805795,5,3,4.875,4,5,1.0
805798,2,1,2,2,2,1.0
805799,1,1,1,1,1,1.0
805807,2,1,1.9375,1,2,1.0
805819,3,2,3,3,3,1.0
805826,4,2,3.9375,3,4,1.0
805830,2,2,2,2,2,1.0
805831,2,2,2,2,2,1.0
805832,3,1,2.96875,2,3,1.0
805841,1,1,1,1,1,1.0
805845,1,1,1,1,1,1.0
805847,4,2,3.78125,3,4,1.0
805852,5,3,4.625,3,5,1.0
805855,7,4,6.59375,4,7,1.0
805856,1,1,1,1,1,1.0
805857,1,1,1,1,1,1.0
805867,2,1,1.96875,1,2,1.0
805868,2,2,1.96875,1,2,0.96875
805870,3,2,2.9375,2,3,1.0
805873,4,2,3.9375,3,4,1.0
805880,6,2,5.71875,4,6,1.0
805884,2,2,2,2,2,1.0
805889,1,1,1,1,1,1.0
805896,2,1,2,2,2,1.0
805897,2,2,2,2,2,1.0
805904,3,2,2.875,2,3,1.0
805905,3,1,3,3,3,1.0
805906,3,2,2.96875,2,3,1.0
805908,1,1,1,1,1,1.0
805911,2,1,1.96875,1,2,1.0
805918,5,2,4.8125,3,5,1.0
805925,5,5,4.84375,4,5,0.84375
805927,1,1,1,1,1,1.0
805929,1,1,1,1,1,1.0
805934,2,1,1.96875,1,2,1.0
805936,2,2,2,2,2,1.0
805940,3,2,2.9375,2,3,1.0
805942,4,2,3.8125,2,4,1.0
805954,2,1,2,2,2,1.0
805961,3,1,2.96875,2,3,1.0
805964,2,2,2,2,2,1.0
805965,1,1,1,1,1,1.0
805968,1,1,1,1,1,1.0
805969,2,2,2,2,2,1.0
805971,5,2,4.84375,3,5,1.0
805984,2,1,2,2,2,1.0
805988,2,1,1.9375,1,2,1.0
805991,3,2,3,3,3,1.0
805997,4,2,3.875,3,4,1.0
806003,1,1,1,1,1,1.0
806009,2,1,1.90625,1,2,1.0
806013,3,2,2.96875,2,3,1.0
806021,2,1,1.96875,1,2,1.0
806025,2,1,2,2,2,1.0
806029,3,1,2.96875,2,3,1.0
806030,2,1,2,2,2,1.0
806036,4,3,3.9375,3,4,1.0
806046,2,2,2,2,2,1.0
806054,3,2,2.9375,2,3,1.0
806060,1,1,1,1,1,1.0
806074,1,1,1,1,1,1.0
806080,1,1,1,1,1,1.0
806088,2,1,1.96875,1,2,1.0
806089,4,2,3.875,3,4,1.0
806090,2,2,1.90625,1,2,0.90625
806108,1,1,1,1,1,1.0
806116,3,2,3,3,3,1.0
806121,1,1,1,1,1,1.0
806126,2,1,1.90625,1,2,1.0
806137,1,1,1,1,1,1.0
806141,3,2,2.9375,2,3,1.0
806148,1,1,1,1,1,1.0
806154,6,3,5.8125,5,6,1.0
806162,2,2,1.9375,1,2,0.9375
806170,4,2,3.78125,2,4,1.0
806173,2,1,2,2,2,1.0
806174,2,1,2,2,2,1.0
806175,1,1,1,1,1,1.0
806176,3,2,2.96875,2,3,1.0
806179,1,1,1,1,1,1.0
806188,2,1,1.96875,1,2,1.0
806191,2,1,1.9375,1,2,1.0
806195,1,1,1,1,1,1.0
80620,1,1,1,1,1,1.0
806218,3,2,3,3,3,1.0
806219,2,1,1.96875,1,2,1.0
806220,1,1,1,1,1,1.0
806221,2,1,2,2,2,1.0
806225,4,2,3.84375,3,4,1.0
806233,2,1,1.96875,1,2,1.0
806241,4,3,3.8125,3,4,1.0
806245,3,2,2.96875,2,3,1.0
806255,2,1,1.96875,1,2,1.0
806264,1,1,1,1,1,1.0
806266,1,1,1,1,1,1.0
806268,3,2,2.9375,2,3,1.0
806269,2,2,1.96875,1,2,0.96875
806270,2,1,2,2,2,1.0
806274,2,2,2,2,2,1.0
806276,1,1,1,1,1,1.0
806300,2,2,2,2,2,1.0
806304,3,2,2.90625,2,3,1.0
806324,1,1,1,1,1,1.0
806325,3,2,3,3,3,1.0
806329,2,1,2,2,2,1.0
806338,3,2,2.84375,2,3,1.0
806341,2,2,2,2,2,1.0
806350,2,1,2,2,2,1.0
806351,1,1,1,1,1,1.0
806356,2,2,2,2,2,1.0
806368,4,2,3.9375,3,4,1.0
806370,4,3,3.90625,3,4,1.0
806373,1,1,1,1,1,1.0
806377,1,1,1,1,1,1.0
806382,2,2,1.96875,1,2,0.96875
806387,5,5,4.71875,3,5,0.78125
806390,2,2,2,2,2,1.0
806392,6,2,5.6875,5,6,1.0
806396,1,1,1,1,1,1.0
806401,2,2,1.90625,1,2,0.90625
806406,1,1,1,1,1,1.0
806408,1,1,1,1,1,1.0
806411,2,1,2,2,2,1.0
806412,1,1,1,1,1,1.0
806416,3,2,2.96875,2,3,1.0
806417,2,1,1.96875,1,2,1.0
806418,1,1,1,1,1,1.0
806422,3,2,2.96875,2,3,1.0
806424,1,1,1,1,1,1.0
806425,2,1,1.96875,1,2,1.0
806426,1,1,1,1,1,1.0
806434,2,1,1.96875,1,2,1.0
806440,3,2,2.96875,2,3,1.0
806444,2,2,2,2,2,1.0
806445,1,1,1,1,1,1.0
806450,1,1,1,1,1,1.0
806455,3,2,2.9375,2,3,1.0
806463,2,1,2,2,2,1.0
806469,4,3,3.90625,3,4,1.0
806474,2,1,1.9375,1,2,1.0
806475,3,1,2.9375,2,3,1.0
806486,5,3,5,5,5,1.0
806487,3,2,2.96875,2,3,1.0
806490,1,1,1,1,1,1.0
806491,2,2,2,2,2,1.0
806492,1,1,1,1,1,1.0
806500,1,1,1,1,1,1.0
806503,6,3,5.625,4,6,1.0
806507,3,2,2.96875,2,3,1.0
806516,4,2,3.96875,3,4,1.0
806519,3,2,2.96875,2,3,1.0
806523,5,3,4.8125,4,5,1.0
806524,2,1,2,2,2,1.0
806528,1,1,1,1,1,1.0
806532,1,1,1,1,1,1.0
806543,1,1,1,1,1,1.0
806555,5,3,4.8125,4,5,1.0
806557,1,1,1,1,1,1.0
806562,2,1,1.96875,1,2,1.0
806570,2,1,2,2,2,1.0
806572,3,1,3,3,3,1.0
806578,1,1,1,1,1,1.0
806580,5,2,4.84375,4,5,1.0
806582,3,2,2.96875,2,3,1.0
806584,3,2,2.96875,2,3,1.0
806587,1,1,1,1,1,1.0
806598,1,1,1,1,1,1.0
806600,2,1,2,2,2,1.0
806602,3,1,3,3,3,1.0
806605,4,2,3.90625,3,4,1.0
806608,7,3,6.65625,5,7,1.0
806613,2,2,1.96875,1,2,0.96875
806623,1,1,1,1,1,1.0
806629,1,1,1,1,1,1.0
806631,6,3,5.875,5,6,1.0
806633,3,2,2.9375,2,3,1.0
806639,4,1,3.84375,3,4,1.0
806650,4,2,3.9375,3,4,1.0
806657,3,1,2.84375,2,3,1.0
806660,2,1,1.96875,1,2,1.0
806661,1,1,1,1,1,1.0
806664,2,1,2,2,2,1.0
806668,1,1,1,1,1,1.0
806669,1,1,1,1,1,1.0
806673,6,4,5.8125,4,6,1.0
806674,6,2,5.59375,4,6,1.0
806682,1,1,1,1,1,1.0
806684,2,2,1.96875,1,2,0.96875
806685,4,1,3.96875,3,4,1.0
806690,5,2,4.875,4,5,1.0
806698,1,1,1,1,1,1.0
806699,1,1,1,1,1,1.0
806701,3,2,2.9375,2,3,1.0
806708,2,2,1.90625,1,2,0.90625
806712,2,1,1.96875,1,2,1.0
806715,6,2,5.78125,5,6,1.0
806726,5,2,4.8125,3,5,1.0
806727,1,1,1,1,1,1.0
806733,1,1,1,1,1,1.0
806738,1,1,1,1,1,1.0
806743,2,2,2,2,2,1.0
806748,7,4,6.65625,5,7,1.0
806752,1,1,1,1,1,1.0
806759,4,2,3.90625,3,4,1.0
806762,4,2,3.8125,2,4,1.0
806763,6,3,5.78125,4,6,1.0
806765,1,1,1,1,1,1.0
806769,2,1,1.9375,1,2,1.0
806774,1,1,1,1,1,1.0
806781,5,2,4.90625,4,5,1.0
806785,6,2,5.6875,4,6,1.0
806795,2,1,1.96875,1,2,1.0
806797,1,1,1,1,1,1.0
806799,1,1,1,1,1,1.0
806804,3,2,2.96875,2,3,1.0
806805,1,1,1,1,1,1.0
806810,2,1,2,2,2,1.0
806815,2,1,2,2,2,1.0
806816,2,2,2,2,2,1.0
806818,1,1,1,1,1,1.0
806820,4,2,3.875,3,4,1.0
806828,2,1,1.96875,1,2,1.0
806829,1,1,1,1,1,1.0
806830,2,2,2,2,2,1.0
806846,1,1,1,1,1,1.0
806849,4,2,3.9375,3,4,1.0
806853,1,1,1,1,1,1.0
806859,1,1,1,1,1,1.0
806862,4,3,3.9375,3,4,1.0
806864,1,1,1,1,1,1.0
806880,1,1,1,1,1,1.0
806884,3,2,2.90625,2,3,1.0
806893,1,1,1,1,1,1.0
806915,1,1,1,1,1,1.0
806918,3,1,3,3,3,1.0
806922,7,3,6.625,5,7,1.0
806925,1,1,1,1,1,1.0
806931,1,1,1,1,1,1.0
806932,2,1,1.96875,1,2,1.0
806937,2,1,1.96875,1,2,1.0
806938,2,1,1.96875,1,2,1.0
806946,1,1,1,1,1,1.0
806950,1,1,1,1,1,1.0
806955,3,3,2.90625,2,3,0.90625
806959,1,1,1,1,1,1.0
806962,3,1,2.9375,2,3,1.0
806964,1,1,1,1,1,1.0
806965,2,2,1.96875,1,2,0.96875
806966,2,1,1.9375,1,2,1.0
806974,2,2,1.96875,1,2,0.96875
806989,1,1,1,1,1,1.0
806992,1,1,1,1,1,1.0
807009,6,4,5.84375,5,6,1.0
807011,2,1,2,2,2,1.0
807013,3,2,2.9375,2,3,1.0
807017,2,2,2,2,2,1.0
807020,4,1,3.84375,3,4,1.0
807022,3,2,2.96875,2,3,1.0
807027,5,3,4.875,4,5,1.0
807029,2,1,2,2,2,1.0
807030,1,1,1,1,1,1.0
807031,1,1,1,1,1,1.0
807035,3,1,2.96875,2,3,1.0
807038,3,2,2.96875,2,3,1.0
807050,2,1,1.96875,1,2,1.0
807068,1,1,1,1,1,1.0
807069,5,2,4.8125,3,5,1.0
807078,2,1,1.96875,1,2,1.0
807090,2,1,1.96875,1,2,1.0
807092,2,1,1.96875,1,2,1.0
807100,3,2,3,3,3,1.0
807103,3,2,2.96875,2,3,1.0
807106,2,1,2,2,2,1.0
807112,3,2,2.875,2,3,1.0
807114,3,2,2.9375,2,3,1.0
807131,3,3,2.90625,2,3,0.90625
807133,7,2,6.625,6,7,1.0
807139,4,3,3.875,3,4,1.0
807147,2,1,2,2,2,1.0
807150,4,2,3.9375,3,4,1.0
807154,1,1,1,1,1,1.0
807162,7,3,6.59375,5,7,1.0
807167,2,2,1.96875,1,2,0.96875
807170,3,1,3,3,3,1.0
807180,5,3,4.875,4,5,1.0
807183,2,2,2,2,2,1.0
807196,2,1,1.96875,1,2,1.0
807197,1,1,1,1,1,1.0
807213,3,2,2.96875,2,3,1.0
807226,6,2,5.8125,5,6,1.0
807228,2,2,2,2,2,1.0
807230,1,1,1,1,1,1.0
807238,2,1,2,2,2,1.0
807254,1,1,1,1,1,1.0
807260,1,1,1,1,1,1.0
807262,2,2,2,2,2,1.0
807274,1,1,1,1,1,1.0
807275,1,1,1,1,1,1.0
807276,2,1,2,2,2,1.0
807278,2,1,2,2,2,1.0
807289,2,2,2,2,2,1.0
807298,3,2,2.9375,2,3,1.0
807299,5,3,4.84375,4,5,1.0
807302,5,2,4.71875,4,5,1.0
807327,1,1,1,1,1,1.0
807330,4,2,3.84375,3,4,1.0
807331,5,3,4.78125,4,5,1.0
807334,2,2,1.96875,1,2,0.96875
807341,3,2,2.90625,2,3,1.0
807349,5,2,4.71875,4,5,1.0
807351,2,1,1.96875,1,2,1.0
807353,4,4,3.875,3,4,0.875
807355,1,1,1,1,1,1.0
807366,5,2,4.78125,3,5,1.0
807372,1,1,1,1,1,1.0
807385,1,1,1,1,1,1.0
807398,3,2,2.96875,2,3,1.0
807400,3,2,2.96875,2,3,1.0
807405,5,2,4.71875,3,5,1.0
807416,3,3,3,3,3,1.0
807423,2,1,1.96875,1,2,1.0
807431,1,1,1,1,1,1.0
807433,1,1,1,1,1,1.0
807434,5,2,4.9375,4,5,1.0
807451,4,2,3.96875,3,4,1.0
807452,1,1,1,1,1,1.0
807457,2,1,1.96875,1,2,1.0
807470,3,1,2.875,1,3,1.0
807476,2,1,2,2,2,1.0
807477,1,1,1,1,1,1.0
807484,2,2,2,2,2,1.0
807487,2,1,2,2,2,1.0
807496,2,2,1.9375,1,2,0.9375
807497,1,1,1,1,1,1.0
807498,1,1,1,1,1,1.0
807503,5,2,4.8125,4,5,1.0
807508,6,2,5.65625,5,6,1.0
807517,1,1,1,1,1,1.0
807520,2,2,1.96875,1,2,0.96875
807522,2,2,1.96875,1,2,0.96875
807529,4,2,3.84375,3,4,1.0
807535,3,1,3,3,3,1.0
807544,3,2,2.96875,2,3,1.0
807545,3,1,3,3,3,1.0
807556,2,2,1.96875,1,2,0.96875
807557,2,2,1.96875,1,2,0.96875
807558,5,2,4.84375,4,5,1.0
807580,2,2,1.9375,1,2,0.9375
807589,2,2,2,2,2,1.0
807592,1,1,1,1,1,1.0
807593,6,2,5.75,5,6,1.0
807598,2,1,1.96875,1,2,1.0
807600,1,1,1,1,1,1.0
807615,1,1,1,1,1,1.0
807619,3,2,2.90625,2,3,1.0
807624,1,1,1,1,1,1.0
807647,1,1,1,1,1,1.0
807654,3,1,2.9375,2,3,1.0
807655,2,1,2,2,2,1.0
807658,3,2,2.9375,2,3,1.0
807660,2,2,2,2,2,1.0
807662,1,1,1,1,1,1.0
807670,2,1,1.96875,1,2,1.0
807674,3,2,2.9375,2,3,1.0
807680,1,1,1,1,1,1.0
807685,6,2,5.8125,5,6,1.0
807697,1,1,1,1,1,1.0
807700,4,2,3.84375,3,4,1.0
807704,2,1,2,2,2,1.0
807711,1,1,1,1,1,1.0
807725,1,1,1,1,1,1.0
807726,3,2,2.96875,2,3,1.0
807727,2,1,2,2,2,1.0
807735,2,1,2,2,2,1.0
807738,2,1,1.96875,1,2,1.0
807745,1,1,1,1,1,1.0
807752,2,1,1.9375,1,2,1.0
807753,1,1,1,1,1,1.0
807756,4,2,3.875,3,4,1.0
807760,1,1,1,1,1,1.0
807774,3,2,3,3,3,1.0
807785,1,1,1,1,1,1.0
807788,1,1,1,1,1,1.0
807791,2,2,2,2,2,1.0
807793,2,2,2,2,2,1.0
807800,2,2,2,2,2,1.0
807807,7,3,6.65625,5,7,1.0
807808,2,2,2,2,2,1.0
807815,2,1,2,2,2,1.0
807819,1,1,1,1,1,1.0
807826,4,2,3.84375,3,4,1.0
807827,2,2,1.875,1,2,0.875
807833,4,2,4,4,4,1.0
807834,2,1,1.96875,1,2,1.0
807836,1,1,1,1,1,1.0
807848,5,2,4.84375,4,5,1.0
807849,2,2,1.96875,1,2,0.96875
807851,3,2,2.96875,2,3,1.0
807852,1,1,1,1,1,1.0
807857,3,2,2.96875,2,3,1.0
807861,3,2,2.875,2,3,1.0
807865,4,2,3.90625,3,4,1.0
807869,2,2,2,2,2,1.0
807875,2,2,1.96875,1,2,0.96875
807877,2,1,2,2,2,1.0
807888,2,1,1.9375,1,2,1.0
807892,5,2,4.8125,4,5,1.0
807893,2,1,1.9375,1,2,1.0
807895,3,2,2.9375,2,3,1.0
807900,2,1,1.96875,1,2,1.0
807909,4,2,3.90625,3,4,1.0
807920,5,1,4.90625,4,5,1.0
807928,3,2,3,3,3,1.0
807931,3,2,2.96875,2,3,1.0
807933,3,1,2.875,2,3,1.0
807939,3,3,2.96875,2,3,0.96875
807940,4,4,3.9375,3,4,0.9375
807944,1,1,1,1,1,1.0
807947,4,1,3.9375,3,4,1.0
807956,4,2,3.9375,3,4,1.0
807966,4,2,3.9375,3,4,1.0
807977,5,2,4.78125,4,5,1.0
807981,3,2,2.9375,2,3,1.0
807982,4,3,3.84375,3,4,1.0
807988,4,3,3.90625,3,4,1.0
807989,3,1,2.9375,2,3,1.0
807993,2,1,1.96875,1,2,1.0
807994,6,2,5.71875,4,6,1.0
807996,3,2,2.875,2,3,1.0
807998,1,1,1,1,1,1.0
807999,3,2,2.90625,2,3,1.0
808001,1,1,1,1,1,1.0
808003,1,1,1,1,1,1.0
808006,1,1,1,1,1,1.0
808017,4,3,3.96875,3,4,1.0
808020,2,2,2,2,2,1.0
808024,1,1,1,1,1,1.0
808025,3,1,2.9375,2,3,1.0
808033,2,1,2,2,2,1.0
808044,2,2,2,2,2,1.0
808046,1,1,1,1,1,1.0
808051,1,1,1,1,1,1.0
808063,4,2,3.9375,3,4,1.0
808067,2,2,1.9375,1,2,0.9375
808070,1,1,1,1,1,1.0
808073,2,1,1.96875,1,2,1.0
808077,2,2,1.9375,1,2,0.9375
808081,2,2,1.96875,1,2,0.96875
808083,1,1,1,1,1,1.0
808086,4,2,3.8125,3,4,1.0
808088,2,2,1.96875,1,2,0.96875
808117,2,2,1.96875,1,2,0.96875
808124,4,2,3.9375,3,4,1.0
808140,4,2,3.96875,3,4,1.0
808156,2,2,2,2,2,1.0
808158,2,2,1.9375,1,2,0.9375
808170,1,1,1,1,1,1.0
808174,2,1,1.9375,1,2,1.0
808180,4,2,3.875,3,4,1.0
808187,2,2,2,2,2,1.0
808192,2,2,2,2,2,1.0
808193,2,1,2,2,2,1.0
808198,2,1,2,2,2,1.0
808202,4,3,3.875,3,4,1.0
808205,1,1,1,1,1,1.0
808219,5,2,4.9375,4,5,1.0
808234,1,1,1,1,1,1.0
808235,2,2,2,2,2,1.0
808237,2,2,2,2,2,1.0
808246,1,1,1,1,1,1.0
808247,3,3,2.90625,2,3,0.90625
808264,2,1,2,2,2,1.0
808270,3,2,2.96875,2,3,1.0
808272,3,1,2.875,2,3,1.0
808274,5,2,4.875,4,5,1.0
808282,2,1,1.96875,1,2,1.0
808283,2,2,1.96875,1,2,0.96875
808289,7,4,6.46875,5,7,1.0
808293,2,2,2,2,2,1.0
808294,1,1,1,1,1,1.0
808307,2,2,1.96875,1,2,0.96875
808308,3,3,2.9375,2,3,0.9375
808311,6,2,5.6875,4,6,1.0
808318,2,2,1.96875,1,2,0.96875
808319,1,1,1,1,1,1.0
808322,4,3,3.9375,3,4,1.0
808342,5,2,4.8125,3,5,1.0
808344,1,1,1,1,1,1.0
808347,4,2,3.90625,3,4,1.0
808352,6,2,5.84375,5,6,1.0
808366,2,2,2,2,2,1.0
808380,3,2,2.96875,2,3,1.0
808383,2,2,1.96875,1,2,0.96875
808387,7,2,6.5625,5,7,1.0
808392,2,1,2,2,2,1.0
808397,1,1,1,1,1,1.0
808416,1,1,1,1,1,1.0
808419,2,1,2,2,2,1.0
808420,2,2,2,2,2,1.0
808421,2,1,1.9375,1,2,1.0
808423,2,2,2,2,2,1.0
808430,2,1,2,2,2,1.0
808434,3,2,2.875,2,3,1.0
808449,3,3,2.9375,2,3,0.9375
808450,2,2,2,2,2,1.0
808451,2,1,2,2,2,1.0
808465,6,2,5.625,5,6,1.0
808482,3,2,2.96875,2,3,1.0
808484,1,1,1,1,1,1.0
808485,1,1,1,1,1,1.0
808487,1,1,1,1,1,1.0
808491,2,2,2,2,2,1.0
808496,3,2,2.875,2,3,1.0
808506,5,2,4.90625,4,5,1.0
808511,7,3,6.34375,5,7,1.0
808515,1,1,1,1,1,1.0
808526,1,1,1,1,1,1.0
808530,1,1,1,1,1,1.0
808539,1,1,1,1,1,1.0
808540,4,2,3.8125,3,4,1.0
808542,2,1,1.96875,1,2,1.0
808549,5,2,4.90625,4,5,1.0
808556,3,2,2.875,2,3,1.0
808564,2,1,2,2,2,1.0
808570,2,1,1.96875,1,2,1.0
808574,1,1,1,1,1,1.0
808575,3,2,2.8125,2,3,1.0
808576,1,1,1,1,1,1.0
808580,1,1,1,1,1,1.0
808582,1,1,1,1,1,1.0
808584,3,2,2.96875,2,3,1.0
808586,1,1,1,1,1,1.0
808592,1,1,1,1,1,1.0
808593,1,1,1,1,1,1.0
808595,1,1,1,1,1,1.0
808596,1,1,1,1,1,1.0
808602,2,1,1.96875,1,2,1.0
808603,2,1,1.9375,1,2,1.0
808610,2,1,2,2,2,1.0
808614,1,1,1,1,1,1.0
808629,1,1,1,1,1,1.0
808641,3,1,2.875,2,3,1.0
808648,5,2,4.875,4,5,1.0
808650,1,1,1,1,1,1.0
808652,3,2,2.96875,2,3,1.0
808658,1,1,1,1,1,1.0
808659,2,2,1.96875,1,2,0.96875
808660,1,1,1,1,1,1.0
808664,2,1,1.96875,1,2,1.0
808667,2,2,2,2,2,1.0
808673,1,1,1,1,1,1.0
808683,1,1,1,1,1,1.0
808684,1,1,1,1,1,1.0
808692,1,1,1,1,1,1.0
808694,2,1,2,2,2,1.0
808698,6,2,5.75,4,6,1.0
808702,3,2,2.9375,2,3,1.0
808706,1,1,1,1,1,1.0
808719,2,1,2,2,2,1.0
808721,1,1,1,1,1,1.0
808723,6,2,5.625,4,6,1.0
808726,2,1,1.96875,1,2,1.0
808727,1,1,1,1,1,1.0
808731,2,1,1.9375,1,2,1.0
808732,1,1,1,1,1,1.0
808741,1,1,1,1,1,1.0
808746,2,2,1.96875,1,2,0.96875
808750,3,2,2.9375,2,3,1.0
808759,1,1,1,1,1,1.0
808760,1,1,1,1,1,1.0
808768,2,2,1.96875,1,2,0.96875
808770,2,2,1.96875,1,2,0.96875
808776,1,1,1,1,1,1.0
808789,3,2,2.9375,2,3,1.0
808790,2,1,2,2,2,1.0
808803,2,1,2,2,2,1.0
808810,3,2,2.875,2,3,1.0
808826,2,1,2,2,2,1.0
808838,2,2,1.96875,1,2,0.96875
808839,4,3,3.875,3,4,1.0
808840,2,1,2,2,2,1.0
808844,2,1,1.96875,1,2,1.0
808857,4,2,3.9375,3,4,1.0
808866,2,1,2,2,2,1.0
808872,3,2,2.96875,2,3,1.0
808873,2,2,1.9375,1,2,0.9375
808880,2,2,2,2,2,1.0
808881,2,1,1.90625,1,2,1.0
808882,2,1,1.96875,1,2,1.0
808886,4,3,3.9375,3,4,1.0
808887,1,1,1,1,1,1.0
808898,1,1,1,1,1,1.0
808900,7,2,6.65625,6,7,1.0
808904,2,1,1.96875,1,2,1.0
808915,1,1,1,1,1,1.0
808920,2,1,2,2,2,1.0
808930,4,2,3.90625,3,4,1.0
808931,1,1,1,1,1,1.0
808935,2,2,1.96875,1,2,0.96875
808943,2,1,1.96875,1,2,1.0
808947,3,2,2.96875,2,3,1.0
808952,2,1,2,2,2,1.0
808955,3,2,2.96875,2,3,1.0
808958,1,1,1,1,1,1.0
808960,2,1,2,2,2,1.0
808964,2,2,1.9375,1,2,0.9375
808985,5,2,4.84375,4,5,1.0
808988,1,1,1,1,1,1.0
808991,1,1,1,1,1,1.0
809005,1,1,1,1,1,1.0
809007,2,2,2,2,2,1.0
809008,1,1,1,1,1,1.0
809016,6,2,5.8125,4,6,1.0
809021,1,1,1,1,1,1.0
809024,3,1,3,3,3,1.0
809035,2,1,1.96875,1,2,1.0
809036,3,2,2.875,2,3,1.0
809047,1,1,1,1,1,1.0
809049,3,2,2.875,2,3,1.0
809059,4,2,3.84375,3,4,1.0
809066,2,1,2,2,2,1.0
809067,2,1,1.96875,1,2,1.0
809075,2,1,2,2,2,1.0
809077,2,2,2,2,2,1.0
809082,3,1,2.9375,2,3,1.0
809083,2,1,1.96875,1,2,1.0
809089,1,1,1,1,1,1.0
809098,1,1,1,1,1,1.0
809101,3,3,3,3,3,1.0
809104,2,2,1.96875,1,2,0.96875
809106,2,2,2,2,2,1.0
809108,2,1,2,2,2,1.0
809111,2,1,2,2,2,1.0
809113,1,1,1,1,1,1.0
809122,1,1,1,1,1,1.0
809123,2,2,1.96875,1,2,0.96875
809137,2,2,1.96875,1,2,0.96875
809140,3,2,2.90625,2,3,1.0
809147,1,1,1,1,1,1.0
809152,2,1,2,2,2,1.0
809153,4,3,3.875,3,4,1.0
809154,1,1,1,1,1,1.0
809166,2,2,2,2,2,1.0
809167,3,2,2.90625,2,3,1.0
809170,1,1,1,1,1,1.0
809183,4,2,3.96875,3,4,1.0
809188,1,1,1,1,1,1.0
809191,1,1,1,1,1,1.0
809197,3,2,2.8125,2,3,1.0
809199,2,2,1.96875,1,2,0.96875
809205,1,1,1,1,1,1.0
809220,3,2,2.96875,2,3,1.0
809221,2,1,2,2,2,1.0
809229,1,1,1,1,1,1.0
809233,1,1,1,1,1,1.0
809234,4,2,3.875,3,4,1.0
809236,2,2,2,2,2,1.0
809261,3,2,2.90625,2,3,1.0
809268,1,1,1,1,1,1.0
809272,2,2,1.96875,1,2,0.96875
809277,1,1,1,1,1,1.0
809278,1,1,1,1,1,1.0
809279,2,2,1.96875,1,2,0.96875
809281,1,1,1,1,1,1.0
809289,2,1,2,2,2,1.0
809291,2,2,2,2,2,1.0
809293,3,2,2.9375,2,3,1.0
809305,1,1,1,1,1,1.0
809316,1,1,1,1,1,1.0
809322,2,2,1.9375,1,2,0.9375
809323,4,3,3.90625,3,4,1.0
809325,3,2,2.9375,2,3,1.0
809328,2,2,1.96875,1,2,0.96875
809329,1,1,1,1,1,1.0
809330,3,2,2.96875,2,3,1.0
809333,4,2,3.9375,3,4,1.0
809334,2,2,2,2,2,1.0
809343,2,1,1.96875,1,2,1.0
809346,2,1,2,2,2,1.0
809356,3,1,2.90625,2,3,1.0
809369,2,2,2,2,2,1.0
809371,3,1,2.9375,2,3,1.0
809388,1,1,1,1,1,1.0
809393,3,3,2.90625,2,3,0.90625
809394,2,2,1.96875,1,2,0.96875
809395,3,3,2.875,2,3,0.875
809399,2,2,1.96875,1,2,0.96875
809402,1,1,1,1,1,1.0
809410,2,1,1.96875,1,2,1.0
809411,1,1,1,1,1,1.0
809417,2,1,2,2,2,1.0
809427,6,2,5.71875,5,6,1.0
809434,2,2,1.96875,1,2,0.96875
809437,1,1,1,1,1,1.0
809440,6,2,5.6875,5,6,1.0
809444,1,1,1,1,1,1.0
809446,2,1,2,2,2,1.0
809452,3,2,3,3,3,1.0
809464,2,2,1.96875,1,2,0.96875
809465,1,1,1,1,1,1.0
809471,2,2,2,2,2,1.0
809476,1,1,1,1,1,1.0
809481,5,2,4.8125,4,5,1.0
809485,1,1,1,1,1,1.0
809496,4,2,3.84375,3,4,1.0
809497,1,1,1,1,1,1.0
809505,1,1,1,1,1,1.0
809525,2,1,1.96875,1,2,1.0
809533,2,1,1.96875,1,2,1.0
809540,2,1,2,2,2,1.0
809543,2,1,1.96875,1,2,1.0
809549,1,1,1,1,1,1.0
809553,4,2,3.90625,3,4,1.0
809555,4,2,3.96875,3,4,1.0
809557,2,1,2,2,2,1.0
809559,1,1,1,1,1,1.0
809563,5,2,4.8125,4,5,1.0
809569,1,1,1,1,1,1.0
809571,1,1,1,1,1,1.0
809577,2,1,1.96875,1,2,1.0
809596,4,2,3.9375,3,4,1.0
809598,6,2,5.75,4,6,1.0
809603,3,2,2.90625,2,3,1.0
809605,1,1,1,1,1,1.0
809610,1,1,1,1,1,1.0
809612,1,1,1,1,1,1.0
809620,3,2,2.96875,2,3,1.0
809630,3,2,2.9375,2,3,1.0
809631,2,1,2,2,2,1.0
809635,1,1,1,1,1,1.0
809640,4,2,3.9375,3,4,1.0
809647,3,3,2.90625,2,3,0.90625
809650,4,2,3.9375,3,4,1.0
809659,2,1,1.96875,1,2,1.0
809663,2,1,2,2,2,1.0
809672,2,2,2,2,2,1.0
809680,1,1,1,1,1,1.0
809683,2,2,1.96875,1,2,0.96875
809685,2,2,1.96875,1,2,0.96875
809692,1,1,1,1,1,1.0
809697,1,1,1,1,1,1.0
809701,6,2,5.71875,5,6,1.0
809703,1,1,1,1,1,1.0
809712,2,1,1.90625,1,2,1.0
809713,1,1,1,1,1,1.0
809714,1,1,1,1,1,1.0
809716,2,2,1.9375,1,2,0.9375
809738,2,1,2,2,2,1.0
809744,1,1,1,1,1,1.0
809747,2,1,1.96875,1,2,1.0
809750,1,1,1,1,1,1.0
809751,2,2,1.9375,1,2,0.9375
809759,3,2,2.9375,2,3,1.0
809764,1,1,1,1,1,1.0
809765,5,3,4.875,4,5,1.0
809771,1,1,1,1,1,1.0
809777,3,2,2.875,1,3,0.96875
809788,3,2,2.9375,2,3,1.0
809809,2,2,1.96875,1,2,0.96875
809815,3,2,2.96875,2,3,1.0
809816,2,1,1.9375,1,2,1.0
809818,2,1,1.90625,1,2,1.0
809831,1,1,1,1,1,1.0
809834,1,1,1,1,1,1.0
809847,3,3,2.9375,2,3,0.9375
809850,6,3,5.8125,5,6,1.0
809853,2,2,1.96875,1,2,0.96875
809854,2,2,1.96875,1,2,0.96875
809867,2,1,2,2,2,1.0
809872,3,2,2.96875,2,3,1.0
809875,1,1,1,1,1,1.0
809881,2,1,1.96875,1,2,1.0
809886,1,1,1,1,1,1.0
809892,1,1,1,1,1,1.0
809898,3,2,2.90625,2,3,1.0
809905,3,2,2.9375,2,3,1.0
809911,2,1,1.96875,1,2,1.0
809916,2,1,1.96875,1,2,1.0
809923,3,2,2.96875,2,3,1.0
809930,3,2,2.9375,2,3,1.0
809932,1,1,1,1,1,1.0
809939,2,2,2,2,2,1.0
809949,4,3,3.96875,3,4,1.0
809952,2,1,1.9375,1,2,1.0
809955,1,1,1,1,1,1.0
809961,1,1,1,1,1,1.0
809963,1,1,1,1,1,1.0
809968,2,2,1.96875,1,2,0.96875
809981,2,2,1.96875,1,2,0.96875
809988,1,1,1,1,1,1.0
809993,4,4,3.84375,3,4,0.84375
810010,3,2,2.9375,2,3,1.0
810013,1,1,1,1,1,1.0
810016,1,1,1,1,1,1.0
810020,1,1,1,1,1,1.0
810034,6,2,5.59375,5,6,1.0
810039,3,2,2.9375,2,3,1.0
810043,1,1,1,1,1,1.0
810046,5,3,4.6875,4,5,1.0
810048,2,1,2,2,2,1.0
810052,3,1,2.96875,2,3,1.0
810059,2,1,1.96875,1,2,1.0
810065,2,1,1.96875,1,2,1.0
810066,3,2,2.9375,2,3,1.0
810072,4,1,3.84375,3,4,1.0
810076,2,1,1.96875,1,2,1.0
810090,1,1,1,1,1,1.0
810097,2,1,2,2,2,1.0
810101,6,2,5.8125,4,6,1.0
810103,3,2,2.9375,2,3,1.0
810112,1,1,1,1,1,1.0
810120,2,1,2,2,2,1.0
810128,2,2,1.96875,1,2,0.96875
810134,2,2,2,2,2,1.0
810137,3,2,2.96875,2,3,1.0
810140,4,2,3.875,2,4,1.0
810147,2,2,2,2,2,1.0
810155,5,3,4.90625,4,5,1.0
810158,1,1,1,1,1,1.0
810161,1,1,1,1,1,1.0
810162,3,2,2.9375,2,3,1.0
810163,1,1,1,1,1,1.0
810182,1,1,1,1,1,1.0
810194,1,1,1,1,1,1.0
810210,1,1,1,1,1,1.0
810217,3,2,2.96875,2,3,1.0
810221,3,1,2.90625,2,3,1.0
810226,4,2,3.84375,3,4,1.0
810229,1,1,1,1,1,1.0
810230,1,1,1,1,1,1.0
810240,1,1,1,1,1,1.0
810244,1,1,1,1,1,1.0
810257,2,2,1.96875,1,2,0.96875
810258,3,1,2.84375,2,3,1.0
810272,1,1,1,1,1,1.0
810277,5,2,4.8125,4,5,1.0
810288,2,2,2,2,2,1.0
810290,1,1,1,1,1,1.0
810291,2,1,2,2,2,1.0
810296,2,1,1.96875,1,2,1.0
810306,1,1,1,1,1,1.0
810311,3,2,2.90625,2,3,1.0
810325,3,2,2.96875,2,3,1.0
810328,3,2,2.90625,2,3,1.0
810330,1,1,1,1,1,1.0
810333,4,2,3.96875,3,4,1.0
810337,5,2,4.84375,4,5,1.0
810340,1,1,1,1,1,1.0
810341,1,1,1,1,1,1.0
810353,2,2,2,2,2,1.0
810359,3,2,2.90625,2,3,1.0
810379,3,1,2.96875,2,3,1.0
810381,3,2,3,3,3,1.0
810388,2,1,2,2,2,1.0
810396,2,1,1.96875,1,2,1.0
810397,4,3,3.84375,3,4,1.0
810405,1,1,1,1,1,1.0
810408,4,2,3.9375,3,4,1.0
810410,1,1,1,1,1,1.0
810417,2,2,1.9375,1,2,0.9375
810423,2,1,1.96875,1,2,1.0
810427,1,1,1,1,1,1.0
810435,2,2,1.96875,1,2,0.96875
810440,1,1,1,1,1,1.0
810441,2,2,1.9375,1,2,0.9375
810459,2,1,1.96875,1,2,1.0
810465,1,1,1,1,1,1.0
810472,2,2,1.96875,1,2,0.96875
810480,1,1,1,1,1,1.0
810485,4,3,3.96875,3,4,1.0
810486,2,2,1.96875,1,2,0.96875
810487,1,1,1,1,1,1.0
810489,1,1,1,1,1,1.0
810521,2,1,1.9375,1,2,1.0
810524,2,1,1.9375,1,2,1.0
810529,3,2,2.90625,2,3,1.0
810530,2,2,1.9375,1,2,0.9375
810542,4,2,3.9375,3,4,1.0
810547,1,1,1,1,1,1.0
810551,1,1,1,1,1,1.0
810566,2,1,1.96875,1,2,1.0
810570,2,2,1.9375,1,2,0.9375
810583,2,1,2,2,2,1.0
810613,2,1,2,2,2,1.0
810622,2,1,2,2,2,1.0
810623,2,2,2,2,2,1.0
810625,1,1,1,1,1,1.0
810626,1,1,1,1,1,1.0
810627,1,1,1,1,1,1.0
810632,1,1,1,1,1,1.0
810640,1,1,1,1,1,1.0
810643,1,1,1,1,1,1.0
810647,1,1,1,1,1,1.0
810655,1,1,1,1,1,1.0
810658,3,2,2.96875,2,3,1.0
810664,1,1,1,1,1,1.0
810668,2,2,2,2,2,1.0
810676,2,2,1.96875,1,2,0.96875
810680,1,1,1,1,1,1.0
810685,1,1,1,1,1,1.0
810712,2,2,1.9375,1,2,0.9375
810716,1,1,1,1,1,1.0
810726,2,1,2,2,2,1.0
810728,1,1,1,1,1,1.0
810731,2,1,2,2,2,1.0
810743,2,2,2,2,2,1.0
810745,3,2,2.96875,2,3,1.0
810749,1,1,1,1,1,1.0
810753,4,2,3.84375,3,4,1.0
810755,2,1,2,2,2,1.0
810761,5,3,4.9375,4,5,1.0
810763,3,2,2.9375,2,3,1.0
810801,1,1,1,1,1,1.0
810812,1,1,1,1,1,1.0
810813,5,2,4.65625,3,5,1.0
810818,4,2,3.71875,2,4,1.0
810825,1,1,1,1,1,1.0
810828,1,1,1,1,1,1.0
810835,1,1,1,1,1,1.0
810837,4,2,4,4,4,1.0
810838,6,3,5.625,4,6,1.0
810852,1,1,1,1,1,1.0
810855,4,2,3.8125,3,4,1.0
810857,3,2,2.90625,2,3,1.0
810861,4,2,4,4,4,1.0
810863,1,1,1,1,1,1.0
810877,1,1,1,1,1,1.0
810883,6,2,5.6875,4,6,1.0
810898,1,1,1,1,1,1.0
810925,1,1,1,1,1,1.0
810943,1,1,1,1,1,1.0
810944,4,2,3.9375,3,4,1.0
810947,2,1,1.96875,1,2,1.0
810948,3,2,2.96875,2,3,1.0
810949,1,1,1,1,1,1.0
810951,1,1,1,1,1,1.0
810953,1,1,1,1,1,1.0
810957,1,1,1,1,1,1.0
810973,2,1,2,2,2,1.0
810977,2,1,2,2,2,1.0
810992,2,2,2,2,2,1.0
810993,2,1,2,2,2,1.0
810997,3,2,2.96875,2,3,1.0
810999,4,2,3.96875,3,4,1.0
811006,5,2,4.65625,4,5,1.0
811021,1,1,1,1,1,1.0
811025,2,2,2,2,2,1.0
811026,2,2,1.96875,1,2,0.96875
811034,1,1,1,1,1,1.0
811037,1,1,1,1,1,1.0
811038,2,1,2,2,2,1.0
811040,2,2,2,2,2,1.0
811048,1,1,1,1,1,1.0
811055,1,1,1,1,1,1.0
811064,2,2,2,2,2,1.0
811070,1,1,1,1,1,1.0
811072,2,1,1.96875,1,2,1.0
811073,4,2,3.84375,3,4,1.0
811080,1,1,1,1,1,1.0
811088,1,1,1,1,1,1.0
811096,2,2,1.96875,1,2,0.96875
811097,2,1,1.96875,1,2,1.0
811108,2,1,1.96875,1,2,1.0
811115,3,2,2.9375,2,3,1.0
811128,3,2,2.9375,2,3,1.0
811129,1,1,1,1,1,1.0
811141,2,2,2,2,2,1.0
811144,1,1,1,1,1,1.0
811145,2,2,2,2,2,1.0
811147,1,1,1,1,1,1.0
811152,1,1,1,1,1,1.0
811153,2,2,1.96875,1,2,0.96875
811156,2,2,2,2,2,1.0
811158,1,1,1,1,1,1.0
811160,1,1,1,1,1,1.0
811170,1,1,1,1,1,1.0
811171,2,1,2,2,2,1.0
811175,6,6,5.65625,5,6,0.65625
811180,2,1,2,2,2,1.0
811185,2,1,2,2,2,1.0
811187,1,1,1,1,1,1.0
811192,1,1,1,1,1,1.0
811197,5,3,4.78125,4,5,1.0
811206,2,2,1.96875,1,2,0.96875
811210,1,1,1,1,1,1.0
811211,2,2,2,2,2,1.0
811214,3,3,2.9375,2,3,0.9375
811219,1,1,1,1,1,1.0
811220,1,1,1,1,1,1.0
811226,6,2,5.6875,5,6,1.0
811229,2,1,2,2,2,1.0
811232,2,1,2,2,2,1.0
811238,2,2,2,2,2,1.0
811252,3,2,2.84375,2,3,1.0
811256,1,1,1,1,1,1.0
811264,2,1,1.9375,1,2,1.0
811267,3,2,2.9375,2,3,1.0
811268,1,1,1,1,1,1.0
811281,2,2,2,2,2,1.0
811285,2,1,1.96875,1,2,1.0
811288,3,2,3,3,3,1.0
811309,1,1,1,1,1,1.0
811320,2,1,2,2,2,1.0
811324,4,2,3.875,3,4,1.0
811332,3,2,2.9375,2,3,1.0
811335,1,1,1,1,1,1.0
811343,1,1,1,1,1,1.0
811352,2,2,2,2,2,1.0
811364,2,2,1.96875,1,2,0.96875
811376,3,1,2.9375,2,3,1.0
811391,1,1,1,1,1,1.0
811402,3,2,2.96875,2,3,1.0
811403,3,2,2.96875,2,3,1.0
811411,2,2,2,2,2,1.0
811412,2,2,2,2,2,1.0
811421,2,2,2,2,2,1.0
811430,1,1,1,1,1,1.0
811441,3,2,2.875,2,3,1.0
811454,3,2,2.90625,2,3,1.0
811455,2,2,1.9375,1,2,0.9375
811473,1,1,1,1,1,1.0
811478,1,1,1,1,1,1.0
811482,2,2,1.96875,1,2,0.96875
811495,1,1,1,1,1,1.0
811499,2,1,1.96875,1,2,1.0
811503,4,2,3.90625,3,4,1.0
811519,1,1,1,1,1,1.0
811522,3,2,2.9375,2,3,1.0
811526,1,1,1,1,1,1.0
811534,1,1,1,1,1,1.0
811544,2,1,1.96875,1,2,1.0
811549,2,2,1.96875,1,2,0.96875
811560,2,2,2,2,2,1.0
811564,2,1,2,2,2,1.0
811577,1,1,1,1,1,1.0
811598,2,2,2,2,2,1.0
811608,1,1,1,1,1,1.0
811628,1,1,1,1,1,1.0
811646,4,2,3.875,3,4,1.0
811648,3,2,2.875,2,3,1.0
811669,7,3,6.5625,5,7,1.0
811673,1,1,1,1,1,1.0
811679,2,2,2,2,2,1.0
811682,1,1,1,1,1,1.0
811699,1,1,1,1,1,1.0
811715,1,1,1,1,1,1.0
811726,4,2,3.96875,3,4,1.0
811741,3,3,2.9375,2,3,0.9375
811742,1,1,1,1,1,1.0
811747,3,1,2.875,2,3,1.0
811751,4,1,3.84375,3,4,1.0
811757,3,2,2.9375,2,3,1.0
811774,2,1,2,2,2,1.0
811775,2,2,2,2,2,1.0
811786,1,1,1,1,1,1.0
811793,1,1,1,1,1,1.0
811799,1,1,1,1,1,1.0
811813,2,1,2,2,2,1.0
811825,1,1,1,1,1,1.0
811828,1,1,1,1,1,1.0
811830,1,1,1,1,1,1.0
811838,1,1,1,1,1,1.0
811839,4,2,3.90625,3,4,1.0
811847,3,1,2.84375,1,3,1.0
811853,3,1,2.90625,2,3,1.0
811857,1,1,1,1,1,1.0
811865,4,2,3.875,3,4,1.0
811870,3,3,2.9375,2,3,0.9375
811875,2,2,2,2,2,1.0
811881,2,1,2,2,2,1.0
811896,2,2,2,2,2,1.0
811897,1,1,1,1,1,1.0
811903,4,1,3.8125,3,4,1.0
811917,2,1,1.9375,1,2,1.0
811919,1,1,1,1,1,1.0
811932,1,1,1,1,1,1.0
811933,1,1,1,1,1,1.0
811939,1,1,1,1,1,1.0
811943,2,2,2,2,2,1.0
811953,3,1,3,3,3,1.0
811964,4,4,3.90625,3,4,0.90625
811994,2,1,2,2,2,1.0
811996,2,1,2,2,2,1.0
812004,3,2,2.9375,2,3,1.0
812016,2,1,1.96875,1,2,1.0
812022,1,1,1,1,1,1.0
812023,3,1,3,3,3,1.0
812036,3,2,3,3,3,1.0
812063,1,1,1,1,1,1.0
812065,1,1,1,1,1,1.0
812066,1,1,1,1,1,1.0
812076,1,1,1,1,1,1.0
812077,1,1,1,1,1,1.0
812079,1,1,1,1,1,1.0
812083,1,1,1,1,1,1.0
812084,12,11,11.03125,9,12,0.71875
812085,2,2,1.9375,1,2,0.9375
812090,3,1,2.90625,2,3,1.0
812104,1,1,1,1,1,1.0
812125,1,1,1,1,1,1.0
812136,2,2,2,2,2,1.0
812139,1,1,1,1,1,1.0
812153,3,2,2.96875,2,3,1.0
812155,1,1,1,1,1,1.0
812162,1,1,1,1,1,1.0
812166,2,2,2,2,2,1.0
812173,3,2,2.9375,2,3,1.0
812181,3,2,3,3,3,1.0
812182,1,1,1,1,1,1.0
812184,2,2,2,2,2,1.0
812188,1,1,1,1,1,1.0
812198,3,1,2.9375,2,3,1.0
812201,2,2,2,2,2,1.0
812218,2,1,2,2,2,1.0
812221,1,1,1,1,1,1.0
812228,2,2,2,2,2,1.0
812241,2,2,1.96875,1,2,0.96875
812265,1,1,1,1,1,1.0
812272,2,2,1.96875,1,2,0.96875
812273,2,1,1.9375,1,2,1.0
812288,2,1,1.9375,1,2,1.0
812297,2,2,2,2,2,1.0
812309,4,2,3.90625,3,4,1.0
812310,1,1,1,1,1,1.0
812323,2,2,1.96875,1,2,0.96875
812330,6,5,5.71875,4,6,0.96875
812335,1,1,1,1,1,1.0
812344,3,3,3,3,3,1.0
812407,1,1,1,1,1,1.0
812412,3,2,2.9375,2,3,1.0
812435,1,1,1,1,1,1.0
812448,4,1,3.90625,3,4,1.0
812451,2,2,1.96875,1,2,0.96875
812460,2,1,1.875,1,2,1.0
812463,1,1,1,1,1,1.0
812465,5,2,4.9375,4,5,1.0
812467,1,1,1,1,1,1.0
812476,3,2,3,3,3,1.0
812482,3,2,3,3,3,1.0
812516,1,1,1,1,1,1.0
812518,1,1,1,1,1,1.0
812519,3,2,2.90625,2,3,1.0
812559,3,1,2.875,2,3,1.0
812563,3,2,3,3,3,1.0
812570,1,1,1,1,1,1.0
812592,1,1,1,1,1,1.0
812596,2,2,1.9375,1,2,0.9375
812611,2,1,1.9375,1,2,1.0
812612,3,2,2.96875,2,3,1.0
812616,4,2,3.875,3,4,1.0
812620,4,2,3.96875,3,4,1.0
812632,2,1,1.96875,1,2,1.0
812638,2,1,2,2,2,1.0
812644,4,2,3.6875,2,4,1.0
812647,1,1,1,1,1,1.0
812665,3,1,2.96875,2,3,1.0
812666,1,1,1,1,1,1.0
812668,3,2,3,3,3,1.0
812672,3,2,3,3,3,1.0
812695,1,1,1,1,1,1.0
812720,3,2,3,3,3,1.0
812728,1,1,1,1,1,1.0
812740,2,1,1.96875,1,2,1.0
812753,4,2,3.96875,3,4,1.0
812755,1,1,1,1,1,1.0
812777,4,2,3.8125,2,4,1.0
812785,2,1,1.96875,1,2,1.0
812787,3,1,2.96875,2,3,1.0
812799,4,2,3.71875,3,4,1.0
812818,4,2,3.8125,3,4,1.0
81283,1,1,1,1,1,1.0
812831,1,1,1,1,1,1.0
812837,3,2,2.9375,2,3,1.0
812838,1,1,1,1,1,1.0
812847,2,1,1.96875,1,2,1.0
812849,1,1,1,1,1,1.0
812852,4,2,3.90625,3,4,1.0
812908,4,1,3.96875,3,4,1.0
812935,2,2,2,2,2,1.0
812938,1,1,1,1,1,1.0
812944,6,2,5.84375,4,6,1.0
812945,4,3,3.9375,3,4,1.0
812963,2,2,1.96875,1,2,0.96875
812968,3,1,3,3,3,1.0
812971,1,1,1,1,1,1.0
813006,1,1,1,1,1,1.0
813007,2,1,1.96875,1,2,1.0
813018,3,2,2.9375,2,3,1.0
813020,3,1,2.90625,2,3,1.0
813029,3,3,3,3,3,1.0
813038,2,1,1.96875,1,2,1.0
813066,3,1,2.96875,2,3,1.0
813080,4,3,3.875,3,4,1.0
813083,4,2,3.90625,3,4,1.0
813087,4,2,3.84375,3,4,1.0
813122,1,1,1,1,1,1.0
813127,1,1,1,1,1,1.0
813142,2,2,2,2,2,1.0
813147,3,3,3,3,3,1.0
813150,5,2,4.78125,4,5,1.0
813153,2,2,1.9375,1,2,0.9375
813162,1,1,1,1,1,1.0
813199,6,2,5.59375,4,6,1.0
813209,1,1,1,1,1,1.0
813222,2,1,2,2,2,1.0
813247,2,2,2,2,2,1.0
813257,3,2,2.96875,2,3,1.0
813262,2,1,2,2,2,1.0
813277,2,1,2,2,2,1.0
813286,2,2,2,2,2,1.0
813290,2,1,2,2,2,1.0
813311,5,2,4.875,4,5,1.0
813323,5,2,4.78125,4,5,1.0
813326,1,1,1,1,1,1.0
813328,1,1,1,1,1,1.0
813372,4,1,3.875,3,4,1.0
813395,3,1,2.875,2,3,1.0
813433,3,2,2.9375,2,3,1.0
813442,4,2,3.875,3,4,1.0
813452,2,2,1.96875,1,2,0.96875
813466,4,1,3.90625,3,4,1.0
813478,1,1,1,1,1,1.0
813485,2,1,2,2,2,1.0
813496,1,1,1,1,1,1.0
813499,3,1,2.875,2,3,1.0
813538,3,3,2.90625,2,3,0.90625
813575,1,1,1,1,1,1.0
813584,1,1,1,1,1,1.0
813606,2,2,2,2,2,1.0
813614,1,1,1,1,1,1.0
813628,1,1,1,1,1,1.0
813632,3,2,2.96875,2,3,1.0
813650,2,1,2,2,2,1.0
813682,2,1,1.9375,1,2,1.0
813684,2,2,1.9375,1,2,0.9375
813687,1,1,1,1,1,1.0
813697,4,3,3.90625,3,4,1.0
813726,2,1,1.96875,1,2,1.0
813744,1,1,1,1,1,1.0
813751,1,1,1,1,1,1.0
813768,1,1,1,1,1,1.0
813787,3,2,2.96875,2,3,1.0
813790,2,2,2,2,2,1.0
813795,1,1,1,1,1,1.0
813796,1,1,1,1,1,1.0
813808,1,1,1,1,1,1.0
813817,1,1,1,1,1,1.0
813823,4,2,3.90625,3,4,1.0
813841,2,2,2,2,2,1.0
813849,2,2,1.96875,1,2,0.96875
813850,1,1,1,1,1,1.0
813852,1,1,1,1,1,1.0
813867,4,2,3.78125,3,4,1.0
813931,3,2,2.9375,2,3,1.0
813943,2,2,2,2,2,1.0
813959,3,2,2.9375,2,3,1.0
813966,1,1,1,1,1,1.0
813974,1,1,1,1,1,1.0
813987,4,2,3.90625,3,4,1.0
813989,2,2,2,2,2,1.0
813991,1,1,1,1,1,1.0
814022,1,1,1,1,1,1.0
814023,1,1,1,1,1,1.0
814036,1,1,1,1,1,1.0
814043,3,1,2.96875,2,3,1.0
814061,1,1,1,1,1,1.0
814068,3,1,2.9375,2,3,1.0
814079,3,3,2.96875,2,3,0.96875
814103,4,1,3.875,3,4,1.0
814114,1,1,1,1,1,1.0
814156,3,2,3,3,3,1.0
814170,1,1,1,1,1,1.0
814188,3,1,3,3,3,1.0
814200,3,2,3,3,3,1.0
814222,2,1,2,2,2,1.0
814234,2,2,1.9375,1,2,0.9375
814264,2,1,2,2,2,1.0
814276,1,1,1,1,1,1.0
814281,1,1,1,1,1,1.0
814314,3,2,2.96875,2,3,1.0
814321,3,2,2.96875,2,3,1.0
814340,2,1,2,2,2,1.0
814345,1,1,1,1,1,1.0
814356,1,1,1,1,1,1.0
814365,1,1,1,1,1,1.0
814379,1,1,1,1,1,1.0
814395,1,1,1,1,1,1.0
814411,4,2,3.90625,3,4,1.0
814428,2,1,1.9375,1,2,1.0
814436,3,2,2.90625,2,3,1.0
814451,5,4,4.90625,4,5,1.0
814465,2,2,1.96875,1,2,0.96875
814501,2,2,2,2,2,1.0
814506,1,1,1,1,1,1.0
814508,2,1,2,2,2,1.0
814517,1,1,1,1,1,1.0
814518,1,1,1,1,1,1.0
814521,2,2,2,2,2,1.0
814530,2,2,2,2,2,1.0
814541,4,1,3.84375,3,4,1.0
814551,1,1,1,1,1,1.0
814555,2,1,2,2,2,1.0
814583,2,2,2,2,2,1.0
814584,3,1,2.90625,2,3,1.0
814592,2,1,2,2,2,1.0
814616,4,2,3.9375,3,4,1.0
814625,3,2,2.84375,2,3,1.0
814647,1,1,1,1,1,1.0
814667,2,2,1.96875,1,2,0.96875
814690,3,2,2.9375,2,3,1.0
814711,2,2,1.9375,1,2,0.9375
814714,4,2,3.96875,3,4,1.0
814742,1,1,1,1,1,1.0
814763,2,1,1.9375,1,2,1.0
814784,3,2,2.96875,2,3,1.0
814805,1,1,1,1,1,1.0
814833,3,1,2.9375,2,3,1.0
814852,2,2,1.96875,1,2,0.96875
814857,1,1,1,1,1,1.0
814865,1,1,1,1,1,1.0
814881,1,1,1,1,1,1.0
814896,1,1,1,1,1,1.0
814905,1,1,1,1,1,1.0
814910,1,1,1,1,1,1.0
814921,4,1,3.84375,3,4,1.0
814931,1,1,1,1,1,1.0
814935,3,1,2.78125,2,3,1.0
814949,1,1,1,1,1,1.0
814977,1,1,1,1,1,1.0
815005,4,2,3.9375,3,4,1.0
815026,1,1,1,1,1,1.0
815027,1,1,1,1,1,1.0
815036,2,1,2,2,2,1.0
815041,1,1,1,1,1,1.0
815114,2,1,1.96875,1,2,1.0
815121,2,2,1.96875,1,2,0.96875
815160,1,1,1,1,1,1.0
815168,2,2,1.9375,1,2,0.9375
815174,1,1,1,1,1,1.0
815190,3,1,3,3,3,1.0
815201,2,2,1.96875,1,2,0.96875
815203,1,1,1,1,1,1.0
815231,2,1,2,2,2,1.0
815250,2,2,2,2,2,1.0
815251,1,1,1,1,1,1.0
815261,1,1,1,1,1,1.0
815284,2,1,1.96875,1,2,1.0
815285,1,1,1,1,1,1.0
815288,2,2,1.96875,1,2,0.96875
815302,2,1,2,2,2,1.0
815307,2,1,1.90625,1,2,1.0
815326,4,1,4,4,4,1.0
815379,1,1,1,1,1,1.0
815418,3,1,2.96875,2,3,1.0
815436,3,2,3,3,3,1.0
815443,1,1,1,1,1,1.0
815462,1,1,1,1,1,1.0
815509,2,2,2,2,2,1.0
815513,2,1,2,2,2,1.0
815529,1,1,1,1,1,1.0
815542,2,2,2,2,2,1.0
815564,2,2,2,2,2,1.0
815569,1,1,1,1,1,1.0
815605,1,1,1,1,1,1.0
815624,1,1,1,1,1,1.0
815643,2,1,2,2,2,1.0
815696,4,1,4,4,4,1.0
815705,1,1,1,1,1,1.0
815711,1,1,1,1,1,1.0
815744,1,1,1,1,1,1.0
815781,1,1,1,1,1,1.0
815782,3,2,2.96875,2,3,1.0
815786,1,1,1,1,1,1.0
815803,1,1,1,1,1,1.0
815806,1,1,1,1,1,1.0
815819,2,2,2,2,2,1.0
815828,1,1,1,1,1,1.0
815843,2,2,2,2,2,1.0
815847,3,2,2.9375,2,3,1.0
815858,1,1,1,1,1,1.0
815885,2,1,1.96875,1,2,1.0
815965,2,2,2,2,2,1.0
815990,2,1,1.96875,1,2,1.0
816009,1,1,1,1,1,1.0
816013,3,2,2.96875,2,3,1.0
816014,2,2,2,2,2,1.0
816027,1,1,1,1,1,1.0
816054,3,1,3,3,3,1.0
816087,1,1,1,1,1,1.0
816119,3,3,2.9375,2,3,0.9375
816120,2,2,2,2,2,1.0
816139,3,1,2.90625,2,3,1.0
816157,1,1,1,1,1,1.0
816190,1,1,1,1,1,1.0
816195,1,1,1,1,1,1.0
816201,2,2,1.96875,1,2,0.96875
816224,1,1,1,1,1,1.0
816234,1,1,1,1,1,1.0
816244,1,1,1,1,1,1.0
816283,1,1,1,1,1,1.0
816289,1,1,1,1,1,1.0
816311,1,1,1,1,1,1.0
816318,1,1,1,1,1,1.0
816366,3,2,2.90625,2,3,1.0
816375,4,2,3.96875,3,4,1.0
816438,2,1,1.96875,1,2,1.0
816467,1,1,1,1,1,1.0
816475,2,1,1.96875,1,2,1.0
816539,1,1,1,1,1,1.0
816543,2,1,2,2,2,1.0
816551,3,3,3,3,3,1.0
816584,3,1,2.96875,2,3,1.0
816607,3,2,2.875,2,3,1.0
816645,1,1,1,1,1,1.0
816659,2,1,2,2,2,1.0
816671,1,1,1,1,1,1.0
816690,1,1,1,1,1,1.0
816704,1,1,1,1,1,1.0
816744,1,1,1,1,1,1.0
816758,1,1,1,1,1,1.0
816802,2,1,1.96875,1,2,1.0
816805,2,1,2,2,2,1.0
816811,1,1,1,1,1,1.0
816835,1,1,1,1,1,1.0
816861,1,1,1,1,1,1.0
816868,1,1,1,1,1,1.0
816879,1,1,1,1,1,1.0
816921,3,1,2.9375,2,3,1.0
816930,3,2,2.90625,2,3,1.0
817005,3,2,2.90625,2,3,1.0
817020,3,1,3,3,3,1.0
817053,1,1,1,1,1,1.0
817066,1,1,1,1,1,1.0
817067,2,2,2,2,2,1.0
817102,1,1,1,1,1,1.0
817167,2,2,2,2,2,1.0
817184,1,1,1,1,1,1.0
817244,1,1,1,1,1,1.0
817259,1,1,1,1,1,1.0
817270,2,1,2,2,2,1.0
817279,2,2,2,2,2,1.0
817293,1,1,1,1,1,1.0
817305,4,1,4,4,4,1.0
817316,2,2,2,2,2,1.0
817320,3,1,2.9375,2,3,1.0
817332,1,1,1,1,1,1.0
817355,1,1,1,1,1,1.0
817407,3,2,2.96875,2,3,1.0
817408,1,1,1,1,1,1.0
817440,1,1,1,1,1,1.0
817449,1,1,1,1,1,1.0
817461,1,1,1,1,1,1.0
817472,1,1,1,1,1,1.0
817506,2,1,1.96875,1,2,1.0
817527,1,1,1,1,1,1.0
817529,1,1,1,1,1,1.0
817579,1,1,1,1,1,1.0
817680,1,1,1,1,1,1.0
817697,1,1,1,1,1,1.0
817708,1,1,1,1,1,1.0
817738,1,1,1,1,1,1.0
817750,5,3,4.78125,4,5,1.0
817751,1,1,1,1,1,1.0
817769,2,2,1.96875,1,2,0.96875
817794,2,2,2,2,2,1.0
817800,4,2,3.8125,2,4,1.0
817832,1,1,1,1,1,1.0
817836,2,2,2,2,2,1.0
817898,2,2,2,2,2,1.0
817904,2,2,2,2,2,1.0
817914,1,1,1,1,1,1.0
817976,1,1,1,1,1,1.0
817992,2,1,1.96875,1,2,1.0
818026,2,1,1.96875,1,2,1.0
818097,1,1,1,1,1,1.0
818107,1,1,1,1,1,1.0
818120,1,1,1,1,1,1.0
818129,2,1,2,2,2,1.0
818135,1,1,1,1,1,1.0
818200,2,1,1.90625,1,2,1.0
818226,1,1,1,1,1,1.0
818252,1,1,1,1,1,1.0
818289,1,1,1,1,1,1.0
818418,4,3,3.875,3,4,1.0
818434,4,3,3.96875,3,4,1.0
818438,3,1,3,3,3,1.0
818477,1,1,1,1,1,1.0
818500,2,1,2,2,2,1.0
818501,1,1,1,1,1,1.0
818539,3,2,2.9375,2,3,1.0
818556,2,1,2,2,2,1.0
818591,1,1,1,1,1,1.0
818614,1,1,1,1,1,1.0
818622,1,1,1,1,1,1.0
818630,1,1,1,1,1,1.0
818647,1,1,1,1,1,1.0
818652,1,1,1,1,1,1.0
818690,4,3,3.875,3,4,1.0
818702,1,1,1,1,1,1.0
818792,1,1,1,1,1,1.0
818826,1,1,1,1,1,1.0
818893,3,1,2.96875,2,3,1.0
818902,1,1,1,1,1,1.0
818930,2,2,2,2,2,1.0
818935,1,1,1,1,1,1.0
818943,1,1,1,1,1,1.0
818989,2,1,1.9375,1,2,1.0
819028,2,1,2,2,2,1.0
819046,2,1,1.9375,1,2,1.0
819065,1,1,1,1,1,1.0
819070,2,1,1.9375,1,2,1.0
819097,2,2,1.96875,1,2,0.96875
819130,1,1,1,1,1,1.0
819164,1,1,1,1,1,1.0
819221,2,1,1.96875,1,2,1.0
819227,2,1,2,2,2,1.0
819236,2,2,1.96875,1,2,0.96875
819255,2,2,2,2,2,1.0
819326,1,1,1,1,1,1.0
819327,3,2,2.96875,2,3,1.0
819341,3,1,2.96875,2,3,1.0
819351,1,1,1,1,1,1.0
819524,2,2,1.96875,1,2,0.96875
819536,4,2,3.90625,3,4,1.0
819571,3,1,2.9375,2,3,1.0
819581,3,1,2.9375,2,3,1.0
819660,2,2,2,2,2,1.0
819663,1,1,1,1,1,1.0
819702,1,1,1,1,1,1.0
819746,1,1,1,1,1,1.0
819766,1,1,1,1,1,1.0
819810,1,1,1,1,1,1.0
819822,2,2,1.9375,1,2,0.9375
819826,2,2,2,2,2,1.0
819918,1,1,1,1,1,1.0
819964,2,1,1.96875,1,2,1.0
819974,1,1,1,1,1,1.0
820080,1,1,1,1,1,1.0
820087,1,1,1,1,1,1.0
820164,1,1,1,1,1,1.0
820301,1,1,1,1,1,1.0
820418,3,1,2.96875,2,3,1.0
820430,1,1,1,1,1,1.0
820451,1,1,1,1,1,1.0
820457,1,1,1,1,1,1.0
820460,1,1,1,1,1,1.0
820466,1,1,1,1,1,1.0
820506,1,1,1,1,1,1.0
820551,2,1,2,2,2,1.0
820601,3,1,2.96875,2,3,1.0
820629,1,1,1,1,1,1.0
820656,1,1,1,1,1,1.0
820670,1,1,1,1,1,1.0
820687,1,1,1,1,1,1.0
820695,3,1,2.96875,2,3,1.0
820742,2,2,1.96875,1,2,0.96875
820875,1,1,1,1,1,1.0
820881,6,2,5.65625,4,6,1.0
821030,1,1,1,1,1,1.0
821047,1,1,1,1,1,1.0
821172,1,1,1,1,1,1.0
821186,1,1,1,1,1,1.0
821189,2,2,2,2,2,1.0
821306,2,1,2,2,2,1.0
821617,1,1,1,1,1,1.0
821804,1,1,1,1,1,1.0
821933,1,1,1,1,1,1.0
822044,2,2,1.96875,1,2,0.96875
822144,1,1,1,1,1,1.0
822331,2,2,2,2,2,1.0
822417,2,2,1.96875,1,2,0.96875
822517,1,1,1,1,1,1.0
822614,2,1,1.96875,1,2,1.0
822749,2,2,2,2,2,1.0
822752,1,1,1,1,1,1.0
822975,1,1,1,1,1,1.0
823180,3,3,2.9375,2,3,0.9375
823785,1,1,1,1,1,1.0
823814,1,1,1,1,1,1.0
823893,1,1,1,1,1,1.0
823921,3,1,2.875,2,3,1.0
824431,1,1,1,1,1,1.0
824917,1,1,1,1,1,1.0
825452,2,1,1.96875,1,2,1.0
825732,2,1,2,2,2,1.0
825940,1,1,1,1,1,1.0
826013,1,1,1,1,1,1.0
826513,1,1,1,1,1,1.0
826585,1,1,1,1,1,1.0
82663,1,1,1,1,1,1.0
827176,1,1,1,1,1,1.0
827800,1,1,1,1,1,1.0
827870,1,1,1,1,1,1.0
828321,2,2,2,2,2,1.0
828481,2,1,2,2,2,1.0
82880,7,5,6.625,6,7,1.0
828957,1,1,1,1,1,1.0
829293,1,1,1,1,1,1.0
829716,3,3,2.875,2,3,0.875
829784,1,1,1,1,1,1.0
82990,1,1,1,1,1,1.0
829919,1,1,1,1,1,1.0
829999,1,1,1,1,1,1.0
830631,1,1,1,1,1,1.0
831051,1,1,1,1,1,1.0
832162,1,1,1,1,1,1.0
834063,2,1,2,2,2,1.0
836742,1,1,1,1,1,1.0
837101,2,1,1.96875,1,2,1.0
839681,1,1,1,1,1,1.0
840621,3,1,2.90625,2,3,1.0
842203,3,1,3,3,3,1.0
84268,2,2,2,2,2,1.0
842821,2,2,1.9375,1,2,0.9375
848741,3,2,2.875,2,3,1.0
852122,11,3,10,8,11,1.0
852904,3,2,2.9375,2,3,1.0
855012,2,2,1.96875,1,2,0.96875
856036,3,1,3,3,3,1.0
858472,2,1,1.96875,1,2,1.0
858510,2,2,2,2,2,1.0
863366,1,1,1,1,1,1.0
868178,1,1,1,1,1,1.0
872508,4,1,3.84375,3,4,1.0
87305,1,1,1,1,1,1.0
89347,1,1,1,1,1,1.0
90051,7,6,6.53125,5,7,0.9375
902275,2,1,1.96875,1,2,1.0
902276,9,3,8.1875,6,9,1.0
902277,2,1,2,2,2,1.0
902278,5,2,4.90625,4,5,1.0
902282,1,1,1,1,1,1.0
902284,4,3,3.84375,3,4,1.0
902294,1,1,1,1,1,1.0
902298,1,1,1,1,1,1.0
902301,2,1,2,2,2,1.0
902313,2,1,1.9375,1,2,1.0
902314,1,1,1,1,1,1.0
902316,1,1,1,1,1,1.0
902322,1,1,1,1,1,1.0
902395,1,1,1,1,1,1.0
902422,2,2,2,2,2,1.0
902423,5,3,4.78125,4,5,1.0
902427,9,4,8.34375,7,9,1.0
902430,2,1,1.96875,1,2,1.0
902431,3,2,2.9375,2,3,1.0
902432,1,1,1,1,1,1.0
902433,1,1,1,1,1,1.0
902434,2,1,1.96875,1,2,1.0
902437,2,2,1.96875,1,2,0.96875
902438,3,2,2.90625,2,3,1.0
902439,5,3,4.84375,4,5,1.0
902442,1,1,1,1,1,1.0
902445,1,1,1,1,1,1.0
902446,1,1,1,1,1,1.0
902459,5,3,4.78125,4,5,1.0
902476,2,2,2,2,2,1.0
902480,8,4,7.3125,6,8,1.0
902483,2,2,1.96875,1,2,0.96875
902491,2,1,2,2,2,1.0
902500,4,2,3.875,3,4,1.0
902501,1,1,1,1,1,1.0
902504,6,3,5.71875,5,6,1.0
902512,3,2,2.96875,2,3,1.0
902513,3,2,2.875,2,3,1.0
902515,1,1,1,1,1,1.0
902518,3,1,2.9375,2,3,1.0
902519,3,2,2.84375,1,3,0.96875
902520,6,3,5.65625,5,6,1.0
902529,1,1,1,1,1,1.0
902532,4,2,3.9375,3,4,1.0
902549,1,1,1,1,1,1.0
902551,10,2,9.28125,6,10,1.0
902556,2,2,2,2,2,1.0
902614,7,3,6.8125,6,7,1.0
902616,2,1,2,2,2,1.0
902617,1,1,1,1,1,1.0
902619,5,2,4.75,3,5,1.0
902663,1,1,1,1,1,1.0
902667,9,5,8.28125,7,9,1.0
902668,4,2,3.875,3,4,1.0
902676,1,1,1,1,1,1.0
902679,4,3,3.90625,2,4,0.96875
902706,1,1,1,1,1,1.0
902708,2,1,2,2,2,1.0
902712,3,2,2.9375,2,3,1.0
902722,1,1,1,1,1,1.0
902758,2,2,2,2,2,1.0
902779,2,2,2,2,2,1.0
902784,1,1,1,1,1,1.0
902790,1,1,1,1,1,1.0
902792,2,1,1.96875,1,2,1.0
902796,3,2,3,3,3,1.0
902805,1,1,1,1,1,1.0
902806,4,2,3.90625,3,4,1.0
902825,5,1,4.8125,4,5,1.0
902859,4,2,3.875,3,4,1.0
902860,6,3,5.5625,4,6,1.0
902875,1,1,1,1,1,1.0
902880,5,3,5,5,5,1.0
902894,4,2,3.9375,3,4,1.0
902943,3,1,2.9375,2,3,1.0
902944,2,1,2,2,2,1.0
902963,7,4,6.5625,6,7,1.0
902983,1,1,1,1,1,1.0
903022,8,3,7.5625,5,8,1.0
903023,2,1,2,2,2,1.0
903026,3,1,3,3,3,1.0
903054,5,3,4.78125,4,5,1.0
903073,1,1,1,1,1,1.0
903075,5,2,4.78125,4,5,1.0
903079,4,2,3.90625,3,4,1.0
903091,4,4,3.875,3,4,0.875
903093,5,3,4.78125,3,5,1.0
903106,7,3,6.4375,5,7,1.0
903109,4,1,3.8125,2,4,1.0
903115,2,2,1.9375,1,2,0.9375
903116,1,1,1,1,1,1.0
903125,5,3,4.78125,4,5,1.0
903136,3,2,2.96875,2,3,1.0
903140,2,2,1.96875,1,2,0.96875
903141,2,1,2,2,2,1.0
903162,2,1,1.96875,1,2,1.0
903163,1,1,1,1,1,1.0
903182,6,1,5.78125,4,6,1.0
903189,4,2,3.875,3,4,1.0
903207,3,2,2.9375,2,3,1.0
903209,1,1,1,1,1,1.0
903211,1,1,1,1,1,1.0
903216,5,3,4.8125,3,5,1.0
903217,2,2,1.96875,1,2,0.96875
903222,1,1,1,1,1,1.0
903232,1,1,1,1,1,1.0
903238,2,2,1.96875,1,2,0.96875
903250,2,1,1.9375,1,2,1.0
903264,2,2,2,2,2,1.0
903280,1,1,1,1,1,1.0
903284,7,3,6.625,5,7,1.0
903285,4,2,3.8125,3,4,1.0
903300,5,4,4.84375,4,5,1.0
903308,4,2,3.90625,3,4,1.0
903317,2,1,1.96875,1,2,1.0
903366,14,6,12.21875,10,14,1.0
903389,3,1,2.9375,2,3,1.0
903397,1,1,1,1,1,1.0
903400,3,3,2.90625,2,3,0.90625
903413,1,1,1,1,1,1.0
903429,12,6,10.84375,10,12,1.0
903442,3,2,2.9375,2,3,1.0
903445,1,1,1,1,1,1.0
903446,1,1,1,1,1,1.0
903455,1,1,1,1,1,1.0
903456,1,1,1,1,1,1.0
903457,2,2,1.96875,1,2,0.96875
903459,7,3,6.59375,5,7,1.0
903461,2,2,1.96875,1,2,0.96875
903463,6,3,5.78125,4,6,1.0
903466,1,1,1,1,1,1.0
903470,1,1,1,1,1,1.0
903497,3,2,3,3,3,1.0
903513,1,1,1,1,1,1.0
903516,3,2,2.96875,2,3,1.0
903519,2,2,2,2,2,1.0
903520,7,3,6.53125,5,7,1.0
903521,6,2,5.78125,5,6,1.0
903523,8,3,7.65625,7,8,1.0
903533,2,1,1.96875,1,2,1.0
903536,3,2,2.9375,2,3,1.0
903545,9,6,8.1875,7,9,1.0
903549,5,3,4.8125,4,5,1.0
903551,5,3,4.84375,4,5,1.0
903558,1,1,1,1,1,1.0
903561,1,1,1,1,1,1.0
903564,1,1,1,1,1,1.0
903567,1,1,1,1,1,1.0
903569,2,1,1.9375,1,2,1.0
903570,4,2,3.875,3,4,1.0
903572,6,3,5.75,4,6,1.0
903573,6,4,5.71875,4,6,1.0
903574,8,3,7.4375,6,8,1.0
903590,2,2,2,2,2,1.0
903602,6,2,5.71875,5,6,1.0
903604,1,1,1,1,1,1.0
903613,3,1,2.9375,2,3,1.0
903631,4,3,3.90625,3,4,1.0
903633,3,2,2.875,2,3,1.0
903652,2,1,1.9375,1,2,1.0
903653,5,3,4.8125,3,5,1.0
903665,7,3,6.53125,5,7,1.0
903693,1,1,1,1,1,1.0
903699,1,1,1,1,1,1.0
903700,6,1,5.65625,4,6,1.0
903701,1,1,1,1,1,1.0
903712,3,2,3,3,3,1.0
903739,3,1,2.96875,2,3,1.0
903758,2,2,2,2,2,1.0
903760,9,5,8.375,7,9,1.0
903784,3,1,2.90625,2,3,1.0
903801,1,1,1,1,1,1.0
903819,20,12,16.8125,14,19,1.0
903831,1,1,1,1,1,1.0
903833,6,2,5.8125,5,6,1.0
903834,4,2,3.8125,3,4,1.0
903836,2,1,2,2,2,1.0
903840,6,3,5.6875,4,6,1.0
903845,2,1,2,2,2,1.0
903849,1,1,1,1,1,1.0
903850,1,1,1,1,1,1.0
903855,7,5,6.65625,5,7,1.0
903893,2,1,1.96875,1,2,1.0
903894,2,1,2,2,2,1.0
903906,4,3,3.9375,3,4,1.0
903919,1,1,1,1,1,1.0
903923,1,1,1,1,1,1.0
903932,2,1,1.96875,1,2,1.0
903937,2,1,2,2,2,1.0
903945,1,1,1,1,1,1.0
903980,3,2,3,3,3,1.0
903990,3,2,2.90625,2,3,1.0
903997,2,1,1.96875,1,2,1.0
903999,2,1,1.9375,1,2,1.0
904006,2,1,2,2,2,1.0
904022,2,2,1.96875,1,2,0.96875
904032,2,2,1.9375,1,2,0.9375
904033,2,2,1.96875,1,2,0.96875
904034,4,1,3.875,3,4,1.0
904036,3,1,2.96875,2,3,1.0
904037,2,1,1.96875,1,2,1.0
904042,1,1,1,1,1,1.0
904044,2,1,2,2,2,1.0
904046,2,1,1.9375,1,2,1.0
904064,3,1,2.84375,2,3,1.0
904066,1,1,1,1,1,1.0
904075,2,2,2,2,2,1.0
904085,4,2,3.9375,3,4,1.0
904099,4,1,3.90625,3,4,1.0
904107,2,2,2,2,2,1.0
904118,6,5,5.71875,5,6,1.0
904119,1,1,1,1,1,1.0
904122,2,1,2,2,2,1.0
904124,1,1,1,1,1,1.0
904126,3,2,2.96875,2,3,1.0
904144,3,1,2.90625,2,3,1.0
904145,2,1,2,2,2,1.0
904164,1,1,1,1,1,1.0
904167,2,2,1.96875,1,2,0.96875
904173,1,1,1,1,1,1.0
904174,1,1,1,1,1,1.0
904181,5,3,4.75,4,5,1.0
904185,1,1,1,1,1,1.0
904186,2,1,1.96875,1,2,1.0
904194,2,1,2,2,2,1.0
904207,2,1,2,2,2,1.0
904208,1,1,1,1,1,1.0
904212,1,1,1,1,1,1.0
904234,6,5,5.78125,4,6,0.96875
904236,2,1,1.96875,1,2,1.0
904245,6,3,5.6875,4,6,1.0
904246,4,3,3.875,2,4,0.96875
904247,5,2,4.71875,4,5,1.0
904262,3,2,2.96875,2,3,1.0
904263,1,1,1,1,1,1.0
904271,2,2,2,2,2,1.0
904272,1,1,1,1,1,1.0
904286,4,2,3.8125,3,4,1.0
904310,1,1,1,1,1,1.0
904322,5,2,4.875,4,5,1.0
904323,3,2,2.9375,2,3,1.0
904363,3,2,3,3,3,1.0
904366,3,1,2.96875,2,3,1.0
904387,1,1,1,1,1,1.0
904395,2,1,2,2,2,1.0
904404,1,1,1,1,1,1.0
904422,3,1,2.96875,2,3,1.0
904426,2,2,1.96875,1,2,0.96875
904433,2,1,2,2,2,1.0
904434,1,1,1,1,1,1.0
904525,5,2,4.65625,3,5,1.0
904565,3,2,2.9375,2,3,1.0
904587,7,4,6.53125,6,7,1.0
904589,6,3,5.65625,4,6,1.0
904594,4,2,3.8125,2,4,1.0
904628,6,4,5.71875,4,6,1.0
904640,1,1,1,1,1,1.0
904655,3,2,2.90625,2,3,1.0
904656,1,1,1,1,1,1.0
904673,3,2,2.96875,2,3,1.0
904675,5,2,4.875,4,5,1.0
904676,5,2,4.8125,4,5,1.0
904685,3,2,2.9375,2,3,1.0
904690,2,1,2,2,2,1.0
904699,1,1,1,1,1,1.0
904707,8,5,7.53125,5,8,1.0
904708,1,1,1,1,1,1.0
904720,4,2,3.84375,3,4,1.0
904736,3,2,2.96875,2,3,1.0
904743,7,4,6.6875,5,7,1.0
904744,3,1,2.9375,2,3,1.0
904746,1,1,1,1,1,1.0
904748,3,2,2.9375,2,3,1.0
904756,2,2,2,2,2,1.0
904758,2,1,2,2,2,1.0
904764,5,3,4.8125,4,5,1.0
904765,2,1,2,2,2,1.0
904779,5,2,4.78125,4,5,1.0
904783,1,1,1,1,1,1.0
904785,1,1,1,1,1,1.0
904790,1,1,1,1,1,1.0
904800,2,2,1.9375,1,2,0.9375
904806,2,1,2,2,2,1.0
904813,6,5,5.6875,5,6,1.0
904816,1,1,1,1,1,1.0
904818,1,1,1,1,1,1.0
904826,5,3,4.71875,4,5,1.0
904827,2,1,1.9375,1,2,1.0
904831,6,3,5.75,4,6,1.0
904838,4,1,3.8125,3,4,1.0
904839,2,1,1.96875,1,2,1.0
904844,9,4,8.15625,6,9,1.0
904854,2,2,2,2,2,1.0
904865,4,3,3.9375,3,4,1.0
904892,1,1,1,1,1,1.0
904900,9,4,8.5,7,9,1.0
904914,2,2,2,2,2,1.0
904915,2,2,1.96875,1,2,0.96875
904917,1,1,1,1,1,1.0
904926,1,1,1,1,1,1.0
904928,6,3,5.65625,4,6,1.0
904933,4,2,3.90625,3,4,1.0
904941,1,1,1,1,1,1.0
904957,4,2,3.75,3,4,1.0
904975,6,2,5.75,4,6,1.0
904979,4,3,3.8125,3,4,1.0
904989,6,4,5.78125,5,6,1.0
905000,2,1,1.90625,1,2,1.0
905003,1,1,1,1,1,1.0
905009,2,1,1.96875,1,2,1.0
905010,7,2,6.53125,4,7,1.0
905011,1,1,1,1,1,1.0
905015,2,1,2,2,2,1.0
905023,4,2,3.90625,3,4,1.0
905025,3,3,2.96875,2,3,0.96875
905038,1,1,1,1,1,1.0
905046,4,2,3.90625,3,4,1.0
905047,4,2,3.875,3,4,1.0
905049,1,1,1,1,1,1.0
905050,2,1,1.9375,1,2,1.0
905058,2,1,1.96875,1,2,1.0
905062,4,2,3.90625,3,4,1.0
905063,2,2,1.9375,1,2,0.9375
905069,1,1,1,1,1,1.0
905075,2,1,2,2,2,1.0
905078,5,2,4.75,3,5,1.0
905079,2,2,1.96875,1,2,0.96875
905080,5,3,4.90625,4,5,1.0
905083,2,1,2,2,2,1.0
905088,2,2,1.96875,1,2,0.96875
905090,2,2,1.9375,1,2,0.9375
905118,1,1,1,1,1,1.0
905119,5,3,4.9375,4,5,1.0
905123,5,2,4.75,4,5,1.0
905139,6,4,5.8125,5,6,1.0
905156,4,2,3.90625,3,4,1.0
905159,2,1,2,2,2,1.0
905164,2,1,2,2,2,1.0
905167,6,3,5.75,4,6,1.0
905168,5,1,4.84375,4,5,1.0
905170,1,1,1,1,1,1.0
905191,1,1,1,1,1,1.0
905204,6,2,5.78125,4,6,1.0
905206,4,2,3.8125,3,4,1.0
905207,1,1,1,1,1,1.0
905213,2,1,1.96875,1,2,1.0
905217,6,4,5.8125,5,6,1.0
905222,2,2,2,2,2,1.0
905223,4,2,3.84375,3,4,1.0
905231,1,1,1,1,1,1.0
905232,5,3,4.96875,4,5,1.0
905233,2,1,2,2,2,1.0
905237,2,1,2,2,2,1.0
905250,4,2,3.90625,3,4,1.0
905266,3,3,2.9375,2,3,0.9375
905282,4,1,3.875,3,4,1.0
905299,7,3,6.8125,6,7,1.0
905300,1,1,1,1,1,1.0
905302,5,3,4.875,4,5,1.0
905303,4,2,3.8125,3,4,1.0
905310,3,2,2.9375,2,3,1.0
905382,1,1,1,1,1,1.0
905385,2,1,1.9375,1,2,1.0
905387,2,1,1.96875,1,2,1.0
905408,1,1,1,1,1,1.0
905415,11,6,10.0625,8,11,1.0
905425,2,2,1.96875,1,2,0.96875
905433,3,1,2.96875,2,3,1.0
905447,2,2,2,2,2,1.0
905463,2,1,2,2,2,1.0
905496,10,3,9.21875,8,10,1.0
905500,6,3,5.53125,4,6,1.0
905501,2,2,2,2,2,1.0
905506,2,2,1.96875,1,2,0.96875
905514,5,2,4.8125,4,5,1.0
905517,1,1,1,1,1,1.0
905528,2,2,2,2,2,1.0
905532,1,1,1,1,1,1.0
905550,6,3,5.65625,4,6,1.0
905551,1,1,1,1,1,1.0
905557,5,3,4.71875,4,5,1.0
905560,2,1,2,2,2,1.0
905572,3,2,3,3,3,1.0
905597,4,2,3.90625,3,4,1.0
905610,6,3,5.625,4,6,1.0
905616,2,2,2,2,2,1.0
905618,3,2,2.96875,2,3,1.0
905621,2,1,2,2,2,1.0
905631,4,3,3.84375,2,4,0.96875
905658,4,2,3.875,3,4,1.0
905663,1,1,1,1,1,1.0
905700,2,2,2,2,2,1.0
905708,1,1,1,1,1,1.0
905711,3,2,2.96875,2,3,1.0
905714,5,2,4.90625,4,5,1.0
905728,1,1,1,1,1,1.0
905729,5,2,4.625,3,5,1.0
905731,3,2,2.96875,2,3,1.0
905773,1,1,1,1,1,1.0
905774,1,1,1,1,1,1.0
905776,1,1,1,1,1,1.0
905810,3,2,2.90625,2,3,1.0
905812,4,2,3.8125,3,4,1.0
905820,2,1,2,2,2,1.0
905842,1,1,1,1,1,1.0
905853,2,1,1.96875,1,2,1.0
905861,3,2,2.875,2,3,1.0
905866,3,1,2.9375,2,3,1.0
905868,2,2,1.96875,1,2,0.96875
905887,5,3,4.9375,4,5,1.0
905896,2,2,1.96875,1,2,0.96875
905899,1,1,1,1,1,1.0
905902,1,1,1,1,1,1.0
905910,7,3,6.71875,6,7,1.0
905929,2,1,2,2,2,1.0
905938,6,2,5.8125,5,6,1.0
905943,4,2,3.96875,3,4,1.0
905968,4,2,3.875,3,4,1.0
905969,3,2,3,3,3,1.0
905972,4,2,4,4,4,1.0
905977,7,4,6.5625,5,7,1.0
905987,1,1,1,1,1,1.0
905990,2,2,1.96875,1,2,0.96875
905995,3,2,2.9375,2,3,1.0
906001,1,1,1,1,1,1.0
906015,3,3,2.96875,2,3,0.96875
906082,1,1,1,1,1,1.0
906088,2,1,1.96875,1,2,1.0
906093,1,1,1,1,1,1.0
906103,1,1,1,1,1,1.0
906108,3,1,2.96875,2,3,1.0
906179,1,1,1,1,1,1.0
906184,4,2,3.875,3,4,1.0
906187,2,1,2,2,2,1.0
906255,2,1,2,2,2,1.0
906275,5,2,4.78125,4,5,1.0
906284,3,2,2.96875,2,3,1.0
906293,1,1,1,1,1,1.0
906300,4,3,3.9375,3,4,1.0
906329,4,1,3.90625,3,4,1.0
906353,3,2,2.96875,2,3,1.0
906354,3,2,3,3,3,1.0
906373,1,1,1,1,1,1.0
906376,4,2,3.96875,3,4,1.0
906377,3,2,3,3,3,1.0
906379,1,1,1,1,1,1.0
906384,2,2,2,2,2,1.0
906393,1,1,1,1,1,1.0
906407,2,1,1.96875,1,2,1.0
906414,3,2,2.9375,2,3,1.0
906418,1,1,1,1,1,1.0
906432,1,1,1,1,1,1.0
906451,3,1,2.96875,2,3,1.0
906475,2,1,1.96875,1,2,1.0
906476,1,1,1,1,1,1.0
906498,3,1,2.9375,2,3,1.0
906499,2,1,2,2,2,1.0
906502,3,1,2.96875,2,3,1.0
906521,3,2,2.875,2,3,1.0
906550,1,1,1,1,1,1.0
906562,1,1,1,1,1,1.0
906624,7,3,6.59375,5,7,1.0
906632,3,2,3,3,3,1.0
906649,2,1,2,2,2,1.0
906684,1,1,1,1,1,1.0
906687,1,1,1,1,1,1.0
906700,2,2,1.96875,1,2,0.96875
906718,2,2,2,2,2,1.0
906719,1,1,1,1,1,1.0
906721,1,1,1,1,1,1.0
906750,5,4,4.71875,4,5,1.0
906999,3,3,2.96875,2,3,0.96875
907017,2,1,2,2,2,1.0
907028,2,1,1.96875,1,2,1.0
907037,1,1,1,1,1,1.0
907045,4,2,3.875,3,4,1.0
907197,6,5,5.65625,4,6,0.96875
907243,1,1,1,1,1,1.0
907257,3,2,3,3,3,1.0
907259,3,2,2.9375,2,3,1.0
907315,4,1,3.875,3,4,1.0
907363,3,2,2.9375,2,3,1.0
907364,1,1,1,1,1,1.0
907373,3,2,2.9375,2,3,1.0
907380,6,2,5.71875,3,6,1.0
907391,1,1,1,1,1,1.0
907392,2,1,1.9375,1,2,1.0
907394,4,2,3.8125,2,4,1.0
907419,1,1,1,1,1,1.0
907427,1,1,1,1,1,1.0
907436,2,1,2,2,2,1.0
907474,1,1,1,1,1,1.0
907479,4,2,3.9375,3,4,1.0
907485,3,2,3,3,3,1.0
907487,8,3,7.5625,6,8,1.0
907520,2,1,2,2,2,1.0
907557,2,1,2,2,2,1.0
907582,3,2,2.90625,2,3,1.0
907583,1,1,1,1,1,1.0
907594,4,3,3.8125,3,4,1.0
907600,1,1,1,1,1,1.0
907602,2,2,1.96875,1,2,0.96875
907640,1,1,1,1,1,1.0
907643,2,1,1.96875,1,2,1.0
907662,1,1,1,1,1,1.0
907674,1,1,1,1,1,1.0
907760,1,1,1,1,1,1.0
907762,2,1,1.96875,1,2,1.0
907782,4,3,3.84375,3,4,1.0
907791,3,2,2.9375,2,3,1.0
907810,1,1,1,1,1,1.0
907812,1,1,1,1,1,1.0
907847,2,1,2,2,2,1.0
907849,2,1,2,2,2,1.0
907850,3,2,2.9375,1,3,0.96875
907935,5,3,4.9375,4,5,1.0
907950,1,1,1,1,1,1.0
907967,3,2,2.90625,2,3,1.0
907973,3,2,2.96875,2,3,1.0
907975,1,1,1,1,1,1.0
908011,3,2,2.875,2,3,1.0
908018,5,3,4.8125,4,5,1.0
908021,1,1,1,1,1,1.0
908023,6,3,5.65625,5,6,1.0
908029,2,2,1.96875,1,2,0.96875
908037,2,2,2,2,2,1.0
908038,3,2,3,3,3,1.0
908049,1,1,1,1,1,1.0
908062,3,1,3,3,3,1.0
908071,1,1,1,1,1,1.0
908080,3,2,2.9375,2,3,1.0
908087,3,2,2.96875,2,3,1.0
908089,1,1,1,1,1,1.0
908095,3,1,2.9375,2,3,1.0
908144,3,3,3,3,3,1.0
908148,1,1,1,1,1,1.0
908157,4,2,3.9375,3,4,1.0
908168,1,1,1,1,1,1.0
908176,1,1,1,1,1,1.0
908177,5,2,4.84375,4,5,1.0
908230,2,1,2,2,2,1.0
908253,3,1,2.875,2,3,1.0
908258,1,1,1,1,1,1.0
908269,5,4,4.6875,4,5,1.0
908277,1,1,1,1,1,1.0
908279,3,2,2.96875,2,3,1.0
908291,1,1,1,1,1,1.0
908306,1,1,1,1,1,1.0
908315,4,2,3.875,3,4,1.0
908316,1,1,1,1,1,1.0
908318,3,2,2.9375,2,3,1.0
908323,3,2,2.90625,2,3,1.0
908338,1,1,1,1,1,1.0
908343,6,4,5.59375,5,6,1.0
908352,3,1,2.9375,2,3,1.0
908370,3,3,3,3,3,1.0
908380,5,2,4.78125,3,5,1.0
908389,4,3,3.90625,3,4,1.0
908435,2,1,2,2,2,1.0
908440,3,1,3,3,3,1.0
908466,7,6,6.65625,5,7,0.9375
908470,3,2,2.9375,2,3,1.0
908472,2,1,2,2,2,1.0
908485,3,2,2.90625,2,3,1.0
908487,1,1,1,1,1,1.0
908557,2,1,1.9375,1,2,1.0
908559,2,2,1.96875,1,2,0.96875
908560,2,1,2,2,2,1.0
908569,1,1,1,1,1,1.0
908571,2,1,1.96875,1,2,1.0
908594,4,3,3.8125,3,4,1.0
908597,5,3,4.90625,4,5,1.0
908603,1,1,1,1,1,1.0
908604,5,2,4.84375,4,5,1.0
908615,2,1,2,2,2,1.0
908617,1,1,1,1,1,1.0
908620,3,2,2.96875,2,3,1.0
908649,4,2,3.75,2,4,1.0
908657,2,1,1.96875,1,2,1.0
908679,2,1,1.9375,1,2,1.0
908686,1,1,1,1,1,1.0
908689,4,2,3.90625,3,4,1.0
908691,3,1,2.9375,2,3,1.0
908704,1,1,1,1,1,1.0
908715,2,1,1.96875,1,2,1.0
908717,3,3,2.90625,2,3,0.90625
908738,1,1,1,1,1,1.0
908739,1,1,1,1,1,1.0
908754,2,1,1.96875,1,2,1.0
908773,1,1,1,1,1,1.0
908786,5,2,4.65625,3,5,1.0
908819,2,1,1.96875,1,2,1.0
908856,3,2,3,3,3,1.0
908867,1,1,1,1,1,1.0
908872,2,2,1.9375,1,2,0.9375
908895,2,1,1.96875,1,2,1.0
908977,1,1,1,1,1,1.0
908979,3,2,2.9375,2,3,1.0
908987,1,1,1,1,1,1.0
909002,3,2,2.84375,2,3,1.0
909007,1,1,1,1,1,1.0
909023,2,1,2,2,2,1.0
909034,3,2,2.96875,2,3,1.0
909042,2,2,2,2,2,1.0
909052,2,2,2,2,2,1.0
909054,1,1,1,1,1,1.0
909055,2,1,2,2,2,1.0
909056,3,2,3,3,3,1.0
909058,2,1,1.90625,1,2,1.0
909121,2,1,1.96875,1,2,1.0
909125,3,2,2.96875,2,3,1.0
909136,2,1,1.9375,1,2,1.0
909137,1,1,1,1,1,1.0
909147,3,1,3,3,3,1.0
909169,1,1,1,1,1,1.0
909180,4,2,3.875,3,4,1.0
909181,2,1,1.96875,1,2,1.0
909186,3,3,3,3,3,1.0
909197,1,1,1,1,1,1.0
909214,4,2,3.84375,3,4,1.0
909225,1,1,1,1,1,1.0
909230,1,1,1,1,1,1.0
909231,2,1,2,2,2,1.0
909253,3,2,2.9375,2,3,1.0
909310,1,1,1,1,1,1.0
909324,3,2,2.96875,2,3,1.0
909343,2,1,2,2,2,1.0
909352,1,1,1,1,1,1.0
909373,1,1,1,1,1,1.0
909377,1,1,1,1,1,1.0
909379,1,1,1,1,1,1.0
909393,2,1,2,2,2,1.0
909402,2,1,1.96875,1,2,1.0
909409,5,2,4.6875,4,5,1.0
909441,2,2,2,2,2,1.0
909475,2,1,1.96875,1,2,1.0
909477,1,1,1,1,1,1.0
909522,4,2,3.96875,3,4,1.0
909537,1,1,1,1,1,1.0
909548,4,1,3.78125,3,4,1.0
909549,2,1,2,2,2,1.0
909556,1,1,1,1,1,1.0
909608,2,1,1.9375,1,2,1.0
909616,3,1,2.90625,2,3,1.0
909662,7,3,6.59375,6,7,1.0
909674,1,1,1,1,1,1.0
909716,4,2,3.96875,3,4,1.0
909769,2,1,2,2,2,1.0
909820,1,1,1,1,1,1.0
909833,1,1,1,1,1,1.0
909839,2,2,2,2,2,1.0
909853,3,2,2.9375,2,3,1.0
909867,1,1,1,1,1,1.0
909901,5,3,4.6875,4,5,1.0
910018,6,2,5.6875,5,6,1.0
910022,6,2,5.75,5,6,1.0
910054,1,1,1,1,1,1.0
910077,1,1,1,1,1,1.0
910098,2,1,2,2,2,1.0
910104,1,1,1,1,1,1.0
910116,2,2,2,2,2,1.0
910148,6,3,5.78125,5,6,1.0
910161,1,1,1,1,1,1.0
910170,1,1,1,1,1,1.0
910183,3,2,2.9375,2,3,1.0
910196,2,1,2,2,2,1.0
910238,2,2,1.96875,1,2,0.96875
910241,1,1,1,1,1,1.0
910242,3,1,2.90625,2,3,1.0
910291,1,1,1,1,1,1.0
910302,2,1,2,2,2,1.0
910313,1,1,1,1,1,1.0
910314,1,1,1,1,1,1.0
910328,4,2,3.84375,3,4,1.0
910376,1,1,1,1,1,1.0
910478,2,1,2,2,2,1.0
910508,2,1,1.96875,1,2,1.0
910535,2,2,2,2,2,1.0
910550,3,1,2.96875,2,3,1.0
910555,1,1,1,1,1,1.0
910604,1,1,1,1,1,1.0
910609,3,2,2.90625,2,3,1.0
910612,2,2,1.96875,1,2,0.96875
910617,3,2,2.9375,2,3,1.0
910682,2,1,2,2,2,1.0
910694,1,1,1,1,1,1.0
910719,1,1,1,1,1,1.0
910729,2,1,2,2,2,1.0
910776,1,1,1,1,1,1.0
910811,3,1,2.90625,2,3,1.0
910891,2,1,2,2,2,1.0
910957,1,1,1,1,1,1.0
910991,1,1,1,1,1,1.0
911054,2,1,2,2,2,1.0
911091,1,1,1,1,1,1.0
911108,3,2,3,3,3,1.0
911166,2,1,2,2,2,1.0
911172,1,1,1,1,1,1.0
911195,1,1,1,1,1,1.0
911200,2,2,1.96875,1,2,0.96875
911202,3,2,2.9375,2,3,1.0
911257,2,1,1.96875,1,2,1.0
911265,2,1,2,2,2,1.0
911307,1,1,1,1,1,1.0
911395,2,1,2,2,2,1.0
911431,1,1,1,1,1,1.0
911442,2,1,1.96875,1,2,1.0
911539,1,1,1,1,1,1.0
911567,2,2,2,2,2,1.0
911592,3,1,2.96875,2,3,1.0
911599,2,1,2,2,2,1.0
911607,5,2,4.75,4,5,1.0
911615,1,1,1,1,1,1.0
911627,2,1,1.9375,1,2,1.0
911639,6,1,5.65625,5,6,1.0
911683,1,1,1,1,1,1.0
911703,1,1,1,1,1,1.0
911812,2,2,1.96875,1,2,0.96875
911832,2,2,2,2,2,1.0
911845,4,2,3.96875,3,4,1.0
911878,2,2,1.9375,1,2,0.9375
911922,2,1,1.96875,1,2,1.0
911942,1,1,1,1,1,1.0
911967,4,3,3.875,3,4,1.0
911987,2,1,1.96875,1,2,1.0
912045,4,2,3.84375,3,4,1.0
912055,3,2,2.96875,2,3,1.0
912063,3,3,2.90625,2,3,0.90625
912067,4,4,3.875,3,4,0.875
912073,1,1,1,1,1,1.0
912079,3,2,2.9375,2,3,1.0
912085,5,1,4.78125,3,5,1.0
912088,1,1,1,1,1,1.0
912105,1,1,1,1,1,1.0
912106,2,1,2,2,2,1.0
912122,2,2,1.96875,1,2,0.96875
912133,2,1,2,2,2,1.0
912161,1,1,1,1,1,1.0
912191,1,1,1,1,1,1.0
912230,3,1,2.90625,2,3,1.0
912268,1,1,1,1,1,1.0
912300,2,2,2,2,2,1.0
912320,1,1,1,1,1,1.0
912354,3,1,2.90625,2,3,1.0
912500,2,2,2,2,2,1.0
912503,3,3,3,3,3,1.0
912504,1,1,1,1,1,1.0
912554,4,2,3.90625,3,4,1.0
912620,2,2,2,2,2,1.0
912649,2,2,2,2,2,1.0
912708,3,2,2.96875,2,3,1.0
912774,3,2,2.96875,2,3,1.0
912824,1,1,1,1,1,1.0
912826,1,1,1,1,1,1.0
912864,1,1,1,1,1,1.0
912966,2,1,1.96875,1,2,1.0
912982,1,1,1,1,1,1.0
913018,1,1,1,1,1,1.0
913071,4,1,3.78125,3,4,1.0
913120,1,1,1,1,1,1.0
913253,3,2,2.9375,2,3,1.0
913292,1,1,1,1,1,1.0
913312,3,1,2.90625,2,3,1.0
913338,2,2,1.96875,1,2,0.96875
913390,1,1,1,1,1,1.0
913461,5,3,4.875,4,5,1.0
913724,3,2,3,3,3,1.0
913736,2,1,1.96875,1,2,1.0
913882,1,1,1,1,1,1.0
914059,3,1,3,3,3,1.0
914279,3,2,2.9375,2,3,1.0
914309,1,1,1,1,1,1.0
915065,4,2,3.875,3,4,1.0
919485,3,2,2.9375,2,3,1.0
919576,3,3,2.9375,2,3,0.9375
923170,1,1,1,1,1,1.0
923228,6,3,5.71875,5,6,1.0
924572,3,1,2.9375,2,3,1.0
924883,2,2,2,2,2,1.0
924901,1,1,1,1,1,1.0
925137,3,2,2.9375,2,3,1.0
925306,5,3,4.90625,4,5,1.0
925685,2,1,1.96875,1,2,1.0
926154,4,2,3.8125,3,4,1.0
926518,4,2,3.875,3,4,1.0
926519,4,2,3.78125,3,4,1.0
926810,1,1,1,1,1,1.0
926839,5,3,4.84375,4,5,1.0
928024,3,2,2.9375,2,3,1.0
928257,3,2,2.96875,2,3,1.0
928267,2,2,1.96875,1,2,0.96875
928274,2,2,2,2,2,1.0
92829,1,1,1,1,1,1.0
928294,2,2,2,2,2,1.0
928813,7,2,6.59375,5,7,1.0
928947,1,1,1,1,1,1.0
929092,2,1,2,2,2,1.0
929100,4,2,3.90625,3,4,1.0
929268,9,1,8.5625,7,9,1.0
929469,3,2,3,3,3,1.0
929612,5,3,4.8125,4,5,1.0
930010,4,3,3.90625,3,4,1.0
930012,5,3,4.875,4,5,1.0
931203,4,2,3.9375,3,4,1.0
931656,2,2,1.96875,1,2,0.96875
93227,8,5,7.46875,6,8,1.0
932493,2,2,2,2,2,1.0
932581,1,1,1,1,1,1.0
932613,1,1,1,1,1,1.0
932756,2,1,1.9375,1,2,1.0
933090,2,1,2,2,2,1.0
933138,1,1,1,1,1,1.0
933157,1,1,1,1,1,1.0
933241,3,3,2.875,2,3,0.875
933278,2,2,2,2,2,1.0
933307,6,5,5.59375,5,6,1.0
933309,1,1,1,1,1,1.0
933316,3,2,2.9375,2,3,1.0
933394,4,2,3.84375,3,4,1.0
933397,3,2,2.90625,2,3,1.0
933415,1,1,1,1,1,1.0
933867,1,1,1,1,1,1.0
933913,1,1,1,1,1,1.0
934092,6,2,5.78125,5,6,1.0
934157,1,1,1,1,1,1.0
934591,2,2,1.96875,1,2,0.96875
934752,3,2,2.9375,2,3,1.0
934876,5,2,4.75,4,5,1.0
934981,1,1,1,1,1,1.0
935000,1,1,1,1,1,1.0
935352,3,2,2.96875,2,3,1.0
935383,4,2,3.8125,3,4,1.0
935417,3,2,3,3,3,1.0
935460,2,1,2,2,2,1.0
935467,2,1,1.9375,1,2,1.0
935508,4,2,3.90625,3,4,1.0
935536,4,2,3.84375,3,4,1.0
935565,1,1,1,1,1,1.0
935670,2,1,2,2,2,1.0
935691,1,1,1,1,1,1.0
935793,1,1,1,1,1,1.0
935913,1,1,1,1,1,1.0
935927,1,1,1,1,1,1.0
935988,3,3,2.9375,2,3,0.9375
936031,1,1,1,1,1,1.0
936035,5,4,4.84375,4,5,1.0
936263,2,2,1.9375,1,2,0.9375
936362,1,1,1,1,1,1.0
936652,1,1,1,1,1,1.0
936702,2,1,2,2,2,1.0
936795,2,2,1.90625,1,2,0.90625
936868,2,2,2,2,2,1.0
937495,5,2,4.8125,4,5,1.0
939006,1,1,1,1,1,1.0
939795,3,2,3,3,3,1.0
93982,3,3,2.9375,2,3,0.9375
939911,1,1,1,1,1,1.0
940079,2,2,2,2,2,1.0
940088,3,1,2.90625,2,3,1.0
940352,2,1,2,2,2,1.0
940353,4,2,3.875,3,4,1.0
940360,3,2,2.96875,2,3,1.0
940393,2,2,1.96875,1,2,0.96875
940467,6,2,5.625,4,6,1.0
940591,2,2,2,2,2,1.0
940696,2,1,1.96875,1,2,1.0
940699,4,2,3.9375,3,4,1.0
940733,1,1,1,1,1,1.0
940769,5,4,4.90625,4,5,1.0
941298,5,3,4.8125,3,5,1.0
942732,1,1,1,1,1,1.0
942770,4,2,3.90625,3,4,1.0
942839,1,1,1,1,1,1.0
942846,2,1,2,2,2,1.0
944260,2,1,1.96875,1,2,1.0
944269,4,2,3.875,3,4,1.0
944396,1,1,1,1,1,1.0
944533,1,1,1,1,1,1.0
94603,1,1,1,1,1,1.0
946242,2,1,1.96875,1,2,1.0
946317,1,1,1,1,1,1.0
946329,1,1,1,1,1,1.0
946424,2,1,2,2,2,1.0
946718,2,2,2,2,2,1.0
946770,3,2,2.875,2,3,1.0
95022,1,1,1,1,1,1.0
95203,1,1,1,1,1,1.0
953893,4,3,3.90625,3,4,1.0
954432908,1,1,1,1,1,1.0
954994,5,3,4.75,3,5,1.0
955927,4,2,3.9375,3,4,1.0
956608,2,1,2,2,2,1.0
956642,3,1,2.90625,2,3,1.0
956674,2,2,1.9375,1,2,0.9375
956675,5,4,4.78125,3,5,0.96875
956907,5,3,4.78125,4,5,1.0
957368,4,2,3.9375,3,4,1.0
958075,1,1,1,1,1,1.0
95862,4,2,3.9375,3,4,1.0
96994,1,1,1,1,1,1.0
98764,6,5,5.71875,5,6,1.0
