fly,signal,target,lag_ms,r
a2_s_03,a2_l_rate,yaw,-500,-0.14723383307766652
a2_s_03,a2_l_rate,yaw,-490,-0.14744571429429676
a2_s_03,a2_l_rate,yaw,-480,-0.1476941918935239
a2_s_03,a2_l_rate,yaw,-470,-0.14801028197661634
a2_s_03,a2_l_rate,yaw,-460,-0.14840596916960963
a2_s_03,a2_l_rate,yaw,-450,-0.1488953418767554
a2_s_03,a2_l_rate,yaw,-440,-0.14943452538065718
a2_s_03,a2_l_rate,yaw,-430,-0.1499856168621308
a2_s_03,a2_l_rate,yaw,-420,-0.15053728568745198
a2_s_03,a2_l_rate,yaw,-410,-0.15106679077923504
a2_s_03,a2_l_rate,yaw,-400,-0.1515946319124179
a2_s_03,a2_l_rate,yaw,-390,-0.15212956240421072
a2_s_03,a2_l_rate,yaw,-380,-0.15268500865443577
a2_s_03,a2_l_rate,yaw,-370,-0.15323628336151002
a2_s_03,a2_l_rate,yaw,-360,-0.1537700967419862
a2_s_03,a2_l_rate,yaw,-350,-0.15429448871123572
a2_s_03,a2_l_rate,yaw,-340,-0.15481280624822955
a2_s_03,a2_l_rate,yaw,-330,-0.15533911302270806
a2_s_03,a2_l_rate,yaw,-320,-0.1558786072098819
a2_s_03,a2_l_rate,yaw,-310,-0.1564198035727068
a2_s_03,a2_l_rate,yaw,-300,-0.1569396312332194
a2_s_03,a2_l_rate,yaw,-290,-0.1574250437613373
a2_s_03,a2_l_rate,yaw,-280,-0.1578708813150965
a2_s_03,a2_l_rate,yaw,-270,-0.15826991459142012
a2_s_03,a2_l_rate,yaw,-260,-0.15862106403404128
a2_s_03,a2_l_rate,yaw,-250,-0.1589381594231701
a2_s_03,a2_l_rate,yaw,-240,-0.15927261130968515
a2_s_03,a2_l_rate,yaw,-230,-0.159646031250571
a2_s_03,a2_l_rate,yaw,-220,-0.16009667284278484
a2_s_03,a2_l_rate,yaw,-210,-0.1606901959434494
a2_s_03,a2_l_rate,yaw,-200,-0.16145872423271967
a2_s_03,a2_l_rate,yaw,-190,-0.16243753188038398
a2_s_03,a2_l_rate,yaw,-180,-0.16364227678925025
a2_s_03,a2_l_rate,yaw,-170,-0.16503826751984715
a2_s_03,a2_l_rate,yaw,-160,-0.16656232698869933
a2_s_03,a2_l_rate,yaw,-150,-0.16813685253767724
a2_s_03,a2_l_rate,yaw,-140,-0.16964789898999688
a2_s_03,a2_l_rate,yaw,-130,-0.17093007784133568
a2_s_03,a2_l_rate,yaw,-120,-0.17179738675321862
a2_s_03,a2_l_rate,yaw,-110,-0.17204451116004316
a2_s_03,a2_l_rate,yaw,-100,-0.17146523841840663
a2_s_03,a2_l_rate,yaw,-90,-0.1698838732910622
a2_s_03,a2_l_rate,yaw,-80,-0.16716167742875956
a2_s_03,a2_l_rate,yaw,-70,-0.1632612028976281
a2_s_03,a2_l_rate,yaw,-60,-0.1582650850227928
a2_s_03,a2_l_rate,yaw,-50,-0.1523731688892973
a2_s_03,a2_l_rate,yaw,-40,-0.14591382680491047
a2_s_03,a2_l_rate,yaw,-30,-0.13936815261540036
a2_s_03,a2_l_rate,yaw,-20,-0.13333243926404734
a2_s_03,a2_l_rate,yaw,-10,-0.12847866054880655
a2_s_03,a2_l_rate,yaw,0,-0.12549754122957207
a2_s_03,a2_l_rate,yaw,10,-0.1250510936499314
a2_s_03,a2_l_rate,yaw,20,-0.12753477967784516
a2_s_03,a2_l_rate,yaw,30,-0.1332029024979348
a2_s_03,a2_l_rate,yaw,40,-0.14203755801906778
a2_s_03,a2_l_rate,yaw,50,-0.15372262846462495
a2_s_03,a2_l_rate,yaw,60,-0.167711960002628
a2_s_03,a2_l_rate,yaw,70,-0.18319039192761588
a2_s_03,a2_l_rate,yaw,80,-0.19924167835683002
a2_s_03,a2_l_rate,yaw,90,-0.21487145947550554
a2_s_03,a2_l_rate,yaw,100,-0.2291290546258011
a2_s_03,a2_l_rate,yaw,110,-0.2412343167540924
a2_s_03,a2_l_rate,yaw,120,-0.250604602308197
a2_s_03,a2_l_rate,yaw,130,-0.25688384235062783
a2_s_03,a2_l_rate,yaw,140,-0.2599748972006764
a2_s_03,a2_l_rate,yaw,150,-0.2599739118825874
a2_s_03,a2_l_rate,yaw,160,-0.2572320717333306
a2_s_03,a2_l_rate,yaw,170,-0.252218138036262
a2_s_03,a2_l_rate,yaw,180,-0.24548549628902844
a2_s_03,a2_l_rate,yaw,190,-0.23761919770536033
a2_s_03,a2_l_rate,yaw,200,-0.22912897274320645
a2_s_03,a2_l_rate,yaw,210,-0.22050355748558842
a2_s_03,a2_l_rate,yaw,220,-0.21215310760515022
a2_s_03,a2_l_rate,yaw,230,-0.20437483404847698
a2_s_03,a2_l_rate,yaw,240,-0.19740039054321185
a2_s_03,a2_l_rate,yaw,250,-0.19137407449543078
a2_s_03,a2_l_rate,yaw,260,-0.18633280018357729
a2_s_03,a2_l_rate,yaw,270,-0.1822684047492736
a2_s_03,a2_l_rate,yaw,280,-0.17910206684609925
a2_s_03,a2_l_rate,yaw,290,-0.17674655585531424
a2_s_03,a2_l_rate,yaw,300,-0.17509700394069963
a2_s_03,a2_l_rate,yaw,310,-0.17402595678694988
a2_s_03,a2_l_rate,yaw,320,-0.17338338343716772
a2_s_03,a2_l_rate,yaw,330,-0.17302424758905466
a2_s_03,a2_l_rate,yaw,340,-0.17281140288943408
a2_s_03,a2_l_rate,yaw,350,-0.17262963268891393
a2_s_03,a2_l_rate,yaw,360,-0.17240283204468532
a2_s_03,a2_l_rate,yaw,370,-0.17205294803882748
a2_s_03,a2_l_rate,yaw,380,-0.17156615937734487
a2_s_03,a2_l_rate,yaw,390,-0.17091930082678639
a2_s_03,a2_l_rate,yaw,400,-0.17011466069756315
a2_s_03,a2_l_rate,yaw,410,-0.16918052912289938
a2_s_03,a2_l_rate,yaw,420,-0.1681890884093004
a2_s_03,a2_l_rate,yaw,430,-0.16719546267231605
a2_s_03,a2_l_rate,yaw,440,-0.16623305634469748
a2_s_03,a2_l_rate,yaw,450,-0.16536996846237395
a2_s_03,a2_l_rate,yaw,460,-0.1646247216351154
a2_s_03,a2_l_rate,yaw,470,-0.1640053742562413
a2_s_03,a2_l_rate,yaw,480,-0.16349573803047762
a2_s_03,a2_l_rate,yaw,490,-0.1630632305211441
a2_s_03,a2_l_rate,yaw,500,-0.1626814576052225
a2_s_04,a2_l_rate,yaw,-500,-0.19025084102120715
a2_s_04,a2_l_rate,yaw,-490,-0.19191024568965015
a2_s_04,a2_l_rate,yaw,-480,-0.19353631146386266
a2_s_04,a2_l_rate,yaw,-470,-0.1951638771544204
a2_s_04,a2_l_rate,yaw,-460,-0.1968339483013752
a2_s_04,a2_l_rate,yaw,-450,-0.19856867142472356
a2_s_04,a2_l_rate,yaw,-440,-0.2003956555269126
a2_s_04,a2_l_rate,yaw,-430,-0.20234159464513785
a2_s_04,a2_l_rate,yaw,-420,-0.2044135390396046
a2_s_04,a2_l_rate,yaw,-410,-0.2066249078797071
a2_s_04,a2_l_rate,yaw,-400,-0.2089779789329328
a2_s_04,a2_l_rate,yaw,-390,-0.211463853363704
a2_s_04,a2_l_rate,yaw,-380,-0.21407450733407957
a2_s_04,a2_l_rate,yaw,-370,-0.21679240450655637
a2_s_04,a2_l_rate,yaw,-360,-0.21959109016934372
a2_s_04,a2_l_rate,yaw,-350,-0.22244658358700842
a2_s_04,a2_l_rate,yaw,-340,-0.22533678384769296
a2_s_04,a2_l_rate,yaw,-330,-0.2282507341482258
a2_s_04,a2_l_rate,yaw,-320,-0.23118864729439598
a2_s_04,a2_l_rate,yaw,-310,-0.23416307227724778
a2_s_04,a2_l_rate,yaw,-300,-0.23718802983575382
a2_s_04,a2_l_rate,yaw,-290,-0.240276177133249
a2_s_04,a2_l_rate,yaw,-280,-0.24344788818451793
a2_s_04,a2_l_rate,yaw,-270,-0.2467102536921002
a2_s_04,a2_l_rate,yaw,-260,-0.25007625112828474
a2_s_04,a2_l_rate,yaw,-250,-0.25356198444343125
a2_s_04,a2_l_rate,yaw,-240,-0.2571876149454726
a2_s_04,a2_l_rate,yaw,-230,-0.260985293315983
a2_s_04,a2_l_rate,yaw,-220,-0.26496907287193044
a2_s_04,a2_l_rate,yaw,-210,-0.2691447403595219
a2_s_04,a2_l_rate,yaw,-200,-0.27350491094620566
a2_s_04,a2_l_rate,yaw,-190,-0.27802616190594565
a2_s_04,a2_l_rate,yaw,-180,-0.2826504086785065
a2_s_04,a2_l_rate,yaw,-170,-0.28730385103570405
a2_s_04,a2_l_rate,yaw,-160,-0.2918797274085914
a2_s_04,a2_l_rate,yaw,-150,-0.2962560430746214
a2_s_04,a2_l_rate,yaw,-140,-0.30029188661868605
a2_s_04,a2_l_rate,yaw,-130,-0.3038304619716505
a2_s_04,a2_l_rate,yaw,-120,-0.3067053462675219
a2_s_04,a2_l_rate,yaw,-110,-0.30875274164167416
a2_s_04,a2_l_rate,yaw,-100,-0.30983378898137437
a2_s_04,a2_l_rate,yaw,-90,-0.3098421214008968
a2_s_04,a2_l_rate,yaw,-80,-0.3087175503560583
a2_s_04,a2_l_rate,yaw,-70,-0.3064607519474866
a2_s_04,a2_l_rate,yaw,-60,-0.303176488110492
a2_s_04,a2_l_rate,yaw,-50,-0.29904510203357376
a2_s_04,a2_l_rate,yaw,-40,-0.2943498296298327
a2_s_04,a2_l_rate,yaw,-30,-0.289484155795159
a2_s_04,a2_l_rate,yaw,-20,-0.28495200686614347
a2_s_04,a2_l_rate,yaw,-10,-0.28133393472475515
a2_s_04,a2_l_rate,yaw,0,-0.2792577106488122
a2_s_04,a2_l_rate,yaw,10,-0.279629614816117
a2_s_04,a2_l_rate,yaw,20,-0.2827029109693394
a2_s_04,a2_l_rate,yaw,30,-0.28884772385217883
a2_s_04,a2_l_rate,yaw,40,-0.2982263452122799
a2_s_04,a2_l_rate,yaw,50,-0.31073756436485517
a2_s_04,a2_l_rate,yaw,60,-0.32604666639335694
a2_s_04,a2_l_rate,yaw,70,-0.3435803332834426
a2_s_04,a2_l_rate,yaw,80,-0.36257199154589814
a2_s_04,a2_l_rate,yaw,90,-0.3821210070163897
a2_s_04,a2_l_rate,yaw,100,-0.40130145013715396
a2_s_04,a2_l_rate,yaw,110,-0.4192223763315086
a2_s_04,a2_l_rate,yaw,120,-0.4351113899987765
a2_s_04,a2_l_rate,yaw,130,-0.44837371610726073
a2_s_04,a2_l_rate,yaw,140,-0.4586128495358528
a2_s_04,a2_l_rate,yaw,150,-0.4656409135923503
a2_s_04,a2_l_rate,yaw,160,-0.4694587630946562
a2_s_04,a2_l_rate,yaw,170,-0.4702364903980683
a2_s_04,a2_l_rate,yaw,180,-0.4682810073182399
a2_s_04,a2_l_rate,yaw,190,-0.4639899623179439
a2_s_04,a2_l_rate,yaw,200,-0.45782625062402504
a2_s_04,a2_l_rate,yaw,210,-0.4502730768476411
a2_s_04,a2_l_rate,yaw,220,-0.44180196883284634
a2_s_04,a2_l_rate,yaw,230,-0.4328479335564144
a2_s_04,a2_l_rate,yaw,240,-0.42377758486543077
a2_s_04,a2_l_rate,yaw,250,-0.41488741122901157
a2_s_04,a2_l_rate,yaw,260,-0.4064175306292952
a2_s_04,a2_l_rate,yaw,270,-0.39851784157456543
a2_s_04,a2_l_rate,yaw,280,-0.39128366151671207
a2_s_04,a2_l_rate,yaw,290,-0.3847535207789913
a2_s_04,a2_l_rate,yaw,300,-0.37891828348541673
a2_s_04,a2_l_rate,yaw,310,-0.37371330360733734
a2_s_04,a2_l_rate,yaw,320,-0.36906762758974904
a2_s_04,a2_l_rate,yaw,330,-0.36489123135150153
a2_s_04,a2_l_rate,yaw,340,-0.3610973439852186
a2_s_04,a2_l_rate,yaw,350,-0.3576012733157781
a2_s_04,a2_l_rate,yaw,360,-0.354336542413055
a2_s_04,a2_l_rate,yaw,370,-0.35124647287362587
a2_s_04,a2_l_rate,yaw,380,-0.348290892578431
a2_s_04,a2_l_rate,yaw,390,-0.34544759227507105
a2_s_04,a2_l_rate,yaw,400,-0.34272078013413154
a2_s_04,a2_l_rate,yaw,410,-0.34010988143354925
a2_s_04,a2_l_rate,yaw,420,-0.33762202873213176
a2_s_04,a2_l_rate,yaw,430,-0.3352664278395939
a2_s_04,a2_l_rate,yaw,440,-0.33304418623354093
a2_s_04,a2_l_rate,yaw,450,-0.3309391842557328
a2_s_04,a2_l_rate,yaw,460,-0.3289354056430616
a2_s_04,a2_l_rate,yaw,470,-0.32700534093501193
a2_s_04,a2_l_rate,yaw,480,-0.32512580552098713
a2_s_04,a2_l_rate,yaw,490,-0.3232478532527641
a2_s_04,a2_l_rate,yaw,500,-0.3213356086010584
a2_s_05,a2_l_rate,yaw,-500,-0.02727089010661628
a2_s_05,a2_l_rate,yaw,-490,-0.028942855968973447
a2_s_05,a2_l_rate,yaw,-480,-0.030666457019346283
a2_s_05,a2_l_rate,yaw,-470,-0.032438140699187996
a2_s_05,a2_l_rate,yaw,-460,-0.034268512569153316
a2_s_05,a2_l_rate,yaw,-450,-0.036155705954867334
a2_s_05,a2_l_rate,yaw,-440,-0.038125468666569066
a2_s_05,a2_l_rate,yaw,-430,-0.04019121727587991
a2_s_05,a2_l_rate,yaw,-420,-0.04235799257803301
a2_s_05,a2_l_rate,yaw,-410,-0.04463390428903903
a2_s_05,a2_l_rate,yaw,-400,-0.047030100636486175
a2_s_05,a2_l_rate,yaw,-390,-0.04954271574497591
a2_s_05,a2_l_rate,yaw,-380,-0.05220581184103192
a2_s_05,a2_l_rate,yaw,-370,-0.05506727793251647
a2_s_05,a2_l_rate,yaw,-360,-0.05816765882116359
a2_s_05,a2_l_rate,yaw,-350,-0.061552257287648675
a2_s_05,a2_l_rate,yaw,-340,-0.06522424990337172
a2_s_05,a2_l_rate,yaw,-330,-0.06918025667564676
a2_s_05,a2_l_rate,yaw,-320,-0.07339373503233247
a2_s_05,a2_l_rate,yaw,-310,-0.07785619070687895
a2_s_05,a2_l_rate,yaw,-300,-0.08251159348185465
a2_s_05,a2_l_rate,yaw,-290,-0.08732334793329508
a2_s_05,a2_l_rate,yaw,-280,-0.09226046215167372
a2_s_05,a2_l_rate,yaw,-270,-0.09725944766596854
a2_s_05,a2_l_rate,yaw,-260,-0.10231194142065199
a2_s_05,a2_l_rate,yaw,-250,-0.10740045023880909
a2_s_05,a2_l_rate,yaw,-240,-0.11251101305112889
a2_s_05,a2_l_rate,yaw,-230,-0.11761270142359848
a2_s_05,a2_l_rate,yaw,-220,-0.12266921545790108
a2_s_05,a2_l_rate,yaw,-210,-0.1276712121010535
a2_s_05,a2_l_rate,yaw,-200,-0.1325795030708412
a2_s_05,a2_l_rate,yaw,-190,-0.13735888919149392
a2_s_05,a2_l_rate,yaw,-180,-0.1419829355449307
a2_s_05,a2_l_rate,yaw,-170,-0.14639104514730458
a2_s_05,a2_l_rate,yaw,-160,-0.1505180909162911
a2_s_05,a2_l_rate,yaw,-150,-0.15430114959767238
a2_s_05,a2_l_rate,yaw,-140,-0.1576652609360084
a2_s_05,a2_l_rate,yaw,-130,-0.1605238918353695
a2_s_05,a2_l_rate,yaw,-120,-0.16277983726777076
a2_s_05,a2_l_rate,yaw,-110,-0.16437931004497885
a2_s_05,a2_l_rate,yaw,-100,-0.16532193547613822
a2_s_05,a2_l_rate,yaw,-90,-0.1656622883236162
a2_s_05,a2_l_rate,yaw,-80,-0.16552567336332777
a2_s_05,a2_l_rate,yaw,-70,-0.1651138783605986
a2_s_05,a2_l_rate,yaw,-60,-0.164730377845897
a2_s_05,a2_l_rate,yaw,-50,-0.16476357532313352
a2_s_05,a2_l_rate,yaw,-40,-0.16567023191129876
a2_s_05,a2_l_rate,yaw,-30,-0.16794025384459774
a2_s_05,a2_l_rate,yaw,-20,-0.1720446532234755
a2_s_05,a2_l_rate,yaw,-10,-0.1784115158110551
a2_s_05,a2_l_rate,yaw,0,-0.18743353592280404
a2_s_05,a2_l_rate,yaw,10,-0.19928767785138662
a2_s_05,a2_l_rate,yaw,20,-0.21420124755453976
a2_s_05,a2_l_rate,yaw,30,-0.23213277949343175
a2_s_05,a2_l_rate,yaw,40,-0.25285813288760645
a2_s_05,a2_l_rate,yaw,50,-0.2759075752325887
a2_s_05,a2_l_rate,yaw,60,-0.30062199900558206
a2_s_05,a2_l_rate,yaw,70,-0.32618876998756463
a2_s_05,a2_l_rate,yaw,80,-0.3516681302563983
a2_s_05,a2_l_rate,yaw,90,-0.3760870120301401
a2_s_05,a2_l_rate,yaw,100,-0.398529231412767
a2_s_05,a2_l_rate,yaw,110,-0.4181825554074361
a2_s_05,a2_l_rate,yaw,120,-0.43437613884962484
a2_s_05,a2_l_rate,yaw,130,-0.4466301262344181
a2_s_05,a2_l_rate,yaw,140,-0.45469118455561874
a2_s_05,a2_l_rate,yaw,150,-0.45850267443452536
a2_s_05,a2_l_rate,yaw,160,-0.4582147827355245
a2_s_05,a2_l_rate,yaw,170,-0.4541442768370496
a2_s_05,a2_l_rate,yaw,180,-0.44672537922521327
a2_s_05,a2_l_rate,yaw,190,-0.43644089014687676
a2_s_05,a2_l_rate,yaw,200,-0.42382728307235423
a2_s_05,a2_l_rate,yaw,210,-0.40945304296627943
a2_s_05,a2_l_rate,yaw,220,-0.3938402313324707
a2_s_05,a2_l_rate,yaw,230,-0.37747443149544024
a2_s_05,a2_l_rate,yaw,240,-0.3607878409643509
a2_s_05,a2_l_rate,yaw,250,-0.3441581461261265
a2_s_05,a2_l_rate,yaw,260,-0.32788033575922026
a2_s_05,a2_l_rate,yaw,270,-0.31219101124438875
a2_s_05,a2_l_rate,yaw,280,-0.2972624267709416
a2_s_05,a2_l_rate,yaw,290,-0.28322172875224144
a2_s_05,a2_l_rate,yaw,300,-0.27014746795171635
a2_s_05,a2_l_rate,yaw,310,-0.258088259298026
a2_s_05,a2_l_rate,yaw,320,-0.2470724582487213
a2_s_05,a2_l_rate,yaw,330,-0.23711228014861094
a2_s_05,a2_l_rate,yaw,340,-0.22817565131258188
a2_s_05,a2_l_rate,yaw,350,-0.22020605903619436
a2_s_05,a2_l_rate,yaw,360,-0.21314406560516896
a2_s_05,a2_l_rate,yaw,370,-0.2068932735454684
a2_s_05,a2_l_rate,yaw,380,-0.20134939410781635
a2_s_05,a2_l_rate,yaw,390,-0.1964159556012934
a2_s_05,a2_l_rate,yaw,400,-0.19200010412219126
a2_s_05,a2_l_rate,yaw,410,-0.18804488322606333
a2_s_05,a2_l_rate,yaw,420,-0.18447966764286397
a2_s_05,a2_l_rate,yaw,430,-0.18126345333549523
a2_s_05,a2_l_rate,yaw,440,-0.17835427062263845
a2_s_05,a2_l_rate,yaw,450,-0.17570616327171462
a2_s_05,a2_l_rate,yaw,460,-0.17325531123297797
a2_s_05,a2_l_rate,yaw,470,-0.1709381047771616
a2_s_05,a2_l_rate,yaw,480,-0.16870599898329536
a2_s_05,a2_l_rate,yaw,490,-0.166493681997868
a2_s_05,a2_l_rate,yaw,500,-0.16425223529717656
a2_s_06,a2_l_rate,yaw,-500,-0.24497819767168777
a2_s_06,a2_l_rate,yaw,-490,-0.24703352123866396
a2_s_06,a2_l_rate,yaw,-480,-0.2489132790733154
a2_s_06,a2_l_rate,yaw,-470,-0.250608480389191
a2_s_06,a2_l_rate,yaw,-460,-0.25215124105796094
a2_s_06,a2_l_rate,yaw,-450,-0.25358398354277534
a2_s_06,a2_l_rate,yaw,-440,-0.25494395001081915
a2_s_06,a2_l_rate,yaw,-430,-0.25627479679929827
a2_s_06,a2_l_rate,yaw,-420,-0.25761416965564315
a2_s_06,a2_l_rate,yaw,-410,-0.25898685333936694
a2_s_06,a2_l_rate,yaw,-400,-0.2604141927802056
a2_s_06,a2_l_rate,yaw,-390,-0.2619143933480799
a2_s_06,a2_l_rate,yaw,-380,-0.2635099510947464
a2_s_06,a2_l_rate,yaw,-370,-0.26523265745102204
a2_s_06,a2_l_rate,yaw,-360,-0.26710248495765077
a2_s_06,a2_l_rate,yaw,-350,-0.2691316593320245
a2_s_06,a2_l_rate,yaw,-340,-0.27134591167638095
a2_s_06,a2_l_rate,yaw,-330,-0.2737588789495143
a2_s_06,a2_l_rate,yaw,-320,-0.2763774273952226
a2_s_06,a2_l_rate,yaw,-310,-0.27920177668223906
a2_s_06,a2_l_rate,yaw,-300,-0.28222673734854
a2_s_06,a2_l_rate,yaw,-290,-0.28544749899987465
a2_s_06,a2_l_rate,yaw,-280,-0.288846268018766
a2_s_06,a2_l_rate,yaw,-270,-0.2923939015420479
a2_s_06,a2_l_rate,yaw,-260,-0.29605434655944635
a2_s_06,a2_l_rate,yaw,-250,-0.29977283691664997
a2_s_06,a2_l_rate,yaw,-240,-0.303499705417202
a2_s_06,a2_l_rate,yaw,-230,-0.30718061853818174
a2_s_06,a2_l_rate,yaw,-220,-0.31075309012937874
a2_s_06,a2_l_rate,yaw,-210,-0.31416827112241147
a2_s_06,a2_l_rate,yaw,-200,-0.31737823499142487
a2_s_06,a2_l_rate,yaw,-190,-0.32031124581082765
a2_s_06,a2_l_rate,yaw,-180,-0.32290778261092284
a2_s_06,a2_l_rate,yaw,-170,-0.3251276618412504
a2_s_06,a2_l_rate,yaw,-160,-0.32694269276467736
a2_s_06,a2_l_rate,yaw,-150,-0.32835225360595766
a2_s_06,a2_l_rate,yaw,-140,-0.3293742523152563
a2_s_06,a2_l_rate,yaw,-130,-0.33002452311619196
a2_s_06,a2_l_rate,yaw,-120,-0.3303373219214365
a2_s_06,a2_l_rate,yaw,-110,-0.330351857631966
a2_s_06,a2_l_rate,yaw,-100,-0.330121437941426
a2_s_06,a2_l_rate,yaw,-90,-0.32972661691294025
a2_s_06,a2_l_rate,yaw,-80,-0.32929148272056663
a2_s_06,a2_l_rate,yaw,-70,-0.32899879153955297
a2_s_06,a2_l_rate,yaw,-60,-0.3290797038204217
a2_s_06,a2_l_rate,yaw,-50,-0.329813611059755
a2_s_06,a2_l_rate,yaw,-40,-0.33152547925190706
a2_s_06,a2_l_rate,yaw,-30,-0.33454895188122863
a2_s_06,a2_l_rate,yaw,-20,-0.33918832895295775
a2_s_06,a2_l_rate,yaw,-10,-0.3456768961053106
a2_s_06,a2_l_rate,yaw,0,-0.35412406173401173
a2_s_06,a2_l_rate,yaw,10,-0.3647323744805177
a2_s_06,a2_l_rate,yaw,20,-0.37715580107243657
a2_s_06,a2_l_rate,yaw,30,-0.391141494301096
a2_s_06,a2_l_rate,yaw,40,-0.40629136901816837
a2_s_06,a2_l_rate,yaw,50,-0.42209955771670227
a2_s_06,a2_l_rate,yaw,60,-0.4379727602174113
a2_s_06,a2_l_rate,yaw,70,-0.45324177032343
a2_s_06,a2_l_rate,yaw,80,-0.46719515742429285
a2_s_06,a2_l_rate,yaw,90,-0.47915838020176005
a2_s_06,a2_l_rate,yaw,100,-0.4885532336753648
a2_s_06,a2_l_rate,yaw,110,-0.4949580802836212
a2_s_06,a2_l_rate,yaw,120,-0.4981318739014386
a2_s_06,a2_l_rate,yaw,130,-0.49802124573981577
a2_s_06,a2_l_rate,yaw,140,-0.49478106910472575
a2_s_06,a2_l_rate,yaw,150,-0.48873111493300003
a2_s_06,a2_l_rate,yaw,160,-0.48029820224803743
a2_s_06,a2_l_rate,yaw,170,-0.46998123065585223
a2_s_06,a2_l_rate,yaw,180,-0.45831335289415415
a2_s_06,a2_l_rate,yaw,190,-0.4458197026227628
a2_s_06,a2_l_rate,yaw,200,-0.4330016847437335
a2_s_06,a2_l_rate,yaw,210,-0.42032852708103974
a2_s_06,a2_l_rate,yaw,220,-0.4082043899243585
a2_s_06,a2_l_rate,yaw,230,-0.39695356724267705
a2_s_06,a2_l_rate,yaw,240,-0.38679602844606065
a2_s_06,a2_l_rate,yaw,250,-0.3778602348006798
a2_s_06,a2_l_rate,yaw,260,-0.37017330807077603
a2_s_06,a2_l_rate,yaw,270,-0.36369378517594403
a2_s_06,a2_l_rate,yaw,280,-0.35831203093137964
a2_s_06,a2_l_rate,yaw,290,-0.35387213914343907
a2_s_06,a2_l_rate,yaw,300,-0.3502039458323472
a2_s_06,a2_l_rate,yaw,310,-0.3471470452760727
a2_s_06,a2_l_rate,yaw,320,-0.3445509904812602
a2_s_06,a2_l_rate,yaw,330,-0.3422769978039843
a2_s_06,a2_l_rate,yaw,340,-0.34021658799246646
a2_s_06,a2_l_rate,yaw,350,-0.3382863090062319
a2_s_06,a2_l_rate,yaw,360,-0.336405830749568
a2_s_06,a2_l_rate,yaw,370,-0.334498458829509
a2_s_06,a2_l_rate,yaw,380,-0.33250065690801667
a2_s_06,a2_l_rate,yaw,390,-0.3303554564025681
a2_s_06,a2_l_rate,yaw,400,-0.32804085660743426
a2_s_06,a2_l_rate,yaw,410,-0.3255503376432997
a2_s_06,a2_l_rate,yaw,420,-0.32293426847330425
a2_s_06,a2_l_rate,yaw,430,-0.32025896299213286
a2_s_06,a2_l_rate,yaw,440,-0.31760443779279784
a2_s_06,a2_l_rate,yaw,450,-0.3150652556251172
a2_s_06,a2_l_rate,yaw,460,-0.31269376980646035
a2_s_06,a2_l_rate,yaw,470,-0.31051980877211766
a2_s_06,a2_l_rate,yaw,480,-0.3085348032533
a2_s_06,a2_l_rate,yaw,490,-0.30670534820287354
a2_s_06,a2_l_rate,yaw,500,-0.30498147320363694
a1_s_02,a1_l_rate,yaw,-500,-0.09086993566278663
a1_s_02,a1_l_rate,yaw,-490,-0.09092928890879898
a1_s_02,a1_l_rate,yaw,-480,-0.09103205129312289
a1_s_02,a1_l_rate,yaw,-470,-0.09121070857316721
a1_s_02,a1_l_rate,yaw,-460,-0.09151256362343671
a1_s_02,a1_l_rate,yaw,-450,-0.09194593649803406
a1_s_02,a1_l_rate,yaw,-440,-0.09253080341385551
a1_s_02,a1_l_rate,yaw,-430,-0.09324986661005844
a1_s_02,a1_l_rate,yaw,-420,-0.09407370800687953
a1_s_02,a1_l_rate,yaw,-410,-0.09497257179318723
a1_s_02,a1_l_rate,yaw,-400,-0.09590301454466409
a1_s_02,a1_l_rate,yaw,-390,-0.09681760397779304
a1_s_02,a1_l_rate,yaw,-380,-0.09768647547228178
a1_s_02,a1_l_rate,yaw,-370,-0.09848148417663435
a1_s_02,a1_l_rate,yaw,-360,-0.09914940946590112
a1_s_02,a1_l_rate,yaw,-350,-0.09966700912377717
a1_s_02,a1_l_rate,yaw,-340,-0.10003107433673714
a1_s_02,a1_l_rate,yaw,-330,-0.10026558426471865
a1_s_02,a1_l_rate,yaw,-320,-0.100408132708291
a1_s_02,a1_l_rate,yaw,-310,-0.10050633791838341
a1_s_02,a1_l_rate,yaw,-300,-0.1006338182631367
a1_s_02,a1_l_rate,yaw,-290,-0.10084582759266919
a1_s_02,a1_l_rate,yaw,-280,-0.10119908136655692
a1_s_02,a1_l_rate,yaw,-270,-0.10172899625591622
a1_s_02,a1_l_rate,yaw,-260,-0.10246053701159334
a1_s_02,a1_l_rate,yaw,-250,-0.10341890180425664
a1_s_02,a1_l_rate,yaw,-240,-0.10463986202657889
a1_s_02,a1_l_rate,yaw,-230,-0.1061439708478793
a1_s_02,a1_l_rate,yaw,-220,-0.10795664967470078
a1_s_02,a1_l_rate,yaw,-210,-0.11008413107989762
a1_s_02,a1_l_rate,yaw,-200,-0.11255445552057639
a1_s_02,a1_l_rate,yaw,-190,-0.11541295453816452
a1_s_02,a1_l_rate,yaw,-180,-0.1186921391261856
a1_s_02,a1_l_rate,yaw,-170,-0.12243402469267314
a1_s_02,a1_l_rate,yaw,-160,-0.12663817941821684
a1_s_02,a1_l_rate,yaw,-150,-0.1313091444983859
a1_s_02,a1_l_rate,yaw,-140,-0.1364313975902784
a1_s_02,a1_l_rate,yaw,-130,-0.14198614417753017
a1_s_02,a1_l_rate,yaw,-120,-0.1479722562916896
a1_s_02,a1_l_rate,yaw,-110,-0.15440271421427634
a1_s_02,a1_l_rate,yaw,-100,-0.16128750448449117
a1_s_02,a1_l_rate,yaw,-90,-0.16863776315643336
a1_s_02,a1_l_rate,yaw,-80,-0.17646077514039454
a1_s_02,a1_l_rate,yaw,-70,-0.1847527596048905
a1_s_02,a1_l_rate,yaw,-60,-0.19349563260048946
a1_s_02,a1_l_rate,yaw,-50,-0.20268297649110306
a1_s_02,a1_l_rate,yaw,-40,-0.2122984314533319
a1_s_02,a1_l_rate,yaw,-30,-0.22231940760630936
a1_s_02,a1_l_rate,yaw,-20,-0.2326990291318868
a1_s_02,a1_l_rate,yaw,-10,-0.24332517456130803
a1_s_02,a1_l_rate,yaw,0,-0.2540692830545123
a1_s_02,a1_l_rate,yaw,10,-0.2648695427646002
a1_s_02,a1_l_rate,yaw,20,-0.275488320846693
a1_s_02,a1_l_rate,yaw,30,-0.28575679372474044
a1_s_02,a1_l_rate,yaw,40,-0.29553848045357844
a1_s_02,a1_l_rate,yaw,50,-0.30468976058976993
a1_s_02,a1_l_rate,yaw,60,-0.31302293859259234
a1_s_02,a1_l_rate,yaw,70,-0.32032473229017516
a1_s_02,a1_l_rate,yaw,80,-0.32634628215636785
a1_s_02,a1_l_rate,yaw,90,-0.33080266996509133
a1_s_02,a1_l_rate,yaw,100,-0.3334289284894904
a1_s_02,a1_l_rate,yaw,110,-0.3339608791028683
a1_s_02,a1_l_rate,yaw,120,-0.33216025212306455
a1_s_02,a1_l_rate,yaw,130,-0.3278630933905512
a1_s_02,a1_l_rate,yaw,140,-0.3209858909458872
a1_s_02,a1_l_rate,yaw,150,-0.31158720986599064
a1_s_02,a1_l_rate,yaw,160,-0.29987936125151093
a1_s_02,a1_l_rate,yaw,170,-0.2861959873267075
a1_s_02,a1_l_rate,yaw,180,-0.270954170487177
a1_s_02,a1_l_rate,yaw,190,-0.254647134333462
a1_s_02,a1_l_rate,yaw,200,-0.23777073290043776
a1_s_02,a1_l_rate,yaw,210,-0.22081558140999866
a1_s_02,a1_l_rate,yaw,220,-0.20422206103596754
a1_s_02,a1_l_rate,yaw,230,-0.1883519114724976
a1_s_02,a1_l_rate,yaw,240,-0.17348978219712874
a1_s_02,a1_l_rate,yaw,250,-0.1598346876648278
a1_s_02,a1_l_rate,yaw,260,-0.14750054954394307
a1_s_02,a1_l_rate,yaw,270,-0.13654555456374434
a1_s_02,a1_l_rate,yaw,280,-0.1269924143123341
a1_s_02,a1_l_rate,yaw,290,-0.11882940448573953
a1_s_02,a1_l_rate,yaw,300,-0.1120190805358372
a1_s_02,a1_l_rate,yaw,310,-0.1065280543262111
a1_s_02,a1_l_rate,yaw,320,-0.10227736141755624
a1_s_02,a1_l_rate,yaw,330,-0.09916811381350961
a1_s_02,a1_l_rate,yaw,340,-0.09712583949176391
a1_s_02,a1_l_rate,yaw,350,-0.09604585356696337
a1_s_02,a1_l_rate,yaw,360,-0.09579607514320776
a1_s_02,a1_l_rate,yaw,370,-0.0962222096248283
a1_s_02,a1_l_rate,yaw,380,-0.09715628443470556
a1_s_02,a1_l_rate,yaw,390,-0.09843979924658179
a1_s_02,a1_l_rate,yaw,400,-0.0999310037945539
a1_s_02,a1_l_rate,yaw,410,-0.10153008910084739
a1_s_02,a1_l_rate,yaw,420,-0.10315016248253767
a1_s_02,a1_l_rate,yaw,430,-0.10472860085511683
a1_s_02,a1_l_rate,yaw,440,-0.10619651044167627
a1_s_02,a1_l_rate,yaw,450,-0.10754175715184268
a1_s_02,a1_l_rate,yaw,460,-0.10877779639586757
a1_s_02,a1_l_rate,yaw,470,-0.10991516325814699
a1_s_02,a1_l_rate,yaw,480,-0.11096062156607324
a1_s_02,a1_l_rate,yaw,490,-0.11190676686952084
a1_s_02,a1_l_rate,yaw,500,-0.11272823832469873
a1_s_05,a1_l_rate,yaw,-500,-0.08554067572059333
a1_s_05,a1_l_rate,yaw,-490,-0.08608451603604422
a1_s_05,a1_l_rate,yaw,-480,-0.0866383754674103
a1_s_05,a1_l_rate,yaw,-470,-0.08722020863199005
a1_s_05,a1_l_rate,yaw,-460,-0.08785151263211835
a1_s_05,a1_l_rate,yaw,-450,-0.08854450124070437
a1_s_05,a1_l_rate,yaw,-440,-0.0893056323507796
a1_s_05,a1_l_rate,yaw,-430,-0.09014664572112734
a1_s_05,a1_l_rate,yaw,-420,-0.09105604249959211
a1_s_05,a1_l_rate,yaw,-410,-0.09201517893318027
a1_s_05,a1_l_rate,yaw,-400,-0.09300516125062333
a1_s_05,a1_l_rate,yaw,-390,-0.09400789672397955
a1_s_05,a1_l_rate,yaw,-380,-0.09499778755182885
a1_s_05,a1_l_rate,yaw,-370,-0.09595764647035046
a1_s_05,a1_l_rate,yaw,-360,-0.09686826830230447
a1_s_05,a1_l_rate,yaw,-350,-0.09771116087734942
a1_s_05,a1_l_rate,yaw,-340,-0.0984752598983312
a1_s_05,a1_l_rate,yaw,-330,-0.09915970643590505
a1_s_05,a1_l_rate,yaw,-320,-0.09977343544836645
a1_s_05,a1_l_rate,yaw,-310,-0.10034785967811313
a1_s_05,a1_l_rate,yaw,-300,-0.10091453776856293
a1_s_05,a1_l_rate,yaw,-290,-0.10148835943352236
a1_s_05,a1_l_rate,yaw,-280,-0.10207396416612657
a1_s_05,a1_l_rate,yaw,-270,-0.10269484315531989
a1_s_05,a1_l_rate,yaw,-260,-0.10336945797094838
a1_s_05,a1_l_rate,yaw,-250,-0.10409139496544638
a1_s_05,a1_l_rate,yaw,-240,-0.10485257175549925
a1_s_05,a1_l_rate,yaw,-230,-0.10562985957702278
a1_s_05,a1_l_rate,yaw,-220,-0.10640347136270802
a1_s_05,a1_l_rate,yaw,-210,-0.1071545313198653
a1_s_05,a1_l_rate,yaw,-200,-0.10787665826349978
a1_s_05,a1_l_rate,yaw,-190,-0.108555668214996
a1_s_05,a1_l_rate,yaw,-180,-0.10920408767015373
a1_s_05,a1_l_rate,yaw,-170,-0.10982573961387065
a1_s_05,a1_l_rate,yaw,-160,-0.11041659589852301
a1_s_05,a1_l_rate,yaw,-150,-0.11097776560542046
a1_s_05,a1_l_rate,yaw,-140,-0.11151161451121973
a1_s_05,a1_l_rate,yaw,-130,-0.1120058109594525
a1_s_05,a1_l_rate,yaw,-120,-0.11244626160225392
a1_s_05,a1_l_rate,yaw,-110,-0.11282111507358812
a1_s_05,a1_l_rate,yaw,-100,-0.1130983396867537
a1_s_05,a1_l_rate,yaw,-90,-0.11325534366447172
a1_s_05,a1_l_rate,yaw,-80,-0.11330088168400362
a1_s_05,a1_l_rate,yaw,-70,-0.11327475976609218
a1_s_05,a1_l_rate,yaw,-60,-0.11323045905823721
a1_s_05,a1_l_rate,yaw,-50,-0.1132657727400985
a1_s_05,a1_l_rate,yaw,-40,-0.11345372549935256
a1_s_05,a1_l_rate,yaw,-30,-0.11385741666201435
a1_s_05,a1_l_rate,yaw,-20,-0.11456739846307923
a1_s_05,a1_l_rate,yaw,-10,-0.11565304877767782
a1_s_05,a1_l_rate,yaw,0,-0.11720558070695267
a1_s_05,a1_l_rate,yaw,10,-0.11952825853570721
a1_s_05,a1_l_rate,yaw,20,-0.12251516017035244
a1_s_05,a1_l_rate,yaw,30,-0.12627685595052598
a1_s_05,a1_l_rate,yaw,40,-0.13091513532877666
a1_s_05,a1_l_rate,yaw,50,-0.13649096704598526
a1_s_05,a1_l_rate,yaw,60,-0.14303762308251586
a1_s_05,a1_l_rate,yaw,70,-0.15051888553799128
a1_s_05,a1_l_rate,yaw,80,-0.15884476654976903
a1_s_05,a1_l_rate,yaw,90,-0.16786572830774976
a1_s_05,a1_l_rate,yaw,100,-0.17738310441993108
a1_s_05,a1_l_rate,yaw,110,-0.18718780649448027
a1_s_05,a1_l_rate,yaw,120,-0.19704179442826383
a1_s_05,a1_l_rate,yaw,130,-0.20670884468783055
a1_s_05,a1_l_rate,yaw,140,-0.21595383541380742
a1_s_05,a1_l_rate,yaw,150,-0.22454306795792212
a1_s_05,a1_l_rate,yaw,160,-0.23227183825705777
a1_s_05,a1_l_rate,yaw,170,-0.23896848631815334
a1_s_05,a1_l_rate,yaw,180,-0.24451055456318616
a1_s_05,a1_l_rate,yaw,190,-0.24881923033171333
a1_s_05,a1_l_rate,yaw,200,-0.25184765388291613
a1_s_05,a1_l_rate,yaw,210,-0.25362586336355286
a1_s_05,a1_l_rate,yaw,220,-0.2542098013231071
a1_s_05,a1_l_rate,yaw,230,-0.2537118990407467
a1_s_05,a1_l_rate,yaw,240,-0.2522667421360507
a1_s_05,a1_l_rate,yaw,250,-0.2500095494410382
a1_s_05,a1_l_rate,yaw,260,-0.24707089100356597
a1_s_05,a1_l_rate,yaw,270,-0.24358005480023653
a1_s_05,a1_l_rate,yaw,280,-0.2396676571101701
a1_s_05,a1_l_rate,yaw,290,-0.23546479210164153
a1_s_05,a1_l_rate,yaw,300,-0.23107633143290288
a1_s_05,a1_l_rate,yaw,310,-0.22661380266189507
a1_s_05,a1_l_rate,yaw,320,-0.22214368977699417
a1_s_05,a1_l_rate,yaw,330,-0.21773898127330252
a1_s_05,a1_l_rate,yaw,340,-0.21343908909438278
a1_s_05,a1_l_rate,yaw,350,-0.2092790709266768
a1_s_05,a1_l_rate,yaw,360,-0.20528149696363077
a1_s_05,a1_l_rate,yaw,370,-0.20146271231928847
a1_s_05,a1_l_rate,yaw,380,-0.1978315260714104
a1_s_05,a1_l_rate,yaw,390,-0.19437273483761427
a1_s_05,a1_l_rate,yaw,400,-0.1910626871414496
a1_s_05,a1_l_rate,yaw,410,-0.1878695014322057
a1_s_05,a1_l_rate,yaw,420,-0.1847572333032629
a1_s_05,a1_l_rate,yaw,430,-0.1816969146101497
a1_s_05,a1_l_rate,yaw,440,-0.17865998794425625
a1_s_05,a1_l_rate,yaw,450,-0.17561988846592552
a1_s_05,a1_l_rate,yaw,460,-0.17257991695999875
a1_s_05,a1_l_rate,yaw,470,-0.16953802859026168
a1_s_05,a1_l_rate,yaw,480,-0.16649299302829457
a1_s_05,a1_l_rate,yaw,490,-0.1634509206834702
a1_s_05,a1_l_rate,yaw,500,-0.16043584247324377
a1_s_08,a1_l_rate,yaw,-500,-0.08942731860876169
a1_s_08,a1_l_rate,yaw,-490,-0.09040657639852265
a1_s_08,a1_l_rate,yaw,-480,-0.09152566700372293
a1_s_08,a1_l_rate,yaw,-470,-0.092815088414591
a1_s_08,a1_l_rate,yaw,-460,-0.09428391772871693
a1_s_08,a1_l_rate,yaw,-450,-0.09592692783387423
a1_s_08,a1_l_rate,yaw,-440,-0.09769645014880807
a1_s_08,a1_l_rate,yaw,-430,-0.09953660498203512
a1_s_08,a1_l_rate,yaw,-420,-0.10138211801839857
a1_s_08,a1_l_rate,yaw,-410,-0.10317220693494164
a1_s_08,a1_l_rate,yaw,-400,-0.10486738758905288
a1_s_08,a1_l_rate,yaw,-390,-0.10644640867433225
a1_s_08,a1_l_rate,yaw,-380,-0.10789307829321468
a1_s_08,a1_l_rate,yaw,-370,-0.1092461324168363
a1_s_08,a1_l_rate,yaw,-360,-0.11056425192851599
a1_s_08,a1_l_rate,yaw,-350,-0.11188927474238117
a1_s_08,a1_l_rate,yaw,-340,-0.11326815282859753
a1_s_08,a1_l_rate,yaw,-330,-0.11474700974939105
a1_s_08,a1_l_rate,yaw,-320,-0.11634145091440523
a1_s_08,a1_l_rate,yaw,-310,-0.1180553134030645
a1_s_08,a1_l_rate,yaw,-300,-0.11986891770946302
a1_s_08,a1_l_rate,yaw,-290,-0.12175073051794943
a1_s_08,a1_l_rate,yaw,-280,-0.12365150447029699
a1_s_08,a1_l_rate,yaw,-270,-0.1255001605607995
a1_s_08,a1_l_rate,yaw,-260,-0.12725922116721022
a1_s_08,a1_l_rate,yaw,-250,-0.1289150402775312
a1_s_08,a1_l_rate,yaw,-240,-0.13045813162504974
a1_s_08,a1_l_rate,yaw,-230,-0.13189788482031997
a1_s_08,a1_l_rate,yaw,-220,-0.13325422646608664
a1_s_08,a1_l_rate,yaw,-210,-0.134537609419732
a1_s_08,a1_l_rate,yaw,-200,-0.13574407978726052
a1_s_08,a1_l_rate,yaw,-190,-0.13687925165631726
a1_s_08,a1_l_rate,yaw,-180,-0.13796266736442078
a1_s_08,a1_l_rate,yaw,-170,-0.13899998502197375
a1_s_08,a1_l_rate,yaw,-160,-0.14002219784505932
a1_s_08,a1_l_rate,yaw,-150,-0.14106670618028225
a1_s_08,a1_l_rate,yaw,-140,-0.1421671376977218
a1_s_08,a1_l_rate,yaw,-130,-0.14339120110461465
a1_s_08,a1_l_rate,yaw,-120,-0.14479743771453013
a1_s_08,a1_l_rate,yaw,-110,-0.14643863670375043
a1_s_08,a1_l_rate,yaw,-100,-0.14839448309193914
a1_s_08,a1_l_rate,yaw,-90,-0.1507542444924788
a1_s_08,a1_l_rate,yaw,-80,-0.15360348782928726
a1_s_08,a1_l_rate,yaw,-70,-0.15701235171247377
a1_s_08,a1_l_rate,yaw,-60,-0.16101531170466166
a1_s_08,a1_l_rate,yaw,-50,-0.16563664925489685
a1_s_08,a1_l_rate,yaw,-40,-0.170877711269787
a1_s_08,a1_l_rate,yaw,-30,-0.1767413228648008
a1_s_08,a1_l_rate,yaw,-20,-0.18319993129166195
a1_s_08,a1_l_rate,yaw,-10,-0.19020805612856254
a1_s_08,a1_l_rate,yaw,0,-0.19769654051160931
a1_s_08,a1_l_rate,yaw,10,-0.20565409896089795
a1_s_08,a1_l_rate,yaw,20,-0.21385951359733574
a1_s_08,a1_l_rate,yaw,30,-0.2221991148833929
a1_s_08,a1_l_rate,yaw,40,-0.23052756669062982
a1_s_08,a1_l_rate,yaw,50,-0.23869076487701707
a1_s_08,a1_l_rate,yaw,60,-0.24651752620904993
a1_s_08,a1_l_rate,yaw,70,-0.2537866143577107
a1_s_08,a1_l_rate,yaw,80,-0.2602450099801685
a1_s_08,a1_l_rate,yaw,90,-0.26565487630246765
a1_s_08,a1_l_rate,yaw,100,-0.269783297133798
a1_s_08,a1_l_rate,yaw,110,-0.2724388696263885
a1_s_08,a1_l_rate,yaw,120,-0.2734763498345478
a1_s_08,a1_l_rate,yaw,130,-0.27278308456158923
a1_s_08,a1_l_rate,yaw,140,-0.27030475385650915
a1_s_08,a1_l_rate,yaw,150,-0.2660726641864314
a1_s_08,a1_l_rate,yaw,160,-0.26018850605352
a1_s_08,a1_l_rate,yaw,170,-0.25284692406527165
a1_s_08,a1_l_rate,yaw,180,-0.24429322101985904
a1_s_08,a1_l_rate,yaw,190,-0.234816123133223
a1_s_08,a1_l_rate,yaw,200,-0.2247260550103856
a1_s_08,a1_l_rate,yaw,210,-0.21431781048572188
a1_s_08,a1_l_rate,yaw,220,-0.20384667648168803
a1_s_08,a1_l_rate,yaw,230,-0.19356168488991007
a1_s_08,a1_l_rate,yaw,240,-0.18366454958563957
a1_s_08,a1_l_rate,yaw,250,-0.17432902009577833
a1_s_08,a1_l_rate,yaw,260,-0.16565369167880056
a1_s_08,a1_l_rate,yaw,270,-0.15769826681711926
a1_s_08,a1_l_rate,yaw,280,-0.15049294255905724
a1_s_08,a1_l_rate,yaw,290,-0.14403175493560855
a1_s_08,a1_l_rate,yaw,300,-0.13828356578422063
a1_s_08,a1_l_rate,yaw,310,-0.13320310205113792
a1_s_08,a1_l_rate,yaw,320,-0.12872220751260643
a1_s_08,a1_l_rate,yaw,330,-0.12476352301071386
a1_s_08,a1_l_rate,yaw,340,-0.12126752075974663
a1_s_08,a1_l_rate,yaw,350,-0.11817889959550226
a1_s_08,a1_l_rate,yaw,360,-0.11545860814920601
a1_s_08,a1_l_rate,yaw,370,-0.1130471247208827
a1_s_08,a1_l_rate,yaw,380,-0.11088271293338027
a1_s_08,a1_l_rate,yaw,390,-0.10891692157450597
a1_s_08,a1_l_rate,yaw,400,-0.10711664704515429
a1_s_08,a1_l_rate,yaw,410,-0.10545628167254105
a1_s_08,a1_l_rate,yaw,420,-0.10392508241859555
a1_s_08,a1_l_rate,yaw,430,-0.10250280094153393
a1_s_08,a1_l_rate,yaw,440,-0.1011582990241789
a1_s_08,a1_l_rate,yaw,450,-0.09983781974590325
a1_s_08,a1_l_rate,yaw,460,-0.0984843277958607
a1_s_08,a1_l_rate,yaw,470,-0.09706082696484591
a1_s_08,a1_l_rate,yaw,480,-0.09556618944331045
a1_s_08,a1_l_rate,yaw,490,-0.09400989588991782
a1_s_08,a1_l_rate,yaw,500,-0.0924088311247541
a1_s_03,a1_l_rate,yaw,-500,-0.039431617963395046
a1_s_03,a1_l_rate,yaw,-490,-0.039887647456211595
a1_s_03,a1_l_rate,yaw,-480,-0.0403222938293017
a1_s_03,a1_l_rate,yaw,-470,-0.040740451067020116
a1_s_03,a1_l_rate,yaw,-460,-0.041155896619412456
a1_s_03,a1_l_rate,yaw,-450,-0.04158782024486263
a1_s_03,a1_l_rate,yaw,-440,-0.04205355249645869
a1_s_03,a1_l_rate,yaw,-430,-0.04256164020344734
a1_s_03,a1_l_rate,yaw,-420,-0.04310955191848359
a1_s_03,a1_l_rate,yaw,-410,-0.04368657408897011
a1_s_03,a1_l_rate,yaw,-400,-0.04427926043019492
a1_s_03,a1_l_rate,yaw,-390,-0.04487613282434861
a1_s_03,a1_l_rate,yaw,-380,-0.04546966092953805
a1_s_03,a1_l_rate,yaw,-370,-0.046055472807988815
a1_s_03,a1_l_rate,yaw,-360,-0.04663020144994543
a1_s_03,a1_l_rate,yaw,-350,-0.04718945827162248
a1_s_03,a1_l_rate,yaw,-340,-0.047726982862717135
a1_s_03,a1_l_rate,yaw,-330,-0.048234756203910496
a1_s_03,a1_l_rate,yaw,-320,-0.048703226609949905
a1_s_03,a1_l_rate,yaw,-310,-0.049121508357660944
a1_s_03,a1_l_rate,yaw,-300,-0.04947817851023622
a1_s_03,a1_l_rate,yaw,-290,-0.049762775898500027
a1_s_03,a1_l_rate,yaw,-280,-0.04996756753887538
a1_s_03,a1_l_rate,yaw,-270,-0.05008960355149101
a1_s_03,a1_l_rate,yaw,-260,-0.050132765740638276
a1_s_03,a1_l_rate,yaw,-250,-0.05010844480567056
a1_s_03,a1_l_rate,yaw,-240,-0.05003336541086243
a1_s_03,a1_l_rate,yaw,-230,-0.049925388391177494
a1_s_03,a1_l_rate,yaw,-220,-0.04980089977930627
a1_s_03,a1_l_rate,yaw,-210,-0.049675544775226864
a1_s_03,a1_l_rate,yaw,-200,-0.04956706562046434
a1_s_03,a1_l_rate,yaw,-190,-0.049497443684809184
a1_s_03,a1_l_rate,yaw,-180,-0.04949368969888223
a1_s_03,a1_l_rate,yaw,-170,-0.04958838039380419
a1_s_03,a1_l_rate,yaw,-160,-0.049819998748444394
a1_s_03,a1_l_rate,yaw,-150,-0.05023118654854122
a1_s_03,a1_l_rate,yaw,-140,-0.05086335480661361
a1_s_03,a1_l_rate,yaw,-130,-0.0517493781541245
a1_s_03,a1_l_rate,yaw,-120,-0.05290829336165873
a1_s_03,a1_l_rate,yaw,-110,-0.054345441437962605
a1_s_03,a1_l_rate,yaw,-100,-0.056058663405004525
a1_s_03,a1_l_rate,yaw,-90,-0.05804801834066496
a1_s_03,a1_l_rate,yaw,-80,-0.06032408638364798
a1_s_03,a1_l_rate,yaw,-70,-0.06290995707870774
a1_s_03,a1_l_rate,yaw,-60,-0.0658359816009124
a1_s_03,a1_l_rate,yaw,-50,-0.0691315126579975
a1_s_03,a1_l_rate,yaw,-40,-0.07281966036255005
a1_s_03,a1_l_rate,yaw,-30,-0.07691763541381778
a1_s_03,a1_l_rate,yaw,-20,-0.0814404381745988
a1_s_03,a1_l_rate,yaw,-10,-0.08640352967494314
a1_s_03,a1_l_rate,yaw,0,-0.09182194468851489
a1_s_03,a1_l_rate,yaw,10,-0.09770596013957436
a1_s_03,a1_l_rate,yaw,20,-0.10405261950804309
a1_s_03,a1_l_rate,yaw,30,-0.11083589470253702
a1_s_03,a1_l_rate,yaw,40,-0.11799469427247584
a1_s_03,a1_l_rate,yaw,50,-0.1254265904032512
a1_s_03,a1_l_rate,yaw,60,-0.13299007933457443
a1_s_03,a1_l_rate,yaw,70,-0.14051479882405307
a1_s_03,a1_l_rate,yaw,80,-0.1478147243856923
a1_s_03,a1_l_rate,yaw,90,-0.15469918281646036
a1_s_03,a1_l_rate,yaw,100,-0.16097957024978307
a1_s_03,a1_l_rate,yaw,110,-0.16647303952961773
a1_s_03,a1_l_rate,yaw,120,-0.17100728238488525
a1_s_03,a1_l_rate,yaw,130,-0.17443072262812234
a1_s_03,a1_l_rate,yaw,140,-0.17662792104712985
a1_s_03,a1_l_rate,yaw,150,-0.1775333680633126
a1_s_03,a1_l_rate,yaw,160,-0.17713615559947427
a1_s_03,a1_l_rate,yaw,170,-0.17547476557683298
a1_s_03,a1_l_rate,yaw,180,-0.1726285252101524
a1_s_03,a1_l_rate,yaw,190,-0.16871147256390046
a1_s_03,a1_l_rate,yaw,200,-0.16386765474627354
a1_s_03,a1_l_rate,yaw,210,-0.15826288745962716
a1_s_03,a1_l_rate,yaw,220,-0.15207107237338677
a1_s_03,a1_l_rate,yaw,230,-0.1454602541624442
a1_s_03,a1_l_rate,yaw,240,-0.13858666831213828
a1_s_03,a1_l_rate,yaw,250,-0.1315949567734874
a1_s_03,a1_l_rate,yaw,260,-0.12462138182356086
a1_s_03,a1_l_rate,yaw,270,-0.117792095648234
a1_s_03,a1_l_rate,yaw,280,-0.11121538613628439
a1_s_03,a1_l_rate,yaw,290,-0.10497662661362787
a1_s_03,a1_l_rate,yaw,300,-0.09913592179764805
a1_s_03,a1_l_rate,yaw,310,-0.09373116165469589
a1_s_03,a1_l_rate,yaw,320,-0.08878228394208369
a1_s_03,a1_l_rate,yaw,330,-0.08429233245787361
a1_s_03,a1_l_rate,yaw,340,-0.08024914354308281
a1_s_03,a1_l_rate,yaw,350,-0.07662982625564148
a1_s_03,a1_l_rate,yaw,360,-0.07340626861664042
a1_s_03,a1_l_rate,yaw,370,-0.07054772932611342
a1_s_03,a1_l_rate,yaw,380,-0.06801959697629001
a1_s_03,a1_l_rate,yaw,390,-0.06578140110162232
a1_s_03,a1_l_rate,yaw,400,-0.06378885865255536
a1_s_03,a1_l_rate,yaw,410,-0.061996828627174115
a1_s_03,a1_l_rate,yaw,420,-0.06036669802159002
a1_s_03,a1_l_rate,yaw,430,-0.05886869051576407
a1_s_03,a1_l_rate,yaw,440,-0.057483018498472434
a1_s_03,a1_l_rate,yaw,450,-0.05619589094876649
a1_s_03,a1_l_rate,yaw,460,-0.0549948082426577
a1_s_03,a1_l_rate,yaw,470,-0.05386786484950821
a1_s_03,a1_l_rate,yaw,480,-0.05280921163749851
a1_s_03,a1_l_rate,yaw,490,-0.05182593723277184
a1_s_03,a1_l_rate,yaw,500,-0.05093836021218079
a1_s_06,a1_l_rate,yaw,-500,-0.04243961723172119
a1_s_06,a1_l_rate,yaw,-490,-0.04348883695034208
a1_s_06,a1_l_rate,yaw,-480,-0.044639841629855716
a1_s_06,a1_l_rate,yaw,-470,-0.04590590465806661
a1_s_06,a1_l_rate,yaw,-460,-0.04729924807524033
a1_s_06,a1_l_rate,yaw,-450,-0.048827998223967495
a1_s_06,a1_l_rate,yaw,-440,-0.05049397921077377
a1_s_06,a1_l_rate,yaw,-430,-0.05228679305314577
a1_s_06,a1_l_rate,yaw,-420,-0.054182404133042886
a1_s_06,a1_l_rate,yaw,-410,-0.05614916201805114
a1_s_06,a1_l_rate,yaw,-400,-0.05815697821689248
a1_s_06,a1_l_rate,yaw,-390,-0.06018567057443918
a1_s_06,a1_l_rate,yaw,-380,-0.062227332416531764
a1_s_06,a1_l_rate,yaw,-370,-0.06428827255423439
a1_s_06,a1_l_rate,yaw,-360,-0.06638871584767086
a1_s_06,a1_l_rate,yaw,-350,-0.06855378500983787
a1_s_06,a1_l_rate,yaw,-340,-0.07080887262490806
a1_s_06,a1_l_rate,yaw,-330,-0.07317897581239771
a1_s_06,a1_l_rate,yaw,-320,-0.0756883937636541
a1_s_06,a1_l_rate,yaw,-310,-0.07835632096482842
a1_s_06,a1_l_rate,yaw,-300,-0.08119563085253778
a1_s_06,a1_l_rate,yaw,-290,-0.08421123375219626
a1_s_06,a1_l_rate,yaw,-280,-0.08739409625258256
a1_s_06,a1_l_rate,yaw,-270,-0.09072488612016996
a1_s_06,a1_l_rate,yaw,-260,-0.09417917982711616
a1_s_06,a1_l_rate,yaw,-250,-0.09772652017115752
a1_s_06,a1_l_rate,yaw,-240,-0.10133144951047326
a1_s_06,a1_l_rate,yaw,-230,-0.10496427271350217
a1_s_06,a1_l_rate,yaw,-220,-0.10860031786457651
a1_s_06,a1_l_rate,yaw,-210,-0.11222757356366506
a1_s_06,a1_l_rate,yaw,-200,-0.1158416141867167
a1_s_06,a1_l_rate,yaw,-190,-0.11944137561702181
a1_s_06,a1_l_rate,yaw,-180,-0.12302547669502498
a1_s_06,a1_l_rate,yaw,-170,-0.12659317946603363
a1_s_06,a1_l_rate,yaw,-160,-0.13014483607221247
a1_s_06,a1_l_rate,yaw,-150,-0.13368573399634728
a1_s_06,a1_l_rate,yaw,-140,-0.13722428372233933
a1_s_06,a1_l_rate,yaw,-130,-0.14076635687963232
a1_s_06,a1_l_rate,yaw,-120,-0.14431603609136628
a1_s_06,a1_l_rate,yaw,-110,-0.14787697126644903
a1_s_06,a1_l_rate,yaw,-100,-0.15145581946770095
a1_s_06,a1_l_rate,yaw,-90,-0.1550693426406603
a1_s_06,a1_l_rate,yaw,-80,-0.15874193881089907
a1_s_06,a1_l_rate,yaw,-70,-0.16250466378176626
a1_s_06,a1_l_rate,yaw,-60,-0.1663870989599142
a1_s_06,a1_l_rate,yaw,-50,-0.17042455698721895
a1_s_06,a1_l_rate,yaw,-40,-0.17465661386316322
a1_s_06,a1_l_rate,yaw,-30,-0.17912425042443356
a1_s_06,a1_l_rate,yaw,-20,-0.18385170905248574
a1_s_06,a1_l_rate,yaw,-10,-0.18883960520401902
a1_s_06,a1_l_rate,yaw,0,-0.19405883511510227
a1_s_06,a1_l_rate,yaw,10,-0.1994506732346038
a1_s_06,a1_l_rate,yaw,20,-0.20496078985985616
a1_s_06,a1_l_rate,yaw,30,-0.2105255540589133
a1_s_06,a1_l_rate,yaw,40,-0.216067530211355
a1_s_06,a1_l_rate,yaw,50,-0.22147792760246873
a1_s_06,a1_l_rate,yaw,60,-0.226608392369269
a1_s_06,a1_l_rate,yaw,70,-0.2312806834582341
a1_s_06,a1_l_rate,yaw,80,-0.235311517938095
a1_s_06,a1_l_rate,yaw,90,-0.23853841011721488
a1_s_06,a1_l_rate,yaw,100,-0.2408292378483786
a1_s_06,a1_l_rate,yaw,110,-0.24207962769390298
a1_s_06,a1_l_rate,yaw,120,-0.24220722349261625
a1_s_06,a1_l_rate,yaw,130,-0.24114607710775082
a1_s_06,a1_l_rate,yaw,140,-0.2388555123958109
a1_s_06,a1_l_rate,yaw,150,-0.23533751254900923
a1_s_06,a1_l_rate,yaw,160,-0.2306491739386915
a1_s_06,a1_l_rate,yaw,170,-0.22490517114023129
a1_s_06,a1_l_rate,yaw,180,-0.21826489900699678
a1_s_06,a1_l_rate,yaw,190,-0.21091395924223774
a1_s_06,a1_l_rate,yaw,200,-0.2030480620264958
a1_s_06,a1_l_rate,yaw,210,-0.1948630372123443
a1_s_06,a1_l_rate,yaw,220,-0.18655115639243802
a1_s_06,a1_l_rate,yaw,230,-0.17829503529234347
a1_s_06,a1_l_rate,yaw,240,-0.17025918805386211
a1_s_06,a1_l_rate,yaw,250,-0.16258219651454345
a1_s_06,a1_l_rate,yaw,260,-0.15537097290528054
a1_s_06,a1_l_rate,yaw,270,-0.14869894923606747
a1_s_06,a1_l_rate,yaw,280,-0.14261127057018078
a1_s_06,a1_l_rate,yaw,290,-0.1371282933935439
a1_s_06,a1_l_rate,yaw,300,-0.1322471913538349
a1_s_06,a1_l_rate,yaw,310,-0.12794501388817114
a1_s_06,a1_l_rate,yaw,320,-0.12417959250590271
a1_s_06,a1_l_rate,yaw,330,-0.12089296520229856
a1_s_06,a1_l_rate,yaw,340,-0.11801521658587405
a1_s_06,a1_l_rate,yaw,350,-0.1154726621252962
a1_s_06,a1_l_rate,yaw,360,-0.11319348613902183
a1_s_06,a1_l_rate,yaw,370,-0.1111122249957958
a1_s_06,a1_l_rate,yaw,380,-0.10916980654174638
a1_s_06,a1_l_rate,yaw,390,-0.10731338684813002
a1_s_06,a1_l_rate,yaw,400,-0.10549655051582735
a1_s_06,a1_l_rate,yaw,410,-0.1036841389298644
a1_s_06,a1_l_rate,yaw,420,-0.101852531661365
a1_s_06,a1_l_rate,yaw,430,-0.09999420503977452
a1_s_06,a1_l_rate,yaw,440,-0.09811491910079415
a1_s_06,a1_l_rate,yaw,450,-0.09622674276713937
a1_s_06,a1_l_rate,yaw,460,-0.09434095851015818
a1_s_06,a1_l_rate,yaw,470,-0.09246600414827344
a1_s_06,a1_l_rate,yaw,480,-0.09061131876244356
a1_s_06,a1_l_rate,yaw,490,-0.08879268695223803
a1_s_06,a1_l_rate,yaw,500,-0.08703365717721717
a1_s_07,a1_l_rate,yaw,-500,0.06618716712365293
a1_s_07,a1_l_rate,yaw,-490,0.06562482754101187
a1_s_07,a1_l_rate,yaw,-480,0.06496567118912097
a1_s_07,a1_l_rate,yaw,-470,0.06418910202599898
a1_s_07,a1_l_rate,yaw,-460,0.06327400693389482
a1_s_07,a1_l_rate,yaw,-450,0.06220221488040836
a1_s_07,a1_l_rate,yaw,-440,0.06096327304379598
a1_s_07,a1_l_rate,yaw,-430,0.059563042623305494
a1_s_07,a1_l_rate,yaw,-420,0.058023634717434706
a1_s_07,a1_l_rate,yaw,-410,0.0563735631969924
a1_s_07,a1_l_rate,yaw,-400,0.0546388227557119
a1_s_07,a1_l_rate,yaw,-390,0.05283632722653315
a1_s_07,a1_l_rate,yaw,-380,0.05097715431651213
a1_s_07,a1_l_rate,yaw,-370,0.049073056753258806
a1_s_07,a1_l_rate,yaw,-360,0.047141186976605284
a1_s_07,a1_l_rate,yaw,-350,0.0452021691666575
a1_s_07,a1_l_rate,yaw,-340,0.04327524776483255
a1_s_07,a1_l_rate,yaw,-330,0.04137213831018655
a1_s_07,a1_l_rate,yaw,-320,0.039492465663455864
a1_s_07,a1_l_rate,yaw,-310,0.03762505489322389
a1_s_07,a1_l_rate,yaw,-300,0.035754486430922126
a1_s_07,a1_l_rate,yaw,-290,0.03386522601266973
a1_s_07,a1_l_rate,yaw,-280,0.03194648971368902
a1_s_07,a1_l_rate,yaw,-270,0.029991182226019094
a1_s_07,a1_l_rate,yaw,-260,0.027992581538957787
a1_s_07,a1_l_rate,yaw,-250,0.02594441955904075
a1_s_07,a1_l_rate,yaw,-240,0.023843142082042447
a1_s_07,a1_l_rate,yaw,-230,0.021691116823816824
a1_s_07,a1_l_rate,yaw,-220,0.019494973223957473
a1_s_07,a1_l_rate,yaw,-210,0.017257156148594282
a1_s_07,a1_l_rate,yaw,-200,0.01496984871485866
a1_s_07,a1_l_rate,yaw,-190,0.012612774349423447
a1_s_07,a1_l_rate,yaw,-180,0.010159746536123329
a1_s_07,a1_l_rate,yaw,-170,0.00758502737378342
a1_s_07,a1_l_rate,yaw,-160,0.004866439863668584
a1_s_07,a1_l_rate,yaw,-150,0.001986078974523457
a1_s_07,a1_l_rate,yaw,-140,-0.0010690458558984923
a1_s_07,a1_l_rate,yaw,-130,-0.004306001012983641
a1_s_07,a1_l_rate,yaw,-120,-0.007727630013261458
a1_s_07,a1_l_rate,yaw,-110,-0.011339219310171218
a1_s_07,a1_l_rate,yaw,-100,-0.015150285195104427
a1_s_07,a1_l_rate,yaw,-90,-0.01917038979930001
a1_s_07,a1_l_rate,yaw,-80,-0.023399676515184428
a1_s_07,a1_l_rate,yaw,-70,-0.027817574609824623
a1_s_07,a1_l_rate,yaw,-60,-0.03238119139541053
a1_s_07,a1_l_rate,yaw,-50,-0.03703251077829037
a1_s_07,a1_l_rate,yaw,-40,-0.04170942664782574
a1_s_07,a1_l_rate,yaw,-30,-0.04635301787726038
a1_s_07,a1_l_rate,yaw,-20,-0.05090395971935191
a1_s_07,a1_l_rate,yaw,-10,-0.05528954006116982
a1_s_07,a1_l_rate,yaw,0,-0.05941670582454511
a1_s_07,a1_l_rate,yaw,10,-0.06317849361558185
a1_s_07,a1_l_rate,yaw,20,-0.0664854734293346
a1_s_07,a1_l_rate,yaw,30,-0.06928467520009744
a1_s_07,a1_l_rate,yaw,40,-0.0715676467194303
a1_s_07,a1_l_rate,yaw,50,-0.07335654869099184
a1_s_07,a1_l_rate,yaw,60,-0.07467870428119305
a1_s_07,a1_l_rate,yaw,70,-0.07554745820788927
a1_s_07,a1_l_rate,yaw,80,-0.07595974575192893
a1_s_07,a1_l_rate,yaw,90,-0.0759124531247472
a1_s_07,a1_l_rate,yaw,100,-0.07541438781765236
a1_s_07,a1_l_rate,yaw,110,-0.07449364187153079
a1_s_07,a1_l_rate,yaw,120,-0.0731863201305211
a1_s_07,a1_l_rate,yaw,130,-0.07151982126798882
a1_s_07,a1_l_rate,yaw,140,-0.0695037580240055
a1_s_07,a1_l_rate,yaw,150,-0.06713387402022836
a1_s_07,a1_l_rate,yaw,160,-0.0644072391119493
a1_s_07,a1_l_rate,yaw,170,-0.06132868026565793
a1_s_07,a1_l_rate,yaw,180,-0.05791701241274262
a1_s_07,a1_l_rate,yaw,190,-0.05420282341883483
a1_s_07,a1_l_rate,yaw,200,-0.0502251571947962
a1_s_07,a1_l_rate,yaw,210,-0.046028163425095726
a1_s_07,a1_l_rate,yaw,220,-0.04165880241936511
a1_s_07,a1_l_rate,yaw,230,-0.03716614682681519
a1_s_07,a1_l_rate,yaw,240,-0.032602690381157734
a1_s_07,a1_l_rate,yaw,250,-0.028025822622110688
a1_s_07,a1_l_rate,yaw,260,-0.023496815727147586
a1_s_07,a1_l_rate,yaw,270,-0.019076145911144385
a1_s_07,a1_l_rate,yaw,280,-0.014816857633757839
a1_s_07,a1_l_rate,yaw,290,-0.010759444458468735
a1_s_07,a1_l_rate,yaw,300,-0.006930975264732728
a1_s_07,a1_l_rate,yaw,310,-0.003349325165556519
a1_s_07,a1_l_rate,yaw,320,-2.952438835932318e-05
a1_s_07,a1_l_rate,yaw,330,0.003013630902465662
a1_s_07,a1_l_rate,yaw,340,0.005771923398608784
a1_s_07,a1_l_rate,yaw,350,0.008251227245549091
a1_s_07,a1_l_rate,yaw,360,0.010477697425913608
a1_s_07,a1_l_rate,yaw,370,0.01248893163157017
a1_s_07,a1_l_rate,yaw,380,0.014317010081345956
a1_s_07,a1_l_rate,yaw,390,0.01597777707523166
a1_s_07,a1_l_rate,yaw,400,0.017474145079251744
a1_s_07,a1_l_rate,yaw,410,0.01880957945771404
a1_s_07,a1_l_rate,yaw,420,0.019999670588099636
a1_s_07,a1_l_rate,yaw,430,0.021073314067175407
a1_s_07,a1_l_rate,yaw,440,0.02206744193038359
a1_s_07,a1_l_rate,yaw,450,0.02301436918758006
a1_s_07,a1_l_rate,yaw,460,0.023932603971582034
a1_s_07,a1_l_rate,yaw,470,0.024830653210258288
a1_s_07,a1_l_rate,yaw,480,0.025706116966791644
a1_s_07,a1_l_rate,yaw,490,0.026549605710854185
a1_s_07,a1_l_rate,yaw,500,0.02734653696168422
a2_s_01,a2_l_rate,yaw,-500,-0.17667841261094744
a2_s_01,a2_l_rate,yaw,-490,-0.17748542547132193
a2_s_01,a2_l_rate,yaw,-480,-0.17818972103264677
a2_s_01,a2_l_rate,yaw,-470,-0.1788215374908559
a2_s_01,a2_l_rate,yaw,-460,-0.17940979335438922
a2_s_01,a2_l_rate,yaw,-450,-0.17998174567932787
a2_s_01,a2_l_rate,yaw,-440,-0.1805644551515221
a2_s_01,a2_l_rate,yaw,-430,-0.18118487952742082
a2_s_01,a2_l_rate,yaw,-420,-0.18186671060275417
a2_s_01,a2_l_rate,yaw,-410,-0.18262503493735752
a2_s_01,a2_l_rate,yaw,-400,-0.18346319771720035
a2_s_01,a2_l_rate,yaw,-390,-0.18437591186525396
a2_s_01,a2_l_rate,yaw,-380,-0.18535793671144468
a2_s_01,a2_l_rate,yaw,-370,-0.1864121137702094
a2_s_01,a2_l_rate,yaw,-360,-0.1875507489787094
a2_s_01,a2_l_rate,yaw,-350,-0.18878977353664292
a2_s_01,a2_l_rate,yaw,-340,-0.19014083147858848
a2_s_01,a2_l_rate,yaw,-330,-0.1916068186582658
a2_s_01,a2_l_rate,yaw,-320,-0.1931826043391404
a2_s_01,a2_l_rate,yaw,-310,-0.19485852560842587
a2_s_01,a2_l_rate,yaw,-300,-0.1966231901373771
a2_s_01,a2_l_rate,yaw,-290,-0.1984639964340222
a2_s_01,a2_l_rate,yaw,-280,-0.20036609038411288
a2_s_01,a2_l_rate,yaw,-270,-0.2023113426282486
a2_s_01,a2_l_rate,yaw,-260,-0.2042779571926341
a2_s_01,a2_l_rate,yaw,-250,-0.2062405565360304
a2_s_01,a2_l_rate,yaw,-240,-0.2081707020976421
a2_s_01,a2_l_rate,yaw,-230,-0.2100383225691534
a2_s_01,a2_l_rate,yaw,-220,-0.2118140188434335
a2_s_01,a2_l_rate,yaw,-210,-0.21347073029553806
a2_s_01,a2_l_rate,yaw,-200,-0.21498280852654117
a2_s_01,a2_l_rate,yaw,-190,-0.2163217738603224
a2_s_01,a2_l_rate,yaw,-180,-0.21745119731117668
a2_s_01,a2_l_rate,yaw,-170,-0.21832437305018104
a2_s_01,a2_l_rate,yaw,-160,-0.21888685657984044
a2_s_01,a2_l_rate,yaw,-150,-0.2190815545759814
a2_s_01,a2_l_rate,yaw,-140,-0.21885247101064123
a2_s_01,a2_l_rate,yaw,-130,-0.21814562473326327
a2_s_01,a2_l_rate,yaw,-120,-0.21690929893666286
a2_s_01,a2_l_rate,yaw,-110,-0.21509657212768926
a2_s_01,a2_l_rate,yaw,-100,-0.2126711662526735
a2_s_01,a2_l_rate,yaw,-90,-0.20961576924421355
a2_s_01,a2_l_rate,yaw,-80,-0.20594141617777073
a2_s_01,a2_l_rate,yaw,-70,-0.2016961202946701
a2_s_01,a2_l_rate,yaw,-60,-0.19696982442242242
a2_s_01,a2_l_rate,yaw,-50,-0.19189354837489167
a2_s_01,a2_l_rate,yaw,-40,-0.18663354554503883
a2_s_01,a2_l_rate,yaw,-30,-0.1813846751665374
a2_s_01,a2_l_rate,yaw,-20,-0.17636769177879708
a2_s_01,a2_l_rate,yaw,-10,-0.17183239846163492
a2_s_01,a2_l_rate,yaw,0,-0.1680641011001705
a2_s_01,a2_l_rate,yaw,10,-0.16538635218730277
a2_s_01,a2_l_rate,yaw,20,-0.16414909226267554
a2_s_01,a2_l_rate,yaw,30,-0.16469858237539797
a2_s_01,a2_l_rate,yaw,40,-0.16732964404912892
a2_s_01,a2_l_rate,yaw,50,-0.17223561153886588
a2_s_01,a2_l_rate,yaw,60,-0.1794733878236571
a2_s_01,a2_l_rate,yaw,70,-0.18895336501932183
a2_s_01,a2_l_rate,yaw,80,-0.20045105502891378
a2_s_01,a2_l_rate,yaw,90,-0.21362896131023698
a2_s_01,a2_l_rate,yaw,100,-0.2280585833751614
a2_s_01,a2_l_rate,yaw,110,-0.24324060226337849
a2_s_01,a2_l_rate,yaw,120,-0.2586282673936429
a2_s_01,a2_l_rate,yaw,130,-0.2736595929260076
a2_s_01,a2_l_rate,yaw,140,-0.2877983633229598
a2_s_01,a2_l_rate,yaw,150,-0.3005774831644207
a2_s_01,a2_l_rate,yaw,160,-0.31163466712957677
a2_s_01,a2_l_rate,yaw,170,-0.3207318774504643
a2_s_01,a2_l_rate,yaw,180,-0.3277547583492245
a2_s_01,a2_l_rate,yaw,190,-0.3326945088429864
a2_s_01,a2_l_rate,yaw,200,-0.3356204982256842
a2_s_01,a2_l_rate,yaw,210,-0.3366542410746778
a2_s_01,a2_l_rate,yaw,220,-0.3359520066344117
a2_s_01,a2_l_rate,yaw,230,-0.3336961488950147
a2_s_01,a2_l_rate,yaw,240,-0.3300898710741056
a2_s_01,a2_l_rate,yaw,250,-0.3253502142915421
a2_s_01,a2_l_rate,yaw,260,-0.31969822255255625
a2_s_01,a2_l_rate,yaw,270,-0.31334903360788474
a2_s_01,a2_l_rate,yaw,280,-0.3065049505234992
a2_s_01,a2_l_rate,yaw,290,-0.299352298044165
a2_s_01,a2_l_rate,yaw,300,-0.2920608640281656
a2_s_01,a2_l_rate,yaw,310,-0.2847837274264017
a2_s_01,a2_l_rate,yaw,320,-0.2776555995402493
a2_s_01,a2_l_rate,yaw,330,-0.2707893990565301
a2_s_01,a2_l_rate,yaw,340,-0.2642728088062549
a2_s_01,a2_l_rate,yaw,350,-0.2581668931309088
a2_s_01,a2_l_rate,yaw,360,-0.25250752347733396
a2_s_01,a2_l_rate,yaw,370,-0.247309266108709
a2_s_01,a2_l_rate,yaw,380,-0.24257099463713444
a2_s_01,a2_l_rate,yaw,390,-0.2382817121475465
a2_s_01,a2_l_rate,yaw,400,-0.23442451238064277
a2_s_01,a2_l_rate,yaw,410,-0.23097740152724686
a2_s_01,a2_l_rate,yaw,420,-0.2279121935899938
a2_s_01,a2_l_rate,yaw,430,-0.22519445081344466
a2_s_01,a2_l_rate,yaw,440,-0.22278658064688406
a2_s_01,a2_l_rate,yaw,450,-0.22065316567559978
a2_s_01,a2_l_rate,yaw,460,-0.2187652593192698
a2_s_01,a2_l_rate,yaw,470,-0.21710105502718557
a2_s_01,a2_l_rate,yaw,480,-0.21564317305026867
a2_s_01,a2_l_rate,yaw,490,-0.21437513212415985
a2_s_01,a2_l_rate,yaw,500,-0.2132795550105109
a2_s_07,a2_l_rate,yaw,-500,-0.10750804105261315
a2_s_07,a2_l_rate,yaw,-490,-0.10907961436868834
a2_s_07,a2_l_rate,yaw,-480,-0.11057404141364814
a2_s_07,a2_l_rate,yaw,-470,-0.11196397475874555
a2_s_07,a2_l_rate,yaw,-460,-0.11322786497397902
a2_s_07,a2_l_rate,yaw,-450,-0.11435653032350968
a2_s_07,a2_l_rate,yaw,-440,-0.11535645542551082
a2_s_07,a2_l_rate,yaw,-430,-0.11624892981708249
a2_s_07,a2_l_rate,yaw,-420,-0.11706525228287144
a2_s_07,a2_l_rate,yaw,-410,-0.11783919325686394
a2_s_07,a2_l_rate,yaw,-400,-0.1185994135500172
a2_s_07,a2_l_rate,yaw,-390,-0.11936548382461555
a2_s_07,a2_l_rate,yaw,-380,-0.120149605902881
a2_s_07,a2_l_rate,yaw,-370,-0.1209627152500323
a2_s_07,a2_l_rate,yaw,-360,-0.12182069501842595
a2_s_07,a2_l_rate,yaw,-350,-0.12274648170233028
a2_s_07,a2_l_rate,yaw,-340,-0.12376747804115568
a2_s_07,a2_l_rate,yaw,-330,-0.12491132767377515
a2_s_07,a2_l_rate,yaw,-320,-0.1262032524459105
a2_s_07,a2_l_rate,yaw,-310,-0.12766517028949545
a2_s_07,a2_l_rate,yaw,-300,-0.12931431229988857
a2_s_07,a2_l_rate,yaw,-290,-0.13116059091727447
a2_s_07,a2_l_rate,yaw,-280,-0.13320474409461572
a2_s_07,a2_l_rate,yaw,-270,-0.13543918445016132
a2_s_07,a2_l_rate,yaw,-260,-0.13785061103684132
a2_s_07,a2_l_rate,yaw,-250,-0.14042179379065722
a2_s_07,a2_l_rate,yaw,-240,-0.14313147057022063
a2_s_07,a2_l_rate,yaw,-230,-0.14595377551204294
a2_s_07,a2_l_rate,yaw,-220,-0.14885856239544384
a2_s_07,a2_l_rate,yaw,-210,-0.15181207923955925
a2_s_07,a2_l_rate,yaw,-200,-0.1547768163363655
a2_s_07,a2_l_rate,yaw,-190,-0.15771114330631375
a2_s_07,a2_l_rate,yaw,-180,-0.16057034733390785
a2_s_07,a2_l_rate,yaw,-170,-0.16330853966105416
a2_s_07,a2_l_rate,yaw,-160,-0.16587861973796955
a2_s_07,a2_l_rate,yaw,-150,-0.16822895605857816
a2_s_07,a2_l_rate,yaw,-140,-0.1703002231095638
a2_s_07,a2_l_rate,yaw,-130,-0.1720275884148423
a2_s_07,a2_l_rate,yaw,-120,-0.17334921967241912
a2_s_07,a2_l_rate,yaw,-110,-0.17421626118519515
a2_s_07,a2_l_rate,yaw,-100,-0.17459902607789327
a2_s_07,a2_l_rate,yaw,-90,-0.17448935556214282
a2_s_07,a2_l_rate,yaw,-80,-0.17390329609106805
a2_s_07,a2_l_rate,yaw,-70,-0.17288672937634675
a2_s_07,a2_l_rate,yaw,-60,-0.1715212246042781
a2_s_07,a2_l_rate,yaw,-50,-0.16992494154791418
a2_s_07,a2_l_rate,yaw,-40,-0.16824644972984362
a2_s_07,a2_l_rate,yaw,-30,-0.16665473536872455
a2_s_07,a2_l_rate,yaw,-20,-0.16533052018498315
a2_s_07,a2_l_rate,yaw,-10,-0.1644610712739426
a2_s_07,a2_l_rate,yaw,0,-0.16423583518469725
a2_s_07,a2_l_rate,yaw,10,-0.16483851055908688
a2_s_07,a2_l_rate,yaw,20,-0.16643232577910352
a2_s_07,a2_l_rate,yaw,30,-0.16914165421565755
a2_s_07,a2_l_rate,yaw,40,-0.17303214159883218
a2_s_07,a2_l_rate,yaw,50,-0.17809392583374203
a2_s_07,a2_l_rate,yaw,60,-0.184232155378789
a2_s_07,a2_l_rate,yaw,70,-0.19126919582318022
a2_s_07,a2_l_rate,yaw,80,-0.19896027640721234
a2_s_07,a2_l_rate,yaw,90,-0.2070185748161567
a2_s_07,a2_l_rate,yaw,100,-0.21514225830140057
a2_s_07,a2_l_rate,yaw,110,-0.22303770218881247
a2_s_07,a2_l_rate,yaw,120,-0.2304380557858539
a2_s_07,a2_l_rate,yaw,130,-0.23711806533082988
a2_s_07,a2_l_rate,yaw,140,-0.242904221789039
a2_s_07,a2_l_rate,yaw,150,-0.247677580512819
a2_s_07,a2_l_rate,yaw,160,-0.2513683437582435
a2_s_07,a2_l_rate,yaw,170,-0.25394577327815016
a2_s_07,a2_l_rate,yaw,180,-0.2554099720658853
a2_s_07,a2_l_rate,yaw,190,-0.2557901111933874
a2_s_07,a2_l_rate,yaw,200,-0.2551476462338229
a2_s_07,a2_l_rate,yaw,210,-0.25357843953986065
a2_s_07,a2_l_rate,yaw,220,-0.2512084609955254
a2_s_07,a2_l_rate,yaw,230,-0.2481830256516792
a2_s_07,a2_l_rate,yaw,240,-0.2446539086985057
a2_s_07,a2_l_rate,yaw,250,-0.2407690278752187
a2_s_07,a2_l_rate,yaw,260,-0.23666627184455102
a2_s_07,a2_l_rate,yaw,270,-0.23247005285124478
a2_s_07,a2_l_rate,yaw,280,-0.22828870597859313
a2_s_07,a2_l_rate,yaw,290,-0.22421198172414564
a2_s_07,a2_l_rate,yaw,300,-0.2203093006980635
a2_s_07,a2_l_rate,yaw,310,-0.21662967253937238
a2_s_07,a2_l_rate,yaw,320,-0.21320345199193083
a2_s_07,a2_l_rate,yaw,330,-0.2100450701260124
a2_s_07,a2_l_rate,yaw,340,-0.207156246357311
a2_s_07,a2_l_rate,yaw,350,-0.20452933069611898
a2_s_07,a2_l_rate,yaw,360,-0.20215042026530855
a2_s_07,a2_l_rate,yaw,370,-0.20000151072343644
a2_s_07,a2_l_rate,yaw,380,-0.19806140544120057
a2_s_07,a2_l_rate,yaw,390,-0.19630619124890475
a2_s_07,a2_l_rate,yaw,400,-0.19471039496905423
a2_s_07,a2_l_rate,yaw,410,-0.19324923771040275
a2_s_07,a2_l_rate,yaw,420,-0.19190126698458962
a2_s_07,a2_l_rate,yaw,430,-0.1906498794535049
a2_s_07,a2_l_rate,yaw,440,-0.18948239106872997
a2_s_07,a2_l_rate,yaw,450,-0.1883869112514835
a2_s_07,a2_l_rate,yaw,460,-0.18734943349959726
a2_s_07,a2_l_rate,yaw,470,-0.18635353475387403
a2_s_07,a2_l_rate,yaw,480,-0.1853823010001951
a2_s_07,a2_l_rate,yaw,490,-0.18441956071662383
a2_s_07,a2_l_rate,yaw,500,-0.18344877202441592
a2_s_08,a2_l_rate,yaw,-500,-0.1064806528148195
a2_s_08,a2_l_rate,yaw,-490,-0.10727120463917171
a2_s_08,a2_l_rate,yaw,-480,-0.10814341551670789
a2_s_08,a2_l_rate,yaw,-470,-0.10909901545256274
a2_s_08,a2_l_rate,yaw,-460,-0.11014315605127911
a2_s_08,a2_l_rate,yaw,-450,-0.11127872251745316
a2_s_08,a2_l_rate,yaw,-440,-0.11249950531382517
a2_s_08,a2_l_rate,yaw,-430,-0.11378813055899638
a2_s_08,a2_l_rate,yaw,-420,-0.11512023086311897
a2_s_08,a2_l_rate,yaw,-410,-0.11647111728566029
a2_s_08,a2_l_rate,yaw,-400,-0.11781962447092419
a2_s_08,a2_l_rate,yaw,-390,-0.11914713291899777
a2_s_08,a2_l_rate,yaw,-380,-0.12043390616119201
a2_s_08,a2_l_rate,yaw,-370,-0.12165657086725529
a2_s_08,a2_l_rate,yaw,-360,-0.12278943624779459
a2_s_08,a2_l_rate,yaw,-350,-0.12380953885107995
a2_s_08,a2_l_rate,yaw,-340,-0.12470253693219144
a2_s_08,a2_l_rate,yaw,-330,-0.12546645389321998
a2_s_08,a2_l_rate,yaw,-320,-0.12611166472843466
a2_s_08,a2_l_rate,yaw,-310,-0.12665785526379938
a2_s_08,a2_l_rate,yaw,-300,-0.1271292389452161
a2_s_08,a2_l_rate,yaw,-290,-0.12754915918652032
a2_s_08,a2_l_rate,yaw,-280,-0.12793521791093498
a2_s_08,a2_l_rate,yaw,-270,-0.1282964315322797
a2_s_08,a2_l_rate,yaw,-260,-0.12863361726950642
a2_s_08,a2_l_rate,yaw,-250,-0.128942758510673
a2_s_08,a2_l_rate,yaw,-240,-0.12921987386341532
a2_s_08,a2_l_rate,yaw,-230,-0.12946469347843512
a2_s_08,a2_l_rate,yaw,-220,-0.12968096798665874
a2_s_08,a2_l_rate,yaw,-210,-0.12987330787609158
a2_s_08,a2_l_rate,yaw,-200,-0.13004334491224914
a2_s_08,a2_l_rate,yaw,-190,-0.13018838669326824
a2_s_08,a2_l_rate,yaw,-180,-0.13030287791313813
a2_s_08,a2_l_rate,yaw,-170,-0.1303794202638379
a2_s_08,a2_l_rate,yaw,-160,-0.13040655520722852
a2_s_08,a2_l_rate,yaw,-150,-0.13036400708449114
a2_s_08,a2_l_rate,yaw,-140,-0.13021913444954045
a2_s_08,a2_l_rate,yaw,-130,-0.12992685170773943
a2_s_08,a2_l_rate,yaw,-120,-0.12943265858850359
a2_s_08,a2_l_rate,yaw,-110,-0.12867767115841147
a2_s_08,a2_l_rate,yaw,-100,-0.12760585406925257
a2_s_08,a2_l_rate,yaw,-90,-0.126173633900393
a2_s_08,a2_l_rate,yaw,-80,-0.12436069723325005
a2_s_08,a2_l_rate,yaw,-70,-0.12217986714449933
a2_s_08,a2_l_rate,yaw,-60,-0.11968410073178097
a2_s_08,a2_l_rate,yaw,-50,-0.11697020265135168
a2_s_08,a2_l_rate,yaw,-40,-0.11417839144522006
a2_s_08,a2_l_rate,yaw,-30,-0.11148945368551695
a2_s_08,a2_l_rate,yaw,-20,-0.10912090743520475
a2_s_08,a2_l_rate,yaw,-10,-0.1073238146748745
a2_s_08,a2_l_rate,yaw,0,-0.10637803162005446
a2_s_08,a2_l_rate,yaw,10,-0.10658165278423745
a2_s_08,a2_l_rate,yaw,20,-0.1082324631584038
a2_s_08,a2_l_rate,yaw,30,-0.11159251242931001
a2_s_08,a2_l_rate,yaw,40,-0.11684616185178058
a2_s_08,a2_l_rate,yaw,50,-0.12405734340907926
a2_s_08,a2_l_rate,yaw,60,-0.1331455500764437
a2_s_08,a2_l_rate,yaw,70,-0.14388484041299815
a2_s_08,a2_l_rate,yaw,80,-0.15592136802468273
a2_s_08,a2_l_rate,yaw,90,-0.1688065113316437
a2_s_08,a2_l_rate,yaw,100,-0.1820298543780146
a2_s_08,a2_l_rate,yaw,110,-0.1950534256693905
a2_s_08,a2_l_rate,yaw,120,-0.2073464402785333
a2_s_08,a2_l_rate,yaw,130,-0.21842261352909434
a2_s_08,a2_l_rate,yaw,140,-0.22787539687159578
a2_s_08,a2_l_rate,yaw,150,-0.2354091749071834
a2_s_08,a2_l_rate,yaw,160,-0.2408546168342464
a2_s_08,a2_l_rate,yaw,170,-0.24416702253035416
a2_s_08,a2_l_rate,yaw,180,-0.2454088975701795
a2_s_08,a2_l_rate,yaw,190,-0.24472629510921062
a2_s_08,a2_l_rate,yaw,200,-0.24232431890076686
a2_s_08,a2_l_rate,yaw,210,-0.2384432899218741
a2_s_08,a2_l_rate,yaw,220,-0.23333824052056992
a2_s_08,a2_l_rate,yaw,230,-0.22726518446744132
a2_s_08,a2_l_rate,yaw,240,-0.22047252542556156
a2_s_08,a2_l_rate,yaw,250,-0.2131980421323474
a2_s_08,a2_l_rate,yaw,260,-0.20566387704141448
a2_s_08,a2_l_rate,yaw,270,-0.19807062648495616
a2_s_08,a2_l_rate,yaw,280,-0.1905920391379151
a2_s_08,a2_l_rate,yaw,290,-0.18337284420055733
a2_s_08,a2_l_rate,yaw,300,-0.17653000820431236
a2_s_08,a2_l_rate,yaw,310,-0.17015405862802435
a2_s_08,a2_l_rate,yaw,320,-0.16430771346058587
a2_s_08,a2_l_rate,yaw,330,-0.15902567918137306
a2_s_08,a2_l_rate,yaw,340,-0.15432061606138772
a2_s_08,a2_l_rate,yaw,350,-0.15018699198326657
a2_s_08,a2_l_rate,yaw,360,-0.14660698760567734
a2_s_08,a2_l_rate,yaw,370,-0.1435536182343536
a2_s_08,a2_l_rate,yaw,380,-0.14099164414998155
a2_s_08,a2_l_rate,yaw,390,-0.1388781737913781
a2_s_08,a2_l_rate,yaw,400,-0.13716399714930433
a2_s_08,a2_l_rate,yaw,410,-0.1357971419993619
a2_s_08,a2_l_rate,yaw,420,-0.1347261192687336
a2_s_08,a2_l_rate,yaw,430,-0.13390065864251927
a2_s_08,a2_l_rate,yaw,440,-0.13326963466268496
a2_s_08,a2_l_rate,yaw,450,-0.13278146064406257
a2_s_08,a2_l_rate,yaw,460,-0.13238585286154889
a2_s_08,a2_l_rate,yaw,470,-0.13203687421359353
a2_s_08,a2_l_rate,yaw,480,-0.13169536853203714
a2_s_08,a2_l_rate,yaw,490,-0.13132990483727766
a2_s_08,a2_l_rate,yaw,500,-0.13091746646389416
a1_a2_d_01,a2_l_rate,yaw,-500,-0.12435633956728359
a1_a2_d_01,a2_l_rate,yaw,-490,-0.1242922901055344
a1_a2_d_01,a2_l_rate,yaw,-480,-0.12422246027261533
a1_a2_d_01,a2_l_rate,yaw,-470,-0.12415446638884249
a1_a2_d_01,a2_l_rate,yaw,-460,-0.12409342217520503
a1_a2_d_01,a2_l_rate,yaw,-450,-0.12404128477437024
a1_a2_d_01,a2_l_rate,yaw,-440,-0.1239992593407349
a1_a2_d_01,a2_l_rate,yaw,-430,-0.12396629522492288
a1_a2_d_01,a2_l_rate,yaw,-420,-0.12394714865548055
a1_a2_d_01,a2_l_rate,yaw,-410,-0.12395171340297143
a1_a2_d_01,a2_l_rate,yaw,-400,-0.12399420142418127
a1_a2_d_01,a2_l_rate,yaw,-390,-0.1240905475577428
a1_a2_d_01,a2_l_rate,yaw,-380,-0.12425349200064469
a1_a2_d_01,a2_l_rate,yaw,-370,-0.12449082931793154
a1_a2_d_01,a2_l_rate,yaw,-360,-0.1248051595930162
a1_a2_d_01,a2_l_rate,yaw,-350,-0.1252010837552458
a1_a2_d_01,a2_l_rate,yaw,-340,-0.1256853362192559
a1_a2_d_01,a2_l_rate,yaw,-330,-0.12626932364303525
a1_a2_d_01,a2_l_rate,yaw,-320,-0.12696323142129212
a1_a2_d_01,a2_l_rate,yaw,-310,-0.1277738126986593
a1_a2_d_01,a2_l_rate,yaw,-300,-0.12869443101221345
a1_a2_d_01,a2_l_rate,yaw,-290,-0.12970320523426998
a1_a2_d_01,a2_l_rate,yaw,-280,-0.1307673562205152
a1_a2_d_01,a2_l_rate,yaw,-270,-0.13184729010023338
a1_a2_d_01,a2_l_rate,yaw,-260,-0.1329030361553372
a1_a2_d_01,a2_l_rate,yaw,-250,-0.1338981599718836
a1_a2_d_01,a2_l_rate,yaw,-240,-0.13479753236017653
a1_a2_d_01,a2_l_rate,yaw,-230,-0.1355603738458767
a1_a2_d_01,a2_l_rate,yaw,-220,-0.13614150529923744
a1_a2_d_01,a2_l_rate,yaw,-210,-0.13649196514515616
a1_a2_d_01,a2_l_rate,yaw,-200,-0.136563975618071
a1_a2_d_01,a2_l_rate,yaw,-190,-0.13631134934705447
a1_a2_d_01,a2_l_rate,yaw,-180,-0.13568550555398015
a1_a2_d_01,a2_l_rate,yaw,-170,-0.1346304727580962
a1_a2_d_01,a2_l_rate,yaw,-160,-0.13308413240941377
a1_a2_d_01,a2_l_rate,yaw,-150,-0.13098402430973174
a1_a2_d_01,a2_l_rate,yaw,-140,-0.12827489654799945
a1_a2_d_01,a2_l_rate,yaw,-130,-0.12491922028602816
a1_a2_d_01,a2_l_rate,yaw,-120,-0.12090462066715449
a1_a2_d_01,a2_l_rate,yaw,-110,-0.11624578898408797
a1_a2_d_01,a2_l_rate,yaw,-100,-0.11097952619897401
a1_a2_d_01,a2_l_rate,yaw,-90,-0.10515484885172534
a1_a2_d_01,a2_l_rate,yaw,-80,-0.09882670587305038
a1_a2_d_01,a2_l_rate,yaw,-70,-0.09205302438763613
a1_a2_d_01,a2_l_rate,yaw,-60,-0.0849001359667196
a1_a2_d_01,a2_l_rate,yaw,-50,-0.077449919527293
a1_a2_d_01,a2_l_rate,yaw,-40,-0.06981701617964516
a1_a2_d_01,a2_l_rate,yaw,-30,-0.06216280320681088
a1_a2_d_01,a2_l_rate,yaw,-20,-0.05470641146049124
a1_a2_d_01,a2_l_rate,yaw,-10,-0.04772680723880979
a1_a2_d_01,a2_l_rate,yaw,0,-0.04156297707137701
a1_a2_d_01,a2_l_rate,yaw,10,-0.036592701884599343
a1_a2_d_01,a2_l_rate,yaw,20,-0.03319718007055804
a1_a2_d_01,a2_l_rate,yaw,30,-0.031719625734083816
a1_a2_d_01,a2_l_rate,yaw,40,-0.032410034273570774
a1_a2_d_01,a2_l_rate,yaw,50,-0.03537721046575479
a1_a2_d_01,a2_l_rate,yaw,60,-0.04055933282591377
a1_a2_d_01,a2_l_rate,yaw,70,-0.04772185940146435
a1_a2_d_01,a2_l_rate,yaw,80,-0.05648170819447953
a1_a2_d_01,a2_l_rate,yaw,90,-0.06634858418533779
a1_a2_d_01,a2_l_rate,yaw,100,-0.07677396772458754
a1_a2_d_01,a2_l_rate,yaw,110,-0.08720200292758942
a1_a2_d_01,a2_l_rate,yaw,120,-0.09712151314102446
a1_a2_d_01,a2_l_rate,yaw,130,-0.10611328439082351
a1_a2_d_01,a2_l_rate,yaw,140,-0.11388648760963299
a1_a2_d_01,a2_l_rate,yaw,150,-0.12029490042799688
a1_a2_d_01,a2_l_rate,yaw,160,-0.12532956834593176
a1_a2_d_01,a2_l_rate,yaw,170,-0.12908678419206301
a1_a2_d_01,a2_l_rate,yaw,180,-0.13172255013722087
a1_a2_d_01,a2_l_rate,yaw,190,-0.1334106220793792
a1_a2_d_01,a2_l_rate,yaw,200,-0.13431394083736223
a1_a2_d_01,a2_l_rate,yaw,210,-0.13457335586880848
a1_a2_d_01,a2_l_rate,yaw,220,-0.13430454154560198
a1_a2_d_01,a2_l_rate,yaw,230,-0.1335985550761375
a1_a2_d_01,a2_l_rate,yaw,240,-0.13252330474285298
a1_a2_d_01,a2_l_rate,yaw,250,-0.1311260562340331
a1_a2_d_01,a2_l_rate,yaw,260,-0.12943965494545562
a1_a2_d_01,a2_l_rate,yaw,270,-0.1274911927097128
a1_a2_d_01,a2_l_rate,yaw,280,-0.125310463176587
a1_a2_d_01,a2_l_rate,yaw,290,-0.12293471866628966
a1_a2_d_01,a2_l_rate,yaw,300,-0.12040743519488285
a1_a2_d_01,a2_l_rate,yaw,310,-0.11777324161905876
a1_a2_d_01,a2_l_rate,yaw,320,-0.11507212047997958
a1_a2_d_01,a2_l_rate,yaw,330,-0.11233521629865567
a1_a2_d_01,a2_l_rate,yaw,340,-0.10958269555128759
a1_a2_d_01,a2_l_rate,yaw,350,-0.10682399986704237
a1_a2_d_01,a2_l_rate,yaw,360,-0.10406130062989709
a1_a2_d_01,a2_l_rate,yaw,370,-0.10129452573254538
a1_a2_d_01,a2_l_rate,yaw,380,-0.09852609849211932
a1_a2_d_01,a2_l_rate,yaw,390,-0.09576454085691796
a1_a2_d_01,a2_l_rate,yaw,400,-0.09302662327826319
a1_a2_d_01,a2_l_rate,yaw,410,-0.09033680850616659
a1_a2_d_01,a2_l_rate,yaw,420,-0.08772413885020705
a1_a2_d_01,a2_l_rate,yaw,430,-0.08521805108449411
a1_a2_d_01,a2_l_rate,yaw,440,-0.0828446601189364
a1_a2_d_01,a2_l_rate,yaw,450,-0.08062555004045603
a1_a2_d_01,a2_l_rate,yaw,460,-0.07857766825362825
a1_a2_d_01,a2_l_rate,yaw,470,-0.07671456559982054
a1_a2_d_01,a2_l_rate,yaw,480,-0.07504332518465462
a1_a2_d_01,a2_l_rate,yaw,490,-0.073563742573023
a1_a2_d_01,a2_l_rate,yaw,500,-0.07226453985720926
a1_a2_d_01,a1_l_rate,yaw,-500,-0.07033063802593498
a1_a2_d_01,a1_l_rate,yaw,-490,-0.06979160976323574
a1_a2_d_01,a1_l_rate,yaw,-480,-0.0692105473283832
a1_a2_d_01,a1_l_rate,yaw,-470,-0.06860322267094622
a1_a2_d_01,a1_l_rate,yaw,-460,-0.067978389710259
a1_a2_d_01,a1_l_rate,yaw,-450,-0.06733605143715295
a1_a2_d_01,a1_l_rate,yaw,-440,-0.0666734870849498
a1_a2_d_01,a1_l_rate,yaw,-430,-0.06598874581252508
a1_a2_d_01,a1_l_rate,yaw,-420,-0.06528379200459827
a1_a2_d_01,a1_l_rate,yaw,-410,-0.06455930478144446
a1_a2_d_01,a1_l_rate,yaw,-400,-0.06381192825083325
a1_a2_d_01,a1_l_rate,yaw,-390,-0.06303653400597217
a1_a2_d_01,a1_l_rate,yaw,-380,-0.06222981788722513
a1_a2_d_01,a1_l_rate,yaw,-370,-0.06139310591740582
a1_a2_d_01,a1_l_rate,yaw,-360,-0.06053160216948409
a1_a2_d_01,a1_l_rate,yaw,-350,-0.059656135839360115
a1_a2_d_01,a1_l_rate,yaw,-340,-0.05878207839930121
a1_a2_d_01,a1_l_rate,yaw,-330,-0.05793075305352515
a1_a2_d_01,a1_l_rate,yaw,-320,-0.05712505348483513
a1_a2_d_01,a1_l_rate,yaw,-310,-0.056385345449007446
a1_a2_d_01,a1_l_rate,yaw,-300,-0.0557197685039016
a1_a2_d_01,a1_l_rate,yaw,-290,-0.05512038364450775
a1_a2_d_01,a1_l_rate,yaw,-280,-0.05456645115781167
a1_a2_d_01,a1_l_rate,yaw,-270,-0.054031602901887195
a1_a2_d_01,a1_l_rate,yaw,-260,-0.053494330541449885
a1_a2_d_01,a1_l_rate,yaw,-250,-0.0529453169099906
a1_a2_d_01,a1_l_rate,yaw,-240,-0.05238684579156123
a1_a2_d_01,a1_l_rate,yaw,-230,-0.05182422583318774
a1_a2_d_01,a1_l_rate,yaw,-220,-0.05125904483791627
a1_a2_d_01,a1_l_rate,yaw,-210,-0.05068409551304434
a1_a2_d_01,a1_l_rate,yaw,-200,-0.05008671270250846
a1_a2_d_01,a1_l_rate,yaw,-190,-0.04945514328956023
a1_a2_d_01,a1_l_rate,yaw,-180,-0.048783231879795726
a1_a2_d_01,a1_l_rate,yaw,-170,-0.04807005531745132
a1_a2_d_01,a1_l_rate,yaw,-160,-0.047316655730337484
a1_a2_d_01,a1_l_rate,yaw,-150,-0.04651973712478494
a1_a2_d_01,a1_l_rate,yaw,-140,-0.045665524745256494
a1_a2_d_01,a1_l_rate,yaw,-130,-0.04472949764389487
a1_a2_d_01,a1_l_rate,yaw,-120,-0.04368085184251131
a1_a2_d_01,a1_l_rate,yaw,-110,-0.042489051196166194
a1_a2_d_01,a1_l_rate,yaw,-100,-0.04112756280661004
a1_a2_d_01,a1_l_rate,yaw,-90,-0.03957119918178847
a1_a2_d_01,a1_l_rate,yaw,-80,-0.03779173868036593
a1_a2_d_01,a1_l_rate,yaw,-70,-0.03575610643762924
a1_a2_d_01,a1_l_rate,yaw,-60,-0.03343294243368396
a1_a2_d_01,a1_l_rate,yaw,-50,-0.03080255596857014
a1_a2_d_01,a1_l_rate,yaw,-40,-0.02786825333048439
a1_a2_d_01,a1_l_rate,yaw,-30,-0.024658052699839374
a1_a2_d_01,a1_l_rate,yaw,-20,-0.021221130245630614
a1_a2_d_01,a1_l_rate,yaw,-10,-0.017625984170388544
a1_a2_d_01,a1_l_rate,yaw,0,-0.01396934856560567
a1_a2_d_01,a1_l_rate,yaw,10,-0.010376172324512125
a1_a2_d_01,a1_l_rate,yaw,20,-0.007002868952714554
a1_a2_d_01,a1_l_rate,yaw,30,-0.004005048648273001
a1_a2_d_01,a1_l_rate,yaw,40,-0.0015094776963174965
a1_a2_d_01,a1_l_rate,yaw,50,0.0004079235193545182
a1_a2_d_01,a1_l_rate,yaw,60,0.0017272748008681854
a1_a2_d_01,a1_l_rate,yaw,70,0.002474242019210072
a1_a2_d_01,a1_l_rate,yaw,80,0.002704389896548394
a1_a2_d_01,a1_l_rate,yaw,90,0.002496893330669579
a1_a2_d_01,a1_l_rate,yaw,100,0.00195342140596052
a1_a2_d_01,a1_l_rate,yaw,110,0.00118810401438943
a1_a2_d_01,a1_l_rate,yaw,120,0.0003168936316191012
a1_a2_d_01,a1_l_rate,yaw,130,-0.0005578669955777554
a1_a2_d_01,a1_l_rate,yaw,140,-0.0013573807605616378
a1_a2_d_01,a1_l_rate,yaw,150,-0.002032376985872864
a1_a2_d_01,a1_l_rate,yaw,160,-0.0025600962739917212
a1_a2_d_01,a1_l_rate,yaw,170,-0.0029386497763880517
a1_a2_d_01,a1_l_rate,yaw,180,-0.0031792080235182206
a1_a2_d_01,a1_l_rate,yaw,190,-0.003296134708034723
a1_a2_d_01,a1_l_rate,yaw,200,-0.0033046247819153505
a1_a2_d_01,a1_l_rate,yaw,210,-0.003219440751013754
a1_a2_d_01,a1_l_rate,yaw,220,-0.0030581427369884657
a1_a2_d_01,a1_l_rate,yaw,230,-0.002841344810517042
a1_a2_d_01,a1_l_rate,yaw,240,-0.002587057391641303
a1_a2_d_01,a1_l_rate,yaw,250,-0.0023069798477029302
a1_a2_d_01,a1_l_rate,yaw,260,-0.002004747167205886
a1_a2_d_01,a1_l_rate,yaw,270,-0.0016763626920430126
a1_a2_d_01,a1_l_rate,yaw,280,-0.0013139010222505986
a1_a2_d_01,a1_l_rate,yaw,290,-0.0009087987895880583
a1_a2_d_01,a1_l_rate,yaw,300,-0.0004507930939466445
a1_a2_d_01,a1_l_rate,yaw,310,7.205596407684214e-05
a1_a2_d_01,a1_l_rate,yaw,320,0.0006718628891248491
a1_a2_d_01,a1_l_rate,yaw,330,0.001356665084269568
a1_a2_d_01,a1_l_rate,yaw,340,0.0021279396972616795
a1_a2_d_01,a1_l_rate,yaw,350,0.002981767797988446
a1_a2_d_01,a1_l_rate,yaw,360,0.003910315960273152
a1_a2_d_01,a1_l_rate,yaw,370,0.004903081272288058
a1_a2_d_01,a1_l_rate,yaw,380,0.005946412006591351
a1_a2_d_01,a1_l_rate,yaw,390,0.007020973309637823
a1_a2_d_01,a1_l_rate,yaw,400,0.008100387740550677
a1_a2_d_01,a1_l_rate,yaw,410,0.009155467092724634
a1_a2_d_01,a1_l_rate,yaw,420,0.010161918551853926
a1_a2_d_01,a1_l_rate,yaw,430,0.011105297055300152
a1_a2_d_01,a1_l_rate,yaw,440,0.01198271600535589
a1_a2_d_01,a1_l_rate,yaw,450,0.012797968941137668
a1_a2_d_01,a1_l_rate,yaw,460,0.013557616095712913
a1_a2_d_01,a1_l_rate,yaw,470,0.0142654149165291
a1_a2_d_01,a1_l_rate,yaw,480,0.014920601338402078
a1_a2_d_01,a1_l_rate,yaw,490,0.015518557088075802
a1_a2_d_01,a1_l_rate,yaw,500,0.016054204668270955
a1_a2_d_01,a2_l_rate,a1_l_rate,-500,0.30299749037761103
a1_a2_d_01,a2_l_rate,a1_l_rate,-490,0.30730663054970647
a1_a2_d_01,a2_l_rate,a1_l_rate,-480,0.31166189601634087
a1_a2_d_01,a2_l_rate,a1_l_rate,-470,0.3160653496177947
a1_a2_d_01,a2_l_rate,a1_l_rate,-460,0.3205283190107252
a1_a2_d_01,a2_l_rate,a1_l_rate,-450,0.32507186963801804
a1_a2_d_01,a2_l_rate,a1_l_rate,-440,0.3297235020940306
a1_a2_d_01,a2_l_rate,a1_l_rate,-430,0.3345113995980137
a1_a2_d_01,a2_l_rate,a1_l_rate,-420,0.33945847683143743
a1_a2_d_01,a2_l_rate,a1_l_rate,-410,0.3445784613252341
a1_a2_d_01,a2_l_rate,a1_l_rate,-400,0.3498752619059448
a1_a2_d_01,a2_l_rate,a1_l_rate,-390,0.35534526660403315
a1_a2_d_01,a2_l_rate,a1_l_rate,-380,0.360980825252625
a1_a2_d_01,a2_l_rate,a1_l_rate,-370,0.3667728606242727
a1_a2_d_01,a2_l_rate,a1_l_rate,-360,0.37271153304784754
a1_a2_d_01,a2_l_rate,a1_l_rate,-350,0.3787854141059411
a1_a2_d_01,a2_l_rate,a1_l_rate,-340,0.3849807366079007
a1_a2_d_01,a2_l_rate,a1_l_rate,-330,0.3912822168786071
a1_a2_d_01,a2_l_rate,a1_l_rate,-320,0.39767592305122645
a1_a2_d_01,a2_l_rate,a1_l_rate,-310,0.40415358370279264
a1_a2_d_01,a2_l_rate,a1_l_rate,-300,0.4107167376658519
a1_a2_d_01,a2_l_rate,a1_l_rate,-290,0.417378468851862
a1_a2_d_01,a2_l_rate,a1_l_rate,-280,0.424161025916967
a1_a2_d_01,a2_l_rate,a1_l_rate,-270,0.4310896898351385
a1_a2_d_01,a2_l_rate,a1_l_rate,-260,0.4381856872142926
a1_a2_d_01,a2_l_rate,a1_l_rate,-250,0.4454619578819957
a1_a2_d_01,a2_l_rate,a1_l_rate,-240,0.4529240923851797
a1_a2_d_01,a2_l_rate,a1_l_rate,-230,0.4605754502783783
a1_a2_d_01,a2_l_rate,a1_l_rate,-220,0.46842274622898256
a1_a2_d_01,a2_l_rate,a1_l_rate,-210,0.47647851192558593
a1_a2_d_01,a2_l_rate,a1_l_rate,-200,0.4847595460585825
a1_a2_d_01,a2_l_rate,a1_l_rate,-190,0.4932833035093905
a1_a2_d_01,a2_l_rate,a1_l_rate,-180,0.5020648360134508
a1_a2_d_01,a2_l_rate,a1_l_rate,-170,0.5111154874511907
a1_a2_d_01,a2_l_rate,a1_l_rate,-160,0.5204427264515888
a1_a2_d_01,a2_l_rate,a1_l_rate,-150,0.5300498447408535
a1_a2_d_01,a2_l_rate,a1_l_rate,-140,0.5399350344574604
a1_a2_d_01,a2_l_rate,a1_l_rate,-130,0.5500904642597114
a1_a2_d_01,a2_l_rate,a1_l_rate,-120,0.5605022006414483
a1_a2_d_01,a2_l_rate,a1_l_rate,-110,0.5711511212748538
a1_a2_d_01,a2_l_rate,a1_l_rate,-100,0.582013717283725
a1_a2_d_01,a2_l_rate,a1_l_rate,-90,0.5930600188210433
a1_a2_d_01,a2_l_rate,a1_l_rate,-80,0.6042444203860422
a1_a2_d_01,a2_l_rate,a1_l_rate,-70,0.6154852748037145
a1_a2_d_01,a2_l_rate,a1_l_rate,-60,0.626632307876211
a1_a2_d_01,a2_l_rate,a1_l_rate,-50,0.6374278109808189
a1_a2_d_01,a2_l_rate,a1_l_rate,-40,0.6474767710785766
a1_a2_d_01,a2_l_rate,a1_l_rate,-30,0.6562477360189869
a1_a2_d_01,a2_l_rate,a1_l_rate,-20,0.6631233377357345
a1_a2_d_01,a2_l_rate,a1_l_rate,-10,0.6675028802443852
a1_a2_d_01,a2_l_rate,a1_l_rate,0,0.668933928828413
a1_a2_d_01,a2_l_rate,a1_l_rate,10,0.6672287107947424
a1_a2_d_01,a2_l_rate,a1_l_rate,20,0.6625226395587985
a1_a2_d_01,a2_l_rate,a1_l_rate,30,0.6552474313254698
a1_a2_d_01,a2_l_rate,a1_l_rate,40,0.6460330807728557
a1_a2_d_01,a2_l_rate,a1_l_rate,50,0.6355760881309209
a1_a2_d_01,a2_l_rate,a1_l_rate,60,0.6245188607165154
a1_a2_d_01,a2_l_rate,a1_l_rate,70,0.6133713465281931
a1_a2_d_01,a2_l_rate,a1_l_rate,80,0.6024830533837383
a1_a2_d_01,a2_l_rate,a1_l_rate,90,0.5920552559819218
a1_a2_d_01,a2_l_rate,a1_l_rate,100,0.5821755517516014
a1_a2_d_01,a2_l_rate,a1_l_rate,110,0.5728580090927854
a1_a2_d_01,a2_l_rate,a1_l_rate,120,0.5640773971735541
a1_a2_d_01,a2_l_rate,a1_l_rate,130,0.5557919845920202
a1_a2_d_01,a2_l_rate,a1_l_rate,140,0.5479545540507088
a1_a2_d_01,a2_l_rate,a1_l_rate,150,0.5405151552948444
a1_a2_d_01,a2_l_rate,a1_l_rate,160,0.533421150027884
a1_a2_d_01,a2_l_rate,a1_l_rate,170,0.5266194489754148
a1_a2_d_01,a2_l_rate,a1_l_rate,180,0.5200626429038934
a1_a2_d_01,a2_l_rate,a1_l_rate,190,0.5137167993802376
a1_a2_d_01,a2_l_rate,a1_l_rate,200,0.5075664573573468
a1_a2_d_01,a2_l_rate,a1_l_rate,210,0.5016131080726198
a1_a2_d_01,a2_l_rate,a1_l_rate,220,0.4958667354587773
a1_a2_d_01,a2_l_rate,a1_l_rate,230,0.4903338786027181
a1_a2_d_01,a2_l_rate,a1_l_rate,240,0.48500780889744827
a1_a2_d_01,a2_l_rate,a1_l_rate,250,0.47986539237937814
a1_a2_d_01,a2_l_rate,a1_l_rate,260,0.47487166783775403
a1_a2_d_01,a2_l_rate,a1_l_rate,270,0.4699894232147174
a1_a2_d_01,a2_l_rate,a1_l_rate,280,0.4651891471894299
a1_a2_d_01,a2_l_rate,a1_l_rate,290,0.4604552515022133
a1_a2_d_01,a2_l_rate,a1_l_rate,300,0.4557866574897877
a1_a2_d_01,a2_l_rate,a1_l_rate,310,0.451192517956755
a1_a2_d_01,a2_l_rate,a1_l_rate,320,0.44668585765009294
a1_a2_d_01,a2_l_rate,a1_l_rate,330,0.4422784046114509
a1_a2_d_01,a2_l_rate,a1_l_rate,340,0.43797857282792424
a1_a2_d_01,a2_l_rate,a1_l_rate,350,0.4337922261697008
a1_a2_d_01,a2_l_rate,a1_l_rate,360,0.42972411719732057
a1_a2_d_01,a2_l_rate,a1_l_rate,370,0.4257780145876471
a1_a2_d_01,a2_l_rate,a1_l_rate,380,0.4219552585017282
a1_a2_d_01,a2_l_rate,a1_l_rate,390,0.41825312126215136
a1_a2_d_01,a2_l_rate,a1_l_rate,400,0.41466444174843275
a1_a2_d_01,a2_l_rate,a1_l_rate,410,0.41117880070039503
a1_a2_d_01,a2_l_rate,a1_l_rate,420,0.4077844200202683
a1_a2_d_01,a2_l_rate,a1_l_rate,430,0.4044698715387211
a1_a2_d_01,a2_l_rate,a1_l_rate,440,0.40122530870392975
a1_a2_d_01,a2_l_rate,a1_l_rate,450,0.3980434086326266
a1_a2_d_01,a2_l_rate,a1_l_rate,460,0.39492008697825287
a1_a2_d_01,a2_l_rate,a1_l_rate,470,0.3918546330767693
a1_a2_d_01,a2_l_rate,a1_l_rate,480,0.38884878000284784
a1_a2_d_01,a2_l_rate,a1_l_rate,490,0.38590472960502387
a1_a2_d_01,a2_l_rate,a1_l_rate,500,0.38302290706123904
a1_a2_d_01,A_minus_B,yaw,-500,-0.0807105377104615
a1_a2_d_01,A_minus_B,yaw,-490,-0.08124181152607297
a1_a2_d_01,A_minus_B,yaw,-480,-0.08181344795513158
a1_a2_d_01,A_minus_B,yaw,-470,-0.08241735630002939
a1_a2_d_01,A_minus_B,yaw,-460,-0.08305020284707702
a1_a2_d_01,A_minus_B,yaw,-450,-0.08371452778129963
a1_a2_d_01,A_minus_B,yaw,-440,-0.08441498902547294
a1_a2_d_01,A_minus_B,yaw,-430,-0.08515245658031471
a1_a2_d_01,A_minus_B,yaw,-420,-0.0859308796666454
a1_a2_d_01,A_minus_B,yaw,-410,-0.08676233768445152
a1_a2_d_01,A_minus_B,yaw,-400,-0.08766907094888639
a1_a2_d_01,A_minus_B,yaw,-390,-0.08867751551264343
a1_a2_d_01,A_minus_B,yaw,-380,-0.08980786644492295
a1_a2_d_01,A_minus_B,yaw,-370,-0.09106866605869235
a1_a2_d_01,A_minus_B,yaw,-360,-0.09245734978566668
a1_a2_d_01,A_minus_B,yaw,-350,-0.09396752483078942
a1_a2_d_01,A_minus_B,yaw,-340,-0.09559035366457466
a1_a2_d_01,A_minus_B,yaw,-330,-0.09731625426217269
a1_a2_d_01,A_minus_B,yaw,-320,-0.09913230305449858
a1_a2_d_01,A_minus_B,yaw,-310,-0.1010240479637583
a1_a2_d_01,A_minus_B,yaw,-300,-0.10297365109410335
a1_a2_d_01,A_minus_B,yaw,-290,-0.10496186211633214
a1_a2_d_01,A_minus_B,yaw,-280,-0.1069699192300805
a1_a2_d_01,A_minus_B,yaw,-270,-0.10897666419570905
a1_a2_d_01,A_minus_B,yaw,-260,-0.11095490109594866
a1_a2_d_01,A_minus_B,yaw,-250,-0.11286809775259646
a1_a2_d_01,A_minus_B,yaw,-240,-0.11466818914756062
a1_a2_d_01,A_minus_B,yaw,-230,-0.11629636682328923
a1_a2_d_01,A_minus_B,yaw,-220,-0.11769238125622944
a1_a2_d_01,A_minus_B,yaw,-210,-0.11880111557568097
a1_a2_d_01,A_minus_B,yaw,-200,-0.11957520245083679
a1_a2_d_01,A_minus_B,yaw,-190,-0.11996828947583865
a1_a2_d_01,A_minus_B,yaw,-180,-0.11992454558190774
a1_a2_d_01,A_minus_B,yaw,-170,-0.11937261298670053
a1_a2_d_01,A_minus_B,yaw,-160,-0.11823093916081615
a1_a2_d_01,A_minus_B,yaw,-150,-0.11642247032854967
a1_a2_d_01,A_minus_B,yaw,-140,-0.11389141647644309
a1_a2_d_01,A_minus_B,yaw,-130,-0.11061715993763857
a1_a2_d_01,A_minus_B,yaw,-120,-0.10661878741962108
a1_a2_d_01,A_minus_B,yaw,-110,-0.1019501079499197
a1_a2_d_01,A_minus_B,yaw,-100,-0.09668899127197621
a1_a2_d_01,A_minus_B,yaw,-90,-0.09092759275569395
a1_a2_d_01,A_minus_B,yaw,-80,-0.08476919902751019
a1_a2_d_01,A_minus_B,yaw,-70,-0.0783264645619278
a1_a2_d_01,A_minus_B,yaw,-60,-0.07172094771697247
a1_a2_d_01,A_minus_B,yaw,-50,-0.0650810211389666
a1_a2_d_01,A_minus_B,yaw,-40,-0.05855124030790963
a1_a2_d_01,A_minus_B,yaw,-30,-0.052308458025594404
a1_a2_d_01,A_minus_B,yaw,-20,-0.046580110687787335
a1_a2_d_01,A_minus_B,yaw,-10,-0.04164899690223344
a1_a2_d_01,A_minus_B,yaw,0,-0.03784336011396211
a1_a2_d_01,A_minus_B,yaw,10,-0.03550935752218866
a1_a2_d_01,A_minus_B,yaw,20,-0.03496190708090786
a1_a2_d_01,A_minus_B,yaw,30,-0.03646763360886275
a1_a2_d_01,A_minus_B,yaw,40,-0.04020543947092617
a1_a2_d_01,A_minus_B,yaw,50,-0.046229524893573515
a1_a2_d_01,A_minus_B,yaw,60,-0.05443722665547239
a1_a2_d_01,A_minus_B,yaw,70,-0.06455433814805528
a1_a2_d_01,A_minus_B,yaw,80,-0.07614856005906195
a1_a2_d_01,A_minus_B,yaw,90,-0.08867583683738195
a1_a2_d_01,A_minus_B,yaw,100,-0.10154250617483788
a1_a2_d_01,A_minus_B,yaw,110,-0.11415968903844961
a1_a2_d_01,A_minus_B,yaw,120,-0.12599840343738378
a1_a2_d_01,A_minus_B,yaw,130,-0.1366331043329835
a1_a2_d_01,A_minus_B,yaw,140,-0.1457774701276934
a1_a2_d_01,A_minus_B,yaw,150,-0.1532985637667139
a1_a2_d_01,A_minus_B,yaw,160,-0.15921074257919493
a1_a2_d_01,A_minus_B,yaw,170,-0.16364063264517695
a1_a2_d_01,A_minus_B,yaw,180,-0.16677715458930684
a1_a2_d_01,A_minus_B,yaw,190,-0.16882858047175836
a1_a2_d_01,A_minus_B,yaw,200,-0.16998831306856776
a1_a2_d_01,A_minus_B,yaw,210,-0.17042171525416802
a1_a2_d_01,A_minus_B,yaw,220,-0.17025841479968
a1_a2_d_01,A_minus_B,yaw,230,-0.16959274376713376
a1_a2_d_01,A_minus_B,yaw,240,-0.16849208812841712
a1_a2_d_01,A_minus_B,yaw,250,-0.16700432279022984
a1_a2_d_01,A_minus_B,yaw,260,-0.16516781458983407
a1_a2_d_01,A_minus_B,yaw,270,-0.16302211262920066
a1_a2_d_01,A_minus_B,yaw,280,-0.16061468930286205
a1_a2_d_01,A_minus_B,yaw,290,-0.15800342722255353
a1_a2_d_01,A_minus_B,yaw,300,-0.15525629666788376
a1_a2_d_01,A_minus_B,yaw,310,-0.1524447366363124
a1_a2_d_01,A_minus_B,yaw,320,-0.14963435078373002
a1_a2_d_01,A_minus_B,yaw,330,-0.14687458549621132
a1_a2_d_01,A_minus_B,yaw,340,-0.14419315166338573
a1_a2_d_01,A_minus_B,yaw,350,-0.1415977454733714
a1_a2_d_01,A_minus_B,yaw,360,-0.13908224917243195
a1_a2_d_01,A_minus_B,yaw,370,-0.13663463872970838
a1_a2_d_01,A_minus_B,yaw,380,-0.13424253552036794
a1_a2_d_01,A_minus_B,yaw,390,-0.13189495886631614
a1_a2_d_01,A_minus_B,yaw,400,-0.1295835397265693
a1_a2_d_01,A_minus_B,yaw,410,-0.12730662795606712
a1_a2_d_01,A_minus_B,yaw,420,-0.12507408630629008
a1_a2_d_01,A_minus_B,yaw,430,-0.12290755114171602
a1_a2_d_01,A_minus_B,yaw,440,-0.12083757856649846
a1_a2_d_01,A_minus_B,yaw,450,-0.11889650428684542
a1_a2_d_01,A_minus_B,yaw,460,-0.11711380798789442
a1_a2_d_01,A_minus_B,yaw,470,-0.1155113095076098
a1_a2_d_01,A_minus_B,yaw,480,-0.11409719793071833
a1_a2_d_01,A_minus_B,yaw,490,-0.11286578693670887
a1_a2_d_01,A_minus_B,yaw,500,-0.1117966089543666
a1_a2_d_01,A_plus_B,yaw,-500,-0.10838716105961793
a1_a2_d_01,A_plus_B,yaw,-490,-0.10807362526132534
a1_a2_d_01,A_plus_B,yaw,-480,-0.10773519622096696
a1_a2_d_01,A_plus_B,yaw,-470,-0.10738438809015519
a1_a2_d_01,A_plus_B,yaw,-460,-0.10702866254549266
a1_a2_d_01,A_plus_B,yaw,-450,-0.10666916132718679
a1_a2_d_01,A_plus_B,yaw,-440,-0.10630519087009663
a1_a2_d_01,A_plus_B,yaw,-430,-0.10593513322720045
a1_a2_d_01,A_plus_B,yaw,-420,-0.10556274773004809
a1_a2_d_01,A_plus_B,yaw,-410,-0.10519412349618742
a1_a2_d_01,A_plus_B,yaw,-400,-0.10483580393720049
a1_a2_d_01,A_plus_B,yaw,-390,-0.10449443868211124
a1_a2_d_01,A_plus_B,yaw,-380,-0.10417575570841922
a1_a2_d_01,A_plus_B,yaw,-370,-0.10388497104924137
a1_a2_d_01,A_plus_B,yaw,-360,-0.10362626309314543
a1_a2_d_01,A_plus_B,yaw,-350,-0.10340786195236591
a1_a2_d_01,A_plus_B,yaw,-340,-0.10324156775354391
a1_a2_d_01,A_plus_B,yaw,-330,-0.10314494260166066
a1_a2_d_01,A_plus_B,yaw,-320,-0.10313563974980622
a1_a2_d_01,A_plus_B,yaw,-310,-0.10322802366096455
a1_a2_d_01,A_plus_B,yaw,-300,-0.10342240731321677
a1_a2_d_01,A_plus_B,yaw,-290,-0.10370199468378342
a1_a2_d_01,A_plus_B,yaw,-280,-0.10403708669379849
a1_a2_d_01,A_plus_B,yaw,-270,-0.10439113304477028
a1_a2_d_01,A_plus_B,yaw,-260,-0.10472985520952638
a1_a2_d_01,A_plus_B,yaw,-250,-0.10502728247847595
a1_a2_d_01,A_plus_B,yaw,-240,-0.10526415194374082
a1_a2_d_01,A_plus_B,yaw,-230,-0.10541946569254715
a1_a2_d_01,A_plus_B,yaw,-220,-0.10546775943829534
a1_a2_d_01,A_plus_B,yaw,-210,-0.10537685997022747
a1_a2_d_01,A_plus_B,yaw,-200,-0.10511248449315243
a1_a2_d_01,A_plus_B,yaw,-190,-0.1046417423593932
a1_a2_d_01,A_plus_B,yaw,-180,-0.10393321963449005
a1_a2_d_01,A_plus_B,yaw,-170,-0.10295388501919915
a1_a2_d_01,A_plus_B,yaw,-160,-0.10166813893359372
a1_a2_d_01,A_plus_B,yaw,-150,-0.10003795982827199
a1_a2_d_01,A_plus_B,yaw,-140,-0.0980241488541564
a1_a2_d_01,A_plus_B,yaw,-130,-0.09559230977324686
a1_a2_d_01,A_plus_B,yaw,-120,-0.09271945954877993
a1_a2_d_01,A_plus_B,yaw,-110,-0.08939849723971502
a1_a2_d_01,A_plus_B,yaw,-100,-0.08563723233594557
a1_a2_d_01,A_plus_B,yaw,-90,-0.08145126520525076
a1_a2_d_01,A_plus_B,yaw,-80,-0.07685809029345193
a1_a2_d_01,A_plus_B,yaw,-70,-0.0718744498172991
a1_a2_d_01,A_plus_B,yaw,-60,-0.06652285737658305
a1_a2_d_01,A_plus_B,yaw,-50,-0.060840851374080976
a1_a2_d_01,A_plus_B,yaw,-40,-0.05489680972283472
a1_a2_d_01,A_plus_B,yaw,-30,-0.048798956153281454
a1_a2_d_01,A_plus_B,yaw,-20,-0.042699953480859545
a1_a2_d_01,A_plus_B,yaw,-10,-0.036797181226704445
a1_a2_d_01,A_plus_B,yaw,0,-0.031337412985217514
a1_a2_d_01,A_plus_B,yaw,10,-0.02660443547752844
a1_a2_d_01,A_plus_B,yaw,20,-0.022900177925153132
a1_a2_d_01,A_plus_B,yaw,30,-0.020504045602858723
a1_a2_d_01,A_plus_B,yaw,40,-0.019626433982351713
a1_a2_d_01,A_plus_B,yaw,50,-0.020369543557593333
a1_a2_d_01,A_plus_B,yaw,60,-0.022707593618875813
a1_a2_d_01,A_plus_B,yaw,70,-0.026490986803259405
a1_a2_d_01,A_plus_B,yaw,80,-0.03146840360975856
a1_a2_d_01,A_plus_B,yaw,90,-0.0373140704974852
a1_a2_d_01,A_plus_B,yaw,100,-0.04365682074746927
a1_a2_d_01,A_plus_B,yaw,110,-0.05011482594690218
a1_a2_d_01,A_plus_B,yaw,120,-0.05633130324401739
a1_a2_d_01,A_plus_B,yaw,130,-0.062009939263898146
a1_a2_d_01,A_plus_B,yaw,140,-0.06694117709975836
a1_a2_d_01,A_plus_B,yaw,150,-0.07101471556134308
a1_a2_d_01,A_plus_B,yaw,160,-0.07421368694427545
a1_a2_d_01,A_plus_B,yaw,170,-0.07659313668140165
a1_a2_d_01,A_plus_B,yaw,180,-0.0782495354729114
a1_a2_d_01,A_plus_B,yaw,190,-0.07929132232154662
a1_a2_d_01,A_plus_B,yaw,200,-0.0798210735135847
a1_a2_d_01,A_plus_B,yaw,210,-0.0799282887272722
a1_a2_d_01,A_plus_B,yaw,220,-0.07968925042655738
a1_a2_d_01,A_plus_B,yaw,230,-0.07916748307177712
a1_a2_d_01,A_plus_B,yaw,240,-0.07841171092394504
a1_a2_d_01,A_plus_B,yaw,250,-0.07745541540126066
a1_a2_d_01,A_plus_B,yaw,260,-0.07631955401261485
a1_a2_d_01,A_plus_B,yaw,270,-0.07501782779771593
a1_a2_d_01,A_plus_B,yaw,280,-0.07356350519462387
a1_a2_d_01,A_plus_B,yaw,290,-0.07197387515142174
a1_a2_d_01,A_plus_B,yaw,300,-0.07026897624523805
a1_a2_d_01,A_plus_B,yaw,310,-0.06846865370444741
a1_a2_d_01,A_plus_B,yaw,320,-0.06658995763687019
a1_a2_d_01,A_plus_B,yaw,330,-0.0646468868148946
a1_a2_d_01,A_plus_B,yaw,340,-0.06265041776918916
a1_a2_d_01,A_plus_B,yaw,350,-0.06060805467685463
a1_a2_d_01,A_plus_B,yaw,360,-0.0585250764716544
a1_a2_d_01,A_plus_B,yaw,370,-0.05640681967312727
a1_a2_d_01,A_plus_B,yaw,380,-0.054261683277680356
a1_a2_d_01,A_plus_B,yaw,390,-0.05210453060144743
a1_a2_d_01,A_plus_B,yaw,400,-0.049958638761021565
a1_a2_d_01,A_plus_B,yaw,410,-0.04785320137106158
a1_a2_d_01,A_plus_B,yaw,420,-0.04581756425634406
a1_a2_d_01,A_plus_B,yaw,430,-0.043876254554833974
a1_a2_d_01,A_plus_B,yaw,440,-0.04204594747162439
a1_a2_d_01,A_plus_B,yaw,450,-0.040337265903195835
a1_a2_d_01,A_plus_B,yaw,460,-0.038756716664302915
a1_a2_d_01,A_plus_B,yaw,470,-0.037310252642226475
a1_a2_d_01,A_plus_B,yaw,480,-0.03600236584820494
a1_a2_d_01,A_plus_B,yaw,490,-0.034835283974825805
a1_a2_d_01,A_plus_B,yaw,500,-0.0338050427302935
a2_d_08,a2_l_rate,yaw,-500,-0.10302222291876703
a2_d_08,a2_l_rate,yaw,-490,-0.1039400016599848
a2_d_08,a2_l_rate,yaw,-480,-0.10491539744674472
a2_d_08,a2_l_rate,yaw,-470,-0.10596351275732702
a2_d_08,a2_l_rate,yaw,-460,-0.10709361448380214
a2_d_08,a2_l_rate,yaw,-450,-0.10832601108990945
a2_d_08,a2_l_rate,yaw,-440,-0.1096546506574555
a2_d_08,a2_l_rate,yaw,-430,-0.11109323666652132
a2_d_08,a2_l_rate,yaw,-420,-0.11262445334232843
a2_d_08,a2_l_rate,yaw,-410,-0.11422890778683091
a2_d_08,a2_l_rate,yaw,-400,-0.11587511581987117
a2_d_08,a2_l_rate,yaw,-390,-0.11751008532979428
a2_d_08,a2_l_rate,yaw,-380,-0.11911271578301647
a2_d_08,a2_l_rate,yaw,-370,-0.1206588517317421
a2_d_08,a2_l_rate,yaw,-360,-0.12212620554170411
a2_d_08,a2_l_rate,yaw,-350,-0.12351461958320951
a2_d_08,a2_l_rate,yaw,-340,-0.12482378390571308
a2_d_08,a2_l_rate,yaw,-330,-0.12603047174313686
a2_d_08,a2_l_rate,yaw,-320,-0.12710762446505053
a2_d_08,a2_l_rate,yaw,-310,-0.12803926298241705
a2_d_08,a2_l_rate,yaw,-300,-0.12880729037791805
a2_d_08,a2_l_rate,yaw,-290,-0.1294289796189644
a2_d_08,a2_l_rate,yaw,-280,-0.12991556134790327
a2_d_08,a2_l_rate,yaw,-270,-0.1302848408075781
a2_d_08,a2_l_rate,yaw,-260,-0.13055466928886103
a2_d_08,a2_l_rate,yaw,-250,-0.13072485049789717
a2_d_08,a2_l_rate,yaw,-240,-0.130783475831253
a2_d_08,a2_l_rate,yaw,-230,-0.13072452862417544
a2_d_08,a2_l_rate,yaw,-220,-0.13053329132407177
a2_d_08,a2_l_rate,yaw,-210,-0.13020102089910182
a2_d_08,a2_l_rate,yaw,-200,-0.1297114279296137
a2_d_08,a2_l_rate,yaw,-190,-0.12904618535087753
a2_d_08,a2_l_rate,yaw,-180,-0.12817288073148228
a2_d_08,a2_l_rate,yaw,-170,-0.12705989352432526
a2_d_08,a2_l_rate,yaw,-160,-0.12569060214245786
a2_d_08,a2_l_rate,yaw,-150,-0.12402560933855057
a2_d_08,a2_l_rate,yaw,-140,-0.12205523041401202
a2_d_08,a2_l_rate,yaw,-130,-0.11979324147222928
a2_d_08,a2_l_rate,yaw,-120,-0.1172576678156325
a2_d_08,a2_l_rate,yaw,-110,-0.11448297353585142
a2_d_08,a2_l_rate,yaw,-100,-0.11150755408330677
a2_d_08,a2_l_rate,yaw,-90,-0.1083788292839972
a2_d_08,a2_l_rate,yaw,-80,-0.10516870961100772
a2_d_08,a2_l_rate,yaw,-70,-0.10197257566320535
a2_d_08,a2_l_rate,yaw,-60,-0.09891031114781522
a2_d_08,a2_l_rate,yaw,-50,-0.09615304278635713
a2_d_08,a2_l_rate,yaw,-40,-0.09390573958785373
a2_d_08,a2_l_rate,yaw,-30,-0.09237208521384122
a2_d_08,a2_l_rate,yaw,-20,-0.0917543632547982
a2_d_08,a2_l_rate,yaw,-10,-0.09225968986132944
a2_d_08,a2_l_rate,yaw,0,-0.09407040844821822
a2_d_08,a2_l_rate,yaw,10,-0.09700733253576924
a2_d_08,a2_l_rate,yaw,20,-0.10153897225002621
a2_d_08,a2_l_rate,yaw,30,-0.10772990160073193
a2_d_08,a2_l_rate,yaw,40,-0.11558576228628845
a2_d_08,a2_l_rate,yaw,50,-0.12504460463264458
a2_d_08,a2_l_rate,yaw,60,-0.1358877166250074
a2_d_08,a2_l_rate,yaw,70,-0.14782671799838903
a2_d_08,a2_l_rate,yaw,80,-0.16051383601241173
a2_d_08,a2_l_rate,yaw,90,-0.1735400669969083
a2_d_08,a2_l_rate,yaw,100,-0.18647952292836045
a2_d_08,a2_l_rate,yaw,110,-0.19887050102563422
a2_d_08,a2_l_rate,yaw,120,-0.2102917081086025
a2_d_08,a2_l_rate,yaw,130,-0.22035582632672926
a2_d_08,a2_l_rate,yaw,140,-0.22875916554285705
a2_d_08,a2_l_rate,yaw,150,-0.23527109787018774
a2_d_08,a2_l_rate,yaw,160,-0.2397552921485694
a2_d_08,a2_l_rate,yaw,170,-0.24218088119938544
a2_d_08,a2_l_rate,yaw,180,-0.24255641968399502
a2_d_08,a2_l_rate,yaw,190,-0.24098516820728452
a2_d_08,a2_l_rate,yaw,200,-0.23762218236844881
a2_d_08,a2_l_rate,yaw,210,-0.23267180288836636
a2_d_08,a2_l_rate,yaw,220,-0.22638399418434063
a2_d_08,a2_l_rate,yaw,230,-0.21901122625826314
a2_d_08,a2_l_rate,yaw,240,-0.21082897180440704
a2_d_08,a2_l_rate,yaw,250,-0.20214545584272645
a2_d_08,a2_l_rate,yaw,260,-0.193194663112434
a2_d_08,a2_l_rate,yaw,270,-0.1841827245841323
a2_d_08,a2_l_rate,yaw,280,-0.17531711211591688
a2_d_08,a2_l_rate,yaw,290,-0.16675662411409026
a2_d_08,a2_l_rate,yaw,300,-0.158621929938612
a2_d_08,a2_l_rate,yaw,310,-0.15100511970772898
a2_d_08,a2_l_rate,yaw,320,-0.14400354792720643
a2_d_08,a2_l_rate,yaw,330,-0.1376383875689664
a2_d_08,a2_l_rate,yaw,340,-0.13193771572119598
a2_d_08,a2_l_rate,yaw,350,-0.12689015180323493
a2_d_08,a2_l_rate,yaw,360,-0.12246224269861951
a2_d_08,a2_l_rate,yaw,370,-0.11862442135709454
a2_d_08,a2_l_rate,yaw,380,-0.11532365917589522
a2_d_08,a2_l_rate,yaw,390,-0.11251368397187554
a2_d_08,a2_l_rate,yaw,400,-0.11015036095929323
a2_d_08,a2_l_rate,yaw,410,-0.10819060514424478
a2_d_08,a2_l_rate,yaw,420,-0.10655030935507086
a2_d_08,a2_l_rate,yaw,430,-0.10515307751551975
a2_d_08,a2_l_rate,yaw,440,-0.10393739023661952
a2_d_08,a2_l_rate,yaw,450,-0.10283881473946699
a2_d_08,a2_l_rate,yaw,460,-0.10184469405221949
a2_d_08,a2_l_rate,yaw,470,-0.10093829879879902
a2_d_08,a2_l_rate,yaw,480,-0.10010149739497869
a2_d_08,a2_l_rate,yaw,490,-0.09932221309803513
a2_d_08,a2_l_rate,yaw,500,-0.0985989820002102
a2_d_08,a2_r_rate,yaw,-500,0.09380451243231404
a2_d_08,a2_r_rate,yaw,-490,0.09446614872520105
a2_d_08,a2_r_rate,yaw,-480,0.09523256197825113
a2_d_08,a2_r_rate,yaw,-470,0.09611218102170913
a2_d_08,a2_r_rate,yaw,-460,0.09709534684439755
a2_d_08,a2_r_rate,yaw,-450,0.09819015425517998
a2_d_08,a2_r_rate,yaw,-440,0.09941013778116957
a2_d_08,a2_r_rate,yaw,-430,0.10076615518014195
a2_d_08,a2_r_rate,yaw,-420,0.10225727399326622
a2_d_08,a2_r_rate,yaw,-410,0.1038748123565087
a2_d_08,a2_r_rate,yaw,-400,0.10560462526442356
a2_d_08,a2_r_rate,yaw,-390,0.10741227765012529
a2_d_08,a2_r_rate,yaw,-380,0.10925167721082112
a2_d_08,a2_r_rate,yaw,-370,0.11109096880942683
a2_d_08,a2_r_rate,yaw,-360,0.11290867318832623
a2_d_08,a2_r_rate,yaw,-350,0.11467623311361956
a2_d_08,a2_r_rate,yaw,-340,0.11635768676256215
a2_d_08,a2_r_rate,yaw,-330,0.11793265634610119
a2_d_08,a2_r_rate,yaw,-320,0.11938236337352914
a2_d_08,a2_r_rate,yaw,-310,0.1206733042012559
a2_d_08,a2_r_rate,yaw,-300,0.12179518640504054
a2_d_08,a2_r_rate,yaw,-290,0.12273892086857621
a2_d_08,a2_r_rate,yaw,-280,0.12351479147564727
a2_d_08,a2_r_rate,yaw,-270,0.12413080981618956
a2_d_08,a2_r_rate,yaw,-260,0.12461597924304915
a2_d_08,a2_r_rate,yaw,-250,0.12500419273288996
a2_d_08,a2_r_rate,yaw,-240,0.12529046583913042
a2_d_08,a2_r_rate,yaw,-230,0.12548905900790686
a2_d_08,a2_r_rate,yaw,-220,0.1255969697376585
a2_d_08,a2_r_rate,yaw,-210,0.1255858261432754
a2_d_08,a2_r_rate,yaw,-200,0.12544032193780882
a2_d_08,a2_r_rate,yaw,-190,0.1250977018310895
a2_d_08,a2_r_rate,yaw,-180,0.12448105123844345
a2_d_08,a2_r_rate,yaw,-170,0.12352232239651233
a2_d_08,a2_r_rate,yaw,-160,0.12214731248397737
a2_d_08,a2_r_rate,yaw,-150,0.12029850548523162
a2_d_08,a2_r_rate,yaw,-140,0.11793164099137388
a2_d_08,a2_r_rate,yaw,-130,0.11502493778691684
a2_d_08,a2_r_rate,yaw,-120,0.11157348636081503
a2_d_08,a2_r_rate,yaw,-110,0.10759977067058506
a2_d_08,a2_r_rate,yaw,-100,0.10315202263829419
a2_d_08,a2_r_rate,yaw,-90,0.09832236216573509
a2_d_08,a2_r_rate,yaw,-80,0.09323648043222253
a2_d_08,a2_r_rate,yaw,-70,0.08803052959519235
a2_d_08,a2_r_rate,yaw,-60,0.08286502028258026
a2_d_08,a2_r_rate,yaw,-50,0.07792770434075262
a2_d_08,a2_r_rate,yaw,-40,0.07341876201403313
a2_d_08,a2_r_rate,yaw,-30,0.06959801321954254
a2_d_08,a2_r_rate,yaw,-20,0.0667493139584713
a2_d_08,a2_r_rate,yaw,-10,0.06517866056672246
a2_d_08,a2_r_rate,yaw,0,0.06520353145423864
a2_d_08,a2_r_rate,yaw,10,0.0670638546380104
a2_d_08,a2_r_rate,yaw,20,0.07101918239703549
a2_d_08,a2_r_rate,yaw,30,0.07718493397114368
a2_d_08,a2_r_rate,yaw,40,0.08559839027310984
a2_d_08,a2_r_rate,yaw,50,0.0961687975189287
a2_d_08,a2_r_rate,yaw,60,0.10866118798604113
a2_d_08,a2_r_rate,yaw,70,0.12275429874204452
a2_d_08,a2_r_rate,yaw,80,0.13799518946082226
a2_d_08,a2_r_rate,yaw,90,0.15389833616211926
a2_d_08,a2_r_rate,yaw,100,0.16992480122624012
a2_d_08,a2_r_rate,yaw,110,0.185531574078892
a2_d_08,a2_r_rate,yaw,120,0.2002140902298868
a2_d_08,a2_r_rate,yaw,130,0.21352911333365915
a2_d_08,a2_r_rate,yaw,140,0.2250803738453866
a2_d_08,a2_r_rate,yaw,150,0.23458528582683266
a2_d_08,a2_r_rate,yaw,160,0.24185501213966568
a2_d_08,a2_r_rate,yaw,170,0.24681553225580938
a2_d_08,a2_r_rate,yaw,180,0.24954870807946603
a2_d_08,a2_r_rate,yaw,190,0.2501645918120146
a2_d_08,a2_r_rate,yaw,200,0.24884998549744505
a2_d_08,a2_r_rate,yaw,210,0.24586953661481384
a2_d_08,a2_r_rate,yaw,220,0.24149702396505843
a2_d_08,a2_r_rate,yaw,230,0.23599998744208459
a2_d_08,a2_r_rate,yaw,240,0.22966416461434938
a2_d_08,a2_r_rate,yaw,250,0.22274794182509125
a2_d_08,a2_r_rate,yaw,260,0.215458411159441
a2_d_08,a2_r_rate,yaw,270,0.2080034395727769
a2_d_08,a2_r_rate,yaw,280,0.20055472933429
a2_d_08,a2_r_rate,yaw,290,0.19325552286492997
a2_d_08,a2_r_rate,yaw,300,0.18619881499284108
a2_d_08,a2_r_rate,yaw,310,0.17947701878983985
a2_d_08,a2_r_rate,yaw,320,0.17314102844004567
a2_d_08,a2_r_rate,yaw,330,0.1672335023875822
a2_d_08,a2_r_rate,yaw,340,0.16180356654639091
a2_d_08,a2_r_rate,yaw,350,0.15688491198322574
a2_d_08,a2_r_rate,yaw,360,0.15248671249508194
a2_d_08,a2_r_rate,yaw,370,0.1486166962998994
a2_d_08,a2_r_rate,yaw,380,0.14526117462188334
a2_d_08,a2_r_rate,yaw,390,0.1423880529986753
a2_d_08,a2_r_rate,yaw,400,0.13996365719249804
a2_d_08,a2_r_rate,yaw,410,0.13798124224307573
a2_d_08,a2_r_rate,yaw,420,0.13641166872673252
a2_d_08,a2_r_rate,yaw,430,0.13520173038836866
a2_d_08,a2_r_rate,yaw,440,0.13432566479408395
a2_d_08,a2_r_rate,yaw,450,0.13375997605850473
a2_d_08,a2_r_rate,yaw,460,0.13347861167232644
a2_d_08,a2_r_rate,yaw,470,0.13348120303332378
a2_d_08,a2_r_rate,yaw,480,0.13371333809219443
a2_d_08,a2_r_rate,yaw,490,0.13415061417165228
a2_d_08,a2_r_rate,yaw,500,0.1347515643651718
a2_d_08,a2_l_rate,a2_r_rate,-500,0.18317703919829523
a2_d_08,a2_l_rate,a2_r_rate,-490,0.1841594899394652
a2_d_08,a2_l_rate,a2_r_rate,-480,0.1851470573756847
a2_d_08,a2_l_rate,a2_r_rate,-470,0.18614407277781297
a2_d_08,a2_l_rate,a2_r_rate,-460,0.1871558497791704
a2_d_08,a2_l_rate,a2_r_rate,-450,0.18818599030205105
a2_d_08,a2_l_rate,a2_r_rate,-440,0.18923767179584147
a2_d_08,a2_l_rate,a2_r_rate,-430,0.19031734398035186
a2_d_08,a2_l_rate,a2_r_rate,-420,0.19143680697230125
a2_d_08,a2_l_rate,a2_r_rate,-410,0.19261089300618534
a2_d_08,a2_l_rate,a2_r_rate,-400,0.1938524202377039
a2_d_08,a2_l_rate,a2_r_rate,-390,0.19516849758487084
a2_d_08,a2_l_rate,a2_r_rate,-380,0.19656032626275155
a2_d_08,a2_l_rate,a2_r_rate,-370,0.19802507166190017
a2_d_08,a2_l_rate,a2_r_rate,-360,0.1995568464300404
a2_d_08,a2_l_rate,a2_r_rate,-350,0.20114555225343494
a2_d_08,a2_l_rate,a2_r_rate,-340,0.2027756963714029
a2_d_08,a2_l_rate,a2_r_rate,-330,0.20442861362368533
a2_d_08,a2_l_rate,a2_r_rate,-320,0.20608845372666318
a2_d_08,a2_l_rate,a2_r_rate,-310,0.20774858885611744
a2_d_08,a2_l_rate,a2_r_rate,-300,0.20941393811257922
a2_d_08,a2_l_rate,a2_r_rate,-290,0.21109724795572163
a2_d_08,a2_l_rate,a2_r_rate,-280,0.21281056930575304
a2_d_08,a2_l_rate,a2_r_rate,-270,0.2145563746291591
a2_d_08,a2_l_rate,a2_r_rate,-260,0.21632318496807784
a2_d_08,a2_l_rate,a2_r_rate,-250,0.21808773174638513
a2_d_08,a2_l_rate,a2_r_rate,-240,0.21982167210440456
a2_d_08,a2_l_rate,a2_r_rate,-230,0.2214992611461626
a2_d_08,a2_l_rate,a2_r_rate,-220,0.22310309311735987
a2_d_08,a2_l_rate,a2_r_rate,-210,0.22462638793519205
a2_d_08,a2_l_rate,a2_r_rate,-200,0.22607110748293696
a2_d_08,a2_l_rate,a2_r_rate,-190,0.22744207109583275
a2_d_08,a2_l_rate,a2_r_rate,-180,0.2287391032750332
a2_d_08,a2_l_rate,a2_r_rate,-170,0.22995180600959392
a2_d_08,a2_l_rate,a2_r_rate,-160,0.23106072758685664
a2_d_08,a2_l_rate,a2_r_rate,-150,0.23204490288899357
a2_d_08,a2_l_rate,a2_r_rate,-140,0.23289124540488526
a2_d_08,a2_l_rate,a2_r_rate,-130,0.23360129197925913
a2_d_08,a2_l_rate,a2_r_rate,-120,0.2341933235392202
a2_d_08,a2_l_rate,a2_r_rate,-110,0.23470170189246709
a2_d_08,a2_l_rate,a2_r_rate,-100,0.2351754438935362
a2_d_08,a2_l_rate,a2_r_rate,-90,0.23567505739248806
a2_d_08,a2_l_rate,a2_r_rate,-80,0.23626601417551907
a2_d_08,a2_l_rate,a2_r_rate,-70,0.2370102146118445
a2_d_08,a2_l_rate,a2_r_rate,-60,0.23795803532024712
a2_d_08,a2_l_rate,a2_r_rate,-50,0.23914174922754913
a2_d_08,a2_l_rate,a2_r_rate,-40,0.2405693146577233
a2_d_08,a2_l_rate,a2_r_rate,-30,0.2422192528168078
a2_d_08,a2_l_rate,a2_r_rate,-20,0.2440395866811274
a2_d_08,a2_l_rate,a2_r_rate,-10,0.2459538211308327
a2_d_08,a2_l_rate,a2_r_rate,0,0.24787399245085254
a2_d_08,a2_l_rate,a2_r_rate,10,0.24988278544092907
a2_d_08,a2_l_rate,a2_r_rate,20,0.25173496602826795
a2_d_08,a2_l_rate,a2_r_rate,30,0.25336885119255015
a2_d_08,a2_l_rate,a2_r_rate,40,0.25474773890367436
a2_d_08,a2_l_rate,a2_r_rate,50,0.25585530690604175
a2_d_08,a2_l_rate,a2_r_rate,60,0.25668660601491405
a2_d_08,a2_l_rate,a2_r_rate,70,0.25724107618447606
a2_d_08,a2_l_rate,a2_r_rate,80,0.25752279857204347
a2_d_08,a2_l_rate,a2_r_rate,90,0.25754510539795933
a2_d_08,a2_l_rate,a2_r_rate,100,0.25733025273181515
a2_d_08,a2_l_rate,a2_r_rate,110,0.2569005707029515
a2_d_08,a2_l_rate,a2_r_rate,120,0.25626746916890936
a2_d_08,a2_l_rate,a2_r_rate,130,0.2554271564137667
a2_d_08,a2_l_rate,a2_r_rate,140,0.25436559843981527
a2_d_08,a2_l_rate,a2_r_rate,150,0.25306874857301304
a2_d_08,a2_l_rate,a2_r_rate,160,0.2515318890066371
a2_d_08,a2_l_rate,a2_r_rate,170,0.24976356027829708
a2_d_08,a2_l_rate,a2_r_rate,180,0.247783031168821
a2_d_08,a2_l_rate,a2_r_rate,190,0.2456144437128277
a2_d_08,a2_l_rate,a2_r_rate,200,0.24328155587558664
a2_d_08,a2_l_rate,a2_r_rate,210,0.24080540536850203
a2_d_08,a2_l_rate,a2_r_rate,220,0.23820524512125207
a2_d_08,a2_l_rate,a2_r_rate,230,0.23550188868706423
a2_d_08,a2_l_rate,a2_r_rate,240,0.23272181972028438
a2_d_08,a2_l_rate,a2_r_rate,250,0.22989865743564067
a2_d_08,a2_l_rate,a2_r_rate,260,0.2270707265976703
a2_d_08,a2_l_rate,a2_r_rate,270,0.22427641673547444
a2_d_08,a2_l_rate,a2_r_rate,280,0.22154898015459581
a2_d_08,a2_l_rate,a2_r_rate,290,0.21891140083213653
a2_d_08,a2_l_rate,a2_r_rate,300,0.21637272641890798
a2_d_08,a2_l_rate,a2_r_rate,310,0.21392865698596203
a2_d_08,a2_l_rate,a2_r_rate,320,0.21156775352304438
a2_d_08,a2_l_rate,a2_r_rate,330,0.20928153661602705
a2_d_08,a2_l_rate,a2_r_rate,340,0.20707309080347036
a2_d_08,a2_l_rate,a2_r_rate,350,0.20495927856191723
a2_d_08,a2_l_rate,a2_r_rate,360,0.20296498073861846
a2_d_08,a2_l_rate,a2_r_rate,370,0.2011110097353754
a2_d_08,a2_l_rate,a2_r_rate,380,0.19940134140872984
a2_d_08,a2_l_rate,a2_r_rate,390,0.19781735314195484
a2_d_08,a2_l_rate,a2_r_rate,400,0.19632266479696397
a2_d_08,a2_l_rate,a2_r_rate,410,0.194875176788251
a2_d_08,a2_l_rate,a2_r_rate,420,0.19343963374387887
a2_d_08,a2_l_rate,a2_r_rate,430,0.19199600942913475
a2_d_08,a2_l_rate,a2_r_rate,440,0.19054192242389342
a2_d_08,a2_l_rate,a2_r_rate,450,0.18908963549717242
a2_d_08,a2_l_rate,a2_r_rate,460,0.1876599049387808
a2_d_08,a2_l_rate,a2_r_rate,470,0.1862750976669122
a2_d_08,a2_l_rate,a2_r_rate,480,0.18495299959584402
a2_d_08,a2_l_rate,a2_r_rate,490,0.18370235694592701
a2_d_08,a2_l_rate,a2_r_rate,500,0.18252086439409446
a2_d_08,A_minus_B,yaw,-500,-0.16087203627161176
a2_d_08,A_minus_B,yaw,-490,-0.16217151894318102
a2_d_08,A_minus_B,yaw,-480,-0.16359522627631692
a2_d_08,A_minus_B,yaw,-470,-0.16516169195923783
a2_d_08,A_minus_B,yaw,-460,-0.1668719212082484
a2_d_08,A_minus_B,yaw,-450,-0.16875045646329073
a2_d_08,A_minus_B,yaw,-440,-0.1708023975617097
a2_d_08,A_minus_B,yaw,-430,-0.1730488522914277
a2_d_08,A_minus_B,yaw,-420,-0.17547464603509114
a2_d_08,A_minus_B,yaw,-410,-0.17805675824612494
a2_d_08,A_minus_B,yaw,-400,-0.18075662526953004
a2_d_08,A_minus_B,yaw,-390,-0.18350139034216048
a2_d_08,A_minus_B,yaw,-380,-0.1862389681758048
a2_d_08,A_minus_B,yaw,-370,-0.18892562524538914
a2_d_08,A_minus_B,yaw,-360,-0.19152677021218764
a2_d_08,A_minus_B,yaw,-350,-0.19402156340869153
a2_d_08,A_minus_B,yaw,-340,-0.19638261490789666
a2_d_08,A_minus_B,yaw,-330,-0.19857301196178526
a2_d_08,A_minus_B,yaw,-320,-0.20055435063011692
a2_d_08,A_minus_B,yaw,-310,-0.20228902294371315
a2_d_08,A_minus_B,yaw,-300,-0.20375577836985792
a2_d_08,A_minus_B,yaw,-290,-0.2049660825326637
a2_d_08,A_minus_B,yaw,-280,-0.2059384115527397
a2_d_08,A_minus_B,yaw,-270,-0.2066930306048364
a2_d_08,A_minus_B,yaw,-260,-0.2072640209114387
a2_d_08,A_minus_B,yaw,-250,-0.20767325117034482
a2_d_08,A_minus_B,yaw,-240,-0.20790520353479766
a2_d_08,A_minus_B,yaw,-230,-0.2079646413579501
a2_d_08,A_minus_B,yaw,-220,-0.20783681550403219
a2_d_08,A_minus_B,yaw,-210,-0.20749479809239219
a2_d_08,A_minus_B,yaw,-200,-0.20691503328540403
a2_d_08,A_minus_B,yaw,-190,-0.2060377377784582
a2_d_08,A_minus_B,yaw,-180,-0.20477974088464812
a2_d_08,A_minus_B,yaw,-170,-0.20306428806112028
a2_d_08,A_minus_B,yaw,-160,-0.20082276497903545
a2_d_08,A_minus_B,yaw,-150,-0.1979775743066941
a2_d_08,A_minus_B,yaw,-140,-0.194487041300184
a2_d_08,A_minus_B,yaw,-130,-0.19034714039915515
a2_d_08,A_minus_B,yaw,-120,-0.1855703027856546
a2_d_08,A_minus_B,yaw,-110,-0.18020344702247074
a2_d_08,A_minus_B,yaw,-100,-0.17431530616497226
a2_d_08,A_minus_B,yaw,-90,-0.16801421214692758
a2_d_08,A_minus_B,yaw,-80,-0.16145477293345806
a2_d_08,A_minus_B,yaw,-70,-0.1548205800378843
a2_d_08,A_minus_B,yaw,-60,-0.14833522933978882
a2_d_08,A_minus_B,yaw,-50,-0.1422877664127986
a2_d_08,A_minus_B,yaw,-40,-0.13700574478794683
a2_d_08,A_minus_B,yaw,-30,-0.13285799832203243
a2_d_08,A_minus_B,yaw,-20,-0.130229277530209
a2_d_08,A_minus_B,yaw,-10,-0.12952502568903898
a2_d_08,A_minus_B,yaw,0,-0.13113737861304775
a2_d_08,A_minus_B,yaw,10,-0.13509692156665853
a2_d_08,A_minus_B,yaw,20,-0.14199764319884206
a2_d_08,A_minus_B,yaw,30,-0.1519812005284553
a2_d_08,A_minus_B,yaw,40,-0.16508017080785692
a2_d_08,A_minus_B,yaw,50,-0.1811734742730969
a2_d_08,A_minus_B,yaw,60,-0.19989485977273205
a2_d_08,A_minus_B,yaw,70,-0.22075293606529905
a2_d_08,A_minus_B,yaw,80,-0.24310818264418624
a2_d_08,A_minus_B,yaw,90,-0.2662435135131536
a2_d_08,A_minus_B,yaw,100,-0.28938823784400053
a2_d_08,A_minus_B,yaw,110,-0.31173653477120755
a2_d_08,A_minus_B,yaw,120,-0.33254641676926144
a2_d_08,A_minus_B,yaw,130,-0.35115130339148964
a2_d_08,A_minus_B,yaw,140,-0.36699410750618305
a2_d_08,A_minus_B,yaw,150,-0.37966585475298054
a2_d_08,A_minus_B,yaw,160,-0.3889097760178651
a2_d_08,A_minus_B,yaw,170,-0.39464642814895456
a2_d_08,A_minus_B,yaw,180,-0.3969442329429274
a2_d_08,A_minus_B,yaw,190,-0.39597542631015964
a2_d_08,A_minus_B,yaw,200,-0.3920133656399774
a2_d_08,A_minus_B,yaw,210,-0.3854319185342744
a2_d_08,A_minus_B,yaw,220,-0.3766525271059646
a2_d_08,A_minus_B,yaw,230,-0.36609408408905586
a2_d_08,A_minus_B,yaw,240,-0.35420853078581555
a2_d_08,A_minus_B,yaw,250,-0.34145691448330007
a2_d_08,A_minus_B,yaw,260,-0.3281975005861455
a2_d_08,A_minus_B,yaw,270,-0.3147648157003562
a2_d_08,A_minus_B,yaw,280,-0.30146818964505284
a2_d_08,A_minus_B,yaw,290,-0.28855251516554037
a2_d_08,A_minus_B,yaw,300,-0.27619210268534794
a2_d_08,A_minus_B,yaw,310,-0.26453543876452723
a2_d_08,A_minus_B,yaw,320,-0.2537056111223803
a2_d_08,A_minus_B,yaw,330,-0.24375216745646391
a2_d_08,A_minus_B,yaw,340,-0.2347358969453411
a2_d_08,A_minus_B,yaw,350,-0.2266715886780496
a2_d_08,A_minus_B,yaw,360,-0.21953654784987198
a2_d_08,A_minus_B,yaw,370,-0.21331020684061786
a2_d_08,A_minus_B,yaw,380,-0.2079355091674141
a2_d_08,A_minus_B,yaw,390,-0.2033482457150299
a2_d_08,A_minus_B,yaw,400,-0.1994850883391604
a2_d_08,A_minus_B,yaw,410,-0.19630306594938637
a2_d_08,A_minus_B,yaw,420,-0.19370618773171644
a2_d_08,A_minus_B,yaw,430,-0.1915874567588209
a2_d_08,A_minus_B,yaw,440,-0.18987267453217102
a2_d_08,A_minus_B,yaw,450,-0.18848671712990375
a2_d_08,A_minus_B,yaw,460,-0.1873991005263469
a2_d_08,A_minus_B,yaw,470,-0.18659492913186893
a2_d_08,A_minus_B,yaw,480,-0.18601911902251475
a2_d_08,A_minus_B,yaw,490,-0.1856436573620279
a2_d_08,A_minus_B,yaw,500,-0.18543730863057162
a2_d_08,A_plus_B,yaw,-500,-0.01874375893553735
a2_d_08,A_plus_B,yaw,-490,-0.01900580619795882
a2_d_08,A_plus_B,yaw,-480,-0.019250710274402782
a2_d_08,A_plus_B,yaw,-470,-0.01948476285015773
a2_d_08,A_plus_B,yaw,-460,-0.01971992049319397
a2_d_08,A_plus_B,yaw,-450,-0.01996545919398894
a2_d_08,A_plus_B,yaw,-440,-0.020209381080256425
a2_d_08,A_plus_B,yaw,-430,-0.020455233319737632
a2_d_08,A_plus_B,yaw,-420,-0.02069167948256332
a2_d_08,A_plus_B,yaw,-410,-0.020909854907391737
a2_d_08,A_plus_B,yaw,-400,-0.021094913219111
a2_d_08,A_plus_B,yaw,-390,-0.021228028657054653
a2_d_08,A_plus_B,yaw,-380,-0.021319154561094275
a2_d_08,A_plus_B,yaw,-370,-0.021368631357830174
a2_d_08,A_plus_B,yaw,-360,-0.021372842013987887
a2_d_08,A_plus_B,yaw,-350,-0.02134783269412192
a2_d_08,A_plus_B,yaw,-340,-0.021313717008577607
a2_d_08,A_plus_B,yaw,-330,-0.021265856006307367
a2_d_08,A_plus_B,yaw,-320,-0.021196184194176956
a2_d_08,A_plus_B,yaw,-310,-0.0211129827349703
a2_d_08,A_plus_B,yaw,-300,-0.021010211697060396
a2_d_08,A_plus_B,yaw,-290,-0.020905504453181005
a2_d_08,A_plus_B,yaw,-280,-0.020800726563528032
a2_d_08,A_plus_B,yaw,-270,-0.020703022790290945
a2_d_08,A_plus_B,yaw,-260,-0.02060763031756867
a2_d_08,A_plus_B,yaw,-250,-0.020494955357694612
a2_d_08,A_plus_B,yaw,-240,-0.0203601040841602
a2_d_08,A_plus_B,yaw,-230,-0.020192470891710834
a2_d_08,A_plus_B,yaw,-220,-0.01998572497863381
a2_d_08,A_plus_B,yaw,-210,-0.01975144305733734
a2_d_08,A_plus_B,yaw,-200,-0.01948672373609423
a2_d_08,A_plus_B,yaw,-190,-0.01921205162633998
a2_d_08,A_plus_B,yaw,-180,-0.01894552214710326
a2_d_08,A_plus_B,yaw,-170,-0.018701867885794206
a2_d_08,A_plus_B,yaw,-160,-0.018511559948343324
a2_d_08,A_plus_B,yaw,-150,-0.01838116786346987
a2_d_08,A_plus_B,yaw,-140,-0.018330822261389667
a2_d_08,A_plus_B,yaw,-130,-0.018383879319517068
a2_d_08,A_plus_B,yaw,-120,-0.018556553802012606
a2_d_08,A_plus_B,yaw,-110,-0.018860537360660692
a2_d_08,A_plus_B,yaw,-100,-0.01929509779018134
a2_d_08,A_plus_B,yaw,-90,-0.019840256167627954
a2_d_08,A_plus_B,yaw,-80,-0.020473781486150654
a2_d_08,A_plus_B,yaw,-70,-0.021184308039494625
a2_d_08,A_plus_B,yaw,-60,-0.02196455698619462
a2_d_08,A_plus_B,yaw,-50,-0.02282790993081755
a2_d_08,A_plus_B,yaw,-40,-0.02380413965792614
a2_d_08,A_plus_B,yaw,-30,-0.024888221160629668
a2_d_08,A_plus_B,yaw,-20,-0.0260605718741833
a2_d_08,A_plus_B,yaw,-10,-0.02729238980153925
a2_d_08,A_plus_B,yaw,0,-0.028530894859482087
a2_d_08,A_plus_B,yaw,10,-0.02951847550259213
a2_d_08,A_plus_B,yaw,20,-0.03042894367340469
a2_d_08,A_plus_B,yaw,30,-0.031240945246711675
a2_d_08,A_plus_B,yaw,40,-0.031936280830303185
a2_d_08,A_plus_B,yaw,50,-0.03252247647843286
a2_d_08,A_plus_B,yaw,60,-0.03298014347136547
a2_d_08,A_plus_B,yaw,70,-0.03329070079604042
a2_d_08,A_plus_B,yaw,80,-0.03346892053535535
a2_d_08,A_plus_B,yaw,90,-0.033505249570112416
a2_d_08,A_plus_B,yaw,100,-0.03340856218412682
a2_d_08,A_plus_B,yaw,110,-0.03316563269503793
a2_d_08,A_plus_B,yaw,120,-0.03277062251780066
a2_d_08,A_plus_B,yaw,130,-0.032207279331109145
a2_d_08,A_plus_B,yaw,140,-0.0314904394467425
a2_d_08,A_plus_B,yaw,150,-0.03062002565816584
a2_d_08,A_plus_B,yaw,160,-0.029607372934349407
a2_d_08,A_plus_B,yaw,170,-0.02847210577495121
a2_d_08,A_plus_B,yaw,180,-0.02717391408713999
a2_d_08,A_plus_B,yaw,190,-0.025723500247585837
a2_d_08,A_plus_B,yaw,200,-0.02412433919852556
a2_d_08,A_plus_B,yaw,210,-0.022369529199537518
a2_d_08,A_plus_B,yaw,220,-0.020478028311872076
a2_d_08,A_plus_B,yaw,230,-0.018473248193788
a2_d_08,A_plus_B,yaw,240,-0.016383209979007243
a2_d_08,A_plus_B,yaw,250,-0.014273441902755889
a2_d_08,A_plus_B,yaw,260,-0.01218698536042212
a2_d_08,A_plus_B,yaw,270,-0.010147985492242237
a2_d_08,A_plus_B,yaw,280,-0.008203322443982187
a2_d_08,A_plus_B,yaw,290,-0.006383177632057144
a2_d_08,A_plus_B,yaw,300,-0.004720113857969552
a2_d_08,A_plus_B,yaw,310,-0.003227012063615487
a2_d_08,A_plus_B,yaw,320,-0.0019434429145257569
a2_d_08,A_plus_B,yaw,330,-0.0008600565447312934
a2_d_08,A_plus_B,yaw,340,3.144561583089776e-05
a2_d_08,A_plus_B,yaw,350,0.0007575925926085401
a2_d_08,A_plus_B,yaw,360,0.0013461309172058122
a2_d_08,A_plus_B,yaw,370,0.0018217519820057319
a2_d_08,A_plus_B,yaw,380,0.0022141151437218756
a2_d_08,A_plus_B,yaw,390,0.0025383774540253504
a2_d_08,A_plus_B,yaw,400,0.0028075882032177727
a2_d_08,A_plus_B,yaw,410,0.0030491064046484126
a2_d_08,A_plus_B,yaw,420,0.0033053115166812594
a2_d_08,A_plus_B,yaw,430,0.0035985248033489205
a2_d_08,A_plus_B,yaw,440,0.003955605475509185
a2_d_08,A_plus_B,yaw,450,0.004406758199649712
a2_d_08,A_plus_B,yaw,460,0.0049454438612560854
a2_d_08,A_plus_B,yaw,470,0.005583478904113831
a2_d_08,A_plus_B,yaw,480,0.006303525114618623
a2_d_08,A_plus_B,yaw,490,0.007100960347453498
a2_d_08,A_plus_B,yaw,500,0.007953597163191918
a2_d_12,a2_l_rate,yaw,-500,-0.11969011406549368
a2_d_12,a2_l_rate,yaw,-490,-0.12195979171230856
a2_d_12,a2_l_rate,yaw,-480,-0.12414209820088509
a2_d_12,a2_l_rate,yaw,-470,-0.12622800819939536
a2_d_12,a2_l_rate,yaw,-460,-0.12821376995843817
a2_d_12,a2_l_rate,yaw,-450,-0.13011821267805337
a2_d_12,a2_l_rate,yaw,-440,-0.13196655328421855
a2_d_12,a2_l_rate,yaw,-430,-0.13381171611708256
a2_d_12,a2_l_rate,yaw,-420,-0.13570393276779144
a2_d_12,a2_l_rate,yaw,-410,-0.13768805103830037
a2_d_12,a2_l_rate,yaw,-400,-0.1398002458324661
a2_d_12,a2_l_rate,yaw,-390,-0.1420739490872037
a2_d_12,a2_l_rate,yaw,-380,-0.14456104084321422
a2_d_12,a2_l_rate,yaw,-370,-0.14731956254162928
a2_d_12,a2_l_rate,yaw,-360,-0.1503934428387091
a2_d_12,a2_l_rate,yaw,-350,-0.15383440377895544
a2_d_12,a2_l_rate,yaw,-340,-0.1576568972494235
a2_d_12,a2_l_rate,yaw,-330,-0.16187955291714756
a2_d_12,a2_l_rate,yaw,-320,-0.16648408518276975
a2_d_12,a2_l_rate,yaw,-310,-0.17144795003869387
a2_d_12,a2_l_rate,yaw,-300,-0.17674972538302233
a2_d_12,a2_l_rate,yaw,-290,-0.18235803745683787
a2_d_12,a2_l_rate,yaw,-280,-0.18822722580966655
a2_d_12,a2_l_rate,yaw,-270,-0.19431890389127163
a2_d_12,a2_l_rate,yaw,-260,-0.20057773844563356
a2_d_12,a2_l_rate,yaw,-250,-0.20693540422475723
a2_d_12,a2_l_rate,yaw,-240,-0.21332700917606515
a2_d_12,a2_l_rate,yaw,-230,-0.21968028625882663
a2_d_12,a2_l_rate,yaw,-220,-0.22593873189153105
a2_d_12,a2_l_rate,yaw,-210,-0.23202641475391259
a2_d_12,a2_l_rate,yaw,-200,-0.2378755912516146
a2_d_12,a2_l_rate,yaw,-190,-0.2434034696236236
a2_d_12,a2_l_rate,yaw,-180,-0.24853596385971197
a2_d_12,a2_l_rate,yaw,-170,-0.25318522559155315
a2_d_12,a2_l_rate,yaw,-160,-0.25728018952104575
a2_d_12,a2_l_rate,yaw,-150,-0.26075279357763526
a2_d_12,a2_l_rate,yaw,-140,-0.26354452589463634
a2_d_12,a2_l_rate,yaw,-130,-0.2655858310976205
a2_d_12,a2_l_rate,yaw,-120,-0.266814890661878
a2_d_12,a2_l_rate,yaw,-110,-0.26722372367513636
a2_d_12,a2_l_rate,yaw,-100,-0.2668086401316502
a2_d_12,a2_l_rate,yaw,-90,-0.2656021428858683
a2_d_12,a2_l_rate,yaw,-80,-0.26371931392070136
a2_d_12,a2_l_rate,yaw,-70,-0.261320610336494
a2_d_12,a2_l_rate,yaw,-60,-0.2586379013385547
a2_d_12,a2_l_rate,yaw,-50,-0.25593511538185837
a2_d_12,a2_l_rate,yaw,-40,-0.25350592733148464
a2_d_12,a2_l_rate,yaw,-30,-0.2516874438021792
a2_d_12,a2_l_rate,yaw,-20,-0.2508420817479962
a2_d_12,a2_l_rate,yaw,-10,-0.25133861539508967
a2_d_12,a2_l_rate,yaw,0,-0.25357226348279677
a2_d_12,a2_l_rate,yaw,10,-0.25758547784629116
a2_d_12,a2_l_rate,yaw,20,-0.2640683580344709
a2_d_12,a2_l_rate,yaw,30,-0.2732268645354344
a2_d_12,a2_l_rate,yaw,40,-0.2851158454536252
a2_d_12,a2_l_rate,yaw,50,-0.29964330260586797
a2_d_12,a2_l_rate,yaw,60,-0.31651028047333307
a2_d_12,a2_l_rate,yaw,70,-0.33526365115116125
a2_d_12,a2_l_rate,yaw,80,-0.3552974602400316
a2_d_12,a2_l_rate,yaw,90,-0.37588389388346105
a2_d_12,a2_l_rate,yaw,100,-0.39622217867380854
a2_d_12,a2_l_rate,yaw,110,-0.4155023666029259
a2_d_12,a2_l_rate,yaw,120,-0.43298160981992945
a2_d_12,a2_l_rate,yaw,130,-0.44800983034497815
a2_d_12,a2_l_rate,yaw,140,-0.4600585908974219
a2_d_12,a2_l_rate,yaw,150,-0.4687802352988456
a2_d_12,a2_l_rate,yaw,160,-0.4739901917334027
a2_d_12,a2_l_rate,yaw,170,-0.4757088501685616
a2_d_12,a2_l_rate,yaw,180,-0.4740939178283032
a2_d_12,a2_l_rate,yaw,190,-0.469435638229191
a2_d_12,a2_l_rate,yaw,200,-0.46211270817130645
a2_d_12,a2_l_rate,yaw,210,-0.4525514565954597
a2_d_12,a2_l_rate,yaw,220,-0.44119729402353514
a2_d_12,a2_l_rate,yaw,230,-0.4285113636237262
a2_d_12,a2_l_rate,yaw,240,-0.4149625857703942
a2_d_12,a2_l_rate,yaw,250,-0.400979900253013
a2_d_12,a2_l_rate,yaw,260,-0.386967021214943
a2_d_12,a2_l_rate,yaw,270,-0.3732986523604192
a2_d_12,a2_l_rate,yaw,280,-0.36027038265105854
a2_d_12,a2_l_rate,yaw,290,-0.3481179686322464
a2_d_12,a2_l_rate,yaw,300,-0.3369852876974416
a2_d_12,a2_l_rate,yaw,310,-0.32698362668913045
a2_d_12,a2_l_rate,yaw,320,-0.31816443271631145
a2_d_12,a2_l_rate,yaw,330,-0.31052861980970714
a2_d_12,a2_l_rate,yaw,340,-0.30403806619286805
a2_d_12,a2_l_rate,yaw,350,-0.2986287280030486
a2_d_12,a2_l_rate,yaw,360,-0.2942116983663625
a2_d_12,a2_l_rate,yaw,370,-0.29068025965201155
a2_d_12,a2_l_rate,yaw,380,-0.28792308435520003
a2_d_12,a2_l_rate,yaw,390,-0.2858210953471982
a2_d_12,a2_l_rate,yaw,400,-0.28425012388717863
a2_d_12,a2_l_rate,yaw,410,-0.28308678472780546
a2_d_12,a2_l_rate,yaw,420,-0.2822558513171561
a2_d_12,a2_l_rate,yaw,430,-0.281676437945575
a2_d_12,a2_l_rate,yaw,440,-0.2812854514741183
a2_d_12,a2_l_rate,yaw,450,-0.2809954485419626
a2_d_12,a2_l_rate,yaw,460,-0.2807469361286816
a2_d_12,a2_l_rate,yaw,470,-0.2804985493356573
a2_d_12,a2_l_rate,yaw,480,-0.28017022935324454
a2_d_12,a2_l_rate,yaw,490,-0.27973191899018013
a2_d_12,a2_l_rate,yaw,500,-0.2791940952759315
a2_d_12,a2_r_rate,yaw,-500,0.22295597211857168
a2_d_12,a2_r_rate,yaw,-490,0.22545026890664369
a2_d_12,a2_r_rate,yaw,-480,0.22787110809808794
a2_d_12,a2_r_rate,yaw,-470,0.23024954943715853
a2_d_12,a2_r_rate,yaw,-460,0.23262232212331235
a2_d_12,a2_r_rate,yaw,-450,0.23504197314802353
a2_d_12,a2_r_rate,yaw,-440,0.2375195096613214
a2_d_12,a2_r_rate,yaw,-430,0.2400518242348106
a2_d_12,a2_r_rate,yaw,-420,0.24263291575590576
a2_d_12,a2_r_rate,yaw,-410,0.24526878012544004
a2_d_12,a2_r_rate,yaw,-400,0.24794172092162958
a2_d_12,a2_r_rate,yaw,-390,0.25065525860070775
a2_d_12,a2_r_rate,yaw,-380,0.25342832999637643
a2_d_12,a2_r_rate,yaw,-370,0.25628011836370407
a2_d_12,a2_r_rate,yaw,-360,0.2592115150391895
a2_d_12,a2_r_rate,yaw,-350,0.26224348786669205
a2_d_12,a2_r_rate,yaw,-340,0.26539087463378674
a2_d_12,a2_r_rate,yaw,-330,0.26867660245865893
a2_d_12,a2_r_rate,yaw,-320,0.27212048283331547
a2_d_12,a2_r_rate,yaw,-310,0.27575741297097933
a2_d_12,a2_r_rate,yaw,-300,0.2796404581210446
a2_d_12,a2_r_rate,yaw,-290,0.2838170005929284
a2_d_12,a2_r_rate,yaw,-280,0.288314124271499
a2_d_12,a2_r_rate,yaw,-270,0.2931182679549774
a2_d_12,a2_r_rate,yaw,-260,0.2982095965111157
a2_d_12,a2_r_rate,yaw,-250,0.303542349974618
a2_d_12,a2_r_rate,yaw,-240,0.3090963785150848
a2_d_12,a2_r_rate,yaw,-230,0.31483709176674085
a2_d_12,a2_r_rate,yaw,-220,0.3207221927764812
a2_d_12,a2_r_rate,yaw,-210,0.3266814362861741
a2_d_12,a2_r_rate,yaw,-200,0.3326572021524526
a2_d_12,a2_r_rate,yaw,-190,0.3385374450539494
a2_d_12,a2_r_rate,yaw,-180,0.3442289327617612
a2_d_12,a2_r_rate,yaw,-170,0.3496145476530052
a2_d_12,a2_r_rate,yaw,-160,0.35455230592923176
a2_d_12,a2_r_rate,yaw,-150,0.3588897876522012
a2_d_12,a2_r_rate,yaw,-140,0.36246915797642915
a2_d_12,a2_r_rate,yaw,-130,0.3651171572629868
a2_d_12,a2_r_rate,yaw,-120,0.36669736413127035
a2_d_12,a2_r_rate,yaw,-110,0.367091980680575
a2_d_12,a2_r_rate,yaw,-100,0.36621434420442095
a2_d_12,a2_r_rate,yaw,-90,0.36405199416225104
a2_d_12,a2_r_rate,yaw,-80,0.3606760574852417
a2_d_12,a2_r_rate,yaw,-70,0.35623786179040173
a2_d_12,a2_r_rate,yaw,-60,0.3509711718438133
a2_d_12,a2_r_rate,yaw,-50,0.34519791770311364
a2_d_12,a2_r_rate,yaw,-40,0.33932230281617
a2_d_12,a2_r_rate,yaw,-30,0.33382794737698923
a2_d_12,a2_r_rate,yaw,-20,0.3292450021382678
a2_d_12,a2_r_rate,yaw,-10,0.32612973748873564
a2_d_12,a2_r_rate,yaw,0,0.3249861867678229
a2_d_12,a2_r_rate,yaw,10,0.3260277004898202
a2_d_12,a2_r_rate,yaw,20,0.3298100502625647
a2_d_12,a2_r_rate,yaw,30,0.3365553650954041
a2_d_12,a2_r_rate,yaw,40,0.3462966109000701
a2_d_12,a2_r_rate,yaw,50,0.358880549892116
a2_d_12,a2_r_rate,yaw,60,0.37395985858789776
a2_d_12,a2_r_rate,yaw,70,0.3910211858846239
a2_d_12,a2_r_rate,yaw,80,0.40941174196747243
a2_d_12,a2_r_rate,yaw,90,0.4284186282308957
a2_d_12,a2_r_rate,yaw,100,0.447324926149928
a2_d_12,a2_r_rate,yaw,110,0.46543302367552897
a2_d_12,a2_r_rate,yaw,120,0.48209393735953204
a2_d_12,a2_r_rate,yaw,130,0.4967652058076318
a2_d_12,a2_r_rate,yaw,140,0.5090223556088667
a2_d_12,a2_r_rate,yaw,150,0.5185950804417025
a2_d_12,a2_r_rate,yaw,160,0.5253918957258378
a2_d_12,a2_r_rate,yaw,170,0.5294584822617314
a2_d_12,a2_r_rate,yaw,180,0.5309704617655433
a2_d_12,a2_r_rate,yaw,190,0.5301639926277603
a2_d_12,a2_r_rate,yaw,200,0.5273418827295677
a2_d_12,a2_r_rate,yaw,210,0.5228581783097739
a2_d_12,a2_r_rate,yaw,220,0.5170386683751429
a2_d_12,a2_r_rate,yaw,230,0.5102313635021959
a2_d_12,a2_r_rate,yaw,240,0.5027442198328892
a2_d_12,a2_r_rate,yaw,250,0.4948712334034125
a2_d_12,a2_r_rate,yaw,260,0.4868583400841492
a2_d_12,a2_r_rate,yaw,270,0.47891460987404916
a2_d_12,a2_r_rate,yaw,280,0.47122352508419607
a2_d_12,a2_r_rate,yaw,290,0.463905925946377
a2_d_12,a2_r_rate,yaw,300,0.4570476085872958
a2_d_12,a2_r_rate,yaw,310,0.45070432050622067
a2_d_12,a2_r_rate,yaw,320,0.44489660043483975
a2_d_12,a2_r_rate,yaw,330,0.4396096985976586
a2_d_12,a2_r_rate,yaw,340,0.4348028906279827
a2_d_12,a2_r_rate,yaw,350,0.4304774836464921
a2_d_12,a2_r_rate,yaw,360,0.42661374403696206
a2_d_12,a2_r_rate,yaw,370,0.4231662434122535
a2_d_12,a2_r_rate,yaw,380,0.4200976812769203
a2_d_12,a2_r_rate,yaw,390,0.4173735162317516
a2_d_12,a2_r_rate,yaw,400,0.41493373971650455
a2_d_12,a2_r_rate,yaw,410,0.41271085332044694
a2_d_12,a2_r_rate,yaw,420,0.41064638113430735
a2_d_12,a2_r_rate,yaw,430,0.4086905214814706
a2_d_12,a2_r_rate,yaw,440,0.40682226899479285
a2_d_12,a2_r_rate,yaw,450,0.40499528851286065
a2_d_12,a2_r_rate,yaw,460,0.4031797365071296
a2_d_12,a2_r_rate,yaw,470,0.4013501098748429
a2_d_12,a2_r_rate,yaw,480,0.3994895814996722
a2_d_12,a2_r_rate,yaw,490,0.3976069503822737
a2_d_12,a2_r_rate,yaw,500,0.3956664095240818
a2_d_12,a2_l_rate,a2_r_rate,-500,0.07032266369961085
a2_d_12,a2_l_rate,a2_r_rate,-490,0.06945126846429342
a2_d_12,a2_l_rate,a2_r_rate,-480,0.06860835729193984
a2_d_12,a2_l_rate,a2_r_rate,-470,0.06776627232358409
a2_d_12,a2_l_rate,a2_r_rate,-460,0.06689248671261844
a2_d_12,a2_l_rate,a2_r_rate,-450,0.06595966741397721
a2_d_12,a2_l_rate,a2_r_rate,-440,0.06495511660003882
a2_d_12,a2_l_rate,a2_r_rate,-430,0.06388683123101178
a2_d_12,a2_l_rate,a2_r_rate,-420,0.0627843179886893
a2_d_12,a2_l_rate,a2_r_rate,-410,0.061694012094988246
a2_d_12,a2_l_rate,a2_r_rate,-400,0.06067040309579625
a2_d_12,a2_l_rate,a2_r_rate,-390,0.05976579223063964
a2_d_12,a2_l_rate,a2_r_rate,-380,0.059021775003110725
a2_d_12,a2_l_rate,a2_r_rate,-370,0.05846527360812177
a2_d_12,a2_l_rate,a2_r_rate,-360,0.058109609955178256
a2_d_12,a2_l_rate,a2_r_rate,-350,0.05795890158225992
a2_d_12,a2_l_rate,a2_r_rate,-340,0.05801226310825803
a2_d_12,a2_l_rate,a2_r_rate,-330,0.05826509197308356
a2_d_12,a2_l_rate,a2_r_rate,-320,0.05870814794157608
a2_d_12,a2_l_rate,a2_r_rate,-310,0.05932732373851688
a2_d_12,a2_l_rate,a2_r_rate,-300,0.06010552726045616
a2_d_12,a2_l_rate,a2_r_rate,-290,0.06102381319839252
a2_d_12,a2_l_rate,a2_r_rate,-280,0.06205823592567244
a2_d_12,a2_l_rate,a2_r_rate,-270,0.06317287002674782
a2_d_12,a2_l_rate,a2_r_rate,-260,0.06431383590016723
a2_d_12,a2_l_rate,a2_r_rate,-250,0.06540908683309005
a2_d_12,a2_l_rate,a2_r_rate,-240,0.06637574982138239
a2_d_12,a2_l_rate,a2_r_rate,-230,0.06713369824700097
a2_d_12,a2_l_rate,a2_r_rate,-220,0.06762070913618491
a2_d_12,a2_l_rate,a2_r_rate,-210,0.06780222011612946
a2_d_12,a2_l_rate,a2_r_rate,-200,0.06766976763025297
a2_d_12,a2_l_rate,a2_r_rate,-190,0.06722873475759988
a2_d_12,a2_l_rate,a2_r_rate,-180,0.06648290793381369
a2_d_12,a2_l_rate,a2_r_rate,-170,0.06542535915098194
a2_d_12,a2_l_rate,a2_r_rate,-160,0.06403974556791261
a2_d_12,a2_l_rate,a2_r_rate,-150,0.06230877970560067
a2_d_12,a2_l_rate,a2_r_rate,-140,0.06022317254673931
a2_d_12,a2_l_rate,a2_r_rate,-130,0.057787613226706266
a2_d_12,a2_l_rate,a2_r_rate,-120,0.05502527439869233
a2_d_12,a2_l_rate,a2_r_rate,-110,0.051984545458554764
a2_d_12,a2_l_rate,a2_r_rate,-100,0.04874929851913933
a2_d_12,a2_l_rate,a2_r_rate,-90,0.045448894411280395
a2_d_12,a2_l_rate,a2_r_rate,-80,0.04226023433947707
a2_d_12,a2_l_rate,a2_r_rate,-70,0.03939399399311179
a2_d_12,a2_l_rate,a2_r_rate,-60,0.03706210918864841
a2_d_12,a2_l_rate,a2_r_rate,-50,0.03543222086618463
a2_d_12,a2_l_rate,a2_r_rate,-40,0.034584017714869894
a2_d_12,a2_l_rate,a2_r_rate,-30,0.03448673542601187
a2_d_12,a2_l_rate,a2_r_rate,-20,0.03501263199575751
a2_d_12,a2_l_rate,a2_r_rate,-10,0.03598718603664831
a2_d_12,a2_l_rate,a2_r_rate,0,0.03725894052231517
a2_d_12,a2_l_rate,a2_r_rate,10,0.039032133462477483
a2_d_12,a2_l_rate,a2_r_rate,20,0.041087731218350354
a2_d_12,a2_l_rate,a2_r_rate,30,0.043559779852466424
a2_d_12,a2_l_rate,a2_r_rate,40,0.04660427634123377
a2_d_12,a2_l_rate,a2_r_rate,50,0.050324463812416086
a2_d_12,a2_l_rate,a2_r_rate,60,0.054711545800657235
a2_d_12,a2_l_rate,a2_r_rate,70,0.05962128479289618
a2_d_12,a2_l_rate,a2_r_rate,80,0.06479134762615901
a2_d_12,a2_l_rate,a2_r_rate,90,0.06988917490214035
a2_d_12,a2_l_rate,a2_r_rate,100,0.074571899232907
a2_d_12,a2_l_rate,a2_r_rate,110,0.07854023086995213
a2_d_12,a2_l_rate,a2_r_rate,120,0.08157442143375702
a2_d_12,a2_l_rate,a2_r_rate,130,0.08354825659654867
a2_d_12,a2_l_rate,a2_r_rate,140,0.08442442984704952
a2_d_12,a2_l_rate,a2_r_rate,150,0.08423899543464579
a2_d_12,a2_l_rate,a2_r_rate,160,0.08308313271229677
a2_d_12,a2_l_rate,a2_r_rate,170,0.0810873263002549
a2_d_12,a2_l_rate,a2_r_rate,180,0.07840810582994867
a2_d_12,a2_l_rate,a2_r_rate,190,0.07521505323874356
a2_d_12,a2_l_rate,a2_r_rate,200,0.0716763715582639
a2_d_12,a2_l_rate,a2_r_rate,210,0.06794464442059119
a2_d_12,a2_l_rate,a2_r_rate,220,0.06414634074226229
a2_d_12,a2_l_rate,a2_r_rate,230,0.06037818072825217
a2_d_12,a2_l_rate,a2_r_rate,240,0.05671026549075051
a2_d_12,a2_l_rate,a2_r_rate,250,0.05319282109648867
a2_d_12,a2_l_rate,a2_r_rate,260,0.04986313352532945
a2_d_12,a2_l_rate,a2_r_rate,270,0.04675112878372201
a2_d_12,a2_l_rate,a2_r_rate,280,0.04388405295003178
a2_d_12,a2_l_rate,a2_r_rate,290,0.041290491690963736
a2_d_12,a2_l_rate,a2_r_rate,300,0.03900189742910362
a2_d_12,a2_l_rate,a2_r_rate,310,0.03704901841634528
a2_d_12,a2_l_rate,a2_r_rate,320,0.035453501848712564
a2_d_12,a2_l_rate,a2_r_rate,330,0.034218979366429085
a2_d_12,a2_l_rate,a2_r_rate,340,0.0333271153681439
a2_d_12,a2_l_rate,a2_r_rate,350,0.03274064916102958
a2_d_12,a2_l_rate,a2_r_rate,360,0.03241131047548291
a2_d_12,a2_l_rate,a2_r_rate,370,0.03228866315497082
a2_d_12,a2_l_rate,a2_r_rate,380,0.032326911215805686
a2_d_12,a2_l_rate,a2_r_rate,390,0.032488642684748645
a2_d_12,a2_l_rate,a2_r_rate,400,0.0327464971636197
a2_d_12,a2_l_rate,a2_r_rate,410,0.033084272037967245
a2_d_12,a2_l_rate,a2_r_rate,420,0.03349756777779551
a2_d_12,a2_l_rate,a2_r_rate,430,0.03399241168886385
a2_d_12,a2_l_rate,a2_r_rate,440,0.034580535135184685
a2_d_12,a2_l_rate,a2_r_rate,450,0.035272347965228934
a2_d_12,a2_l_rate,a2_r_rate,460,0.03607116743699694
a2_d_12,a2_l_rate,a2_r_rate,470,0.03697178280597903
a2_d_12,a2_l_rate,a2_r_rate,480,0.037962801045135275
a2_d_12,a2_l_rate,a2_r_rate,490,0.03902905354347527
a2_d_12,a2_l_rate,a2_r_rate,500,0.04015084190529019
a2_d_12,A_minus_B,yaw,-500,-0.24934761356675347
a2_d_12,A_minus_B,yaw,-490,-0.25277190014219936
a2_d_12,A_minus_B,yaw,-480,-0.25607850993065345
a2_d_12,A_minus_B,yaw,-470,-0.25928369667173873
a2_d_12,A_minus_B,yaw,-460,-0.2624121039630665
a2_d_12,A_minus_B,yaw,-450,-0.2655159832484512
a2_d_12,A_minus_B,yaw,-440,-0.2686211639853075
a2_d_12,A_minus_B,yaw,-430,-0.27176290810063036
a2_d_12,A_minus_B,yaw,-420,-0.2749728682026837
a2_d_12,A_minus_B,yaw,-410,-0.2782881822165115
a2_d_12,A_minus_B,yaw,-400,-0.28172265942666086
a2_d_12,A_minus_B,yaw,-390,-0.2853035069063714
a2_d_12,A_minus_B,yaw,-380,-0.2890824521813785
a2_d_12,A_minus_B,yaw,-370,-0.2931156178423954
a2_d_12,A_minus_B,yaw,-360,-0.29743505414734805
a2_d_12,A_minus_B,yaw,-350,-0.30209250581499936
a2_d_12,A_minus_B,yaw,-340,-0.30710816898070037
a2_d_12,A_minus_B,yaw,-330,-0.3125113757588938
a2_d_12,A_minus_B,yaw,-320,-0.3183023622337375
a2_d_12,A_minus_B,yaw,-310,-0.3244885432192541
a2_d_12,A_minus_B,yaw,-300,-0.331090992598276
a2_d_12,A_minus_B,yaw,-290,-0.3381202528230799
a2_d_12,A_minus_B,yaw,-280,-0.3455631029243626
a2_d_12,A_minus_B,yaw,-270,-0.35338280754681406
a2_d_12,A_minus_B,yaw,-260,-0.36152609457071283
a2_d_12,A_minus_B,yaw,-250,-0.36991159010346364
a2_d_12,A_minus_B,yaw,-240,-0.3784787814886544
a2_d_12,A_minus_B,yaw,-230,-0.38715082763006264
a2_d_12,A_minus_B,yaw,-220,-0.3958565224223714
a2_d_12,A_minus_B,yaw,-210,-0.4044906548589069
a2_d_12,A_minus_B,yaw,-200,-0.41296304212321744
a2_d_12,A_minus_B,yaw,-190,-0.42113238171616557
a2_d_12,A_minus_B,yaw,-180,-0.4288764664025135
a2_d_12,A_minus_B,yaw,-170,-0.4360457390205263
a2_d_12,A_minus_B,yaw,-160,-0.4424857058661791
a2_d_12,A_minus_B,yaw,-150,-0.4480380154446916
a2_d_12,A_minus_B,yaw,-140,-0.4525480768280545
a2_d_12,A_minus_B,yaw,-130,-0.4558416349289334
a2_d_12,A_minus_B,yaw,-120,-0.4577756775794806
a2_d_12,A_minus_B,yaw,-110,-0.4582590150087614
a2_d_12,A_minus_B,yaw,-100,-0.4572264166868077
a2_d_12,A_minus_B,yaw,-90,-0.45469298422051435
a2_d_12,A_minus_B,yaw,-80,-0.45079415540388823
a2_d_12,A_minus_B,yaw,-70,-0.4457565066795039
a2_d_12,A_minus_B,yaw,-60,-0.4399183626396059
a2_d_12,A_minus_B,yaw,-50,-0.4337054095049333
a2_d_12,A_minus_B,yaw,-40,-0.4276239158989024
a2_d_12,A_minus_B,yaw,-30,-0.4222675169646342
a2_d_12,A_minus_B,yaw,-20,-0.4182798992743199
a2_d_12,A_minus_B,yaw,-10,-0.41632666996086354
a2_d_12,A_minus_B,yaw,0,-0.4170537981571298
a2_d_12,A_minus_B,yaw,10,-0.4207011490940726
a2_d_12,A_minus_B,yaw,20,-0.4281022874089284
a2_d_12,A_minus_B,yaw,30,-0.43956660789252666
a2_d_12,A_minus_B,yaw,40,-0.4551577818466895
a2_d_12,A_minus_B,yaw,50,-0.47469986599009567
a2_d_12,A_minus_B,yaw,60,-0.49772887464427795
a2_d_12,A_minus_B,yaw,70,-0.5235504524120899
a2_d_12,A_minus_B,yaw,80,-0.5512591347144727
a2_d_12,A_minus_B,yaw,90,-0.5798174045036386
a2_d_12,A_minus_B,yaw,100,-0.608131423859765
a2_d_12,A_minus_B,yaw,110,-0.6351138604761758
a2_d_12,A_minus_B,yaw,120,-0.6597597047568126
a2_d_12,A_minus_B,yaw,130,-0.6812065275486705
a2_d_12,A_minus_B,yaw,140,-0.6987641077051808
a2_d_12,A_minus_B,yaw,150,-0.7119838534002212
a2_d_12,A_minus_B,yaw,160,-0.7206646810111713
a2_d_12,A_minus_B,yaw,170,-0.724853978549763
a2_d_12,A_minus_B,yaw,180,-0.7247942572085264
a2_d_12,A_minus_B,yaw,190,-0.7208687261034874
a2_d_12,A_minus_B,yaw,200,-0.713572336047645
a2_d_12,A_minus_B,yaw,210,-0.7034699628250144
a2_d_12,A_minus_B,yaw,220,-0.6911181058043209
a2_d_12,A_minus_B,yaw,230,-0.6770992790107383
a2_d_12,A_minus_B,yaw,240,-0.6619713882100415
a2_d_12,A_minus_B,yaw,250,-0.6462523426088815
a2_d_12,A_minus_B,yaw,260,-0.6304065908937004
a2_d_12,A_minus_B,yaw,270,-0.6148518466608148
a2_d_12,A_minus_B,yaw,280,-0.5999323230836829
a2_d_12,A_minus_B,yaw,290,-0.5859055183672272
a2_d_12,A_minus_B,yaw,300,-0.5729381109344809
a2_d_12,A_minus_B,yaw,310,-0.5611517913063336
a2_d_12,A_minus_B,yaw,320,-0.5506003840685696
a2_d_12,A_minus_B,yaw,330,-0.541276479877971
a2_d_12,A_minus_B,yaw,340,-0.533125576028562
a2_d_12,A_minus_B,yaw,350,-0.5261040020795521
a2_d_12,A_minus_B,yaw,360,-0.5201341916876915
a2_d_12,A_minus_B,yaw,370,-0.5151068625476206
a2_d_12,A_minus_B,yaw,380,-0.5109149680307985
a2_d_12,A_minus_B,yaw,390,-0.5074468688129686
a2_d_12,A_minus_B,yaw,400,-0.5045673002133858
a2_d_12,A_minus_B,yaw,410,-0.5021354525197183
a2_d_12,A_minus_B,yaw,420,-0.5000528954987206
a2_d_12,A_minus_B,yaw,430,-0.4982256417952758
a2_d_12,A_minus_B,yaw,440,-0.4965944451118968
a2_d_12,A_minus_B,yaw,450,-0.49506381802863303
a2_d_12,A_minus_B,yaw,460,-0.4935697979021824
a2_d_12,A_minus_B,yaw,470,-0.4920646845038873
a2_d_12,A_minus_B,yaw,480,-0.4904791924906958
a2_d_12,A_minus_B,yaw,490,-0.48879799480182307
a2_d_12,A_minus_B,yaw,500,-0.48700222272237215
a2_d_12,A_plus_B,yaw,-500,0.07144092401750947
a2_d_12,A_plus_B,yaw,-490,0.07165634663743835
a2_d_12,A_plus_B,yaw,-480,0.07187924115556202
a2_d_12,A_plus_B,yaw,-470,0.07213433612131713
a2_d_12,A_plus_B,yaw,-460,0.07244878622655743
a2_d_12,A_plus_B,yaw,-450,0.07284734845031489
a2_d_12,A_plus_B,yaw,-440,0.07332262853798838
a2_d_12,A_plus_B,yaw,-430,0.07383795809861181
a2_d_12,A_plus_B,yaw,-420,0.074355305079884
a2_d_12,A_plus_B,yaw,-410,0.07484722763226014
a2_d_12,A_plus_B,yaw,-400,0.07527465143834702
a2_d_12,A_plus_B,yaw,-390,0.07561457301820958
a2_d_12,A_plus_B,yaw,-380,0.0758428521152383
a2_d_12,A_plus_B,yaw,-370,0.07593333124706098
a2_d_12,A_plus_B,yaw,-360,0.07585876589351494
a2_d_12,A_plus_B,yaw,-350,0.07560091974307075
a2_d_12,A_plus_B,yaw,-340,0.07516233264830448
a2_d_12,A_plus_B,yaw,-330,0.07454747599906625
a2_d_12,A_plus_B,yaw,-320,0.07378335648644585
a2_d_12,A_plus_B,yaw,-310,0.07290917071059436
a2_d_12,A_plus_B,yaw,-300,0.07197422180501198
a2_d_12,A_plus_B,yaw,-290,0.07102962368570409
a2_d_12,A_plus_B,yaw,-280,0.07012285080276043
a2_d_12,A_plus_B,yaw,-270,0.06927012605714637
a2_d_12,A_plus_B,yaw,-260,0.0684970789617368
a2_d_12,A_plus_B,yaw,-250,0.0678217813682052
a2_d_12,A_plus_B,yaw,-240,0.06727801040011441
a2_d_12,A_plus_B,yaw,-230,0.06689339748401543
a2_d_12,A_plus_B,yaw,-220,0.06667702471246686
a2_d_12,A_plus_B,yaw,-210,0.06663015819127502
a2_d_12,A_plus_B,yaw,-200,0.06675730035127753
a2_d_12,A_plus_B,yaw,-190,0.0670372955513088
a2_d_12,A_plus_B,yaw,-180,0.06745746611632282
a2_d_12,A_plus_B,yaw,-170,0.06799785723297679
a2_d_12,A_plus_B,yaw,-160,0.0686082384670494
a2_d_12,A_plus_B,yaw,-150,0.06922783778481625
a2_d_12,A_plus_B,yaw,-140,0.06978566639805234
a2_d_12,A_plus_B,yaw,-130,0.07020922052877704
a2_d_12,A_plus_B,yaw,-120,0.07044840534341346
a2_d_12,A_plus_B,yaw,-110,0.07043022291869859
a2_d_12,A_plus_B,yaw,-100,0.07009985329631804
a2_d_12,A_plus_B,yaw,-90,0.06942681027218454
a2_d_12,A_plus_B,yaw,-80,0.06837893296459634
a2_d_12,A_plus_B,yaw,-70,0.06694702979892575
a2_d_12,A_plus_B,yaw,-60,0.06513052047344972
a2_d_12,A_plus_B,yaw,-50,0.06297008667898946
a2_d_12,A_plus_B,yaw,-40,0.06054515114856111
a2_d_12,A_plus_B,yaw,-30,0.05796112089379693
a2_d_12,A_plus_B,yaw,-20,0.05533769722770347
a2_d_12,A_plus_B,yaw,-10,0.05280760415080676
a2_d_12,A_plus_B,yaw,0,0.05044880840361481
a2_d_12,A_plus_B,yaw,10,0.0483951077567818
a2_d_12,A_plus_B,yaw,20,0.04654067816938623
a2_d_12,A_plus_B,yaw,30,0.04490137568313653
a2_d_12,A_plus_B,yaw,40,0.04346571484021285
a2_d_12,A_plus_B,yaw,50,0.042192610827219576
a2_d_12,A_plus_B,yaw,60,0.04104686556374882
a2_d_12,A_plus_B,yaw,70,0.0399825022873634
a2_d_12,A_plus_B,yaw,80,0.038961400303686854
a2_d_12,A_plus_B,yaw,90,0.03798807006205293
a2_d_12,A_plus_B,yaw,100,0.03711520914744388
a2_d_12,A_plus_B,yaw,110,0.0364158890143432
a2_d_12,A_plus_B,yaw,120,0.03595144941010646
a2_d_12,A_plus_B,yaw,130,0.03579415626289587
a2_d_12,A_plus_B,yaw,140,0.036014794759843045
a2_d_12,A_plus_B,yaw,150,0.036666630158649724
a2_d_12,A_plus_B,yaw,160,0.03781501056735502
a2_d_12,A_plus_B,yaw,170,0.039479204088604676
a2_d_12,A_plus_B,yaw,180,0.04167296198885991
a2_d_12,A_plus_B,yaw,190,0.04435871669547692
a2_d_12,A_plus_B,yaw,200,0.047483363637767666
a2_d_12,A_plus_B,yaw,210,0.050997393217741264
a2_d_12,A_plus_B,yaw,220,0.05481988487612712
a2_d_12,A_plus_B,yaw,230,0.05887551960603259
a2_d_12,A_plus_B,yaw,240,0.06305579359833449
a2_d_12,A_plus_B,yaw,250,0.06726910464974595
a2_d_12,A_plus_B,yaw,260,0.07140648853302983
a2_d_12,A_plus_B,yaw,270,0.07535248822102868
a2_d_12,A_plus_B,yaw,280,0.07902792232380532
a2_d_12,A_plus_B,yaw,290,0.08235114163676521
a2_d_12,A_plus_B,yaw,300,0.08528113061615676
a2_d_12,A_plus_B,yaw,310,0.0877818892871419
a2_d_12,A_plus_B,yaw,320,0.08983700700764369
a2_d_12,A_plus_B,yaw,330,0.0914400224382727
a2_d_12,A_plus_B,yaw,340,0.09259057841878207
a2_d_12,A_plus_B,yaw,350,0.09333285165751327
a2_d_12,A_plus_B,yaw,360,0.09371240993792293
a2_d_12,A_plus_B,yaw,370,0.09376924885145288
a2_d_12,A_plus_B,yaw,380,0.09355254344589861
a2_d_12,A_plus_B,yaw,390,0.09311885823613747
a2_d_12,A_plus_B,yaw,400,0.09251046424306004
a2_d_12,A_plus_B,yaw,410,0.09176391616018105
a2_d_12,A_plus_B,yaw,420,0.09088899258425275
a2_d_12,A_plus_B,yaw,430,0.08990598215640028
a2_d_12,A_plus_B,yaw,440,0.08884430907753266
a2_d_12,A_plus_B,yaw,450,0.08773462092934628
a2_d_12,A_plus_B,yaw,460,0.08660146878217159
a2_d_12,A_plus_B,yaw,470,0.08546018386336389
a2_d_12,A_plus_B,yaw,480,0.08435723135341763
a2_d_12,A_plus_B,yaw,490,0.08331956687833955
a2_d_12,A_plus_B,yaw,500,0.08231263032793638
a2_d_13,a2_l_rate,yaw,-500,-0.05696062436733745
a2_d_13,a2_l_rate,yaw,-490,-0.05841063791331025
a2_d_13,a2_l_rate,yaw,-480,-0.059580298881668554
a2_d_13,a2_l_rate,yaw,-470,-0.06034805520955853
a2_d_13,a2_l_rate,yaw,-460,-0.06067735394101159
a2_d_13,a2_l_rate,yaw,-450,-0.0605916831626563
a2_d_13,a2_l_rate,yaw,-440,-0.060119036696161525
a2_d_13,a2_l_rate,yaw,-430,-0.05930395474335421
a2_d_13,a2_l_rate,yaw,-420,-0.058207555532399646
a2_d_13,a2_l_rate,yaw,-410,-0.056904463149118054
a2_d_13,a2_l_rate,yaw,-400,-0.055481583599508014
a2_d_13,a2_l_rate,yaw,-390,-0.054015127865286616
a2_d_13,a2_l_rate,yaw,-380,-0.05256587745502389
a2_d_13,a2_l_rate,yaw,-370,-0.05114128760354176
a2_d_13,a2_l_rate,yaw,-360,-0.049722795823838914
a2_d_13,a2_l_rate,yaw,-350,-0.048304941015477644
a2_d_13,a2_l_rate,yaw,-340,-0.046924546748245276
a2_d_13,a2_l_rate,yaw,-330,-0.045657033451794206
a2_d_13,a2_l_rate,yaw,-320,-0.04455960774076637
a2_d_13,a2_l_rate,yaw,-310,-0.04368857893889023
a2_d_13,a2_l_rate,yaw,-300,-0.043086337198830385
a2_d_13,a2_l_rate,yaw,-290,-0.042788570715085766
a2_d_13,a2_l_rate,yaw,-280,-0.04284091092189341
a2_d_13,a2_l_rate,yaw,-270,-0.043279442675260814
a2_d_13,a2_l_rate,yaw,-260,-0.044121251196436395
a2_d_13,a2_l_rate,yaw,-250,-0.04533379367055077
a2_d_13,a2_l_rate,yaw,-240,-0.04687069055762952
a2_d_13,a2_l_rate,yaw,-230,-0.048649986080595814
a2_d_13,a2_l_rate,yaw,-220,-0.05054817202170636
a2_d_13,a2_l_rate,yaw,-210,-0.05241770569443249
a2_d_13,a2_l_rate,yaw,-200,-0.05410469904055778
a2_d_13,a2_l_rate,yaw,-190,-0.05543812912213398
a2_d_13,a2_l_rate,yaw,-180,-0.05622663578079265
a2_d_13,a2_l_rate,yaw,-170,-0.05628431790664749
a2_d_13,a2_l_rate,yaw,-160,-0.05544289104716963
a2_d_13,a2_l_rate,yaw,-150,-0.0535909563753939
a2_d_13,a2_l_rate,yaw,-140,-0.050689122045247
a2_d_13,a2_l_rate,yaw,-130,-0.04677012317057228
a2_d_13,a2_l_rate,yaw,-120,-0.04195730102210497
a2_d_13,a2_l_rate,yaw,-110,-0.03644129379501209
a2_d_13,a2_l_rate,yaw,-100,-0.030458794308432128
a2_d_13,a2_l_rate,yaw,-90,-0.024270191449629126
a2_d_13,a2_l_rate,yaw,-80,-0.018133814812691912
a2_d_13,a2_l_rate,yaw,-70,-0.012320785865541644
a2_d_13,a2_l_rate,yaw,-60,-0.007104409731883949
a2_d_13,a2_l_rate,yaw,-50,-0.002752674776315786
a2_d_13,a2_l_rate,yaw,-40,0.0004864200287130722
a2_d_13,a2_l_rate,yaw,-30,0.0023981575066176273
a2_d_13,a2_l_rate,yaw,-20,0.0028034442681638227
a2_d_13,a2_l_rate,yaw,-10,0.001568261475146034
a2_d_13,a2_l_rate,yaw,0,-0.0014077827656227987
a2_d_13,a2_l_rate,yaw,10,-0.005994537217844178
a2_d_13,a2_l_rate,yaw,20,-0.01244868024187355
a2_d_13,a2_l_rate,yaw,30,-0.020664022724042337
a2_d_13,a2_l_rate,yaw,40,-0.03041531159031164
a2_d_13,a2_l_rate,yaw,50,-0.04138735017465744
a2_d_13,a2_l_rate,yaw,60,-0.05325993140231723
a2_d_13,a2_l_rate,yaw,70,-0.06564088526958578
a2_d_13,a2_l_rate,yaw,80,-0.07819129923588945
a2_d_13,a2_l_rate,yaw,90,-0.09048833487355948
a2_d_13,a2_l_rate,yaw,100,-0.10212143300966885
a2_d_13,a2_l_rate,yaw,110,-0.11271530409261257
a2_d_13,a2_l_rate,yaw,120,-0.12193768099627599
a2_d_13,a2_l_rate,yaw,130,-0.1295456850815685
a2_d_13,a2_l_rate,yaw,140,-0.13538310746692872
a2_d_13,a2_l_rate,yaw,150,-0.1393963178743936
a2_d_13,a2_l_rate,yaw,160,-0.14161902698891485
a2_d_13,a2_l_rate,yaw,170,-0.14211793850332916
a2_d_13,a2_l_rate,yaw,180,-0.14098584445685594
a2_d_13,a2_l_rate,yaw,190,-0.13843580558695096
a2_d_13,a2_l_rate,yaw,200,-0.13463799335397686
a2_d_13,a2_l_rate,yaw,210,-0.12981905390408993
a2_d_13,a2_l_rate,yaw,220,-0.1241934395388217
a2_d_13,a2_l_rate,yaw,230,-0.11791005768832473
a2_d_13,a2_l_rate,yaw,240,-0.11115098270746693
a2_d_13,a2_l_rate,yaw,250,-0.10400832402483863
a2_d_13,a2_l_rate,yaw,260,-0.09662318907641711
a2_d_13,a2_l_rate,yaw,270,-0.08909024517205093
a2_d_13,a2_l_rate,yaw,280,-0.08156696257543167
a2_d_13,a2_l_rate,yaw,290,-0.07421111379810354
a2_d_13,a2_l_rate,yaw,300,-0.06720246898982618
a2_d_13,a2_l_rate,yaw,310,-0.06069368395553255
a2_d_13,a2_l_rate,yaw,320,-0.054861237834596024
a2_d_13,a2_l_rate,yaw,330,-0.049805828768424695
a2_d_13,a2_l_rate,yaw,340,-0.04557025062174555
a2_d_13,a2_l_rate,yaw,350,-0.042135089912436606
a2_d_13,a2_l_rate,yaw,360,-0.0394458667073216
a2_d_13,a2_l_rate,yaw,370,-0.037439699409752676
a2_d_13,a2_l_rate,yaw,380,-0.03602864309995288
a2_d_13,a2_l_rate,yaw,390,-0.03510635121207559
a2_d_13,a2_l_rate,yaw,400,-0.03452277515708211
a2_d_13,a2_l_rate,yaw,410,-0.03409184197838425
a2_d_13,a2_l_rate,yaw,420,-0.03372066185203274
a2_d_13,a2_l_rate,yaw,430,-0.033300963605376536
a2_d_13,a2_l_rate,yaw,440,-0.03276913802953608
a2_d_13,a2_l_rate,yaw,450,-0.03210865765697742
a2_d_13,a2_l_rate,yaw,460,-0.031252070417099195
a2_d_13,a2_l_rate,yaw,470,-0.03013903380002703
a2_d_13,a2_l_rate,yaw,480,-0.02875123309222191
a2_d_13,a2_l_rate,yaw,490,-0.02709225720974134
a2_d_13,a2_l_rate,yaw,500,-0.02517998855687157
a2_d_13,a2_r_rate,yaw,-500,0.06835723326536843
a2_d_13,a2_r_rate,yaw,-490,0.06636137824790443
a2_d_13,a2_r_rate,yaw,-480,0.06436824775316005
a2_d_13,a2_r_rate,yaw,-470,0.06252970184047187
a2_d_13,a2_r_rate,yaw,-460,0.06091008717800325
a2_d_13,a2_r_rate,yaw,-450,0.05963875334823622
a2_d_13,a2_r_rate,yaw,-440,0.05884265227438858
a2_d_13,a2_r_rate,yaw,-430,0.058581738592029975
a2_d_13,a2_r_rate,yaw,-420,0.0588782828705492
a2_d_13,a2_r_rate,yaw,-410,0.05969245375358254
a2_d_13,a2_r_rate,yaw,-400,0.061026179295701116
a2_d_13,a2_r_rate,yaw,-390,0.0628078884054689
a2_d_13,a2_r_rate,yaw,-380,0.06504967561226145
a2_d_13,a2_r_rate,yaw,-370,0.06770523684993393
a2_d_13,a2_r_rate,yaw,-360,0.07070508239175878
a2_d_13,a2_r_rate,yaw,-350,0.07407254310395613
a2_d_13,a2_r_rate,yaw,-340,0.0777724197059057
a2_d_13,a2_r_rate,yaw,-330,0.08178360911084999
a2_d_13,a2_r_rate,yaw,-320,0.086109199037976
a2_d_13,a2_r_rate,yaw,-310,0.09063482545174893
a2_d_13,a2_r_rate,yaw,-300,0.09518574190590677
a2_d_13,a2_r_rate,yaw,-290,0.09958503866326338
a2_d_13,a2_r_rate,yaw,-280,0.10367495532718675
a2_d_13,a2_r_rate,yaw,-270,0.10729554668203999
a2_d_13,a2_r_rate,yaw,-260,0.11038681565034954
a2_d_13,a2_r_rate,yaw,-250,0.11291936779702492
a2_d_13,a2_r_rate,yaw,-240,0.11492121981590481
a2_d_13,a2_r_rate,yaw,-230,0.11639959390502921
a2_d_13,a2_r_rate,yaw,-220,0.11746831981649763
a2_d_13,a2_r_rate,yaw,-210,0.118213086969089
a2_d_13,a2_r_rate,yaw,-200,0.11866057117579601
a2_d_13,a2_r_rate,yaw,-190,0.1188117035905989
a2_d_13,a2_r_rate,yaw,-180,0.11871108099832457
a2_d_13,a2_r_rate,yaw,-170,0.11825531743743291
a2_d_13,a2_r_rate,yaw,-160,0.11733178468574113
a2_d_13,a2_r_rate,yaw,-150,0.11580882743504964
a2_d_13,a2_r_rate,yaw,-140,0.1135472240892116
a2_d_13,a2_r_rate,yaw,-130,0.1103930416289934
a2_d_13,a2_r_rate,yaw,-120,0.10623807019627345
a2_d_13,a2_r_rate,yaw,-110,0.10104663339043281
a2_d_13,a2_r_rate,yaw,-100,0.09486974315355745
a2_d_13,a2_r_rate,yaw,-90,0.08777477600879345
a2_d_13,a2_r_rate,yaw,-80,0.08005502470165897
a2_d_13,a2_r_rate,yaw,-70,0.0720145319005972
a2_d_13,a2_r_rate,yaw,-60,0.06405395975902374
a2_d_13,a2_r_rate,yaw,-50,0.05657219977792338
a2_d_13,a2_r_rate,yaw,-40,0.04989810103047964
a2_d_13,a2_r_rate,yaw,-30,0.04442147677600992
a2_d_13,a2_r_rate,yaw,-20,0.040449876900425584
a2_d_13,a2_r_rate,yaw,-10,0.038400811748185826
a2_d_13,a2_r_rate,yaw,0,0.038615253729927405
a2_d_13,a2_r_rate,yaw,10,0.0407497271837053
a2_d_13,a2_r_rate,yaw,20,0.04570783092305166
a2_d_13,a2_r_rate,yaw,30,0.05355996491378831
a2_d_13,a2_r_rate,yaw,40,0.06421683880726049
a2_d_13,a2_r_rate,yaw,50,0.07741167624485777
a2_d_13,a2_r_rate,yaw,60,0.09271982813025689
a2_d_13,a2_r_rate,yaw,70,0.10953583641174558
a2_d_13,a2_r_rate,yaw,80,0.1271979030670574
a2_d_13,a2_r_rate,yaw,90,0.1449941073101574
a2_d_13,a2_r_rate,yaw,100,0.16217031198158866
a2_d_13,a2_r_rate,yaw,110,0.17809949823886115
a2_d_13,a2_r_rate,yaw,120,0.19219195165363595
a2_d_13,a2_r_rate,yaw,130,0.2040004904251236
a2_d_13,a2_r_rate,yaw,140,0.21325245402991855
a2_d_13,a2_r_rate,yaw,150,0.2198811949473661
a2_d_13,a2_r_rate,yaw,160,0.22386253712307258
a2_d_13,a2_r_rate,yaw,170,0.2252790463481319
a2_d_13,a2_r_rate,yaw,180,0.2243154111087342
a2_d_13,a2_r_rate,yaw,190,0.22120513024991315
a2_d_13,a2_r_rate,yaw,200,0.2162639080919268
a2_d_13,a2_r_rate,yaw,210,0.2098938084334529
a2_d_13,a2_r_rate,yaw,220,0.20243629791308143
a2_d_13,a2_r_rate,yaw,230,0.19420799674905218
a2_d_13,a2_r_rate,yaw,240,0.1855263755010491
a2_d_13,a2_r_rate,yaw,250,0.17667061667498854
a2_d_13,a2_r_rate,yaw,260,0.1679322540147915
a2_d_13,a2_r_rate,yaw,270,0.15959804070860598
a2_d_13,a2_r_rate,yaw,280,0.1518462434904257
a2_d_13,a2_r_rate,yaw,290,0.14480405755861106
a2_d_13,a2_r_rate,yaw,300,0.13851640433590687
a2_d_13,a2_r_rate,yaw,310,0.1329820148217471
a2_d_13,a2_r_rate,yaw,320,0.12821230524516206
a2_d_13,a2_r_rate,yaw,330,0.12417899535195366
a2_d_13,a2_r_rate,yaw,340,0.12085138876482908
a2_d_13,a2_r_rate,yaw,350,0.11816556094409299
a2_d_13,a2_r_rate,yaw,360,0.11603793187621904
a2_d_13,a2_r_rate,yaw,370,0.11444056565430583
a2_d_13,a2_r_rate,yaw,380,0.11326385650165217
a2_d_13,a2_r_rate,yaw,390,0.11242308509030499
a2_d_13,a2_r_rate,yaw,400,0.11176971288151218
a2_d_13,a2_r_rate,yaw,410,0.11117310012368543
a2_d_13,a2_r_rate,yaw,420,0.11050131809089048
a2_d_13,a2_r_rate,yaw,430,0.10964392691534627
a2_d_13,a2_r_rate,yaw,440,0.10859615405000143
a2_d_13,a2_r_rate,yaw,450,0.10735951880712612
a2_d_13,a2_r_rate,yaw,460,0.1058938956612059
a2_d_13,a2_r_rate,yaw,470,0.10423396137211458
a2_d_13,a2_r_rate,yaw,480,0.10235174838104155
a2_d_13,a2_r_rate,yaw,490,0.10036265420208218
a2_d_13,a2_r_rate,yaw,500,0.0983269756891716
a2_d_13,a2_l_rate,a2_r_rate,-500,0.10729014967194571
a2_d_13,a2_l_rate,a2_r_rate,-490,0.10926059176923766
a2_d_13,a2_l_rate,a2_r_rate,-480,0.11174758508419037
a2_d_13,a2_l_rate,a2_r_rate,-470,0.11469859610299274
a2_d_13,a2_l_rate,a2_r_rate,-460,0.11797551823166413
a2_d_13,a2_l_rate,a2_r_rate,-450,0.12137474141000992
a2_d_13,a2_l_rate,a2_r_rate,-440,0.12467302777160338
a2_d_13,a2_l_rate,a2_r_rate,-430,0.12768664874412483
a2_d_13,a2_l_rate,a2_r_rate,-420,0.13032126704006994
a2_d_13,a2_l_rate,a2_r_rate,-410,0.1325913427942703
a2_d_13,a2_l_rate,a2_r_rate,-400,0.13459967928453742
a2_d_13,a2_l_rate,a2_r_rate,-390,0.13648356053170196
a2_d_13,a2_l_rate,a2_r_rate,-380,0.13835024369050372
a2_d_13,a2_l_rate,a2_r_rate,-370,0.14023380126639337
a2_d_13,a2_l_rate,a2_r_rate,-360,0.142097115252553
a2_d_13,a2_l_rate,a2_r_rate,-350,0.14387864038427978
a2_d_13,a2_l_rate,a2_r_rate,-340,0.14555868622934515
a2_d_13,a2_l_rate,a2_r_rate,-330,0.147208097478224
a2_d_13,a2_l_rate,a2_r_rate,-320,0.1489901517192059
a2_d_13,a2_l_rate,a2_r_rate,-310,0.15111111618104375
a2_d_13,a2_l_rate,a2_r_rate,-300,0.1537429871399888
a2_d_13,a2_l_rate,a2_r_rate,-290,0.15695529826657498
a2_d_13,a2_l_rate,a2_r_rate,-280,0.16068573184829069
a2_d_13,a2_l_rate,a2_r_rate,-270,0.16476042604212937
a2_d_13,a2_l_rate,a2_r_rate,-260,0.16895506152649906
a2_d_13,a2_l_rate,a2_r_rate,-250,0.17307140384662328
a2_d_13,a2_l_rate,a2_r_rate,-240,0.17699499465139248
a2_d_13,a2_l_rate,a2_r_rate,-230,0.18070793328091445
a2_d_13,a2_l_rate,a2_r_rate,-220,0.18425772484345607
a2_d_13,a2_l_rate,a2_r_rate,-210,0.18770700534501109
a2_d_13,a2_l_rate,a2_r_rate,-200,0.19109135187933404
a2_d_13,a2_l_rate,a2_r_rate,-190,0.19440585672648047
a2_d_13,a2_l_rate,a2_r_rate,-180,0.19762736177977464
a2_d_13,a2_l_rate,a2_r_rate,-170,0.2007569315494985
a2_d_13,a2_l_rate,a2_r_rate,-160,0.20384911358972285
a2_d_13,a2_l_rate,a2_r_rate,-150,0.2070004480218815
a2_d_13,a2_l_rate,a2_r_rate,-140,0.21029956439687086
a2_d_13,a2_l_rate,a2_r_rate,-130,0.21377091787162372
a2_d_13,a2_l_rate,a2_r_rate,-120,0.2173483986298133
a2_d_13,a2_l_rate,a2_r_rate,-110,0.22089428153295282
a2_d_13,a2_l_rate,a2_r_rate,-100,0.22425349095115396
a2_d_13,a2_l_rate,a2_r_rate,-90,0.22731538769065263
a2_d_13,a2_l_rate,a2_r_rate,-80,0.2300522171296027
a2_d_13,a2_l_rate,a2_r_rate,-70,0.23251563501100136
a2_d_13,a2_l_rate,a2_r_rate,-60,0.23479358808029888
a2_d_13,a2_l_rate,a2_r_rate,-50,0.23694894999564545
a2_d_13,a2_l_rate,a2_r_rate,-40,0.2389698463550019
a2_d_13,a2_l_rate,a2_r_rate,-30,0.2407538215307441
a2_d_13,a2_l_rate,a2_r_rate,-20,0.2421310652631211
a2_d_13,a2_l_rate,a2_r_rate,-10,0.24291670623017905
a2_d_13,a2_l_rate,a2_r_rate,0,0.24297369462630042
a2_d_13,a2_l_rate,a2_r_rate,10,0.2423465291339875
a2_d_13,a2_l_rate,a2_r_rate,20,0.24096676014578305
a2_d_13,a2_l_rate,a2_r_rate,30,0.23909437176632792
a2_d_13,a2_l_rate,a2_r_rate,40,0.2370821015538502
a2_d_13,a2_l_rate,a2_r_rate,50,0.23529472540069848
a2_d_13,a2_l_rate,a2_r_rate,60,0.23402700090262726
a2_d_13,a2_l_rate,a2_r_rate,70,0.2334427195540422
a2_d_13,a2_l_rate,a2_r_rate,80,0.23355006279481164
a2_d_13,a2_l_rate,a2_r_rate,90,0.23421316876264345
a2_d_13,a2_l_rate,a2_r_rate,100,0.23518883940367827
a2_d_13,a2_l_rate,a2_r_rate,110,0.23617734340718227
a2_d_13,a2_l_rate,a2_r_rate,120,0.23687939254039067
a2_d_13,a2_l_rate,a2_r_rate,130,0.23705202819655602
a2_d_13,a2_l_rate,a2_r_rate,140,0.2365522847594585
a2_d_13,a2_l_rate,a2_r_rate,150,0.23535719260518714
a2_d_13,a2_l_rate,a2_r_rate,160,0.2335541500000232
a2_d_13,a2_l_rate,a2_r_rate,170,0.2313078233712753
a2_d_13,a2_l_rate,a2_r_rate,180,0.2288168316820181
a2_d_13,a2_l_rate,a2_r_rate,190,0.22627113180625877
a2_d_13,a2_l_rate,a2_r_rate,200,0.22381544758772057
a2_d_13,a2_l_rate,a2_r_rate,210,0.22152152843620365
a2_d_13,a2_l_rate,a2_r_rate,220,0.21937145116825155
a2_d_13,a2_l_rate,a2_r_rate,230,0.21725791928235202
a2_d_13,a2_l_rate,a2_r_rate,240,0.21501096114312776
a2_d_13,a2_l_rate,a2_r_rate,250,0.2124511304205029
a2_d_13,a2_l_rate,a2_r_rate,260,0.20945187622823652
a2_d_13,a2_l_rate,a2_r_rate,270,0.2059885494596195
a2_d_13,a2_l_rate,a2_r_rate,280,0.20215869764144295
a2_d_13,a2_l_rate,a2_r_rate,290,0.19816647463336878
a2_d_13,a2_l_rate,a2_r_rate,300,0.19427418720871162
a2_d_13,a2_l_rate,a2_r_rate,310,0.1907390898777782
a2_d_13,a2_l_rate,a2_r_rate,320,0.18775891152617707
a2_d_13,a2_l_rate,a2_r_rate,330,0.18543985595891657
a2_d_13,a2_l_rate,a2_r_rate,340,0.1837882999165367
a2_d_13,a2_l_rate,a2_r_rate,350,0.18272493622618227
a2_d_13,a2_l_rate,a2_r_rate,360,0.1821140894466605
a2_d_13,a2_l_rate,a2_r_rate,370,0.18179481938274075
a2_d_13,a2_l_rate,a2_r_rate,380,0.1816044114943881
a2_d_13,a2_l_rate,a2_r_rate,390,0.18139481236932334
a2_d_13,a2_l_rate,a2_r_rate,400,0.18104726324373177
a2_d_13,a2_l_rate,a2_r_rate,410,0.1804823605825796
a2_d_13,a2_l_rate,a2_r_rate,420,0.1796582405018572
a2_d_13,a2_l_rate,a2_r_rate,430,0.17855738649059957
a2_d_13,a2_l_rate,a2_r_rate,440,0.17717588839163992
a2_d_13,a2_l_rate,a2_r_rate,450,0.17552945351660681
a2_d_13,a2_l_rate,a2_r_rate,460,0.17367383439110395
a2_d_13,a2_l_rate,a2_r_rate,470,0.17172233857894387
a2_d_13,a2_l_rate,a2_r_rate,480,0.1698441530921987
a2_d_13,a2_l_rate,a2_r_rate,490,0.16823801670094174
a2_d_13,a2_l_rate,a2_r_rate,500,0.16708495888769245
a2_d_13,A_minus_B,yaw,-500,-0.10089288443216617
a2_d_13,A_minus_B,yaw,-490,-0.09987649251833428
a2_d_13,A_minus_B,yaw,-480,-0.09868751302346299
a2_d_13,A_minus_B,yaw,-470,-0.09739318032375902
a2_d_13,A_minus_B,yaw,-460,-0.09603024251520126
a2_d_13,A_minus_B,yaw,-450,-0.09473587460719779
a2_d_13,A_minus_B,yaw,-440,-0.09364926658527235
a2_d_13,A_minus_B,yaw,-430,-0.0928569080597873
a2_d_13,A_minus_B,yaw,-420,-0.09241968178315327
a2_d_13,A_minus_B,yaw,-410,-0.09234780080672904
a2_d_13,A_minus_B,yaw,-400,-0.09269912875414588
a2_d_13,A_minus_B,yaw,-390,-0.09345463512762754
a2_d_13,A_minus_B,yaw,-380,-0.09466422362384003
a2_d_13,A_minus_B,yaw,-370,-0.0962879361628733
a2_d_13,A_minus_B,yaw,-360,-0.09824723192911276
a2_d_13,A_minus_B,yaw,-350,-0.10056005071105692
a2_d_13,A_minus_B,yaw,-340,-0.10321448356273001
a2_d_13,A_minus_B,yaw,-330,-0.10623565173842112
a2_d_13,A_minus_B,yaw,-320,-0.10966127754111545
a2_d_13,A_minus_B,yaw,-310,-0.11341833979534892
a2_d_13,A_minus_B,yaw,-300,-0.11736834558482961
a2_d_13,A_minus_B,yaw,-290,-0.12136575034757432
a2_d_13,A_minus_B,yaw,-280,-0.12528770474984202
a2_d_13,A_minus_B,yaw,-270,-0.12900132818341173
a2_d_13,A_minus_B,yaw,-260,-0.13245611027399778
a2_d_13,A_minus_B,yaw,-250,-0.13560176212235972
a2_d_13,A_minus_B,yaw,-240,-0.13843783578689975
a2_d_13,A_minus_B,yaw,-230,-0.14092404915030307
a2_d_13,A_minus_B,yaw,-220,-0.1430951675682278
a2_d_13,A_minus_B,yaw,-210,-0.14494291562136194
a2_d_13,A_minus_B,yaw,-200,-0.14639821661485547
a2_d_13,A_minus_B,yaw,-190,-0.14735626386804104
a2_d_13,A_minus_B,yaw,-180,-0.14774058068890275
a2_d_13,A_minus_B,yaw,-170,-0.1473369869609423
a2_d_13,A_minus_B,yaw,-160,-0.14593419134310232
a2_d_13,A_minus_B,yaw,-150,-0.14333908895752515
a2_d_13,A_minus_B,yaw,-140,-0.13939653461811857
a2_d_13,A_minus_B,yaw,-130,-0.13398135025608773
a2_d_13,A_minus_B,yaw,-120,-0.12706608243148967
a2_d_13,A_minus_B,yaw,-110,-0.11873216317373493
a2_d_13,A_minus_B,yaw,-100,-0.10917163052287715
a2_d_13,A_minus_B,yaw,-90,-0.09860779411681193
a2_d_13,A_minus_B,yaw,-80,-0.08747958034807386
a2_d_13,A_minus_B,yaw,-70,-0.0762444668037556
a2_d_13,A_minus_B,yaw,-60,-0.0654527676410826
a2_d_13,A_minus_B,yaw,-50,-0.05564897383522499
a2_d_13,A_minus_B,yaw,-40,-0.047297993899482804
a2_d_13,A_minus_B,yaw,-30,-0.040902356479655226
a2_d_13,A_minus_B,yaw,-20,-0.03686439766199003
a2_d_13,A_minus_B,yaw,-10,-0.03566392332913202
a2_d_13,A_minus_B,yaw,0,-0.03768730963212995
a2_d_13,A_minus_B,yaw,10,-0.042519216801193666
a2_d_13,A_minus_B,yaw,20,-0.051188178137108666
a2_d_13,A_minus_B,yaw,30,-0.06369653033233287
a2_d_13,A_minus_B,yaw,40,-0.0798225829851809
a2_d_13,A_minus_B,yaw,50,-0.09912247781493044
a2_d_13,A_minus_B,yaw,60,-0.12100052696574139
a2_d_13,A_minus_B,yaw,70,-0.14464457819676457
a2_d_13,A_minus_B,yaw,80,-0.16921976399256405
a2_d_13,A_minus_B,yaw,90,-0.1937891685841214
a2_d_13,A_minus_B,yaw,100,-0.21738049250730956
a2_d_13,A_minus_B,yaw,110,-0.23916183058049093
a2_d_13,A_minus_B,yaw,120,-0.25836160350980464
a2_d_13,A_minus_B,yaw,130,-0.27439820199629067
a2_d_13,A_minus_B,yaw,140,-0.2869098714514796
a2_d_13,A_minus_B,yaw,150,-0.2957955219966956
a2_d_13,A_minus_B,yaw,160,-0.30104969770950357
a2_d_13,A_minus_B,yaw,170,-0.3027893202687747
a2_d_13,A_minus_B,yaw,180,-0.3012450056728651
a2_d_13,A_minus_B,yaw,190,-0.2967699902958157
a2_d_13,A_minus_B,yaw,200,-0.28977043849509493
a2_d_13,A_minus_B,yaw,210,-0.2807699917530706
a2_d_13,A_minus_B,yaw,220,-0.2702265444252981
a2_d_13,A_minus_B,yaw,230,-0.2585331973870282
a2_d_13,A_minus_B,yaw,240,-0.2461041034128203
a2_d_13,A_minus_B,yaw,250,-0.2332596625824251
a2_d_13,A_minus_B,yaw,260,-0.22036266354726497
a2_d_13,A_minus_B,yaw,270,-0.20774438797829528
a2_d_13,A_minus_B,yaw,280,-0.19567545975893125
a2_d_13,A_minus_B,yaw,290,-0.18437960440779486
a2_d_13,A_minus_B,yaw,300,-0.17401501196783295
a2_d_13,A_minus_B,yaw,310,-0.16467692260663122
a2_d_13,A_minus_B,yaw,320,-0.15648699290576226
a2_d_13,A_minus_B,yaw,330,-0.14948221649623789
a2_d_13,A_minus_B,yaw,340,-0.14366165803138678
a2_d_13,A_minus_B,yaw,350,-0.13895366321413977
a2_d_13,A_minus_B,yaw,360,-0.13524533937752925
a2_d_13,A_minus_B,yaw,370,-0.13247097714269096
a2_d_13,A_minus_B,yaw,380,-0.13047115369856788
a2_d_13,A_minus_B,yaw,390,-0.12909836546920062
a2_d_13,A_minus_B,yaw,400,-0.1281166665779764
a2_d_13,A_minus_B,yaw,410,-0.12728395229072728
a2_d_13,A_minus_B,yaw,420,-0.12641541883163934
a2_d_13,A_minus_B,yaw,430,-0.12533665702886768
a2_d_13,A_minus_B,yaw,440,-0.12400196091705663
a2_d_13,A_minus_B,yaw,450,-0.12240147313257148
a2_d_13,A_minus_B,yaw,460,-0.1204539024289435
a2_d_13,A_minus_B,yaw,470,-0.11815503206750019
a2_d_13,A_minus_B,yaw,480,-0.1154692221858697
a2_d_13,A_minus_B,yaw,490,-0.11251041841207943
a2_d_13,A_minus_B,yaw,500,-0.109347804167133
a2_d_13,A_plus_B,yaw,-500,0.02308739434503717
a2_d_13,A_plus_B,yaw,-490,0.020893860791753028
a2_d_13,A_plus_B,yaw,-480,0.01884217068695087
a2_d_13,A_plus_B,yaw,-470,0.017106477702367298
a2_d_13,A_plus_B,yaw,-460,0.01575293300194064
a2_d_13,A_plus_B,yaw,-450,0.014866781616425418
a2_d_13,A_plus_B,yaw,-440,0.014529579460157233
a2_d_13,A_plus_B,yaw,-430,0.014764757352086192
a2_d_13,A_plus_B,yaw,-420,0.015559376107068718
a2_d_13,A_plus_B,yaw,-410,0.016846755896065078
a2_d_13,A_plus_B,yaw,-400,0.018585252419591268
a2_d_13,A_plus_B,yaw,-390,0.020683000290426964
a2_d_13,A_plus_B,yaw,-380,0.023119247538153042
a2_d_13,A_plus_B,yaw,-370,0.02585617334457302
a2_d_13,A_plus_B,yaw,-360,0.028851847837004372
a2_d_13,A_plus_B,yaw,-350,0.03212802641621335
a2_d_13,A_plus_B,yaw,-340,0.035640737170335654
a2_d_13,A_plus_B,yaw,-330,0.03933677948679839
a2_d_13,A_plus_B,yaw,-320,0.04318967443924581
a2_d_13,A_plus_B,yaw,-310,0.04708412654186391
a2_d_13,A_plus_B,yaw,-300,0.050865680351766515
a2_d_13,A_plus_B,yaw,-290,0.05438164448535228
a2_d_13,A_plus_B,yaw,-280,0.057489490802888905
a2_d_13,A_plus_B,yaw,-270,0.060050162669751286
a2_d_13,A_plus_B,yaw,-260,0.06200971147278954
a2_d_13,A_plus_B,yaw,-250,0.06336168544512033
a2_d_13,A_plus_B,yaw,-240,0.06414994813624164
a2_d_13,A_plus_B,yaw,-230,0.0644198231829816
a2_d_13,A_plus_B,yaw,-220,0.06431748445041396
a2_d_13,A_plus_B,yaw,-210,0.06397991277819277
a2_d_13,A_plus_B,yaw,-200,0.06350395459251383
a2_d_13,A_plus_B,yaw,-190,0.06297679998629785
a2_d_13,A_plus_B,yaw,-180,0.06252875275239647
a2_d_13,A_plus_B,yaw,-170,0.06217372378081742
a2_d_13,A_plus_B,yaw,-160,0.06190846972386928
a2_d_13,A_plus_B,yaw,-150,0.061686405030389156
a2_d_13,A_plus_B,yaw,-140,0.06141917558098422
a2_d_13,A_plus_B,yaw,-130,0.060971370101454044
a2_d_13,A_plus_B,yaw,-120,0.06019789626759003
a2_d_13,A_plus_B,yaw,-110,0.05897664224039296
a2_d_13,A_plus_B,yaw,-100,0.05723013536478434
a2_d_13,A_plus_B,yaw,-90,0.05488249500449644
a2_d_13,A_plus_B,yaw,-80,0.05203047264223683
a2_d_13,A_plus_B,yaw,-70,0.04877233983672919
a2_d_13,A_plus_B,yaw,-60,0.045278878225374186
a2_d_13,A_plus_B,yaw,-50,0.04172264642627088
a2_d_13,A_plus_B,yaw,-40,0.03823330065410069
a2_d_13,A_plus_B,yaw,-30,0.03500372572835343
a2_d_13,A_plus_B,yaw,-20,0.03218182887183833
a2_d_13,A_plus_B,yaw,-10,0.030021253523698645
a2_d_13,A_plus_B,yaw,0,0.028733711800970688
a2_d_13,A_plus_B,yaw,10,0.028103465842850246
a2_d_13,A_plus_B,yaw,20,0.028705167309203288
a2_d_13,A_plus_B,yaw,30,0.03063980592640202
a2_d_13,A_plus_B,yaw,40,0.03394526443753351
a2_d_13,A_plus_B,yaw,50,0.03856869078517839
a2_d_13,A_plus_B,yaw,60,0.04434004014533282
a2_d_13,A_plus_B,yaw,70,0.05098769443016057
a2_d_13,A_plus_B,yaw,80,0.05817186043217592
a2_d_13,A_plus_B,yaw,90,0.06555732820460922
a2_d_13,A_plus_B,yaw,100,0.07277340702781986
a2_d_13,A_plus_B,yaw,110,0.07953200492143156
a2_d_13,A_plus_B,yaw,120,0.08555537284845051
a2_d_13,A_plus_B,yaw,130,0.09063141045608453
a2_d_13,A_plus_B,yaw,140,0.09463691067118075
a2_d_13,A_plus_B,yaw,150,0.09755243589462063
a2_d_13,A_plus_B,yaw,160,0.09934684517978393
a2_d_13,A_plus_B,yaw,170,0.1000536441648136
a2_d_13,A_plus_B,yaw,180,0.09976999482880376
a2_d_13,A_plus_B,yaw,190,0.0985684127624304
a2_d_13,A_plus_B,yaw,200,0.09660296313016577
a2_d_13,A_plus_B,yaw,210,0.09406547165918061
a2_d_13,A_plus_B,yaw,220,0.09111025196613282
a2_d_13,A_plus_B,yaw,230,0.08790718687198479
a2_d_13,A_plus_B,yaw,240,0.0846110740665278
a2_d_13,A_plus_B,yaw,250,0.08139198528091346
a2_d_13,A_plus_B,yaw,260,0.07840221284562353
a2_d_13,A_plus_B,yaw,270,0.075808598172313
a2_d_13,A_plus_B,yaw,280,0.07366149013999163
a2_d_13,A_plus_B,yaw,290,0.07197295571191509
a2_d_13,A_plus_B,yaw,300,0.07068518114606817
a2_d_13,A_plus_B,yaw,310,0.0697214076195881
a2_d_13,A_plus_B,yaw,320,0.06900248239266833
a2_d_13,A_plus_B,yaw,330,0.06845550299802708
a2_d_13,A_plus_B,yaw,340,0.0680332518961061
a2_d_13,A_plus_B,yaw,350,0.0676945598348574
a2_d_13,A_plus_B,yaw,360,0.06740205236044504
a2_d_13,A_plus_B,yaw,370,0.06716544229259712
a2_d_13,A_plus_B,yaw,380,0.06694634449615627
a2_d_13,A_plus_B,yaw,390,0.06673447070149667
a2_d_13,A_plus_B,yaw,400,0.0664935052154305
a2_d_13,A_plus_B,yaw,410,0.0662185309902314
a2_d_13,A_plus_B,yaw,420,0.06585717953029772
a2_d_13,A_plus_B,yaw,430,0.06538104739871457
a2_d_13,A_plus_B,yaw,440,0.06481910092248086
a2_d_13,A_plus_B,yaw,450,0.0641823405278292
a2_d_13,A_plus_B,yaw,460,0.06347643072368285
a2_d_13,A_plus_B,yaw,470,0.06275850604810426
a2_d_13,A_plus_B,yaw,480,0.06201653914729682
a2_d_13,A_plus_B,yaw,490,0.06133419506685957
a2_d_13,A_plus_B,yaw,500,0.06074708478500043
a1_a2_d_02,a2_l_rate,yaw,-500,-0.002084535412651895
a1_a2_d_02,a2_l_rate,yaw,-490,-0.004051222339607432
a1_a2_d_02,a2_l_rate,yaw,-480,-0.006181397935768033
a1_a2_d_02,a2_l_rate,yaw,-470,-0.008455330842434449
a1_a2_d_02,a2_l_rate,yaw,-460,-0.010846742028726044
a1_a2_d_02,a2_l_rate,yaw,-450,-0.013335262015573288
a1_a2_d_02,a2_l_rate,yaw,-440,-0.015907011663200122
a1_a2_d_02,a2_l_rate,yaw,-430,-0.018547391489980528
a1_a2_d_02,a2_l_rate,yaw,-420,-0.021236596794551286
a1_a2_d_02,a2_l_rate,yaw,-410,-0.023948356675521417
a1_a2_d_02,a2_l_rate,yaw,-400,-0.026656404642375828
a1_a2_d_02,a2_l_rate,yaw,-390,-0.029343992489153963
a1_a2_d_02,a2_l_rate,yaw,-380,-0.03201275568433517
a1_a2_d_02,a2_l_rate,yaw,-370,-0.03467864565965721
a1_a2_d_02,a2_l_rate,yaw,-360,-0.03736666480652606
a1_a2_d_02,a2_l_rate,yaw,-350,-0.040104603737484604
a1_a2_d_02,a2_l_rate,yaw,-340,-0.04292127165530764
a1_a2_d_02,a2_l_rate,yaw,-330,-0.045842885018248666
a1_a2_d_02,a2_l_rate,yaw,-320,-0.04889401321556309
a1_a2_d_02,a2_l_rate,yaw,-310,-0.052093601641054255
a1_a2_d_02,a2_l_rate,yaw,-300,-0.055454152215749675
a1_a2_d_02,a2_l_rate,yaw,-290,-0.05897967928824612
a1_a2_d_02,a2_l_rate,yaw,-280,-0.06266751114701358
a1_a2_d_02,a2_l_rate,yaw,-270,-0.06650955656334276
a1_a2_d_02,a2_l_rate,yaw,-260,-0.07048813795731097
a1_a2_d_02,a2_l_rate,yaw,-250,-0.07457549581547612
a1_a2_d_02,a2_l_rate,yaw,-240,-0.07873595695493507
a1_a2_d_02,a2_l_rate,yaw,-230,-0.08293370934964146
a1_a2_d_02,a2_l_rate,yaw,-220,-0.08714216930300463
a1_a2_d_02,a2_l_rate,yaw,-210,-0.09134967630159188
a1_a2_d_02,a2_l_rate,yaw,-200,-0.09555733421926733
a1_a2_d_02,a2_l_rate,yaw,-190,-0.09976830387790482
a1_a2_d_02,a2_l_rate,yaw,-180,-0.10397753276635138
a1_a2_d_02,a2_l_rate,yaw,-170,-0.10816862060779546
a1_a2_d_02,a2_l_rate,yaw,-160,-0.11231972312969266
a1_a2_d_02,a2_l_rate,yaw,-150,-0.1164134316095567
a1_a2_d_02,a2_l_rate,yaw,-140,-0.12044276604830176
a1_a2_d_02,a2_l_rate,yaw,-130,-0.12440884374459267
a1_a2_d_02,a2_l_rate,yaw,-120,-0.12831411533243925
a1_a2_d_02,a2_l_rate,yaw,-110,-0.13215836340263848
a1_a2_d_02,a2_l_rate,yaw,-100,-0.13594129085297305
a1_a2_d_02,a2_l_rate,yaw,-90,-0.13966927322516462
a1_a2_d_02,a2_l_rate,yaw,-80,-0.14336215917744705
a1_a2_d_02,a2_l_rate,yaw,-70,-0.14705731195297556
a1_a2_d_02,a2_l_rate,yaw,-60,-0.15081132768739933
a1_a2_d_02,a2_l_rate,yaw,-50,-0.1547003984558075
a1_a2_d_02,a2_l_rate,yaw,-40,-0.15882014493724794
a1_a2_d_02,a2_l_rate,yaw,-30,-0.16328609687232534
a1_a2_d_02,a2_l_rate,yaw,-20,-0.16823609819002805
a1_a2_d_02,a2_l_rate,yaw,-10,-0.1738331902462405
a1_a2_d_02,a2_l_rate,yaw,0,-0.18026309540421473
a1_a2_d_02,a2_l_rate,yaw,10,-0.18772379606532855
a1_a2_d_02,a2_l_rate,yaw,20,-0.19639001895456232
a1_a2_d_02,a2_l_rate,yaw,30,-0.20638966247785714
a1_a2_d_02,a2_l_rate,yaw,40,-0.21777217250418446
a1_a2_d_02,a2_l_rate,yaw,50,-0.23048887933850945
a1_a2_d_02,a2_l_rate,yaw,60,-0.24438535053372948
a1_a2_d_02,a2_l_rate,yaw,70,-0.2592053543249972
a1_a2_d_02,a2_l_rate,yaw,80,-0.2746063316879623
a1_a2_d_02,a2_l_rate,yaw,90,-0.29018506256343435
a1_a2_d_02,a2_l_rate,yaw,100,-0.30550880216796017
a1_a2_d_02,a2_l_rate,yaw,110,-0.3201444406757747
a1_a2_d_02,a2_l_rate,yaw,120,-0.33368361235528643
a1_a2_d_02,a2_l_rate,yaw,130,-0.34576300162121587
a1_a2_d_02,a2_l_rate,yaw,140,-0.356084578972751
a1_a2_d_02,a2_l_rate,yaw,150,-0.3644349319147687
a1_a2_d_02,a2_l_rate,yaw,160,-0.3706978372682595
a1_a2_d_02,a2_l_rate,yaw,170,-0.37485327207716573
a1_a2_d_02,a2_l_rate,yaw,180,-0.37696116247127737
a1_a2_d_02,a2_l_rate,yaw,190,-0.3771357573038755
a1_a2_d_02,a2_l_rate,yaw,200,-0.375521095988343
a1_a2_d_02,a2_l_rate,yaw,210,-0.37227814383825575
a1_a2_d_02,a2_l_rate,yaw,220,-0.36758370344633207
a1_a2_d_02,a2_l_rate,yaw,230,-0.36163282066868435
a1_a2_d_02,a2_l_rate,yaw,240,-0.35463803950485234
a1_a2_d_02,a2_l_rate,yaw,250,-0.34681883894603655
a1_a2_d_02,a2_l_rate,yaw,260,-0.33838779498729143
a1_a2_d_02,a2_l_rate,yaw,270,-0.3295411048748539
a1_a2_d_02,a2_l_rate,yaw,280,-0.3204549178334554
a1_a2_d_02,a2_l_rate,yaw,290,-0.3112822051735912
a1_a2_d_02,a2_l_rate,yaw,300,-0.3021484512468598
a1_a2_d_02,a2_l_rate,yaw,310,-0.2931479749307854
a1_a2_d_02,a2_l_rate,yaw,320,-0.2843430964609604
a1_a2_d_02,a2_l_rate,yaw,330,-0.2757687545707901
a1_a2_d_02,a2_l_rate,yaw,340,-0.2674404522896303
a1_a2_d_02,a2_l_rate,yaw,350,-0.2593592006712413
a1_a2_d_02,a2_l_rate,yaw,360,-0.25151246813298733
a1_a2_d_02,a2_l_rate,yaw,370,-0.2438759407087791
a1_a2_d_02,a2_l_rate,yaw,380,-0.2364196483077241
a1_a2_d_02,a2_l_rate,yaw,390,-0.22911863481736464
a1_a2_d_02,a2_l_rate,yaw,400,-0.221961387235344
a1_a2_d_02,a2_l_rate,yaw,410,-0.21495505035609108
a1_a2_d_02,a2_l_rate,yaw,420,-0.20812321723395522
a1_a2_d_02,a2_l_rate,yaw,430,-0.20149618989490573
a1_a2_d_02,a2_l_rate,yaw,440,-0.1950981116211594
a1_a2_d_02,a2_l_rate,yaw,450,-0.18893928481542846
a1_a2_d_02,a2_l_rate,yaw,460,-0.1830170913516426
a1_a2_d_02,a2_l_rate,yaw,470,-0.17732128536172928
a1_a2_d_02,a2_l_rate,yaw,480,-0.1718406369835128
a1_a2_d_02,a2_l_rate,yaw,490,-0.16656413717817908
a1_a2_d_02,a2_l_rate,yaw,500,-0.16147644958458846
a1_a2_d_02,a1_l_rate,yaw,-500,-0.12030545755497911
a1_a2_d_02,a1_l_rate,yaw,-490,-0.1229655067590222
a1_a2_d_02,a1_l_rate,yaw,-480,-0.1257664414347486
a1_a2_d_02,a1_l_rate,yaw,-470,-0.12868857480519283
a1_a2_d_02,a1_l_rate,yaw,-460,-0.13171529076935426
a1_a2_d_02,a1_l_rate,yaw,-450,-0.1348336730826234
a1_a2_d_02,a1_l_rate,yaw,-440,-0.13803393810066875
a1_a2_d_02,a1_l_rate,yaw,-430,-0.14130932213150582
a1_a2_d_02,a1_l_rate,yaw,-420,-0.14465760364196684
a1_a2_d_02,a1_l_rate,yaw,-410,-0.1480797575184016
a1_a2_d_02,a1_l_rate,yaw,-400,-0.15157781638068693
a1_a2_d_02,a1_l_rate,yaw,-390,-0.15515194064849577
a1_a2_d_02,a1_l_rate,yaw,-380,-0.15879946784825025
a1_a2_d_02,a1_l_rate,yaw,-370,-0.16251041791427898
a1_a2_d_02,a1_l_rate,yaw,-360,-0.16626771666432225
a1_a2_d_02,a1_l_rate,yaw,-350,-0.17004899649865554
a1_a2_d_02,a1_l_rate,yaw,-340,-0.1738314921662938
a1_a2_d_02,a1_l_rate,yaw,-330,-0.17759473137099802
a1_a2_d_02,a1_l_rate,yaw,-320,-0.18132487937572317
a1_a2_d_02,a1_l_rate,yaw,-310,-0.1850124173377714
a1_a2_d_02,a1_l_rate,yaw,-300,-0.18864974833282855
a1_a2_d_02,a1_l_rate,yaw,-290,-0.19222895423073622
a1_a2_d_02,a1_l_rate,yaw,-280,-0.1957459539205163
a1_a2_d_02,a1_l_rate,yaw,-270,-0.19920634825029582
a1_a2_d_02,a1_l_rate,yaw,-260,-0.20262568199579625
a1_a2_d_02,a1_l_rate,yaw,-250,-0.20602763811904437
a1_a2_d_02,a1_l_rate,yaw,-240,-0.20943867613910874
a1_a2_d_02,a1_l_rate,yaw,-230,-0.21288325128432425
a1_a2_d_02,a1_l_rate,yaw,-220,-0.21638098150104798
a1_a2_d_02,a1_l_rate,yaw,-210,-0.21994638098228741
a1_a2_d_02,a1_l_rate,yaw,-200,-0.22358957778312913
a1_a2_d_02,a1_l_rate,yaw,-190,-0.22731476924969904
a1_a2_d_02,a1_l_rate,yaw,-180,-0.23111791288964917
a1_a2_d_02,a1_l_rate,yaw,-170,-0.2349855965320021
a1_a2_d_02,a1_l_rate,yaw,-160,-0.23889721356358645
a1_a2_d_02,a1_l_rate,yaw,-150,-0.24282995542185265
a1_a2_d_02,a1_l_rate,yaw,-140,-0.2467630128179844
a1_a2_d_02,a1_l_rate,yaw,-130,-0.2506778028499462
a1_a2_d_02,a1_l_rate,yaw,-120,-0.2545561170430457
a1_a2_d_02,a1_l_rate,yaw,-110,-0.2583810332347687
a1_a2_d_02,a1_l_rate,yaw,-100,-0.26214287364736727
a1_a2_d_02,a1_l_rate,yaw,-90,-0.26584687701095416
a1_a2_d_02,a1_l_rate,yaw,-80,-0.26951670875604516
a1_a2_d_02,a1_l_rate,yaw,-70,-0.2731898552333247
a1_a2_d_02,a1_l_rate,yaw,-60,-0.2769069186764351
a1_a2_d_02,a1_l_rate,yaw,-50,-0.2807007126469923
a1_a2_d_02,a1_l_rate,yaw,-40,-0.28459055702496844
a1_a2_d_02,a1_l_rate,yaw,-30,-0.2885822919976487
a1_a2_d_02,a1_l_rate,yaw,-20,-0.2926697869437761
a1_a2_d_02,a1_l_rate,yaw,-10,-0.2968332157079561
a1_a2_d_02,a1_l_rate,yaw,0,-0.30103414434480097
a1_a2_d_02,a1_l_rate,yaw,10,-0.305215623816058
a1_a2_d_02,a1_l_rate,yaw,20,-0.3092988301076121
a1_a2_d_02,a1_l_rate,yaw,30,-0.31320006592450084
a1_a2_d_02,a1_l_rate,yaw,40,-0.3168380084077464
a1_a2_d_02,a1_l_rate,yaw,50,-0.3201390323871817
a1_a2_d_02,a1_l_rate,yaw,60,-0.323033574246034
a1_a2_d_02,a1_l_rate,yaw,70,-0.3254507557965509
a1_a2_d_02,a1_l_rate,yaw,80,-0.32731796842765826
a1_a2_d_02,a1_l_rate,yaw,90,-0.32856683773762907
a1_a2_d_02,a1_l_rate,yaw,100,-0.32914035831351435
a1_a2_d_02,a1_l_rate,yaw,110,-0.3290003573651827
a1_a2_d_02,a1_l_rate,yaw,120,-0.3281212765388298
a1_a2_d_02,a1_l_rate,yaw,130,-0.3264839618520152
a1_a2_d_02,a1_l_rate,yaw,140,-0.32406965933892806
a1_a2_d_02,a1_l_rate,yaw,150,-0.32086262101396096
a1_a2_d_02,a1_l_rate,yaw,160,-0.3168623260453976
a1_a2_d_02,a1_l_rate,yaw,170,-0.3120960476065641
a1_a2_d_02,a1_l_rate,yaw,180,-0.30662180493725605
a1_a2_d_02,a1_l_rate,yaw,190,-0.3005199780738123
a1_a2_d_02,a1_l_rate,yaw,200,-0.29388600489869876
a1_a2_d_02,a1_l_rate,yaw,210,-0.28681754115356284
a1_a2_d_02,a1_l_rate,yaw,220,-0.2794082356965062
a1_a2_d_02,a1_l_rate,yaw,230,-0.2717522377885793
a1_a2_d_02,a1_l_rate,yaw,240,-0.26393950407096856
a1_a2_d_02,a1_l_rate,yaw,250,-0.25605454418242846
a1_a2_d_02,a1_l_rate,yaw,260,-0.248172602393129
a1_a2_d_02,a1_l_rate,yaw,270,-0.24035556287749205
a1_a2_d_02,a1_l_rate,yaw,280,-0.23265130882791188
a1_a2_d_02,a1_l_rate,yaw,290,-0.2250983279714394
a1_a2_d_02,a1_l_rate,yaw,300,-0.21772557083060193
a1_a2_d_02,a1_l_rate,yaw,310,-0.21054668430149728
a1_a2_d_02,a1_l_rate,yaw,320,-0.2035591726069355
a1_a2_d_02,a1_l_rate,yaw,330,-0.19675077016385237
a1_a2_d_02,a1_l_rate,yaw,340,-0.19010623622628192
a1_a2_d_02,a1_l_rate,yaw,350,-0.18361302925012635
a1_a2_d_02,a1_l_rate,yaw,360,-0.17726371660379672
a1_a2_d_02,a1_l_rate,yaw,370,-0.1710548153114823
a1_a2_d_02,a1_l_rate,yaw,380,-0.16498561969848471
a1_a2_d_02,a1_l_rate,yaw,390,-0.15905415701373918
a1_a2_d_02,a1_l_rate,yaw,400,-0.1532632591851759
a1_a2_d_02,a1_l_rate,yaw,410,-0.14762135925871842
a1_a2_d_02,a1_l_rate,yaw,420,-0.14214064513791233
a1_a2_d_02,a1_l_rate,yaw,430,-0.13683449365996367
a1_a2_d_02,a1_l_rate,yaw,440,-0.13171739806709076
a1_a2_d_02,a1_l_rate,yaw,450,-0.1268020389069372
a1_a2_d_02,a1_l_rate,yaw,460,-0.12209578683482152
a1_a2_d_02,a1_l_rate,yaw,470,-0.11760354928589661
a1_a2_d_02,a1_l_rate,yaw,480,-0.11332322509118138
a1_a2_d_02,a1_l_rate,yaw,490,-0.10924540220288831
a1_a2_d_02,a1_l_rate,yaw,500,-0.10536462981464656
a1_a2_d_02,a2_l_rate,a1_l_rate,-500,0.2941516496955509
a1_a2_d_02,a2_l_rate,a1_l_rate,-490,0.2968143142303742
a1_a2_d_02,a2_l_rate,a1_l_rate,-480,0.2995914420042868
a1_a2_d_02,a2_l_rate,a1_l_rate,-470,0.3024849708943896
a1_a2_d_02,a2_l_rate,a1_l_rate,-460,0.30547425530113037
a1_a2_d_02,a2_l_rate,a1_l_rate,-450,0.3085260393221756
a1_a2_d_02,a2_l_rate,a1_l_rate,-440,0.31161337992795196
a1_a2_d_02,a2_l_rate,a1_l_rate,-430,0.3147340224878703
a1_a2_d_02,a2_l_rate,a1_l_rate,-420,0.3179184752950769
a1_a2_d_02,a2_l_rate,a1_l_rate,-410,0.32122343619677657
a1_a2_d_02,a2_l_rate,a1_l_rate,-400,0.32471341760678524
a1_a2_d_02,a2_l_rate,a1_l_rate,-390,0.3284383386186795
a1_a2_d_02,a2_l_rate,a1_l_rate,-380,0.3324157864707077
a1_a2_d_02,a2_l_rate,a1_l_rate,-370,0.3366244282559928
a1_a2_d_02,a2_l_rate,a1_l_rate,-360,0.3410112343440674
a1_a2_d_02,a2_l_rate,a1_l_rate,-350,0.3455106172343627
a1_a2_d_02,a2_l_rate,a1_l_rate,-340,0.3500690879081924
a1_a2_d_02,a2_l_rate,a1_l_rate,-330,0.3546662338368447
a1_a2_d_02,a2_l_rate,a1_l_rate,-320,0.35932329318599177
a1_a2_d_02,a2_l_rate,a1_l_rate,-310,0.36409490246779036
a1_a2_d_02,a2_l_rate,a1_l_rate,-300,0.3690463389357369
a1_a2_d_02,a2_l_rate,a1_l_rate,-290,0.37422506114942383
a1_a2_d_02,a2_l_rate,a1_l_rate,-280,0.37963876582516426
a1_a2_d_02,a2_l_rate,a1_l_rate,-270,0.3852505284480644
a1_a2_d_02,a2_l_rate,a1_l_rate,-260,0.3909945385946362
a1_a2_d_02,a2_l_rate,a1_l_rate,-250,0.39680603888603455
a1_a2_d_02,a2_l_rate,a1_l_rate,-240,0.40265148387431465
a1_a2_d_02,a2_l_rate,a1_l_rate,-230,0.40854448154803025
a1_a2_d_02,a2_l_rate,a1_l_rate,-220,0.41454080874840804
a1_a2_d_02,a2_l_rate,a1_l_rate,-210,0.4207169027626612
a1_a2_d_02,a2_l_rate,a1_l_rate,-200,0.42714360618376823
a1_a2_d_02,a2_l_rate,a1_l_rate,-190,0.4338668852349112
a1_a2_d_02,a2_l_rate,a1_l_rate,-180,0.4409014676511635
a1_a2_d_02,a2_l_rate,a1_l_rate,-170,0.44823661514506014
a1_a2_d_02,a2_l_rate,a1_l_rate,-160,0.4558492303107546
a1_a2_d_02,a2_l_rate,a1_l_rate,-150,0.46371878299279656
a1_a2_d_02,a2_l_rate,a1_l_rate,-140,0.4718395471850119
a1_a2_d_02,a2_l_rate,a1_l_rate,-130,0.48022686185384944
a1_a2_d_02,a2_l_rate,a1_l_rate,-120,0.4889153654808521
a1_a2_d_02,a2_l_rate,a1_l_rate,-110,0.4979487452507251
a1_a2_d_02,a2_l_rate,a1_l_rate,-100,0.507362790604234
a1_a2_d_02,a2_l_rate,a1_l_rate,-90,0.517166186442045
a1_a2_d_02,a2_l_rate,a1_l_rate,-80,0.5273250544084087
a1_a2_d_02,a2_l_rate,a1_l_rate,-70,0.5377557582081917
a1_a2_d_02,a2_l_rate,a1_l_rate,-60,0.5483256770760222
a1_a2_d_02,a2_l_rate,a1_l_rate,-50,0.558856652444822
a1_a2_d_02,a2_l_rate,a1_l_rate,-40,0.5691255264706732
a1_a2_d_02,a2_l_rate,a1_l_rate,-30,0.578862345057696
a1_a2_d_02,a2_l_rate,a1_l_rate,-20,0.587755528315351
a1_a2_d_02,a2_l_rate,a1_l_rate,-10,0.5954766466172111
a1_a2_d_02,a2_l_rate,a1_l_rate,0,0.6017298205173219
a1_a2_d_02,a2_l_rate,a1_l_rate,10,0.6063197212126468
a1_a2_d_02,a2_l_rate,a1_l_rate,20,0.6091872408907295
a1_a2_d_02,a2_l_rate,a1_l_rate,30,0.6104441538797118
a1_a2_d_02,a2_l_rate,a1_l_rate,40,0.610336495281665
a1_a2_d_02,a2_l_rate,a1_l_rate,50,0.6091796072974265
a1_a2_d_02,a2_l_rate,a1_l_rate,60,0.6072848377408611
a1_a2_d_02,a2_l_rate,a1_l_rate,70,0.604904280098486
a1_a2_d_02,a2_l_rate,a1_l_rate,80,0.6022069108048723
a1_a2_d_02,a2_l_rate,a1_l_rate,90,0.5992831103300299
a1_a2_d_02,a2_l_rate,a1_l_rate,100,0.5961646438623082
a1_a2_d_02,a2_l_rate,a1_l_rate,110,0.5928472695186239
a1_a2_d_02,a2_l_rate,a1_l_rate,120,0.5893096147406144
a1_a2_d_02,a2_l_rate,a1_l_rate,130,0.5855280025249764
a1_a2_d_02,a2_l_rate,a1_l_rate,140,0.5814883498304918
a1_a2_d_02,a2_l_rate,a1_l_rate,150,0.5771943168618496
a1_a2_d_02,a2_l_rate,a1_l_rate,160,0.5726691944095151
a1_a2_d_02,a2_l_rate,a1_l_rate,170,0.5679500723577141
a1_a2_d_02,a2_l_rate,a1_l_rate,180,0.5630764258083617
a1_a2_d_02,a2_l_rate,a1_l_rate,190,0.5580790579742075
a1_a2_d_02,a2_l_rate,a1_l_rate,200,0.5529765210069969
a1_a2_d_02,a2_l_rate,a1_l_rate,210,0.5477829507798226
a1_a2_d_02,a2_l_rate,a1_l_rate,220,0.542524519492777
a1_a2_d_02,a2_l_rate,a1_l_rate,230,0.5372551270618189
a1_a2_d_02,a2_l_rate,a1_l_rate,240,0.5320600905483943
a1_a2_d_02,a2_l_rate,a1_l_rate,250,0.5270414812693366
a1_a2_d_02,a2_l_rate,a1_l_rate,260,0.5222885081343225
a1_a2_d_02,a2_l_rate,a1_l_rate,270,0.5178456147157015
a1_a2_d_02,a2_l_rate,a1_l_rate,280,0.5136936061955046
a1_a2_d_02,a2_l_rate,a1_l_rate,290,0.5097528962172685
a1_a2_d_02,a2_l_rate,a1_l_rate,300,0.5059069213528203
a1_a2_d_02,a2_l_rate,a1_l_rate,310,0.502034974886317
a1_a2_d_02,a2_l_rate,a1_l_rate,320,0.4980415828710617
a1_a2_d_02,a2_l_rate,a1_l_rate,330,0.49387367069941046
a1_a2_d_02,a2_l_rate,a1_l_rate,340,0.4895234369146389
a1_a2_d_02,a2_l_rate,a1_l_rate,350,0.4850201290305283
a1_a2_d_02,a2_l_rate,a1_l_rate,360,0.48041632628799447
a1_a2_d_02,a2_l_rate,a1_l_rate,370,0.4757746099417773
a1_a2_d_02,a2_l_rate,a1_l_rate,380,0.4711592102866686
a1_a2_d_02,a2_l_rate,a1_l_rate,390,0.46663400381888104
a1_a2_d_02,a2_l_rate,a1_l_rate,400,0.4622635633873945
a1_a2_d_02,a2_l_rate,a1_l_rate,410,0.4581105608892976
a1_a2_d_02,a2_l_rate,a1_l_rate,420,0.4542240473962172
a1_a2_d_02,a2_l_rate,a1_l_rate,430,0.4506198839297421
a1_a2_d_02,a2_l_rate,a1_l_rate,440,0.4472632320815079
a1_a2_d_02,a2_l_rate,a1_l_rate,450,0.44406647763064666
a1_a2_d_02,a2_l_rate,a1_l_rate,460,0.4409097464388237
a1_a2_d_02,a2_l_rate,a1_l_rate,470,0.4376781961841748
a1_a2_d_02,a2_l_rate,a1_l_rate,480,0.4342991621437846
a1_a2_d_02,a2_l_rate,a1_l_rate,490,0.43076089342284146
a1_a2_d_02,a2_l_rate,a1_l_rate,500,0.4271043878203713
a1_a2_d_02,A_minus_B,yaw,-500,0.12219086221382472
a1_a2_d_02,A_minus_B,yaw,-490,0.12261625198225118
a1_a2_d_02,A_minus_B,yaw,-480,0.1229939957235105
a1_a2_d_02,A_minus_B,yaw,-470,0.12332712107397453
a1_a2_d_02,A_minus_B,yaw,-460,0.12362954630097643
a1_a2_d_02,A_minus_B,yaw,-450,0.12391197126925205
a1_a2_d_02,A_minus_B,yaw,-440,0.12418063466605822
a1_a2_d_02,A_minus_B,yaw,-430,0.12444577499905375
a1_a2_d_02,A_minus_B,yaw,-420,0.12472853757403204
a1_a2_d_02,A_minus_B,yaw,-410,0.12506107222749613
a1_a2_d_02,A_minus_B,yaw,-400,0.1254766279121746
a1_a2_d_02,A_minus_B,yaw,-390,0.12599522885003622
a1_a2_d_02,A_minus_B,yaw,-380,0.12661218803076071
a1_a2_d_02,A_minus_B,yaw,-370,0.12729826190925264
a1_a2_d_02,A_minus_B,yaw,-360,0.1280061032548093
a1_a2_d_02,A_minus_B,yaw,-350,0.12867953137885904
a1_a2_d_02,A_minus_B,yaw,-340,0.12926071032437447
a1_a2_d_02,A_minus_B,yaw,-330,0.1296972989592938
a1_a2_d_02,A_minus_B,yaw,-320,0.12994592495531618
a1_a2_d_02,A_minus_B,yaw,-310,0.12997446698254633
a1_a2_d_02,A_minus_B,yaw,-300,0.12976041658701368
a1_a2_d_02,A_minus_B,yaw,-290,0.12929088236711087
a1_a2_d_02,A_minus_B,yaw,-280,0.12856477115050882
a1_a2_d_02,A_minus_B,yaw,-270,0.12759737984795416
a1_a2_d_02,A_minus_B,yaw,-260,0.12642561418251896
a1_a2_d_02,A_minus_B,yaw,-250,0.12510675261672802
a1_a2_d_02,A_minus_B,yaw,-240,0.12371043649435003
a1_a2_d_02,A_minus_B,yaw,-230,0.12230457231182391
a1_a2_d_02,A_minus_B,yaw,-220,0.12094122786345475
a1_a2_d_02,A_minus_B,yaw,-210,0.1196494402350056
a1_a2_d_02,A_minus_B,yaw,-200,0.11843837940687921
a1_a2_d_02,A_minus_B,yaw,-190,0.11730846774009251
a1_a2_d_02,A_minus_B,yaw,-180,0.11626134745986864
a1_a2_d_02,A_minus_B,yaw,-170,0.11530255656171963
a1_a2_d_02,A_minus_B,yaw,-160,0.11443671268903308
a1_a2_d_02,A_minus_B,yaw,-150,0.11366083292144566
a1_a2_d_02,A_minus_B,yaw,-140,0.11296154998627846
a1_a2_d_02,A_minus_B,yaw,-130,0.11231818703682457
a1_a2_d_02,A_minus_B,yaw,-120,0.11170894135999347
a1_a2_d_02,A_minus_B,yaw,-110,0.11111659268610156
a1_a2_d_02,A_minus_B,yaw,-100,0.11053156567927151
a1_a2_d_02,A_minus_B,yaw,-90,0.10995183639048342
a1_a2_d_02,A_minus_B,yaw,-80,0.10937849685343061
a1_a2_d_02,A_minus_B,yaw,-70,0.10880616215632745
a1_a2_d_02,A_minus_B,yaw,-60,0.10820978575664987
a1_a2_d_02,A_minus_B,yaw,-50,0.10753290826753988
a1_a2_d_02,A_minus_B,yaw,-40,0.10668203710644987
a1_a2_d_02,A_minus_B,yaw,-30,0.10552627793895719
a1_a2_d_02,A_minus_B,yaw,-20,0.10389614958973574
a1_a2_d_02,A_minus_B,yaw,-10,0.10157825436222526
a1_a2_d_02,A_minus_B,yaw,0,0.09831291671634747
a1_a2_d_02,A_minus_B,yaw,10,0.09380557835562103
a1_a2_d_02,A_minus_B,yaw,20,0.08776807929126376
a1_a2_d_02,A_minus_B,yaw,30,0.07996217229594553
a1_a2_d_02,A_minus_B,yaw,40,0.07024502751146237
a1_a2_d_02,A_minus_B,yaw,50,0.058598044266314084
a1_a2_d_02,A_minus_B,yaw,60,0.045132142744177484
a1_a2_d_02,A_minus_B,yaw,70,0.030077495942548972
a1_a2_d_02,A_minus_B,yaw,80,0.01376476512664312
a1_a2_d_02,A_minus_B,yaw,90,-0.0033991321129767456
a1_a2_d_02,A_minus_B,yaw,100,-0.020960522111764825
a1_a2_d_02,A_minus_B,yaw,110,-0.03844579211200097
a1_a2_d_02,A_minus_B,yaw,120,-0.05539758299118963
a1_a2_d_02,A_minus_B,yaw,130,-0.07140528218860208
a1_a2_d_02,A_minus_B,yaw,140,-0.08613521995596965
a1_a2_d_02,A_minus_B,yaw,150,-0.09935087190348953
a1_a2_d_02,A_minus_B,yaw,160,-0.11091509137888844
a1_a2_d_02,A_minus_B,yaw,170,-0.12077591583511711
a1_a2_d_02,A_minus_B,yaw,180,-0.1289442523520859
a1_a2_d_02,A_minus_B,yaw,190,-0.13547220198837856
a1_a2_d_02,A_minus_B,yaw,200,-0.14043155963505408
a1_a2_d_02,A_minus_B,yaw,210,-0.14391187469602512
a1_a2_d_02,A_minus_B,yaw,220,-0.14602561027314218
a1_a2_d_02,A_minus_B,yaw,230,-0.14690632361095785
a1_a2_d_02,A_minus_B,yaw,240,-0.14671264525176472
a1_a2_d_02,A_minus_B,yaw,250,-0.14561706326494117
a1_a2_d_02,A_minus_B,yaw,260,-0.14379348416186113
a1_a2_d_02,A_minus_B,yaw,270,-0.14141024866690494
a1_a2_d_02,A_minus_B,yaw,280,-0.13862644863498225
a1_a2_d_02,A_minus_B,yaw,290,-0.13558344750887827
a1_a2_d_02,A_minus_B,yaw,300,-0.13239992228029984
a1_a2_d_02,A_minus_B,yaw,310,-0.12917348004119902
a1_a2_d_02,A_minus_B,yaw,320,-0.12598054059663996
a1_a2_d_02,A_minus_B,yaw,330,-0.12287520446812847
a1_a2_d_02,A_minus_B,yaw,340,-0.11989162751861328
a1_a2_d_02,A_minus_B,yaw,350,-0.11704399943293982
a1_a2_d_02,A_minus_B,yaw,360,-0.11432517213983275
a1_a2_d_02,A_minus_B,yaw,370,-0.11170994657155259
a1_a2_d_02,A_minus_B,yaw,380,-0.10916354552944454
a1_a2_d_02,A_minus_B,yaw,390,-0.10665844520964182
a1_a2_d_02,A_minus_B,yaw,400,-0.10417807079526668
a1_a2_d_02,A_minus_B,yaw,410,-0.10172214911470844
a1_a2_d_02,A_minus_B,yaw,420,-0.0993060034622074
a1_a2_d_02,A_minus_B,yaw,430,-0.09695167337525547
a1_a2_d_02,A_minus_B,yaw,440,-0.09467274503608356
a1_a2_d_02,A_minus_B,yaw,450,-0.09246828487956289
a1_a2_d_02,A_minus_B,yaw,460,-0.0903275533763732
a1_a2_d_02,A_minus_B,yaw,470,-0.088233326390064
a1_a2_d_02,A_minus_B,yaw,480,-0.08617447532640758
a1_a2_d_02,A_minus_B,yaw,490,-0.08414770761400175
a1_a2_d_02,A_minus_B,yaw,500,-0.08214050025290555
a1_a2_d_02,A_plus_B,yaw,-500,-0.06391728855250058
a1_a2_d_02,A_plus_B,yaw,-490,-0.06647496222364589
a1_a2_d_02,A_plus_B,yaw,-480,-0.06920343912348133
a1_a2_d_02,A_plus_B,yaw,-470,-0.07208069915644677
a1_a2_d_02,A_plus_B,yaw,-460,-0.07508241906168596
a1_a2_d_02,A_plus_B,yaw,-450,-0.07818972769322301
a1_a2_d_02,A_plus_B,yaw,-440,-0.08138926051245632
a1_a2_d_02,A_plus_B,yaw,-430,-0.08466880101290807
a1_a2_d_02,A_plus_B,yaw,-420,-0.08801539614241248
a1_a2_d_02,A_plus_B,yaw,-410,-0.09141390689877725
a1_a2_d_02,A_plus_B,yaw,-400,-0.09484975233574865
a1_a2_d_02,A_plus_B,yaw,-390,-0.09831304397685382
a1_a2_d_02,A_plus_B,yaw,-380,-0.10180336795015286
a1_a2_d_02,A_plus_B,yaw,-370,-0.10532502766058674
a1_a2_d_02,A_plus_B,yaw,-360,-0.10888403143013858
a1_a2_d_02,A_plus_B,yaw,-350,-0.11248530183775077
a1_a2_d_02,A_plus_B,yaw,-340,-0.11613416503527546
a1_a2_d_02,A_plus_B,yaw,-330,-0.1198355820284605
a1_a2_d_02,A_plus_B,yaw,-320,-0.12359696573741003
a1_a2_d_02,A_plus_B,yaw,-310,-0.12742461795982551
a1_a2_d_02,A_plus_B,yaw,-300,-0.13132201730670834
a1_a2_d_02,A_plus_B,yaw,-290,-0.13528743849336158
a1_a2_d_02,A_plus_B,yaw,-280,-0.1393171844225773
a1_a2_d_02,A_plus_B,yaw,-270,-0.14340937789463887
a1_a2_d_02,A_plus_B,yaw,-260,-0.14756160025788825
a1_a2_d_02,A_plus_B,yaw,-250,-0.15176963352386294
a1_a2_d_02,A_plus_B,yaw,-240,-0.15602595447802045
a1_a2_d_02,A_plus_B,yaw,-230,-0.16032189987124718
a1_a2_d_02,A_plus_B,yaw,-220,-0.1646518068668236
a1_a2_d_02,A_plus_B,yaw,-210,-0.16901629284441338
a1_a2_d_02,A_plus_B,yaw,-200,-0.1734213360931009
a1_a2_d_02,A_plus_B,yaw,-190,-0.17787104834370446
a1_a2_d_02,A_plus_B,yaw,-180,-0.18236031950158987
a1_a2_d_02,A_plus_B,yaw,-170,-0.18687237856970582
a1_a2_d_02,A_plus_B,yaw,-160,-0.19138347565294347
a1_a2_d_02,A_plus_B,yaw,-150,-0.1958713668536757
a1_a2_d_02,A_plus_B,yaw,-140,-0.20032105772286168
a1_a2_d_02,A_plus_B,yaw,-130,-0.20472353640962132
a1_a2_d_02,A_plus_B,yaw,-120,-0.20907078653880945
a1_a2_d_02,A_plus_B,yaw,-110,-0.21335386769417009
a1_a2_d_02,A_plus_B,yaw,-100,-0.21756755297579514
a1_a2_d_02,A_plus_B,yaw,-90,-0.22171836284653387
a1_a2_d_02,A_plus_B,yaw,-80,-0.2258304647232716
a1_a2_d_02,A_plus_B,yaw,-70,-0.22994568774667828
a1_a2_d_02,A_plus_B,yaw,-60,-0.2341189625318358
a1_a2_d_02,A_plus_B,yaw,-50,-0.23841284273931954
a1_a2_d_02,A_plus_B,yaw,-40,-0.24289441849863586
a1_a2_d_02,A_plus_B,yaw,-30,-0.24763559189444606
a1_a2_d_02,A_plus_B,yaw,-20,-0.2527152680340188
a1_a2_d_02,A_plus_B,yaw,-10,-0.25822015856553354
a1_a2_d_02,A_plus_B,yaw,0,-0.26424075515396533
a1_a2_d_02,A_plus_B,yaw,10,-0.27086466362593103
a1_a2_d_02,A_plus_B,yaw,20,-0.2781556370085638
a1_a2_d_02,A_plus_B,yaw,30,-0.2861462714209414
a1_a2_d_02,A_plus_B,yaw,40,-0.2948236571589204
a1_a2_d_02,A_plus_B,yaw,50,-0.30412043676323386
a1_a2_d_02,A_plus_B,yaw,60,-0.313908354373702
a1_a2_d_02,A_plus_B,yaw,70,-0.32399781622711316
a1_a2_d_02,A_plus_B,yaw,80,-0.33414689238471246
a1_a2_d_02,A_plus_B,yaw,90,-0.3440797164865565
a1_a2_d_02,A_plus_B,yaw,100,-0.35350875429891654
a1_a2_d_02,A_plus_B,yaw,110,-0.36215606593043453
a1_a2_d_02,A_plus_B,yaw,120,-0.36976502639069797
a1_a2_d_02,A_plus_B,yaw,130,-0.37610918863276
a1_a2_d_02,A_plus_B,yaw,140,-0.38100121196592046
a1_a2_d_02,A_plus_B,yaw,150,-0.38430573728450046
a1_a2_d_02,A_plus_B,yaw,160,-0.38595324510174833
a1_a2_d_02,A_plus_B,yaw,170,-0.38594601375169524
a1_a2_d_02,A_plus_B,yaw,180,-0.38434997498433204
a1_a2_d_02,A_plus_B,yaw,190,-0.38127507685223655
a1_a2_d_02,A_plus_B,yaw,200,-0.3768568624018883
a1_a2_d_02,A_plus_B,yaw,210,-0.3712421150454399
a1_a2_d_02,A_plus_B,yaw,220,-0.3645849667711313
a1_a2_d_02,A_plus_B,yaw,230,-0.35705067999633905
a1_a2_d_02,A_plus_B,yaw,240,-0.3488127584745076
a1_a2_d_02,A_plus_B,yaw,250,-0.3400460001206001
a1_a2_d_02,A_plus_B,yaw,260,-0.3309162627812904
a1_a2_d_02,A_plus_B,yaw,270,-0.32157268505265635
a1_a2_d_02,A_plus_B,yaw,280,-0.3121451661422762
a1_a2_d_02,A_plus_B,yaw,290,-0.30274490057858455
a1_a2_d_02,A_plus_B,yaw,300,-0.29346173697387756
a1_a2_d_02,A_plus_B,yaw,310,-0.28435898187897096
a1_a2_d_02,A_plus_B,yaw,320,-0.2754724661642962
a1_a2_d_02,A_plus_B,yaw,330,-0.26681661630287606
a1_a2_d_02,A_plus_B,yaw,340,-0.25839272867224633
a1_a2_d_02,A_plus_B,yaw,350,-0.25019487153845327
a1_a2_d_02,A_plus_B,yaw,360,-0.24221170621217156
a1_a2_d_02,A_plus_B,yaw,370,-0.2344269318372778
a1_a2_d_02,A_plus_B,yaw,380,-0.22682232464420576
a1_a2_d_02,A_plus_B,yaw,390,-0.21938198804527426
a1_a2_d_02,A_plus_B,yaw,400,-0.21210053831707334
a1_a2_d_02,A_plus_B,yaw,410,-0.20498662652688485
a1_a2_d_02,A_plus_B,yaw,420,-0.19806066013636262
a1_a2_d_02,A_plus_B,yaw,430,-0.1913476633574324
a1_a2_d_02,A_plus_B,yaw,440,-0.18486957269999574
a1_a2_d_02,A_plus_B,yaw,450,-0.17863913375807125
a1_a2_d_02,A_plus_B,yaw,460,-0.17265862740191254
a1_a2_d_02,A_plus_B,yaw,470,-0.1669245064478631
a1_a2_d_02,A_plus_B,yaw,480,-0.1614289857356718
a1_a2_d_02,A_plus_B,yaw,490,-0.15616060244493282
a1_a2_d_02,A_plus_B,yaw,500,-0.15110737943317096
a1_a2_d_03,a2_l_rate,yaw,-500,-0.09965168501554549
a1_a2_d_03,a2_l_rate,yaw,-490,-0.10192099657434664
a1_a2_d_03,a2_l_rate,yaw,-480,-0.1042735842031837
a1_a2_d_03,a2_l_rate,yaw,-470,-0.10668614592762443
a1_a2_d_03,a2_l_rate,yaw,-460,-0.1091372632131149
a1_a2_d_03,a2_l_rate,yaw,-450,-0.11160948833826896
a1_a2_d_03,a2_l_rate,yaw,-440,-0.11409301257981885
a1_a2_d_03,a2_l_rate,yaw,-430,-0.11658397301398536
a1_a2_d_03,a2_l_rate,yaw,-420,-0.11909052164187268
a1_a2_d_03,a2_l_rate,yaw,-410,-0.12163491192258742
a1_a2_d_03,a2_l_rate,yaw,-400,-0.12424731287152778
a1_a2_d_03,a2_l_rate,yaw,-390,-0.12696062131330066
a1_a2_d_03,a2_l_rate,yaw,-380,-0.12980105796773458
a1_a2_d_03,a2_l_rate,yaw,-370,-0.13278897292155295
a1_a2_d_03,a2_l_rate,yaw,-360,-0.13593537964051222
a1_a2_d_03,a2_l_rate,yaw,-350,-0.13924502610860676
a1_a2_d_03,a2_l_rate,yaw,-340,-0.14271557931326115
a1_a2_d_03,a2_l_rate,yaw,-330,-0.14634048144392758
a1_a2_d_03,a2_l_rate,yaw,-320,-0.15010849981413674
a1_a2_d_03,a2_l_rate,yaw,-310,-0.1540059700843783
a1_a2_d_03,a2_l_rate,yaw,-300,-0.1580161428287941
a1_a2_d_03,a2_l_rate,yaw,-290,-0.16212170418577135
a1_a2_d_03,a2_l_rate,yaw,-280,-0.16630932418183425
a1_a2_d_03,a2_l_rate,yaw,-270,-0.17056795899174035
a1_a2_d_03,a2_l_rate,yaw,-260,-0.17489277237899226
a1_a2_d_03,a2_l_rate,yaw,-250,-0.17927382266274944
a1_a2_d_03,a2_l_rate,yaw,-240,-0.18370377949756053
a1_a2_d_03,a2_l_rate,yaw,-230,-0.1881753472169351
a1_a2_d_03,a2_l_rate,yaw,-220,-0.19268624044344704
a1_a2_d_03,a2_l_rate,yaw,-210,-0.1972401121235109
a1_a2_d_03,a2_l_rate,yaw,-200,-0.20184264537107022
a1_a2_d_03,a2_l_rate,yaw,-190,-0.20650066265529726
a1_a2_d_03,a2_l_rate,yaw,-180,-0.2112166057837749
a1_a2_d_03,a2_l_rate,yaw,-170,-0.2159871446633206
a1_a2_d_03,a2_l_rate,yaw,-160,-0.22079797191969855
a1_a2_d_03,a2_l_rate,yaw,-150,-0.22561957126203308
a1_a2_d_03,a2_l_rate,yaw,-140,-0.23040802272105265
a1_a2_d_03,a2_l_rate,yaw,-130,-0.23510659514262877
a1_a2_d_03,a2_l_rate,yaw,-120,-0.23965361139780572
a1_a2_d_03,a2_l_rate,yaw,-110,-0.24398502152450038
a1_a2_d_03,a2_l_rate,yaw,-100,-0.248036386270123
a1_a2_d_03,a2_l_rate,yaw,-90,-0.2517453759776033
a1_a2_d_03,a2_l_rate,yaw,-80,-0.25505588404177043
a1_a2_d_03,a2_l_rate,yaw,-70,-0.25793881490596826
a1_a2_d_03,a2_l_rate,yaw,-60,-0.26039856432798836
a1_a2_d_03,a2_l_rate,yaw,-50,-0.2624823618980763
a1_a2_d_03,a2_l_rate,yaw,-40,-0.26427847973029056
a1_a2_d_03,a2_l_rate,yaw,-30,-0.26591782434939276
a1_a2_d_03,a2_l_rate,yaw,-20,-0.2675719947667482
a1_a2_d_03,a2_l_rate,yaw,-10,-0.26946147076157195
a1_a2_d_03,a2_l_rate,yaw,0,-0.2718540301856176
a1_a2_d_03,a2_l_rate,yaw,10,-0.2750568980894408
a1_a2_d_03,a2_l_rate,yaw,20,-0.27935154949177776
a1_a2_d_03,a2_l_rate,yaw,30,-0.2849957157755901
a1_a2_d_03,a2_l_rate,yaw,40,-0.292179064894152
a1_a2_d_03,a2_l_rate,yaw,50,-0.3009967492966203
a1_a2_d_03,a2_l_rate,yaw,60,-0.31143115949753075
a1_a2_d_03,a2_l_rate,yaw,70,-0.32334281367861323
a1_a2_d_03,a2_l_rate,yaw,80,-0.3364746146584406
a1_a2_d_03,a2_l_rate,yaw,90,-0.3504716852126968
a1_a2_d_03,a2_l_rate,yaw,100,-0.3649118398236472
a1_a2_d_03,a2_l_rate,yaw,110,-0.37934237848566993
a1_a2_d_03,a2_l_rate,yaw,120,-0.3933146351270448
a1_a2_d_03,a2_l_rate,yaw,130,-0.40641191298545226
a1_a2_d_03,a2_l_rate,yaw,140,-0.41827371550923437
a1_a2_d_03,a2_l_rate,yaw,150,-0.4286180353937198
a1_a2_d_03,a2_l_rate,yaw,160,-0.4372594234088666
a1_a2_d_03,a2_l_rate,yaw,170,-0.44411528040057957
a1_a2_d_03,a2_l_rate,yaw,180,-0.4491957490252738
a1_a2_d_03,a2_l_rate,yaw,190,-0.45257953940903844
a1_a2_d_03,a2_l_rate,yaw,200,-0.45438546812812064
a1_a2_d_03,a2_l_rate,yaw,210,-0.4547522587955224
a1_a2_d_03,a2_l_rate,yaw,220,-0.45383172734071686
a1_a2_d_03,a2_l_rate,yaw,230,-0.4517895845298121
a1_a2_d_03,a2_l_rate,yaw,240,-0.4488047620735561
a1_a2_d_03,a2_l_rate,yaw,250,-0.44506093611886405
a1_a2_d_03,a2_l_rate,yaw,260,-0.44073316410946367
a1_a2_d_03,a2_l_rate,yaw,270,-0.43597628572194613
a1_a2_d_03,a2_l_rate,yaw,280,-0.430921629249017
a1_a2_d_03,a2_l_rate,yaw,290,-0.4256799389596959
a1_a2_d_03,a2_l_rate,yaw,300,-0.4203450794270544
a1_a2_d_03,a2_l_rate,yaw,310,-0.4149930055645121
a1_a2_d_03,a2_l_rate,yaw,320,-0.4096779543317803
a1_a2_d_03,a2_l_rate,yaw,330,-0.40443098699613805
a1_a2_d_03,a2_l_rate,yaw,340,-0.3992645412983316
a1_a2_d_03,a2_l_rate,yaw,350,-0.3941818752848395
a1_a2_d_03,a2_l_rate,yaw,360,-0.3891858313108854
a1_a2_d_03,a2_l_rate,yaw,370,-0.38428169856372907
a1_a2_d_03,a2_l_rate,yaw,380,-0.3794733615412219
a1_a2_d_03,a2_l_rate,yaw,390,-0.3747575405484877
a1_a2_d_03,a2_l_rate,yaw,400,-0.3701218411373583
a1_a2_d_03,a2_l_rate,yaw,410,-0.36554830984529413
a1_a2_d_03,a2_l_rate,yaw,420,-0.3610193471874608
a1_a2_d_03,a2_l_rate,yaw,430,-0.3565214460831629
a1_a2_d_03,a2_l_rate,yaw,440,-0.35204464229488447
a1_a2_d_03,a2_l_rate,yaw,450,-0.3475794398302059
a1_a2_d_03,a2_l_rate,yaw,460,-0.3431151122985295
a1_a2_d_03,a2_l_rate,yaw,470,-0.3386418774214445
a1_a2_d_03,a2_l_rate,yaw,480,-0.33415465337950767
a1_a2_d_03,a2_l_rate,yaw,490,-0.3296555977761459
a1_a2_d_03,a2_l_rate,yaw,500,-0.32515367808198636
a1_a2_d_03,a1_l_rate,yaw,-500,-0.1266586621772629
a1_a2_d_03,a1_l_rate,yaw,-490,-0.12909274928846326
a1_a2_d_03,a1_l_rate,yaw,-480,-0.13161574695529576
a1_a2_d_03,a1_l_rate,yaw,-470,-0.13423309158379218
a1_a2_d_03,a1_l_rate,yaw,-460,-0.13695078570589966
a1_a2_d_03,a1_l_rate,yaw,-450,-0.1397759873620401
a1_a2_d_03,a1_l_rate,yaw,-440,-0.14271568690511385
a1_a2_d_03,a1_l_rate,yaw,-430,-0.1457726379614988
a1_a2_d_03,a1_l_rate,yaw,-420,-0.14894430053092345
a1_a2_d_03,a1_l_rate,yaw,-410,-0.1522234389895521
a1_a2_d_03,a1_l_rate,yaw,-400,-0.15560005240516978
a1_a2_d_03,a1_l_rate,yaw,-390,-0.15906585385516372
a1_a2_d_03,a1_l_rate,yaw,-380,-0.16261647542115726
a1_a2_d_03,a1_l_rate,yaw,-370,-0.16625176935622113
a1_a2_d_03,a1_l_rate,yaw,-360,-0.16997074523584693
a1_a2_d_03,a1_l_rate,yaw,-350,-0.1737680053013239
a1_a2_d_03,a1_l_rate,yaw,-340,-0.17763298432679503
a1_a2_d_03,a1_l_rate,yaw,-330,-0.1815544817614913
a1_a2_d_03,a1_l_rate,yaw,-320,-0.18552526506877165
a1_a2_d_03,a1_l_rate,yaw,-310,-0.18954425452165158
a1_a2_d_03,a1_l_rate,yaw,-300,-0.1936131669612513
a1_a2_d_03,a1_l_rate,yaw,-290,-0.19773114856285431
a1_a2_d_03,a1_l_rate,yaw,-280,-0.20189134648805104
a1_a2_d_03,a1_l_rate,yaw,-270,-0.20608055313726656
a1_a2_d_03,a1_l_rate,yaw,-260,-0.21028512773224436
a1_a2_d_03,a1_l_rate,yaw,-250,-0.214492553594946
a1_a2_d_03,a1_l_rate,yaw,-240,-0.21869493212040123
a1_a2_d_03,a1_l_rate,yaw,-230,-0.22288509495882788
a1_a2_d_03,a1_l_rate,yaw,-220,-0.22705477139424898
a1_a2_d_03,a1_l_rate,yaw,-210,-0.2311946472702217
a1_a2_d_03,a1_l_rate,yaw,-200,-0.23529595555927355
a1_a2_d_03,a1_l_rate,yaw,-190,-0.23935356427734986
a1_a2_d_03,a1_l_rate,yaw,-180,-0.24336628752237885
a1_a2_d_03,a1_l_rate,yaw,-170,-0.24733791757189016
a1_a2_d_03,a1_l_rate,yaw,-160,-0.25127712056684404
a1_a2_d_03,a1_l_rate,yaw,-150,-0.25519670555987867
a1_a2_d_03,a1_l_rate,yaw,-140,-0.2591121999442965
a1_a2_d_03,a1_l_rate,yaw,-130,-0.2630389649496558
a1_a2_d_03,a1_l_rate,yaw,-120,-0.2669924297171889
a1_a2_d_03,a1_l_rate,yaw,-110,-0.2709902093384205
a1_a2_d_03,a1_l_rate,yaw,-100,-0.27505662703987904
a1_a2_d_03,a1_l_rate,yaw,-90,-0.2792253534643663
a1_a2_d_03,a1_l_rate,yaw,-80,-0.28353572276304717
a1_a2_d_03,a1_l_rate,yaw,-70,-0.2880270973378605
a1_a2_d_03,a1_l_rate,yaw,-60,-0.29272710607554725
a1_a2_d_03,a1_l_rate,yaw,-50,-0.29764478301499125
a1_a2_d_03,a1_l_rate,yaw,-40,-0.3027668236591641
a1_a2_d_03,a1_l_rate,yaw,-30,-0.30805927222645124
a1_a2_d_03,a1_l_rate,yaw,-20,-0.3134701105154961
a1_a2_d_03,a1_l_rate,yaw,-10,-0.3189367850352036
a1_a2_d_03,a1_l_rate,yaw,0,-0.3243960062935691
a1_a2_d_03,a1_l_rate,yaw,10,-0.32979307643474554
a1_a2_d_03,a1_l_rate,yaw,20,-0.33509882028144833
a1_a2_d_03,a1_l_rate,yaw,30,-0.34030932734627867
a1_a2_d_03,a1_l_rate,yaw,40,-0.34544278860809785
a1_a2_d_03,a1_l_rate,yaw,50,-0.35052631587246236
a1_a2_d_03,a1_l_rate,yaw,60,-0.3555796361835759
a1_a2_d_03,a1_l_rate,yaw,70,-0.36060280449757054
a1_a2_d_03,a1_l_rate,yaw,80,-0.3655703735989457
a1_a2_d_03,a1_l_rate,yaw,90,-0.3704295323776498
a1_a2_d_03,a1_l_rate,yaw,100,-0.37510245373947393
a1_a2_d_03,a1_l_rate,yaw,110,-0.379484751848966
a1_a2_d_03,a1_l_rate,yaw,120,-0.38344414795810083
a1_a2_d_03,a1_l_rate,yaw,130,-0.38682503027935167
a1_a2_d_03,a1_l_rate,yaw,140,-0.38946207525152904
a1_a2_d_03,a1_l_rate,yaw,150,-0.3912029291402709
a1_a2_d_03,a1_l_rate,yaw,160,-0.3919317798770282
a1_a2_d_03,a1_l_rate,yaw,170,-0.3915856947617356
a1_a2_d_03,a1_l_rate,yaw,180,-0.3901576544743821
a1_a2_d_03,a1_l_rate,yaw,190,-0.38768950132907354
a1_a2_d_03,a1_l_rate,yaw,200,-0.3842621768491936
a1_a2_d_03,a1_l_rate,yaw,210,-0.3799863423617358
a1_a2_d_03,a1_l_rate,yaw,220,-0.3749923126586589
a1_a2_d_03,a1_l_rate,yaw,230,-0.3694195411915129
a1_a2_d_03,a1_l_rate,yaw,240,-0.3634053719168214
a1_a2_d_03,a1_l_rate,yaw,250,-0.35707688421235406
a1_a2_d_03,a1_l_rate,yaw,260,-0.3505469914349794
a1_a2_d_03,a1_l_rate,yaw,270,-0.34391433232694774
a1_a2_d_03,a1_l_rate,yaw,280,-0.3372627332752268
a1_a2_d_03,a1_l_rate,yaw,290,-0.33066018545366754
a1_a2_d_03,a1_l_rate,yaw,300,-0.32415649275530956
a1_a2_d_03,a1_l_rate,yaw,310,-0.31778385677664456
a1_a2_d_03,a1_l_rate,yaw,320,-0.3115605808227238
a1_a2_d_03,a1_l_rate,yaw,330,-0.3054938116371926
a1_a2_d_03,a1_l_rate,yaw,340,-0.29958528333128664
a1_a2_d_03,a1_l_rate,yaw,350,-0.29383231325923564
a1_a2_d_03,a1_l_rate,yaw,360,-0.28822771783658113
a1_a2_d_03,a1_l_rate,yaw,370,-0.2827595842340402
a1_a2_d_03,a1_l_rate,yaw,380,-0.27741154827996795
a1_a2_d_03,a1_l_rate,yaw,390,-0.27216414741460543
a1_a2_d_03,a1_l_rate,yaw,400,-0.2669983466686965
a1_a2_d_03,a1_l_rate,yaw,410,-0.2618992952893808
a1_a2_d_03,a1_l_rate,yaw,420,-0.2568563252828389
a1_a2_d_03,a1_l_rate,yaw,430,-0.2518635713699627
a1_a2_d_03,a1_l_rate,yaw,440,-0.24691834015334413
a1_a2_d_03,a1_l_rate,yaw,450,-0.24202240429523572
a1_a2_d_03,a1_l_rate,yaw,460,-0.23718360980843342
a1_a2_d_03,a1_l_rate,yaw,470,-0.23241547500162726
a1_a2_d_03,a1_l_rate,yaw,480,-0.22773547778603143
a1_a2_d_03,a1_l_rate,yaw,490,-0.22315959447989633
a1_a2_d_03,a1_l_rate,yaw,500,-0.21869505287784732
a1_a2_d_03,a2_l_rate,a1_l_rate,-500,0.31408357428788924
a1_a2_d_03,a2_l_rate,a1_l_rate,-490,0.3185275537847902
a1_a2_d_03,a2_l_rate,a1_l_rate,-480,0.32311353258175085
a1_a2_d_03,a2_l_rate,a1_l_rate,-470,0.32782679496132094
a1_a2_d_03,a2_l_rate,a1_l_rate,-460,0.33265755484259074
a1_a2_d_03,a2_l_rate,a1_l_rate,-450,0.3376051877206442
a1_a2_d_03,a2_l_rate,a1_l_rate,-440,0.34267791861827385
a1_a2_d_03,a2_l_rate,a1_l_rate,-430,0.3478879677963298
a1_a2_d_03,a2_l_rate,a1_l_rate,-420,0.35324494428873005
a1_a2_d_03,a2_l_rate,a1_l_rate,-410,0.3587512621545748
a1_a2_d_03,a2_l_rate,a1_l_rate,-400,0.36440198047195704
a1_a2_d_03,a2_l_rate,a1_l_rate,-390,0.37018864747534896
a1_a2_d_03,a2_l_rate,a1_l_rate,-380,0.37610429741070195
a1_a2_d_03,a2_l_rate,a1_l_rate,-370,0.3821462999493747
a1_a2_d_03,a2_l_rate,a1_l_rate,-360,0.3883155296469813
a1_a2_d_03,a2_l_rate,a1_l_rate,-350,0.39461301480527994
a1_a2_d_03,a2_l_rate,a1_l_rate,-340,0.40103682241965305
a1_a2_d_03,a2_l_rate,a1_l_rate,-330,0.4075813534878773
a1_a2_d_03,a2_l_rate,a1_l_rate,-320,0.4142390490669382
a1_a2_d_03,a2_l_rate,a1_l_rate,-310,0.42100256528840563
a1_a2_d_03,a2_l_rate,a1_l_rate,-300,0.4278654115295585
a1_a2_d_03,a2_l_rate,a1_l_rate,-290,0.4348207776353759
a1_a2_d_03,a2_l_rate,a1_l_rate,-280,0.4418601400214403
a1_a2_d_03,a2_l_rate,a1_l_rate,-270,0.44897343695735675
a1_a2_d_03,a2_l_rate,a1_l_rate,-260,0.4561510879172372
a1_a2_d_03,a2_l_rate,a1_l_rate,-250,0.46338658240075853
a1_a2_d_03,a2_l_rate,a1_l_rate,-240,0.4706784369077459
a1_a2_d_03,a2_l_rate,a1_l_rate,-230,0.47803165324658237
a1_a2_d_03,a2_l_rate,a1_l_rate,-220,0.4854596425033257
a1_a2_d_03,a2_l_rate,a1_l_rate,-210,0.4929868301966929
a1_a2_d_03,a2_l_rate,a1_l_rate,-200,0.5006506004376394
a1_a2_d_03,a2_l_rate,a1_l_rate,-190,0.508500610271176
a1_a2_d_03,a2_l_rate,a1_l_rate,-180,0.516594473329718
a1_a2_d_03,a2_l_rate,a1_l_rate,-170,0.5249906238968465
a1_a2_d_03,a2_l_rate,a1_l_rate,-160,0.5337408341481716
a1_a2_d_03,a2_l_rate,a1_l_rate,-150,0.542885341935262
a1_a2_d_03,a2_l_rate,a1_l_rate,-140,0.5524524613469245
a1_a2_d_03,a2_l_rate,a1_l_rate,-130,0.5624621647556771
a1_a2_d_03,a2_l_rate,a1_l_rate,-120,0.5729306301613415
a1_a2_d_03,a2_l_rate,a1_l_rate,-110,0.5838717453048724
a1_a2_d_03,a2_l_rate,a1_l_rate,-100,0.595293079385433
a1_a2_d_03,a2_l_rate,a1_l_rate,-90,0.6071866857863312
a1_a2_d_03,a2_l_rate,a1_l_rate,-80,0.6195167099084758
a1_a2_d_03,a2_l_rate,a1_l_rate,-70,0.6322048451346537
a1_a2_d_03,a2_l_rate,a1_l_rate,-60,0.6451128407617566
a1_a2_d_03,a2_l_rate,a1_l_rate,-50,0.6580221768701371
a1_a2_d_03,a2_l_rate,a1_l_rate,-40,0.6706166753418572
a1_a2_d_03,a2_l_rate,a1_l_rate,-30,0.6824813428160404
a1_a2_d_03,a2_l_rate,a1_l_rate,-20,0.6931331419761431
a1_a2_d_03,a2_l_rate,a1_l_rate,-10,0.702090506475867
a1_a2_d_03,a2_l_rate,a1_l_rate,0,0.7089692624542637
a1_a2_d_03,a2_l_rate,a1_l_rate,10,0.7135790700791506
a1_a2_d_03,a2_l_rate,a1_l_rate,20,0.7159538575129079
a1_a2_d_03,a2_l_rate,a1_l_rate,30,0.7163521202349673
a1_a2_d_03,a2_l_rate,a1_l_rate,40,0.7151738991426069
a1_a2_d_03,a2_l_rate,a1_l_rate,50,0.7128538774503511
a1_a2_d_03,a2_l_rate,a1_l_rate,60,0.7097654665622589
a1_a2_d_03,a2_l_rate,a1_l_rate,70,0.7061654296620149
a1_a2_d_03,a2_l_rate,a1_l_rate,80,0.7021873003926776
a1_a2_d_03,a2_l_rate,a1_l_rate,90,0.6978722358020961
a1_a2_d_03,a2_l_rate,a1_l_rate,100,0.6932161396604799
a1_a2_d_03,a2_l_rate,a1_l_rate,110,0.6882128332411032
a1_a2_d_03,a2_l_rate,a1_l_rate,120,0.6828805833878104
a1_a2_d_03,a2_l_rate,a1_l_rate,130,0.6772686734495683
a1_a2_d_03,a2_l_rate,a1_l_rate,140,0.6714484910545048
a1_a2_d_03,a2_l_rate,a1_l_rate,150,0.6654977502475451
a1_a2_d_03,a2_l_rate,a1_l_rate,160,0.659486348084333
a1_a2_d_03,a2_l_rate,a1_l_rate,170,0.6534688167037592
a1_a2_d_03,a2_l_rate,a1_l_rate,180,0.6474836441405442
a1_a2_d_03,a2_l_rate,a1_l_rate,190,0.6415565276348834
a1_a2_d_03,a2_l_rate,a1_l_rate,200,0.6357041010379271
a1_a2_d_03,a2_l_rate,a1_l_rate,210,0.6299362192897974
a1_a2_d_03,a2_l_rate,a1_l_rate,220,0.6242568958068728
a1_a2_d_03,a2_l_rate,a1_l_rate,230,0.6186649967493932
a1_a2_d_03,a2_l_rate,a1_l_rate,240,0.6131553715162096
a1_a2_d_03,a2_l_rate,a1_l_rate,250,0.6077200045700685
a1_a2_d_03,a2_l_rate,a1_l_rate,260,0.6023481978492422
a1_a2_d_03,a2_l_rate,a1_l_rate,270,0.597025377462203
a1_a2_d_03,a2_l_rate,a1_l_rate,280,0.5917314896538027
a1_a2_d_03,a2_l_rate,a1_l_rate,290,0.5864410253280176
a1_a2_d_03,a2_l_rate,a1_l_rate,300,0.581126447466363
a1_a2_d_03,a2_l_rate,a1_l_rate,310,0.5757649462916763
a1_a2_d_03,a2_l_rate,a1_l_rate,320,0.5703458926584538
a1_a2_d_03,a2_l_rate,a1_l_rate,330,0.564874888175937
a1_a2_d_03,a2_l_rate,a1_l_rate,340,0.5593715075610021
a1_a2_d_03,a2_l_rate,a1_l_rate,350,0.5538615065898091
a1_a2_d_03,a2_l_rate,a1_l_rate,360,0.5483680225398259
a1_a2_d_03,a2_l_rate,a1_l_rate,370,0.5429070714934054
a1_a2_d_03,a2_l_rate,a1_l_rate,380,0.5374894068635152
a1_a2_d_03,a2_l_rate,a1_l_rate,390,0.5321260427108496
a1_a2_d_03,a2_l_rate,a1_l_rate,400,0.5268323087566886
a1_a2_d_03,a2_l_rate,a1_l_rate,410,0.5216268388707159
a1_a2_d_03,a2_l_rate,a1_l_rate,420,0.5165257485388167
a1_a2_d_03,a2_l_rate,a1_l_rate,430,0.511535412173928
a1_a2_d_03,a2_l_rate,a1_l_rate,440,0.5066477963675223
a1_a2_d_03,a2_l_rate,a1_l_rate,450,0.5018405640827751
a1_a2_d_03,a2_l_rate,a1_l_rate,460,0.49708192915289207
a1_a2_d_03,a2_l_rate,a1_l_rate,470,0.4923387910403741
a1_a2_d_03,a2_l_rate,a1_l_rate,480,0.4875860597724104
a1_a2_d_03,a2_l_rate,a1_l_rate,490,0.48281466884380686
a1_a2_d_03,a2_l_rate,a1_l_rate,500,0.47803551101773756
a1_a2_d_03,A_minus_B,yaw,-500,0.017661256034828956
a1_a2_d_03,A_minus_B,yaw,-490,0.01751394688790893
a1_a2_d_03,A_minus_B,yaw,-480,0.017360727418919406
a1_a2_d_03,A_minus_B,yaw,-470,0.017240254803532525
a1_a2_d_03,A_minus_B,yaw,-460,0.017189289285638953
a1_a2_d_03,A_minus_B,yaw,-450,0.017240544978369344
a1_a2_d_03,A_minus_B,yaw,-440,0.017416033802951376
a1_a2_d_03,A_minus_B,yaw,-430,0.0177244245810264
a1_a2_d_03,A_minus_B,yaw,-420,0.01815141085315102
a1_a2_d_03,A_minus_B,yaw,-410,0.018657570095928094
a1_a2_d_03,A_minus_B,yaw,-400,0.019189217301337932
a1_a2_d_03,A_minus_B,yaw,-390,0.01969100334846852
a1_a2_d_03,A_minus_B,yaw,-380,0.020121541069915344
a1_a2_d_03,A_minus_B,yaw,-370,0.020452682018371297
a1_a2_d_03,A_minus_B,yaw,-360,0.020668103442434575
a1_a2_d_03,A_minus_B,yaw,-350,0.020754724920091353
a1_a2_d_03,A_minus_B,yaw,-340,0.02070289235116506
a1_a2_d_03,A_minus_B,yaw,-330,0.020507984427376898
a1_a2_d_03,A_minus_B,yaw,-320,0.020176640504780546
a1_a2_d_03,A_minus_B,yaw,-310,0.01972632842222049
a1_a2_d_03,A_minus_B,yaw,-300,0.019182144460897627
a1_a2_d_03,A_minus_B,yaw,-290,0.01856681323095516
a1_a2_d_03,A_minus_B,yaw,-280,0.01789026679534581
a1_a2_d_03,A_minus_B,yaw,-270,0.01715154771636685
a1_a2_d_03,A_minus_B,yaw,-260,0.016340645911059132
a1_a2_d_03,A_minus_B,yaw,-250,0.015455942859060587
a1_a2_d_03,A_minus_B,yaw,-240,0.014497869870547258
a1_a2_d_03,A_minus_B,yaw,-230,0.013467702286945438
a1_a2_d_03,A_minus_B,yaw,-220,0.012358484735512733
a1_a2_d_03,A_minus_B,yaw,-210,0.011153827204973663
a1_a2_d_03,A_minus_B,yaw,-200,0.00983521709899895
a1_a2_d_03,A_minus_B,yaw,-190,0.008387011348145536
a1_a2_d_03,A_minus_B,yaw,-180,0.006804399120834267
a1_a2_d_03,A_minus_B,yaw,-170,0.005096568691061703
a1_a2_d_03,A_minus_B,yaw,-160,0.003293729362521254
a1_a2_d_03,A_minus_B,yaw,-150,0.001452039158934987
a1_a2_d_03,A_minus_B,yaw,-140,-0.0003492202052495546
a1_a2_d_03,A_minus_B,yaw,-130,-0.0020133285728261394
a1_a2_d_03,A_minus_B,yaw,-120,-0.003436651511248861
a1_a2_d_03,A_minus_B,yaw,-110,-0.004509617868537127
a1_a2_d_03,A_minus_B,yaw,-100,-0.005113935515816508
a1_a2_d_03,A_minus_B,yaw,-90,-0.005122789493137912
a1_a2_d_03,A_minus_B,yaw,-80,-0.004410994922168266
a1_a2_d_03,A_minus_B,yaw,-70,-0.002890469128976823
a1_a2_d_03,A_minus_B,yaw,-60,-0.0005335059762747491
a1_a2_d_03,A_minus_B,yaw,-50,0.0026060118774862908
a1_a2_d_03,A_minus_B,yaw,-40,0.006390502282644493
a1_a2_d_03,A_minus_B,yaw,-30,0.01059855955921088
a1_a2_d_03,A_minus_B,yaw,-20,0.014930807949873129
a1_a2_d_03,A_minus_B,yaw,-10,0.019007860681373088
a1_a2_d_03,A_minus_B,yaw,0,0.022384458788891823
a1_a2_d_03,A_minus_B,yaw,10,0.024576701701587517
a1_a2_d_03,A_minus_B,yaw,20,0.025156493984984006
a1_a2_d_03,A_minus_B,yaw,30,0.02376463198245849
a1_a2_d_03,A_minus_B,yaw,40,0.020162759421901766
a1_a2_d_03,A_minus_B,yaw,50,0.01425337196077584
a1_a2_d_03,A_minus_B,yaw,60,0.006084804019498111
a1_a2_d_03,A_minus_B,yaw,70,-0.004151241575198762
a1_a2_d_03,A_minus_B,yaw,80,-0.016132515097043873
a1_a2_d_03,A_minus_B,yaw,90,-0.029435646091053407
a1_a2_d_03,A_minus_B,yaw,100,-0.04357520187882483
a1_a2_d_03,A_minus_B,yaw,110,-0.05805625627361437
a1_a2_d_03,A_minus_B,yaw,120,-0.07242357500484166
a1_a2_d_03,A_minus_B,yaw,130,-0.08629447154331205
a1_a2_d_03,A_minus_B,yaw,140,-0.09937547728588873
a1_a2_d_03,A_minus_B,yaw,150,-0.11146521917426011
a1_a2_d_03,A_minus_B,yaw,160,-0.12245035245943965
a1_a2_d_03,A_minus_B,yaw,170,-0.13229419354975283
a1_a2_d_03,A_minus_B,yaw,180,-0.1410191793332403
a1_a2_d_03,A_minus_B,yaw,190,-0.14868233962419541
a1_a2_d_03,A_minus_B,yaw,200,-0.1553481279749632
a1_a2_d_03,A_minus_B,yaw,210,-0.16107207917195634
a1_a2_d_03,A_minus_B,yaw,220,-0.16590367671245523
a1_a2_d_03,A_minus_B,yaw,230,-0.16990030224437422
a1_a2_d_03,A_minus_B,yaw,240,-0.17314014402171765
a1_a2_d_03,A_minus_B,yaw,250,-0.17572055413939014
a1_a2_d_03,A_minus_B,yaw,260,-0.17774436935665763
a1_a2_d_03,A_minus_B,yaw,270,-0.17930401627686238
a1_a2_d_03,A_minus_B,yaw,280,-0.18047765146199227
a1_a2_d_03,A_minus_B,yaw,290,-0.18133449632458512
a1_a2_d_03,A_minus_B,yaw,300,-0.18194281453963063
a1_a2_d_03,A_minus_B,yaw,310,-0.1823677242352758
a1_a2_d_03,A_minus_B,yaw,320,-0.18266137834485632
a1_a2_d_03,A_minus_B,yaw,330,-0.18285761185907826
a1_a2_d_03,A_minus_B,yaw,340,-0.18297124305062284
a1_a2_d_03,A_minus_B,yaw,350,-0.18300990341426496
a1_a2_d_03,A_minus_B,yaw,360,-0.18298622438675122
a1_a2_d_03,A_minus_B,yaw,370,-0.18292204685148378
a1_a2_d_03,A_minus_B,yaw,380,-0.18284275424084337
a1_a2_d_03,A_minus_B,yaw,390,-0.18276766552970106
a1_a2_d_03,A_minus_B,yaw,400,-0.18270302979818953
a1_a2_d_03,A_minus_B,yaw,410,-0.1826423271189781
a1_a2_d_03,A_minus_B,yaw,420,-0.1825744039924808
a1_a2_d_03,A_minus_B,yaw,430,-0.18248786198662895
a1_a2_d_03,A_minus_B,yaw,440,-0.18237229748070452
a1_a2_d_03,A_minus_B,yaw,450,-0.18221250009547946
a1_a2_d_03,A_minus_B,yaw,460,-0.18198415982282914
a1_a2_d_03,A_minus_B,yaw,470,-0.18165735133784483
a1_a2_d_03,A_minus_B,yaw,480,-0.18120379243591034
a1_a2_d_03,A_minus_B,yaw,490,-0.18060699883319922
a1_a2_d_03,A_minus_B,yaw,500,-0.179870524665299
a1_a2_d_03,A_plus_B,yaw,-500,-0.12151174011561838
a1_a2_d_03,A_plus_B,yaw,-490,-0.12404976960967469
a1_a2_d_03,A_plus_B,yaw,-480,-0.12668072625223795
a1_a2_d_03,A_plus_B,yaw,-470,-0.12939402953237722
a1_a2_d_03,A_plus_B,yaw,-460,-0.13218046570559974
a1_a2_d_03,A_plus_B,yaw,-450,-0.1350336831715066
a1_a2_d_03,A_plus_B,yaw,-440,-0.1379516202479998
a1_a2_d_03,A_plus_B,yaw,-430,-0.1409334653082218
a1_a2_d_03,A_plus_B,yaw,-420,-0.14398259517025475
a1_a2_d_03,A_plus_B,yaw,-410,-0.14710807443059395
a1_a2_d_03,A_plus_B,yaw,-400,-0.15032209479978922
a1_a2_d_03,A_plus_B,yaw,-390,-0.15363928340122215
a1_a2_d_03,A_plus_B,yaw,-380,-0.15707243948180694
a1_a2_d_03,A_plus_B,yaw,-370,-0.16063314825538094
a1_a2_d_03,A_plus_B,yaw,-360,-0.16432721569802192
a1_a2_d_03,A_plus_B,yaw,-350,-0.1681546094355157
a1_a2_d_03,A_plus_B,yaw,-340,-0.1721086075253676
a1_a2_d_03,A_plus_B,yaw,-330,-0.17617974855346918
a1_a2_d_03,A_plus_B,yaw,-320,-0.180357919861603
a1_a2_d_03,A_plus_B,yaw,-310,-0.18463475019315298
a1_a2_d_03,A_plus_B,yaw,-300,-0.18900152333017387
a1_a2_d_03,A_plus_B,yaw,-290,-0.1934478900535364
a1_a2_d_03,A_plus_B,yaw,-280,-0.1979627298490691
a1_a2_d_03,A_plus_B,yaw,-270,-0.20253299829861052
a1_a2_d_03,A_plus_B,yaw,-260,-0.20714898589241293
a1_a2_d_03,A_plus_B,yaw,-250,-0.2117986308430559
a1_a2_d_03,A_plus_B,yaw,-240,-0.21647371637934518
a1_a2_d_03,A_plus_B,yaw,-230,-0.2211664171067013
a1_a2_d_03,A_plus_B,yaw,-220,-0.22587121644659247
a1_a2_d_03,A_plus_B,yaw,-210,-0.23058546814255745
a1_a2_d_03,A_plus_B,yaw,-200,-0.23530796705878285
a1_a2_d_03,A_plus_B,yaw,-190,-0.2400400099303035
a1_a2_d_03,A_plus_B,yaw,-180,-0.244782392115795
a1_a2_d_03,A_plus_B,yaw,-170,-0.24953513607504724
a1_a2_d_03,A_plus_B,yaw,-160,-0.254294457567441
a1_a2_d_03,A_plus_B,yaw,-150,-0.2590499714120881
a1_a2_d_03,A_plus_B,yaw,-140,-0.26378442913536193
a1_a2_d_03,A_plus_B,yaw,-130,-0.26847316157694184
a1_a2_d_03,A_plus_B,yaw,-120,-0.2730886950142628
a1_a2_d_03,A_plus_B,yaw,-110,-0.2776032953743063
a1_a2_d_03,A_plus_B,yaw,-100,-0.281992409906309
a1_a2_d_03,A_plus_B,yaw,-90,-0.2862374556630118
a1_a2_d_03,A_plus_B,yaw,-80,-0.2903263094104949
a1_a2_d_03,A_plus_B,yaw,-70,-0.2942623434037764
a1_a2_d_03,A_plus_B,yaw,-60,-0.2980621470567728
a1_a2_d_03,A_plus_B,yaw,-50,-0.30175738385469514
a1_a2_d_03,A_plus_B,yaw,-40,-0.30539185779790196
a1_a2_d_03,A_plus_B,yaw,-30,-0.3090232784048648
a1_a2_d_03,A_plus_B,yaw,-20,-0.3127234615653321
a1_a2_d_03,A_plus_B,yaw,-10,-0.31658685055170693
a1_a2_d_03,A_plus_B,yaw,0,-0.3207346006794573
a1_a2_d_03,A_plus_B,yaw,10,-0.3253145291445194
a1_a2_d_03,A_plus_B,yaw,20,-0.3304733686654777
a1_a2_d_03,A_plus_B,yaw,30,-0.33635673541599564
a1_a2_d_03,A_plus_B,yaw,40,-0.34308250067224066
a1_a2_d_03,A_plus_B,yaw,50,-0.35071894379071133
a1_a2_d_03,A_plus_B,yaw,60,-0.3592660048623906
a1_a2_d_03,A_plus_B,yaw,70,-0.3686438090519785
a1_a2_d_03,A_plus_B,yaw,80,-0.3786921381549093
a1_a2_d_03,A_plus_B,yaw,90,-0.38918085514989104
a1_a2_d_03,A_plus_B,yaw,100,-0.39982856235073516
a1_a2_d_03,A_plus_B,yaw,110,-0.4103228823169447
a1_a2_d_03,A_plus_B,yaw,120,-0.42033954568025383
a1_a2_d_03,A_plus_B,yaw,130,-0.42956070484872655
a1_a2_d_03,A_plus_B,yaw,140,-0.4376957623264307
a1_a2_d_03,A_plus_B,yaw,150,-0.44450570406315515
a1_a2_d_03,A_plus_B,yaw,160,-0.44982544432260846
a1_a2_d_03,A_plus_B,yaw,170,-0.45357570857704615
a1_a2_d_03,A_plus_B,yaw,180,-0.4557587522118619
a1_a2_d_03,A_plus_B,yaw,190,-0.45644092706510975
a1_a2_d_03,A_plus_B,yaw,200,-0.45573143517589393
a1_a2_d_03,A_plus_B,yaw,210,-0.45376600590477706
a1_a2_d_03,A_plus_B,yaw,220,-0.4506978879317373
a1_a2_d_03,A_plus_B,yaw,230,-0.4466929656152148
a1_a2_d_03,A_plus_B,yaw,240,-0.4419236291804614
a1_a2_d_03,A_plus_B,yaw,250,-0.4365597405722609
a1_a2_d_03,A_plus_B,yaw,260,-0.43075898975647914
a1_a2_d_03,A_plus_B,yaw,270,-0.42466021495286976
a1_a2_d_03,A_plus_B,yaw,280,-0.4183812600542867
a1_a2_d_03,A_plus_B,yaw,290,-0.41202013388136693
a1_a2_d_03,A_plus_B,yaw,300,-0.40565593092736196
a1_a2_d_03,A_plus_B,yaw,310,-0.3993485376261407
a1_a2_d_03,A_plus_B,yaw,320,-0.39313833877633003
a1_a2_d_03,A_plus_B,yaw,330,-0.38704677789842307
a1_a2_d_03,A_plus_B,yaw,340,-0.3810818772577882
a1_a2_d_03,A_plus_B,yaw,350,-0.3752441413649198
a1_a2_d_03,A_plus_B,yaw,360,-0.3695315327575223
a1_a2_d_03,A_plus_B,yaw,370,-0.36394100526012557
a1_a2_d_03,A_plus_B,yaw,380,-0.35846644767294883
a1_a2_d_03,A_plus_B,yaw,390,-0.3530960747107303
a1_a2_d_03,A_plus_B,yaw,400,-0.34781310157870227
a1_a2_d_03,A_plus_B,yaw,410,-0.3425996898370669
a1_a2_d_03,A_plus_B,yaw,420,-0.3374403322794202
a1_a2_d_03,A_plus_B,yaw,430,-0.3323243090681156
a1_a2_d_03,A_plus_B,yaw,440,-0.3272445431768582
a1_a2_d_03,A_plus_B,yaw,450,-0.3221964978414343
a1_a2_d_03,A_plus_B,yaw,460,-0.31717802136032347
a1_a2_d_03,A_plus_B,yaw,470,-0.3121903882858953
a1_a2_d_03,A_plus_B,yaw,480,-0.3072395789585987
a1_a2_d_03,A_plus_B,yaw,490,-0.30233495401939814
a1_a2_d_03,A_plus_B,yaw,500,-0.29748531990833593
a2_d_14,a2_l_rate,yaw,-500,-0.12527438842797442
a2_d_14,a2_l_rate,yaw,-490,-0.12522655937441923
a2_d_14,a2_l_rate,yaw,-480,-0.12488376182296769
a2_d_14,a2_l_rate,yaw,-470,-0.12425087990739837
a2_d_14,a2_l_rate,yaw,-460,-0.1233722041030083
a2_d_14,a2_l_rate,yaw,-450,-0.12228022418691839
a2_d_14,a2_l_rate,yaw,-440,-0.12101462677095406
a2_d_14,a2_l_rate,yaw,-430,-0.11963185399201365
a2_d_14,a2_l_rate,yaw,-420,-0.11819627242292294
a2_d_14,a2_l_rate,yaw,-410,-0.11678250741177883
a2_d_14,a2_l_rate,yaw,-400,-0.11544216217009627
a2_d_14,a2_l_rate,yaw,-390,-0.11423225334775268
a2_d_14,a2_l_rate,yaw,-380,-0.11325047368692141
a2_d_14,a2_l_rate,yaw,-370,-0.11255656799424711
a2_d_14,a2_l_rate,yaw,-360,-0.11217799909041652
a2_d_14,a2_l_rate,yaw,-350,-0.11215498170087938
a2_d_14,a2_l_rate,yaw,-340,-0.1124615596641061
a2_d_14,a2_l_rate,yaw,-330,-0.11306232764679008
a2_d_14,a2_l_rate,yaw,-320,-0.11393038140167518
a2_d_14,a2_l_rate,yaw,-310,-0.11501340261614572
a2_d_14,a2_l_rate,yaw,-300,-0.11627501962840121
a2_d_14,a2_l_rate,yaw,-290,-0.11764997373042047
a2_d_14,a2_l_rate,yaw,-280,-0.11905695097294833
a2_d_14,a2_l_rate,yaw,-270,-0.12043933169018492
a2_d_14,a2_l_rate,yaw,-260,-0.121705922971429
a2_d_14,a2_l_rate,yaw,-250,-0.12278801391526441
a2_d_14,a2_l_rate,yaw,-240,-0.12369353796887449
a2_d_14,a2_l_rate,yaw,-230,-0.12437500440918212
a2_d_14,a2_l_rate,yaw,-220,-0.12479543695112624
a2_d_14,a2_l_rate,yaw,-210,-0.12491003576557992
a2_d_14,a2_l_rate,yaw,-200,-0.12468569271443333
a2_d_14,a2_l_rate,yaw,-190,-0.12410373697464228
a2_d_14,a2_l_rate,yaw,-180,-0.12310695787839875
a2_d_14,a2_l_rate,yaw,-170,-0.12169155650566822
a2_d_14,a2_l_rate,yaw,-160,-0.1198440991459082
a2_d_14,a2_l_rate,yaw,-150,-0.11753291408807941
a2_d_14,a2_l_rate,yaw,-140,-0.11474295664461079
a2_d_14,a2_l_rate,yaw,-130,-0.11149787677677747
a2_d_14,a2_l_rate,yaw,-120,-0.10784810156006101
a2_d_14,a2_l_rate,yaw,-110,-0.10392408912899574
a2_d_14,a2_l_rate,yaw,-100,-0.09987708785171892
a2_d_14,a2_l_rate,yaw,-90,-0.09585591769163851
a2_d_14,a2_l_rate,yaw,-80,-0.09207841814193055
a2_d_14,a2_l_rate,yaw,-70,-0.08877640601555165
a2_d_14,a2_l_rate,yaw,-60,-0.08616935672821827
a2_d_14,a2_l_rate,yaw,-50,-0.08453653654257248
a2_d_14,a2_l_rate,yaw,-40,-0.08412626078115286
a2_d_14,a2_l_rate,yaw,-30,-0.08519788224032418
a2_d_14,a2_l_rate,yaw,-20,-0.0879011315573125
a2_d_14,a2_l_rate,yaw,-10,-0.09232115447788163
a2_d_14,a2_l_rate,yaw,0,-0.09848365064783839
a2_d_14,a2_l_rate,yaw,10,-0.1061965260560183
a2_d_14,a2_l_rate,yaw,20,-0.11570030641759964
a2_d_14,a2_l_rate,yaw,30,-0.12681484624983733
a2_d_14,a2_l_rate,yaw,40,-0.13929590496027391
a2_d_14,a2_l_rate,yaw,50,-0.15281595687284052
a2_d_14,a2_l_rate,yaw,60,-0.16702037540778863
a2_d_14,a2_l_rate,yaw,70,-0.18147234563351097
a2_d_14,a2_l_rate,yaw,80,-0.19569588004226673
a2_d_14,a2_l_rate,yaw,90,-0.20924071405388625
a2_d_14,a2_l_rate,yaw,100,-0.22169971343020126
a2_d_14,a2_l_rate,yaw,110,-0.23269903352317542
a2_d_14,a2_l_rate,yaw,120,-0.2419218066286171
a2_d_14,a2_l_rate,yaw,130,-0.24912923092127026
a2_d_14,a2_l_rate,yaw,140,-0.2540968170377129
a2_d_14,a2_l_rate,yaw,150,-0.25663820979582047
a2_d_14,a2_l_rate,yaw,160,-0.25675042656668406
a2_d_14,a2_l_rate,yaw,170,-0.25448617722972977
a2_d_14,a2_l_rate,yaw,180,-0.2500038970377888
a2_d_14,a2_l_rate,yaw,190,-0.24354354627761585
a2_d_14,a2_l_rate,yaw,200,-0.2353950036454147
a2_d_14,a2_l_rate,yaw,210,-0.22590876216893227
a2_d_14,a2_l_rate,yaw,220,-0.2153770056845036
a2_d_14,a2_l_rate,yaw,230,-0.20416197727871793
a2_d_14,a2_l_rate,yaw,240,-0.1926807374814347
a2_d_14,a2_l_rate,yaw,250,-0.18131795731248276
a2_d_14,a2_l_rate,yaw,260,-0.17042932958551507
a2_d_14,a2_l_rate,yaw,270,-0.16030906329023092
a2_d_14,a2_l_rate,yaw,280,-0.15115757599136978
a2_d_14,a2_l_rate,yaw,290,-0.14312575734328814
a2_d_14,a2_l_rate,yaw,300,-0.13630984393161505
a2_d_14,a2_l_rate,yaw,310,-0.13078798490706348
a2_d_14,a2_l_rate,yaw,320,-0.12656081826481191
a2_d_14,a2_l_rate,yaw,330,-0.12356629173830323
a2_d_14,a2_l_rate,yaw,340,-0.1216689125225962
a2_d_14,a2_l_rate,yaw,350,-0.12072962703486032
a2_d_14,a2_l_rate,yaw,360,-0.12060198800389939
a2_d_14,a2_l_rate,yaw,370,-0.12110372840618007
a2_d_14,a2_l_rate,yaw,380,-0.12212372954840779
a2_d_14,a2_l_rate,yaw,390,-0.12355985829497179
a2_d_14,a2_l_rate,yaw,400,-0.12531750781724724
a2_d_14,a2_l_rate,yaw,410,-0.12730078706675824
a2_d_14,a2_l_rate,yaw,420,-0.129445089591906
a2_d_14,a2_l_rate,yaw,430,-0.13163513010120304
a2_d_14,a2_l_rate,yaw,440,-0.13377012505345842
a2_d_14,a2_l_rate,yaw,450,-0.13578827328335763
a2_d_14,a2_l_rate,yaw,460,-0.13760394399062387
a2_d_14,a2_l_rate,yaw,470,-0.13915826419292843
a2_d_14,a2_l_rate,yaw,480,-0.1403934658568863
a2_d_14,a2_l_rate,yaw,490,-0.14130416914258395
a2_d_14,a2_l_rate,yaw,500,-0.14187834090900867
a2_d_14,a2_r_rate,yaw,-500,0.22775450419577292
a2_d_14,a2_r_rate,yaw,-490,0.22796768797727587
a2_d_14,a2_r_rate,yaw,-480,0.22801173944514086
a2_d_14,a2_r_rate,yaw,-470,0.227881953756054
a2_d_14,a2_r_rate,yaw,-460,0.22759041019037593
a2_d_14,a2_r_rate,yaw,-450,0.22717444143370755
a2_d_14,a2_r_rate,yaw,-440,0.22667374442110955
a2_d_14,a2_r_rate,yaw,-430,0.2261165711010769
a2_d_14,a2_r_rate,yaw,-420,0.2255361694718406
a2_d_14,a2_r_rate,yaw,-410,0.22498508488290456
a2_d_14,a2_r_rate,yaw,-400,0.22449636421842484
a2_d_14,a2_r_rate,yaw,-390,0.2241110799605001
a2_d_14,a2_r_rate,yaw,-380,0.22387422122613712
a2_d_14,a2_r_rate,yaw,-370,0.22378691568425738
a2_d_14,a2_r_rate,yaw,-360,0.2238463771726825
a2_d_14,a2_r_rate,yaw,-350,0.22405202320402814
a2_d_14,a2_r_rate,yaw,-340,0.22440421606816405
a2_d_14,a2_r_rate,yaw,-330,0.22489696190139588
a2_d_14,a2_r_rate,yaw,-320,0.2255677371089337
a2_d_14,a2_r_rate,yaw,-310,0.2264289578214092
a2_d_14,a2_r_rate,yaw,-300,0.22748998121761066
a2_d_14,a2_r_rate,yaw,-290,0.22874980704220604
a2_d_14,a2_r_rate,yaw,-280,0.23020516832479312
a2_d_14,a2_r_rate,yaw,-270,0.23187853810188694
a2_d_14,a2_r_rate,yaw,-260,0.23377961970821381
a2_d_14,a2_r_rate,yaw,-250,0.2358722433269565
a2_d_14,a2_r_rate,yaw,-240,0.23810818948920118
a2_d_14,a2_r_rate,yaw,-230,0.24042532832354196
a2_d_14,a2_r_rate,yaw,-220,0.24277343647505845
a2_d_14,a2_r_rate,yaw,-210,0.24511253897670143
a2_d_14,a2_r_rate,yaw,-200,0.24736779939425418
a2_d_14,a2_r_rate,yaw,-190,0.2494599810044059
a2_d_14,a2_r_rate,yaw,-180,0.25130038473663424
a2_d_14,a2_r_rate,yaw,-170,0.2527609124544185
a2_d_14,a2_r_rate,yaw,-160,0.25374863976030476
a2_d_14,a2_r_rate,yaw,-150,0.2542177885750007
a2_d_14,a2_r_rate,yaw,-140,0.25413783321578054
a2_d_14,a2_r_rate,yaw,-130,0.25350672762596826
a2_d_14,a2_r_rate,yaw,-120,0.252324246073384
a2_d_14,a2_r_rate,yaw,-110,0.25056871970888983
a2_d_14,a2_r_rate,yaw,-100,0.24826045306206435
a2_d_14,a2_r_rate,yaw,-90,0.24544468920475296
a2_d_14,a2_r_rate,yaw,-80,0.2422005267357683
a2_d_14,a2_r_rate,yaw,-70,0.23866302481056148
a2_d_14,a2_r_rate,yaw,-60,0.23498583474012852
a2_d_14,a2_r_rate,yaw,-50,0.23135322172240277
a2_d_14,a2_r_rate,yaw,-40,0.22804075462441042
a2_d_14,a2_r_rate,yaw,-30,0.22523407488993777
a2_d_14,a2_r_rate,yaw,-20,0.2232261650469261
a2_d_14,a2_r_rate,yaw,-10,0.2222952990661078
a2_d_14,a2_r_rate,yaw,0,0.2226443403398093
a2_d_14,a2_r_rate,yaw,10,0.22447579275096338
a2_d_14,a2_r_rate,yaw,20,0.22795645242938367
a2_d_14,a2_r_rate,yaw,30,0.23315684510933274
a2_d_14,a2_r_rate,yaw,40,0.24007103101744814
a2_d_14,a2_r_rate,yaw,50,0.2485788566586597
a2_d_14,a2_r_rate,yaw,60,0.25842813051425306
a2_d_14,a2_r_rate,yaw,70,0.26929914663441623
a2_d_14,a2_r_rate,yaw,80,0.2808018812880339
a2_d_14,a2_r_rate,yaw,90,0.2925012002719582
a2_d_14,a2_r_rate,yaw,100,0.30395077601109205
a2_d_14,a2_r_rate,yaw,110,0.31476802007382826
a2_d_14,a2_r_rate,yaw,120,0.3246024189714394
a2_d_14,a2_r_rate,yaw,130,0.33314626596264907
a2_d_14,a2_r_rate,yaw,140,0.3401453073725467
a2_d_14,a2_r_rate,yaw,150,0.34544281383316044
a2_d_14,a2_r_rate,yaw,160,0.3489245968661522
a2_d_14,a2_r_rate,yaw,170,0.3505488441858889
a2_d_14,a2_r_rate,yaw,180,0.3503857549034919
a2_d_14,a2_r_rate,yaw,190,0.34855635381417976
a2_d_14,a2_r_rate,yaw,200,0.3451970867858321
a2_d_14,a2_r_rate,yaw,210,0.34050686375958195
a2_d_14,a2_r_rate,yaw,220,0.3347473805662327
a2_d_14,a2_r_rate,yaw,230,0.32815476983111064
a2_d_14,a2_r_rate,yaw,240,0.3209978978519893
a2_d_14,a2_r_rate,yaw,250,0.3135464024492601
a2_d_14,a2_r_rate,yaw,260,0.30604755801739475
a2_d_14,a2_r_rate,yaw,270,0.2987125359480801
a2_d_14,a2_r_rate,yaw,280,0.29172897167983897
a2_d_14,a2_r_rate,yaw,290,0.2852562897998955
a2_d_14,a2_r_rate,yaw,300,0.27937941932611265
a2_d_14,a2_r_rate,yaw,310,0.27415355173827355
a2_d_14,a2_r_rate,yaw,320,0.2695986465528763
a2_d_14,a2_r_rate,yaw,330,0.2656718220981675
a2_d_14,a2_r_rate,yaw,340,0.26233563785291847
a2_d_14,a2_r_rate,yaw,350,0.2595462286173605
a2_d_14,a2_r_rate,yaw,360,0.25722086958703066
a2_d_14,a2_r_rate,yaw,370,0.25530755278939876
a2_d_14,a2_r_rate,yaw,380,0.25373819019832833
a2_d_14,a2_r_rate,yaw,390,0.25242975066457024
a2_d_14,a2_r_rate,yaw,400,0.2513362163891099
a2_d_14,a2_r_rate,yaw,410,0.25042319410544606
a2_d_14,a2_r_rate,yaw,420,0.2496767004056981
a2_d_14,a2_r_rate,yaw,430,0.24908457527900763
a2_d_14,a2_r_rate,yaw,440,0.2486301604336129
a2_d_14,a2_r_rate,yaw,450,0.24830088607144565
a2_d_14,a2_r_rate,yaw,460,0.24806359927476518
a2_d_14,a2_r_rate,yaw,470,0.2479053964758893
a2_d_14,a2_r_rate,yaw,480,0.24776953706468874
a2_d_14,a2_r_rate,yaw,490,0.2475500701932168
a2_d_14,a2_r_rate,yaw,500,0.2471936886860348
a2_d_14,a2_l_rate,a2_r_rate,-500,0.131507723891485
a2_d_14,a2_l_rate,a2_r_rate,-490,0.13298090161952383
a2_d_14,a2_l_rate,a2_r_rate,-480,0.1345374027537054
a2_d_14,a2_l_rate,a2_r_rate,-470,0.13622386042803505
a2_d_14,a2_l_rate,a2_r_rate,-460,0.13807878479445598
a2_d_14,a2_l_rate,a2_r_rate,-450,0.14012314923528343
a2_d_14,a2_l_rate,a2_r_rate,-440,0.14235785173965756
a2_d_14,a2_l_rate,a2_r_rate,-430,0.144766990374544
a2_d_14,a2_l_rate,a2_r_rate,-420,0.14732337227966785
a2_d_14,a2_l_rate,a2_r_rate,-410,0.149994493326098
a2_d_14,a2_l_rate,a2_r_rate,-400,0.15274889791381135
a2_d_14,a2_l_rate,a2_r_rate,-390,0.15556175984429413
a2_d_14,a2_l_rate,a2_r_rate,-380,0.15841830983954514
a2_d_14,a2_l_rate,a2_r_rate,-370,0.16131488272322778
a2_d_14,a2_l_rate,a2_r_rate,-360,0.16425696797333791
a2_d_14,a2_l_rate,a2_r_rate,-350,0.16725355693741706
a2_d_14,a2_l_rate,a2_r_rate,-340,0.17030960202042547
a2_d_14,a2_l_rate,a2_r_rate,-330,0.173420571608098
a2_d_14,a2_l_rate,a2_r_rate,-320,0.1765712947717652
a2_d_14,a2_l_rate,a2_r_rate,-310,0.1797381169428705
a2_d_14,a2_l_rate,a2_r_rate,-300,0.182892513224488
a2_d_14,a2_l_rate,a2_r_rate,-290,0.18600568639432136
a2_d_14,a2_l_rate,a2_r_rate,-280,0.18905452386763064
a2_d_14,a2_l_rate,a2_r_rate,-270,0.19202801595615884
a2_d_14,a2_l_rate,a2_r_rate,-260,0.19493034647601792
a2_d_14,a2_l_rate,a2_r_rate,-250,0.19777662019309233
a2_d_14,a2_l_rate,a2_r_rate,-240,0.20058134528511018
a2_d_14,a2_l_rate,a2_r_rate,-230,0.20334542140734616
a2_d_14,a2_l_rate,a2_r_rate,-220,0.20604928772831785
a2_d_14,a2_l_rate,a2_r_rate,-210,0.20865556269817703
a2_d_14,a2_l_rate,a2_r_rate,-200,0.21111749653043219
a2_d_14,a2_l_rate,a2_r_rate,-190,0.21338793299079103
a2_d_14,a2_l_rate,a2_r_rate,-180,0.2154281554971142
a2_d_14,a2_l_rate,a2_r_rate,-170,0.21721779438674071
a2_d_14,a2_l_rate,a2_r_rate,-160,0.218762565832204
a2_d_14,a2_l_rate,a2_r_rate,-150,0.22009410451456662
a2_d_14,a2_l_rate,a2_r_rate,-140,0.22126084878353172
a2_d_14,a2_l_rate,a2_r_rate,-130,0.22231644685515484
a2_d_14,a2_l_rate,a2_r_rate,-120,0.22331386490130337
a2_d_14,a2_l_rate,a2_r_rate,-110,0.22430767225470108
a2_d_14,a2_l_rate,a2_r_rate,-100,0.22535913750446054
a2_d_14,a2_l_rate,a2_r_rate,-90,0.2265357776491806
a2_d_14,a2_l_rate,a2_r_rate,-80,0.22789998769302622
a2_d_14,a2_l_rate,a2_r_rate,-70,0.22948778569439676
a2_d_14,a2_l_rate,a2_r_rate,-60,0.2312846125812992
a2_d_14,a2_l_rate,a2_r_rate,-50,0.23320784307638984
a2_d_14,a2_l_rate,a2_r_rate,-40,0.23510447463982598
a2_d_14,a2_l_rate,a2_r_rate,-30,0.23676681171068178
a2_d_14,a2_l_rate,a2_r_rate,-20,0.23796194016675268
a2_d_14,a2_l_rate,a2_r_rate,-10,0.2384675202632879
a2_d_14,a2_l_rate,a2_r_rate,0,0.2381074584482423
a2_d_14,a2_l_rate,a2_r_rate,10,0.23685809171769978
a2_d_14,a2_l_rate,a2_r_rate,20,0.23466290104594079
a2_d_14,a2_l_rate,a2_r_rate,30,0.23157693250035138
a2_d_14,a2_l_rate,a2_r_rate,40,0.22772253899365966
a2_d_14,a2_l_rate,a2_r_rate,50,0.22326333056855316
a2_d_14,a2_l_rate,a2_r_rate,60,0.21837575539478823
a2_d_14,a2_l_rate,a2_r_rate,70,0.2132223402543393
a2_d_14,a2_l_rate,a2_r_rate,80,0.20792877501978246
a2_d_14,a2_l_rate,a2_r_rate,90,0.2025688486258712
a2_d_14,a2_l_rate,a2_r_rate,100,0.19716130173476543
a2_d_14,a2_l_rate,a2_r_rate,110,0.1916798470362175
a2_d_14,a2_l_rate,a2_r_rate,120,0.18607234184699603
a2_d_14,a2_l_rate,a2_r_rate,130,0.1802826194880568
a2_d_14,a2_l_rate,a2_r_rate,140,0.17426896390491534
a2_d_14,a2_l_rate,a2_r_rate,150,0.16801551563852488
a2_d_14,a2_l_rate,a2_r_rate,160,0.16153407261695896
a2_d_14,a2_l_rate,a2_r_rate,170,0.15485622281676975
a2_d_14,a2_l_rate,a2_r_rate,180,0.14802098390767787
a2_d_14,a2_l_rate,a2_r_rate,190,0.1410653029134828
a2_d_14,a2_l_rate,a2_r_rate,200,0.1340217153727795
a2_d_14,a2_l_rate,a2_r_rate,210,0.12692152612206692
a2_d_14,a2_l_rate,a2_r_rate,220,0.11979924614384399
a2_d_14,a2_l_rate,a2_r_rate,230,0.11269512867026879
a2_d_14,a2_l_rate,a2_r_rate,240,0.10565469933858257
a2_d_14,a2_l_rate,a2_r_rate,250,0.0987255987433513
a2_d_14,a2_l_rate,a2_r_rate,260,0.09195269924895422
a2_d_14,a2_l_rate,a2_r_rate,270,0.08537252296264389
a2_d_14,a2_l_rate,a2_r_rate,280,0.07900801448480903
a2_d_14,a2_l_rate,a2_r_rate,290,0.07286565483322277
a2_d_14,a2_l_rate,a2_r_rate,300,0.06693791319992574
a2_d_14,a2_l_rate,a2_r_rate,310,0.061212681542341
a2_d_14,a2_l_rate,a2_r_rate,320,0.05568689199050259
a2_d_14,a2_l_rate,a2_r_rate,330,0.05037664037686078
a2_d_14,a2_l_rate,a2_r_rate,340,0.045315592296295885
a2_d_14,a2_l_rate,a2_r_rate,350,0.0405403559266117
a2_d_14,a2_l_rate,a2_r_rate,360,0.036070980156005315
a2_d_14,a2_l_rate,a2_r_rate,370,0.03189903253418855
a2_d_14,a2_l_rate,a2_r_rate,380,0.027990610932650883
a2_d_14,a2_l_rate,a2_r_rate,390,0.024301195026178342
a2_d_14,a2_l_rate,a2_r_rate,400,0.020791926122026103
a2_d_14,a2_l_rate,a2_r_rate,410,0.01743781244395208
a2_d_14,a2_l_rate,a2_r_rate,420,0.01422496651072928
a2_d_14,a2_l_rate,a2_r_rate,430,0.01114094634037148
a2_d_14,a2_l_rate,a2_r_rate,440,0.008165390477483693
a2_d_14,a2_l_rate,a2_r_rate,450,0.00526695737792793
a2_d_14,a2_l_rate,a2_r_rate,460,0.002408654772676597
a2_d_14,a2_l_rate,a2_r_rate,470,-0.0004407452767785771
a2_d_14,a2_l_rate,a2_r_rate,480,-0.003295336934622906
a2_d_14,a2_l_rate,a2_r_rate,490,-0.006147366326130866
a2_d_14,a2_l_rate,a2_r_rate,500,-0.008972074959589424
a2_d_14,A_minus_B,yaw,-500,-0.2933563797884388
a2_d_14,A_minus_B,yaw,-490,-0.2935140731378578
a2_d_14,A_minus_B,yaw,-480,-0.29331238350690375
a2_d_14,A_minus_B,yaw,-470,-0.2927488019333972
a2_d_14,A_minus_B,yaw,-460,-0.29186429782978845
a2_d_14,A_minus_B,yaw,-450,-0.2907150748428555
a2_d_14,A_minus_B,yaw,-440,-0.28936539306119247
a2_d_14,A_minus_B,yaw,-430,-0.2878820276336061
a2_d_14,A_minus_B,yaw,-420,-0.2863422895910672
a2_d_14,A_minus_B,yaw,-410,-0.28484684339133975
a2_d_14,A_minus_B,yaw,-400,-0.28346008633211117
a2_d_14,A_minus_B,yaw,-390,-0.282256264171889
a2_d_14,A_minus_B,yaw,-380,-0.28134323042127224
a2_d_14,A_minus_B,yaw,-370,-0.2807647331804759
a2_d_14,A_minus_B,yaw,-360,-0.28053923333531444
a2_d_14,A_minus_B,yaw,-350,-0.28069607009002256
a2_d_14,A_minus_B,yaw,-340,-0.2812179508195661
a2_d_14,A_minus_B,yaw,-330,-0.28207442193054433
a2_d_14,A_minus_B,yaw,-320,-0.28327969545690507
a2_d_14,A_minus_B,yaw,-310,-0.2848076992259706
a2_d_14,A_minus_B,yaw,-300,-0.28664132252938335
a2_d_14,A_minus_B,yaw,-290,-0.2887337253706358
a2_d_14,A_minus_B,yaw,-280,-0.29102428447217427
a2_d_14,A_minus_B,yaw,-270,-0.29349260094946417
a2_d_14,A_minus_B,yaw,-260,-0.2960821375940497
a2_d_14,A_minus_B,yaw,-250,-0.29871102591408816
a2_d_14,A_minus_B,yaw,-240,-0.3013408026412765
a2_d_14,A_minus_B,yaw,-230,-0.3038812311693311
a2_d_14,A_minus_B,yaw,-220,-0.306260744803123
a2_d_14,A_minus_B,yaw,-210,-0.30841264167103233
a2_d_14,A_minus_B,yaw,-200,-0.310247721264441
a2_d_14,A_minus_B,yaw,-190,-0.3116817186403213
a2_d_14,A_minus_B,yaw,-180,-0.31259265681540743
a2_d_14,A_minus_B,yaw,-170,-0.3128607247451939
a2_d_14,A_minus_B,yaw,-160,-0.3123923278802414
a2_d_14,A_minus_B,yaw,-150,-0.3111249343520048
a2_d_14,A_minus_B,yaw,-140,-0.3090222259016508
a2_d_14,A_minus_B,yaw,-130,-0.30610101464070566
a2_d_14,A_minus_B,yaw,-120,-0.3023991639992782
a2_d_14,A_minus_B,yaw,-110,-0.29799273188517356
a2_d_14,A_minus_B,yaw,-100,-0.2930102629443619
a2_d_14,A_minus_B,yaw,-90,-0.2876000810278182
a2_d_14,A_minus_B,yaw,-80,-0.2819879293863087
a2_d_14,A_minus_B,yaw,-70,-0.2764571606345391
a2_d_14,A_minus_B,yaw,-60,-0.2712969444228699
a2_d_14,A_minus_B,yaw,-50,-0.26686556247774335
a2_d_14,A_minus_B,yaw,-40,-0.26358247015011105
a2_d_14,A_minus_B,yaw,-30,-0.26179782742459445
a2_d_14,A_minus_B,yaw,-20,-0.2618832019114645
a2_d_14,A_minus_B,yaw,-10,-0.2641524027559188
a2_d_14,A_minus_B,yaw,0,-0.26880861963102676
a2_d_14,A_minus_B,yaw,10,-0.2759102602397285
a2_d_14,A_minus_B,yaw,20,-0.28576064009530194
a2_d_14,A_minus_B,yaw,30,-0.2982919429169113
a2_d_14,A_minus_B,yaw,40,-0.3133234663913643
a2_d_14,A_minus_B,yaw,50,-0.33051496534739677
a2_d_14,A_minus_B,yaw,60,-0.34939030102521446
a2_d_14,A_minus_B,yaw,70,-0.36935492446736734
a2_d_14,A_minus_B,yaw,80,-0.389723108746359
a2_d_14,A_minus_B,yaw,90,-0.40978687334058017
a2_d_14,A_minus_B,yaw,100,-0.4288596683862708
a2_d_14,A_minus_B,yaw,110,-0.4463365688305105
a2_d_14,A_minus_B,yaw,120,-0.4616816931040676
a2_d_14,A_minus_B,yaw,130,-0.4744512965644477
a2_d_14,A_minus_B,yaw,140,-0.484257743067821
a2_d_14,A_minus_B,yaw,150,-0.49082686701715456
a2_d_14,A_minus_B,yaw,160,-0.49405292170619625
a2_d_14,A_minus_B,yaw,170,-0.4939342106807804
a2_d_14,A_minus_B,yaw,180,-0.49064374937882677
a2_d_14,A_minus_B,yaw,190,-0.48445832059630717
a2_d_14,A_minus_B,yaw,200,-0.4757055557609699
a2_d_14,A_minus_B,yaw,210,-0.4648134260721089
a2_d_14,A_minus_B,yaw,220,-0.45222471693054994
a2_d_14,A_minus_B,yaw,230,-0.43840796801290477
a2_d_14,A_minus_B,yaw,240,-0.42389826218380783
a2_d_14,A_minus_B,yaw,250,-0.40920709523988363
a2_d_14,A_minus_B,yaw,260,-0.39480517056579584
a2_d_14,A_minus_B,yaw,270,-0.38108814341765324
a2_d_14,A_minus_B,yaw,280,-0.3683654756053026
a2_d_14,A_minus_B,yaw,290,-0.35688766648910747
a2_d_14,A_minus_B,yaw,300,-0.3468007201207169
a2_d_14,A_minus_B,yaw,310,-0.33821132226377343
a2_d_14,A_minus_B,yaw,320,-0.3311391153573712
a2_d_14,A_minus_B,yaw,330,-0.32550285789249067
a2_d_14,A_minus_B,yaw,340,-0.3211746128673523
a2_d_14,A_minus_B,yaw,350,-0.3180185561527163
a2_d_14,A_minus_B,yaw,360,-0.31585774857289983
a2_d_14,A_minus_B,yaw,370,-0.3145151311895131
a2_d_14,A_minus_B,yaw,380,-0.3138484656799063
a2_d_14,A_minus_B,yaw,390,-0.3137088940560629
a2_d_14,A_minus_B,yaw,400,-0.3139874878836892
a2_d_14,A_minus_B,yaw,410,-0.3145862849823574
a2_d_14,A_minus_B,yaw,420,-0.31544845667179156
a2_d_14,A_minus_B,yaw,430,-0.3164824022725456
a2_d_14,A_minus_B,yaw,440,-0.317601936014859
a2_d_14,A_minus_B,yaw,450,-0.3187511838699238
a2_d_14,A_minus_B,yaw,460,-0.3198379468751945
a2_d_14,A_minus_B,yaw,470,-0.32080712129015665
a2_d_14,A_minus_B,yaw,480,-0.321566220781409
a2_d_14,A_minus_B,yaw,490,-0.3220172638796251
a2_d_14,A_minus_B,yaw,500,-0.32210535186120337
a2_d_14,A_plus_B,yaw,-500,0.09128382186132673
a2_d_14,A_plus_B,yaw,-490,0.09145612330148051
a2_d_14,A_plus_B,yaw,-480,0.09167167882266569
a2_d_14,A_plus_B,yaw,-470,0.09192706661548428
a2_d_14,A_plus_B,yaw,-460,0.09220835288528938
a2_d_14,A_plus_B,yaw,-450,0.09252456424730009
a2_d_14,A_plus_B,yaw,-440,0.09288078047366849
a2_d_14,A_plus_B,yaw,-430,0.09326342150749223
a2_d_14,A_plus_B,yaw,-420,0.0936574191719239
a2_d_14,A_plus_B,yaw,-410,0.09405615189405857
a2_d_14,A_plus_B,yaw,-400,0.09445386097880806
a2_d_14,A_plus_B,yaw,-390,0.09484946237668629
a2_d_14,A_plus_B,yaw,-380,0.09522246654030216
a2_d_14,A_plus_B,yaw,-370,0.09554108550629631
a2_d_14,A_plus_B,yaw,-360,0.09578696951247866
a2_d_14,A_plus_B,yaw,-350,0.09593564754139905
a2_d_14,A_plus_B,yaw,-340,0.096000904606687
a2_d_14,A_plus_B,yaw,-330,0.09599861403463224
a2_d_14,A_plus_B,yaw,-320,0.09597164538405735
a2_d_14,A_plus_B,yaw,-310,0.0959592530050509
a2_d_14,A_plus_B,yaw,-300,0.09598843647053336
a2_d_14,A_plus_B,yaw,-290,0.09609376184811198
a2_d_14,A_plus_B,yaw,-280,0.09631735549577128
a2_d_14,A_plus_B,yaw,-270,0.09670717641228099
a2_d_14,A_plus_B,yaw,-260,0.09732246507802055
a2_d_14,A_plus_B,yaw,-250,0.09817738073949747
a2_d_14,A_plus_B,yaw,-240,0.09923404470953368
a2_d_14,A_plus_B,yaw,-230,0.1004748507237838
a2_d_14,A_plus_B,yaw,-220,0.1018841067287725
a2_d_14,A_plus_B,yaw,-210,0.10345731501391113
a2_d_14,A_plus_B,yaw,-200,0.10515876449879023
a2_d_14,A_plus_B,yaw,-190,0.106941461168286
a2_d_14,A_plus_B,yaw,-180,0.10877310677222346
a2_d_14,A_plus_B,yaw,-170,0.11056453812696347
a2_d_14,A_plus_B,yaw,-160,0.11225861139840711
a2_d_14,A_plus_B,yaw,-150,0.11384324035749614
a2_d_14,A_plus_B,yaw,-140,0.11530798187491752
a2_d_14,A_plus_B,yaw,-130,0.11663979549972635
a2_d_14,A_plus_B,yaw,-120,0.11781095487568892
a2_d_14,A_plus_B,yaw,-110,0.1187339178913277
a2_d_14,A_plus_B,yaw,-100,0.11933985895506764
a2_d_14,A_plus_B,yaw,-90,0.11957894926967345
a2_d_14,A_plus_B,yaw,-80,0.11938524990928669
a2_d_14,A_plus_B,yaw,-70,0.1187225366628096
a2_d_14,A_plus_B,yaw,-60,0.11757371900762947
a2_d_14,A_plus_B,yaw,-50,0.11591038739647001
a2_d_14,A_plus_B,yaw,-40,0.11378669833110006
a2_d_14,A_plus_B,yaw,-30,0.1111873744032489
a2_d_14,A_plus_B,yaw,-20,0.10823419038377297
a2_d_14,A_plus_B,yaw,-10,0.10507500183665285
a2_d_14,A_plus_B,yaw,0,0.10183858092412454
a2_d_14,A_plus_B,yaw,10,0.09879009814552348
a2_d_14,A_plus_B,yaw,20,0.09589976258144524
a2_d_14,A_plus_B,yaw,30,0.0933198359304816
a2_d_14,A_plus_B,yaw,40,0.09118393508074536
a2_d_14,A_plus_B,yaw,50,0.08959070654756973
a2_d_14,A_plus_B,yaw,60,0.08855993663144286
a2_d_14,A_plus_B,yaw,70,0.08810989971001061
a2_d_14,A_plus_B,yaw,80,0.08823243151981545
a2_d_14,A_plus_B,yaw,90,0.088874504781721
a2_d_14,A_plus_B,yaw,100,0.08995123810437772
a2_d_14,A_plus_B,yaw,110,0.0914031729959029
a2_d_14,A_plus_B,yaw,120,0.09316092409298173
a2_d_14,A_plus_B,yaw,130,0.09514160097600717
a2_d_14,A_plus_B,yaw,140,0.09729205056124604
a2_d_14,A_plus_B,yaw,150,0.09960633954024901
a2_d_14,A_plus_B,yaw,160,0.10200583631878281
a2_d_14,A_plus_B,yaw,170,0.10443196471215374
a2_d_14,A_plus_B,yaw,180,0.10684550716090792
a2_d_14,A_plus_B,yaw,190,0.10919643012166892
a2_d_14,A_plus_B,yaw,200,0.11141667938945807
a2_d_14,A_plus_B,yaw,210,0.11344796729962443
a2_d_14,A_plus_B,yaw,220,0.11530943896576311
a2_d_14,A_plus_B,yaw,230,0.11696378074794617
a2_d_14,A_plus_B,yaw,240,0.11836630338954898
a2_d_14,A_plus_B,yaw,250,0.11949048038457448
a2_d_14,A_plus_B,yaw,260,0.12031009136765983
a2_d_14,A_plus_B,yaw,270,0.1208091942055011
a2_d_14,A_plus_B,yaw,280,0.12100984631277341
a2_d_14,A_plus_B,yaw,290,0.12094304181356466
a2_d_14,A_plus_B,yaw,300,0.12061714494221155
a2_d_14,A_plus_B,yaw,310,0.12002782729388452
a2_d_14,A_plus_B,yaw,320,0.11918737283761428
a2_d_14,A_plus_B,yaw,330,0.11809769277005103
a2_d_14,A_plus_B,yaw,340,0.11680603695394585
a2_d_14,A_plus_B,yaw,350,0.11535896605325818
a2_d_14,A_plus_B,yaw,360,0.11378190806857941
a2_d_14,A_plus_B,yaw,370,0.1121428422892767
a2_d_14,A_plus_B,yaw,380,0.11045726512605764
a2_d_14,A_plus_B,yaw,390,0.10872257532785908
a2_d_14,A_plus_B,yaw,400,0.10695673962234652
a2_d_14,A_plus_B,yaw,410,0.10518775967075698
a2_d_14,A_plus_B,yaw,420,0.10344277253585135
a2_d_14,A_plus_B,yaw,430,0.10178030441892212
a2_d_14,A_plus_B,yaw,440,0.10024834668172938
a2_d_14,A_plus_B,yaw,450,0.09887564027598832
a2_d_14,A_plus_B,yaw,460,0.09768817295451618
a2_d_14,A_plus_B,yaw,470,0.09670894832661014
a2_d_14,A_plus_B,yaw,480,0.09592807390145598
a2_d_14,A_plus_B,yaw,490,0.09527182970254107
a2_d_14,A_plus_B,yaw,500,0.0947083594804315
a1_d_07,a1_l_rate,yaw,-500,-0.11111542236182895
a1_d_07,a1_l_rate,yaw,-490,-0.11177943028457996
a1_d_07,a1_l_rate,yaw,-480,-0.11254738575344414
a1_d_07,a1_l_rate,yaw,-470,-0.11349002924609629
a1_d_07,a1_l_rate,yaw,-460,-0.11464378683919905
a1_d_07,a1_l_rate,yaw,-450,-0.11602646897436254
a1_d_07,a1_l_rate,yaw,-440,-0.1176447444534598
a1_d_07,a1_l_rate,yaw,-430,-0.11946787011665465
a1_d_07,a1_l_rate,yaw,-420,-0.12147467958456369
a1_d_07,a1_l_rate,yaw,-410,-0.12363418335336397
a1_d_07,a1_l_rate,yaw,-400,-0.12590915609412942
a1_d_07,a1_l_rate,yaw,-390,-0.12826982626253486
a1_d_07,a1_l_rate,yaw,-380,-0.1306665486904352
a1_d_07,a1_l_rate,yaw,-370,-0.1330568752424653
a1_d_07,a1_l_rate,yaw,-360,-0.13542759127658072
a1_d_07,a1_l_rate,yaw,-350,-0.13776858658286517
a1_d_07,a1_l_rate,yaw,-340,-0.14009552591001803
a1_d_07,a1_l_rate,yaw,-330,-0.14242700125352184
a1_d_07,a1_l_rate,yaw,-320,-0.14480508868881758
a1_d_07,a1_l_rate,yaw,-310,-0.14725886476361455
a1_d_07,a1_l_rate,yaw,-300,-0.1497874197789323
a1_d_07,a1_l_rate,yaw,-290,-0.15236848005228223
a1_d_07,a1_l_rate,yaw,-280,-0.15500560018892395
a1_d_07,a1_l_rate,yaw,-270,-0.15765832954445416
a1_d_07,a1_l_rate,yaw,-260,-0.16029295172510538
a1_d_07,a1_l_rate,yaw,-250,-0.1628701786014512
a1_d_07,a1_l_rate,yaw,-240,-0.16532730749438945
a1_d_07,a1_l_rate,yaw,-230,-0.16760365134943594
a1_d_07,a1_l_rate,yaw,-220,-0.16966837790520858
a1_d_07,a1_l_rate,yaw,-210,-0.17150003127264082
a1_d_07,a1_l_rate,yaw,-200,-0.1730875503734582
a1_d_07,a1_l_rate,yaw,-190,-0.1744288974496383
a1_d_07,a1_l_rate,yaw,-180,-0.175537763961676
a1_d_07,a1_l_rate,yaw,-170,-0.1763810236539586
a1_d_07,a1_l_rate,yaw,-160,-0.17692586194531637
a1_d_07,a1_l_rate,yaw,-150,-0.17713433650990604
a1_d_07,a1_l_rate,yaw,-140,-0.17701225669843432
a1_d_07,a1_l_rate,yaw,-130,-0.17656416577249429
a1_d_07,a1_l_rate,yaw,-120,-0.1758210291620816
a1_d_07,a1_l_rate,yaw,-110,-0.17483987529583975
a1_d_07,a1_l_rate,yaw,-100,-0.17367334795894004
a1_d_07,a1_l_rate,yaw,-90,-0.17241541177061376
a1_d_07,a1_l_rate,yaw,-80,-0.17116387375056352
a1_d_07,a1_l_rate,yaw,-70,-0.17000157202339708
a1_d_07,a1_l_rate,yaw,-60,-0.16901162243553863
a1_d_07,a1_l_rate,yaw,-50,-0.16827194141409046
a1_d_07,a1_l_rate,yaw,-40,-0.1678683784861729
a1_d_07,a1_l_rate,yaw,-30,-0.1678788722202283
a1_d_07,a1_l_rate,yaw,-20,-0.1683806863761781
a1_d_07,a1_l_rate,yaw,-10,-0.16944328984091994
a1_d_07,a1_l_rate,yaw,0,-0.17112176205555382
a1_d_07,a1_l_rate,yaw,10,-0.17328299762765031
a1_d_07,a1_l_rate,yaw,20,-0.17618356959492767
a1_d_07,a1_l_rate,yaw,30,-0.1798562624753423
a1_d_07,a1_l_rate,yaw,40,-0.18435196303199977
a1_d_07,a1_l_rate,yaw,50,-0.18966377402586265
a1_d_07,a1_l_rate,yaw,60,-0.19577659456149915
a1_d_07,a1_l_rate,yaw,70,-0.20257829503296101
a1_d_07,a1_l_rate,yaw,80,-0.20986549740762667
a1_d_07,a1_l_rate,yaw,90,-0.21740361352800483
a1_d_07,a1_l_rate,yaw,100,-0.22489908236459685
a1_d_07,a1_l_rate,yaw,110,-0.23205711514085894
a1_d_07,a1_l_rate,yaw,120,-0.23857291029779912
a1_d_07,a1_l_rate,yaw,130,-0.24419656773187626
a1_d_07,a1_l_rate,yaw,140,-0.24867022823453044
a1_d_07,a1_l_rate,yaw,150,-0.25174939016598086
a1_d_07,a1_l_rate,yaw,160,-0.25331201210962434
a1_d_07,a1_l_rate,yaw,170,-0.2533578986458799
a1_d_07,a1_l_rate,yaw,180,-0.25190390611534247
a1_d_07,a1_l_rate,yaw,190,-0.24905264674772196
a1_d_07,a1_l_rate,yaw,200,-0.2449682594981372
a1_d_07,a1_l_rate,yaw,210,-0.239786502237471
a1_d_07,a1_l_rate,yaw,220,-0.23367764586155035
a1_d_07,a1_l_rate,yaw,230,-0.22685385700458352
a1_d_07,a1_l_rate,yaw,240,-0.21954797126370137
a1_d_07,a1_l_rate,yaw,250,-0.21201658024267325
a1_d_07,a1_l_rate,yaw,260,-0.20448503246822974
a1_d_07,a1_l_rate,yaw,270,-0.19714596603141266
a1_d_07,a1_l_rate,yaw,280,-0.190121344994906
a1_d_07,a1_l_rate,yaw,290,-0.18352799173432457
a1_d_07,a1_l_rate,yaw,300,-0.17746734567733932
a1_d_07,a1_l_rate,yaw,310,-0.17199872110108078
a1_d_07,a1_l_rate,yaw,320,-0.16718644699942126
a1_d_07,a1_l_rate,yaw,330,-0.1630010651299842
a1_d_07,a1_l_rate,yaw,340,-0.15941333951051848
a1_d_07,a1_l_rate,yaw,350,-0.1564206695568813
a1_d_07,a1_l_rate,yaw,360,-0.15400271490587314
a1_d_07,a1_l_rate,yaw,370,-0.15210223915638146
a1_d_07,a1_l_rate,yaw,380,-0.150684278992024
a1_d_07,a1_l_rate,yaw,390,-0.1496967240981037
a1_d_07,a1_l_rate,yaw,400,-0.14910233240407827
a1_d_07,a1_l_rate,yaw,410,-0.14886244412172928
a1_d_07,a1_l_rate,yaw,420,-0.14891751374434695
a1_d_07,a1_l_rate,yaw,430,-0.1492028584358751
a1_d_07,a1_l_rate,yaw,440,-0.14964427463182975
a1_d_07,a1_l_rate,yaw,450,-0.15016421932390966
a1_d_07,a1_l_rate,yaw,460,-0.150700356002221
a1_d_07,a1_l_rate,yaw,470,-0.15119579905720937
a1_d_07,a1_l_rate,yaw,480,-0.1516127754535628
a1_d_07,a1_l_rate,yaw,490,-0.15188888882963006
a1_d_07,a1_l_rate,yaw,500,-0.15199948005926986
a1_d_07,a1_r_rate,yaw,-500,0.07661337516095264
a1_d_07,a1_r_rate,yaw,-490,0.07783948844952268
a1_d_07,a1_r_rate,yaw,-480,0.07907305593539087
a1_d_07,a1_r_rate,yaw,-470,0.08025882209795858
a1_d_07,a1_r_rate,yaw,-460,0.08135380645513013
a1_d_07,a1_r_rate,yaw,-450,0.08232890366027167
a1_d_07,a1_r_rate,yaw,-440,0.08316934724853742
a1_d_07,a1_r_rate,yaw,-430,0.08389270083942162
a1_d_07,a1_r_rate,yaw,-420,0.08450027178429691
a1_d_07,a1_r_rate,yaw,-410,0.08499220602561758
a1_d_07,a1_r_rate,yaw,-400,0.08536717632545258
a1_d_07,a1_r_rate,yaw,-390,0.08564694524142705
a1_d_07,a1_r_rate,yaw,-380,0.08588593253089813
a1_d_07,a1_r_rate,yaw,-370,0.08614711270580187
a1_d_07,a1_r_rate,yaw,-360,0.08648178494219676
a1_d_07,a1_r_rate,yaw,-350,0.08692799845365443
a1_d_07,a1_r_rate,yaw,-340,0.08753411972639961
a1_d_07,a1_r_rate,yaw,-330,0.08836620654204723
a1_d_07,a1_r_rate,yaw,-320,0.08945484622036809
a1_d_07,a1_r_rate,yaw,-310,0.09085501014809408
a1_d_07,a1_r_rate,yaw,-300,0.09259107229567211
a1_d_07,a1_r_rate,yaw,-290,0.09462953607121728
a1_d_07,a1_r_rate,yaw,-280,0.09690224704619761
a1_d_07,a1_r_rate,yaw,-270,0.09935383887777749
a1_d_07,a1_r_rate,yaw,-260,0.10196492739397969
a1_d_07,a1_r_rate,yaw,-250,0.10470110927554603
a1_d_07,a1_r_rate,yaw,-240,0.10752524035765193
a1_d_07,a1_r_rate,yaw,-230,0.11038845663243324
a1_d_07,a1_r_rate,yaw,-220,0.11319944270262935
a1_d_07,a1_r_rate,yaw,-210,0.11584181135507127
a1_d_07,a1_r_rate,yaw,-200,0.1181987220675615
a1_d_07,a1_r_rate,yaw,-190,0.12016828503580221
a1_d_07,a1_r_rate,yaw,-180,0.12163242054009053
a1_d_07,a1_r_rate,yaw,-170,0.1225094046835428
a1_d_07,a1_r_rate,yaw,-160,0.12272029286611895
a1_d_07,a1_r_rate,yaw,-150,0.12220947205283189
a1_d_07,a1_r_rate,yaw,-140,0.12094066738202738
a1_d_07,a1_r_rate,yaw,-130,0.11893658645746398
a1_d_07,a1_r_rate,yaw,-120,0.11627519464637757
a1_d_07,a1_r_rate,yaw,-110,0.11305769917994099
a1_d_07,a1_r_rate,yaw,-100,0.109400987417049
a1_d_07,a1_r_rate,yaw,-90,0.1054137967932917
a1_d_07,a1_r_rate,yaw,-80,0.10121194218255875
a1_d_07,a1_r_rate,yaw,-70,0.09695646123046234
a1_d_07,a1_r_rate,yaw,-60,0.0928308236016338
a1_d_07,a1_r_rate,yaw,-50,0.0890471724281746
a1_d_07,a1_r_rate,yaw,-40,0.0858395097902458
a1_d_07,a1_r_rate,yaw,-30,0.08339971331256318
a1_d_07,a1_r_rate,yaw,-20,0.08189984953222486
a1_d_07,a1_r_rate,yaw,-10,0.08147326182615175
a1_d_07,a1_r_rate,yaw,0,0.08221363866872856
a1_d_07,a1_r_rate,yaw,10,0.08360948237613725
a1_d_07,a1_r_rate,yaw,20,0.08627379357766747
a1_d_07,a1_r_rate,yaw,30,0.09018251703611775
a1_d_07,a1_r_rate,yaw,40,0.09525274170442216
a1_d_07,a1_r_rate,yaw,50,0.10136158829240191
a1_d_07,a1_r_rate,yaw,60,0.10824214341321003
a1_d_07,a1_r_rate,yaw,70,0.11561321053820171
a1_d_07,a1_r_rate,yaw,80,0.12315191588359257
a1_d_07,a1_r_rate,yaw,90,0.1304920843512243
a1_d_07,a1_r_rate,yaw,100,0.13730319921392478
a1_d_07,a1_r_rate,yaw,110,0.1432946601782227
a1_d_07,a1_r_rate,yaw,120,0.14821940656214191
a1_d_07,a1_r_rate,yaw,130,0.1518871812011003
a1_d_07,a1_r_rate,yaw,140,0.15412792570147002
a1_d_07,a1_r_rate,yaw,150,0.15486993686103495
a1_d_07,a1_r_rate,yaw,160,0.15405203204900372
a1_d_07,a1_r_rate,yaw,170,0.1516936067099228
a1_d_07,a1_r_rate,yaw,180,0.14797420479065532
a1_d_07,a1_r_rate,yaw,190,0.14310259305439835
a1_d_07,a1_r_rate,yaw,200,0.13725305453220915
a1_d_07,a1_r_rate,yaw,210,0.13063812862622576
a1_d_07,a1_r_rate,yaw,220,0.12345997404780742
a1_d_07,a1_r_rate,yaw,230,0.11591219003032618
a1_d_07,a1_r_rate,yaw,240,0.10819130478032805
a1_d_07,a1_r_rate,yaw,250,0.10050992459749471
a1_d_07,a1_r_rate,yaw,260,0.09304334937301299
a1_d_07,a1_r_rate,yaw,270,0.0859490587325743
a1_d_07,a1_r_rate,yaw,280,0.07941426363109641
a1_d_07,a1_r_rate,yaw,290,0.0735709635920332
a1_d_07,a1_r_rate,yaw,300,0.068522006552917
a1_d_07,a1_r_rate,yaw,310,0.06435332786123404
a1_d_07,a1_r_rate,yaw,320,0.061117360974401506
a1_d_07,a1_r_rate,yaw,330,0.058809263161584746
a1_d_07,a1_r_rate,yaw,340,0.0574231704015667
a1_d_07,a1_r_rate,yaw,350,0.05684945121193737
a1_d_07,a1_r_rate,yaw,360,0.056946502745774084
a1_d_07,a1_r_rate,yaw,370,0.057576162379860414
a1_d_07,a1_r_rate,yaw,380,0.058593729145988156
a1_d_07,a1_r_rate,yaw,390,0.059833865913203346
a1_d_07,a1_r_rate,yaw,400,0.06117408263497203
a1_d_07,a1_r_rate,yaw,410,0.06250986313449176
a1_d_07,a1_r_rate,yaw,420,0.06376783052901404
a1_d_07,a1_r_rate,yaw,430,0.06491526027465831
a1_d_07,a1_r_rate,yaw,440,0.06590668606112164
a1_d_07,a1_r_rate,yaw,450,0.06669566373242142
a1_d_07,a1_r_rate,yaw,460,0.06724242088530256
a1_d_07,a1_r_rate,yaw,470,0.0675011112095355
a1_d_07,a1_r_rate,yaw,480,0.0674561375913809
a1_d_07,a1_r_rate,yaw,490,0.06713261624096485
a1_d_07,a1_r_rate,yaw,500,0.06656454478761127
a1_d_07,a1_l_rate,a1_r_rate,-500,0.4321355219331017
a1_d_07,a1_l_rate,a1_r_rate,-490,0.43408619242350305
a1_d_07,a1_l_rate,a1_r_rate,-480,0.43608891127675
a1_d_07,a1_l_rate,a1_r_rate,-470,0.4381552577940021
a1_d_07,a1_l_rate,a1_r_rate,-460,0.4403021267527477
a1_d_07,a1_l_rate,a1_r_rate,-450,0.44253599255308035
a1_d_07,a1_l_rate,a1_r_rate,-440,0.4448381274645521
a1_d_07,a1_l_rate,a1_r_rate,-430,0.4471615556590373
a1_d_07,a1_l_rate,a1_r_rate,-420,0.44944587645776923
a1_d_07,a1_l_rate,a1_r_rate,-410,0.45164295673432414
a1_d_07,a1_l_rate,a1_r_rate,-400,0.4537359299845906
a1_d_07,a1_l_rate,a1_r_rate,-390,0.455737410685541
a1_d_07,a1_l_rate,a1_r_rate,-380,0.4576674737023034
a1_d_07,a1_l_rate,a1_r_rate,-370,0.45952696605290266
a1_d_07,a1_l_rate,a1_r_rate,-360,0.46128480877521744
a1_d_07,a1_l_rate,a1_r_rate,-350,0.4628893398978204
a1_d_07,a1_l_rate,a1_r_rate,-340,0.46429882004885664
a1_d_07,a1_l_rate,a1_r_rate,-330,0.46551378213268385
a1_d_07,a1_l_rate,a1_r_rate,-320,0.4665928359656924
a1_d_07,a1_l_rate,a1_r_rate,-310,0.46764472514986155
a1_d_07,a1_l_rate,a1_r_rate,-300,0.4688034271690509
a1_d_07,a1_l_rate,a1_r_rate,-290,0.4701969550224267
a1_d_07,a1_l_rate,a1_r_rate,-280,0.4719173781876888
a1_d_07,a1_l_rate,a1_r_rate,-270,0.4739998374761235
a1_d_07,a1_l_rate,a1_r_rate,-260,0.4764198337851377
a1_d_07,a1_l_rate,a1_r_rate,-250,0.4791099455939192
a1_d_07,a1_l_rate,a1_r_rate,-240,0.48198465227005344
a1_d_07,a1_l_rate,a1_r_rate,-230,0.4849607805267544
a1_d_07,a1_l_rate,a1_r_rate,-220,0.4879698857444584
a1_d_07,a1_l_rate,a1_r_rate,-210,0.49096507833846753
a1_d_07,a1_l_rate,a1_r_rate,-200,0.49392470907635916
a1_d_07,a1_l_rate,a1_r_rate,-190,0.49685234965810965
a1_d_07,a1_l_rate,a1_r_rate,-180,0.49977012704687407
a1_d_07,a1_l_rate,a1_r_rate,-170,0.5027072806023691
a1_d_07,a1_l_rate,a1_r_rate,-160,0.5056925568209258
a1_d_07,a1_l_rate,a1_r_rate,-150,0.5087570215571754
a1_d_07,a1_l_rate,a1_r_rate,-140,0.5119426928330533
a1_d_07,a1_l_rate,a1_r_rate,-130,0.5153064005708295
a1_d_07,a1_l_rate,a1_r_rate,-120,0.5189130888918898
a1_d_07,a1_l_rate,a1_r_rate,-110,0.5228208392336434
a1_d_07,a1_l_rate,a1_r_rate,-100,0.5270652934397934
a1_d_07,a1_l_rate,a1_r_rate,-90,0.5316524798975073
a1_d_07,a1_l_rate,a1_r_rate,-80,0.5365626823374837
a1_d_07,a1_l_rate,a1_r_rate,-70,0.5417532462995693
a1_d_07,a1_l_rate,a1_r_rate,-60,0.5471428767979237
a1_d_07,a1_l_rate,a1_r_rate,-50,0.5525751467841179
a1_d_07,a1_l_rate,a1_r_rate,-40,0.5577792384006014
a1_d_07,a1_l_rate,a1_r_rate,-30,0.5623547355620421
a1_d_07,a1_l_rate,a1_r_rate,-20,0.5658052721967172
a1_d_07,a1_l_rate,a1_r_rate,-10,0.567630903075247
a1_d_07,a1_l_rate,a1_r_rate,0,0.5674556769984508
a1_d_07,a1_l_rate,a1_r_rate,10,0.5652812431081531
a1_d_07,a1_l_rate,a1_r_rate,20,0.5611092553156576
a1_d_07,a1_l_rate,a1_r_rate,30,0.5553116619125537
a1_d_07,a1_l_rate,a1_r_rate,40,0.5483881749654722
a1_d_07,a1_l_rate,a1_r_rate,50,0.5408476022161371
a1_d_07,a1_l_rate,a1_r_rate,60,0.5331136903099871
a1_d_07,a1_l_rate,a1_r_rate,70,0.5254792678522572
a1_d_07,a1_l_rate,a1_r_rate,80,0.5181109158541901
a1_d_07,a1_l_rate,a1_r_rate,90,0.5110834494963067
a1_d_07,a1_l_rate,a1_r_rate,100,0.5044159754148207
a1_d_07,a1_l_rate,a1_r_rate,110,0.49809599468689403
a1_d_07,a1_l_rate,a1_r_rate,120,0.49209481818361134
a1_d_07,a1_l_rate,a1_r_rate,130,0.4863807381404389
a1_d_07,a1_l_rate,a1_r_rate,140,0.48093042362521743
a1_d_07,a1_l_rate,a1_r_rate,150,0.4757345754132748
a1_d_07,a1_l_rate,a1_r_rate,160,0.4707963408125241
a1_d_07,a1_l_rate,a1_r_rate,170,0.4661258389763025
a1_d_07,a1_l_rate,a1_r_rate,180,0.46173333196343436
a1_d_07,a1_l_rate,a1_r_rate,190,0.45762005290890123
a1_d_07,a1_l_rate,a1_r_rate,200,0.453766666298479
a1_d_07,a1_l_rate,a1_r_rate,210,0.4501256466934474
a1_d_07,a1_l_rate,a1_r_rate,220,0.4466270117311089
a1_d_07,a1_l_rate,a1_r_rate,230,0.4432003025766715
a1_d_07,a1_l_rate,a1_r_rate,240,0.4398044846147075
a1_d_07,a1_l_rate,a1_r_rate,250,0.4364514917625022
a1_d_07,a1_l_rate,a1_r_rate,260,0.4332098792209868
a1_d_07,a1_l_rate,a1_r_rate,270,0.4301814285240734
a1_d_07,a1_l_rate,a1_r_rate,280,0.42745641646683896
a1_d_07,a1_l_rate,a1_r_rate,290,0.42506988226938713
a1_d_07,a1_l_rate,a1_r_rate,300,0.4229835871591606
a1_d_07,a1_l_rate,a1_r_rate,310,0.4211011804842097
a1_d_07,a1_l_rate,a1_r_rate,320,0.41930360632147157
a1_d_07,a1_l_rate,a1_r_rate,330,0.4174840183556593
a1_d_07,a1_l_rate,a1_r_rate,340,0.4155667034324151
a1_d_07,a1_l_rate,a1_r_rate,350,0.41350687436758743
a1_d_07,a1_l_rate,a1_r_rate,360,0.41128010273366733
a1_d_07,a1_l_rate,a1_r_rate,370,0.4088742575725759
a1_d_07,a1_l_rate,a1_r_rate,380,0.4062893709214397
a1_d_07,a1_l_rate,a1_r_rate,390,0.40354153042652635
a1_d_07,a1_l_rate,a1_r_rate,400,0.4006657777617564
a1_d_07,a1_l_rate,a1_r_rate,410,0.3977159297170297
a1_d_07,a1_l_rate,a1_r_rate,420,0.39475911781180206
a1_d_07,a1_l_rate,a1_r_rate,430,0.3918624731896526
a1_d_07,a1_l_rate,a1_r_rate,440,0.38907457407962015
a1_d_07,a1_l_rate,a1_r_rate,450,0.38641118183944934
a1_d_07,a1_l_rate,a1_r_rate,460,0.38385439882294764
a1_d_07,a1_l_rate,a1_r_rate,470,0.38136498877505287
a1_d_07,a1_l_rate,a1_r_rate,480,0.37889996198413495
a1_d_07,a1_l_rate,a1_r_rate,490,0.37642824988201923
a1_d_07,a1_l_rate,a1_r_rate,500,0.3739403632546254
a1_d_07,A_minus_B,yaw,-500,-0.20366515203133362
a1_d_07,A_minus_B,yaw,-490,-0.20560470571094283
a1_d_07,A_minus_B,yaw,-480,-0.20767328169233257
a1_d_07,A_minus_B,yaw,-470,-0.20990131985053548
a1_d_07,A_minus_B,yaw,-460,-0.2122900135531783
a1_d_07,A_minus_B,yaw,-450,-0.21483164010454425
a1_d_07,A_minus_B,yaw,-440,-0.2175194508437269
a1_d_07,A_minus_B,yaw,-430,-0.22033457317389452
a1_d_07,A_minus_B,yaw,-420,-0.22325323942519842
a1_d_07,A_minus_B,yaw,-410,-0.22623697681493027
a1_d_07,A_minus_B,yaw,-400,-0.22923765754834585
a1_d_07,A_minus_B,yaw,-390,-0.23223952017674337
a1_d_07,A_minus_B,yaw,-380,-0.23523693363263143
a1_d_07,A_minus_B,yaw,-370,-0.2382418345733149
a1_d_07,A_minus_B,yaw,-360,-0.2412893095983738
a1_d_07,A_minus_B,yaw,-350,-0.2444052830003979
a1_d_07,A_minus_B,yaw,-340,-0.24765487046602935
a1_d_07,A_minus_B,yaw,-330,-0.2511220043182761
a1_d_07,A_minus_B,yaw,-320,-0.2548836109075573
a1_d_07,A_minus_B,yaw,-310,-0.25902645988380985
a1_d_07,A_minus_B,yaw,-300,-0.2635754569279491
a1_d_07,A_minus_B,yaw,-290,-0.26847683307683695
a1_d_07,A_minus_B,yaw,-280,-0.27367400665980074
a1_d_07,A_minus_B,yaw,-270,-0.2790687463260763
a1_d_07,A_minus_B,yaw,-260,-0.28460004159410146
a1_d_07,A_minus_B,yaw,-250,-0.29018256154773825
a1_d_07,A_minus_B,yaw,-240,-0.29570276120281985
a1_d_07,A_minus_B,yaw,-230,-0.30104248120047383
a1_d_07,A_minus_B,yaw,-220,-0.30608000437651484
a1_d_07,A_minus_B,yaw,-210,-0.31068074433388654
a1_d_07,A_minus_B,yaw,-200,-0.314722424336344
a1_d_07,A_minus_B,yaw,-190,-0.3181091224777154
a1_d_07,A_minus_B,yaw,-180,-0.3207482835251467
a1_d_07,A_minus_B,yaw,-170,-0.32252617815672596
a1_d_07,A_minus_B,yaw,-160,-0.3233291100894062
a1_d_07,A_minus_B,yaw,-150,-0.32305698531175164
a1_d_07,A_minus_B,yaw,-140,-0.3216776433917365
a1_d_07,A_minus_B,yaw,-130,-0.3192141765845097
a1_d_07,A_minus_B,yaw,-120,-0.3157744674771282
a1_d_07,A_minus_B,yaw,-110,-0.31151968119122686
a1_d_07,A_minus_B,yaw,-100,-0.30662074072727613
a1_d_07,A_minus_B,yaw,-90,-0.3012889448662817
a1_d_07,A_minus_B,yaw,-80,-0.2957487942569048
a1_d_07,A_minus_B,yaw,-70,-0.29025320994473097
a1_d_07,A_minus_B,yaw,-60,-0.28507790881492534
a1_d_07,A_minus_B,yaw,-50,-0.28051985110990824
a1_d_07,A_minus_B,yaw,-40,-0.27690547489411665
a1_d_07,A_minus_B,yaw,-30,-0.2745106207787128
a1_d_07,A_minus_B,yaw,-20,-0.2735905588270466
a1_d_07,A_minus_B,yaw,-10,-0.2743538959575485
a1_d_07,A_minus_B,yaw,0,-0.2769536298719815
a1_d_07,A_minus_B,yaw,10,-0.2807855672684078
a1_d_07,A_minus_B,yaw,20,-0.28669129438129115
a1_d_07,A_minus_B,yaw,30,-0.2946856988413481
a1_d_07,A_minus_B,yaw,40,-0.3047466389453616
a1_d_07,A_minus_B,yaw,50,-0.3167467733686129
a1_d_07,A_minus_B,yaw,60,-0.3304123499040882
a1_d_07,A_minus_B,yaw,70,-0.34534468521652695
a1_d_07,A_minus_B,yaw,80,-0.3609992497146594
a1_d_07,A_minus_B,yaw,90,-0.3767536356199962
a1_d_07,A_minus_B,yaw,100,-0.39195175349248595
a1_d_07,A_minus_B,yaw,110,-0.40597383863506914
a1_d_07,A_minus_B,yaw,120,-0.41822873207244515
a1_d_07,A_minus_B,yaw,130,-0.4282426271284437
a1_d_07,A_minus_B,yaw,140,-0.43555404403368225
a1_d_07,A_minus_B,yaw,150,-0.43981480856993976
a1_d_07,A_minus_B,yaw,160,-0.4408290222148685
a1_d_07,A_minus_B,yaw,170,-0.4386161740589152
a1_d_07,A_minus_B,yaw,180,-0.4333663096240061
a1_d_07,A_minus_B,yaw,190,-0.4253957504372112
a1_d_07,A_minus_B,yaw,200,-0.41505907429471717
a1_d_07,A_minus_B,yaw,210,-0.4027153214286457
a1_d_07,A_minus_B,yaw,220,-0.38875461883807916
a1_d_07,A_minus_B,yaw,230,-0.37360971082531386
a1_d_07,A_minus_B,yaw,240,-0.35774193078074484
a1_d_07,A_minus_B,yaw,250,-0.34165445696388463
a1_d_07,A_minus_B,yaw,260,-0.325775201812587
a1_d_07,A_minus_B,yaw,270,-0.31047554029838015
a1_d_07,A_minus_B,yaw,280,-0.2960752819608527
a1_d_07,A_minus_B,yaw,290,-0.2828371765827469
a1_d_07,A_minus_B,yaw,300,-0.27097874241995246
a1_d_07,A_minus_B,yaw,310,-0.260651563485667
a1_d_07,A_minus_B,yaw,320,-0.25197868503763204
a1_d_07,A_minus_B,yaw,330,-0.2449183122632626
a1_d_07,A_minus_B,yaw,340,-0.23942919567049842
a1_d_07,A_minus_B,yaw,350,-0.2354040462135494
a1_d_07,A_minus_B,yaw,360,-0.23268667611318716
a1_d_07,A_minus_B,yaw,370,-0.2310815538046577
a1_d_07,A_minus_B,yaw,380,-0.23041058838963127
a1_d_07,A_minus_B,yaw,390,-0.23045380214559658
a1_d_07,A_minus_B,yaw,400,-0.23104872963630296
a1_d_07,A_minus_B,yaw,410,-0.2320488123394533
a1_d_07,A_minus_B,yaw,420,-0.23331358922400378
a1_d_07,A_minus_B,yaw,430,-0.23473557167128198
a1_d_07,A_minus_B,yaw,440,-0.23618399228606385
a1_d_07,A_minus_B,yaw,450,-0.23752443676699692
a1_d_07,A_minus_B,yaw,460,-0.23864839121171608
a1_d_07,A_minus_B,yaw,470,-0.2394486499829962
a1_d_07,A_minus_B,yaw,480,-0.23986798749234442
a1_d_07,A_minus_B,yaw,490,-0.2398581083133778
a1_d_07,A_minus_B,yaw,500,-0.23942215414455223
a1_d_07,A_plus_B,yaw,-500,-0.030203085846159508
a1_d_07,A_plus_B,yaw,-490,-0.029972860493517054
a1_d_07,A_plus_B,yaw,-480,-0.029803282417190716
a1_d_07,A_plus_B,yaw,-470,-0.02976596953681811
a1_d_07,A_plus_B,yaw,-460,-0.02990497937025628
a1_d_07,A_plus_B,yaw,-450,-0.03024599859516159
a1_d_07,A_plus_B,yaw,-440,-0.030800917730186374
a1_d_07,A_plus_B,yaw,-430,-0.03154234836611813
a1_d_07,A_plus_B,yaw,-420,-0.032456956213885294
a1_d_07,A_plus_B,yaw,-410,-0.033525583397302446
a1_d_07,A_plus_B,yaw,-400,-0.034725766618311796
a1_d_07,A_plus_B,yaw,-390,-0.03602800563399774
a1_d_07,A_plus_B,yaw,-380,-0.03737393027751629
a1_d_07,A_plus_B,yaw,-370,-0.038705066850078435
a1_d_07,A_plus_B,yaw,-360,-0.03998670929959514
a1_d_07,A_plus_B,yaw,-350,-0.04119268807721195
a1_d_07,A_plus_B,yaw,-340,-0.04230765362954237
a1_d_07,A_plus_B,yaw,-330,-0.04330943590430042
a1_d_07,A_plus_B,yaw,-320,-0.044208804794583494
a1_d_07,A_plus_B,yaw,-310,-0.04499626021673837
a1_d_07,A_plus_B,yaw,-300,-0.04565906715548024
a1_d_07,A_plus_B,yaw,-290,-0.046200404902931376
a1_d_07,A_plus_B,yaw,-280,-0.04665690383138784
a1_d_07,A_plus_B,yaw,-270,-0.04703135529054683
a1_d_07,A_plus_B,yaw,-260,-0.04731213513830524
a1_d_07,A_plus_B,yaw,-250,-0.04749146079127665
a1_d_07,A_plus_B,yaw,-240,-0.047548584828503944
a1_d_07,A_plus_B,yaw,-230,-0.047470689079628606
a1_d_07,A_plus_B,yaw,-220,-0.0472857965231128
a1_d_07,A_plus_B,yaw,-210,-0.04704092677645739
a1_d_07,A_plus_B,yaw,-200,-0.04678977485538061
a1_d_07,A_plus_B,yaw,-190,-0.04658362033614772
a1_d_07,A_plus_B,yaw,-180,-0.04649109560092514
a1_d_07,A_plus_B,yaw,-170,-0.04653298379255904
a1_d_07,A_plus_B,yaw,-160,-0.046728807361866506
a1_d_07,A_plus_B,yaw,-150,-0.04708327602372889
a1_d_07,A_plus_B,yaw,-140,-0.047618750569765604
a1_d_07,A_plus_B,yaw,-130,-0.048327320927130206
a1_d_07,A_plus_B,yaw,-120,-0.04918950004914018
a1_d_07,A_plus_B,yaw,-110,-0.05018978405056351
a1_d_07,A_plus_B,yaw,-100,-0.051301406385628474
a1_d_07,A_plus_B,yaw,-90,-0.05252676750642478
a1_d_07,A_plus_B,yaw,-80,-0.05386684079126915
a1_d_07,A_plus_B,yaw,-70,-0.055290570577522284
a1_d_07,A_plus_B,yaw,-60,-0.056756223124970605
a1_d_07,A_plus_B,yaw,-50,-0.05820435743164091
a1_d_07,A_plus_B,yaw,-40,-0.05956840369031344
a1_d_07,A_plus_B,yaw,-30,-0.06079724218319492
a1_d_07,A_plus_B,yaw,-20,-0.06184890146907253
a1_d_07,A_plus_B,yaw,-10,-0.06269660235187909
a1_d_07,A_plus_B,yaw,0,-0.06332533385703662
a1_d_07,A_plus_B,yaw,10,-0.06393802027506636
a1_d_07,A_plus_B,yaw,20,-0.06435548238552802
a1_d_07,A_plus_B,yaw,30,-0.0646103407300796
a1_d_07,A_plus_B,yaw,40,-0.0647763893723305
a1_d_07,A_plus_B,yaw,50,-0.06491209398150412
a1_d_07,A_plus_B,yaw,60,-0.06514460567888862
a1_d_07,A_plus_B,yaw,70,-0.0655489596024756
a1_d_07,A_plus_B,yaw,80,-0.06616560594359838
a1_d_07,A_plus_B,yaw,90,-0.06703773743596528
a1_d_07,A_plus_B,yaw,100,-0.06815359199953246
a1_d_07,A_plus_B,yaw,110,-0.06948022798989048
a1_d_07,A_plus_B,yaw,120,-0.07095667293687205
a1_d_07,A_plus_B,yaw,130,-0.07252714952474726
a1_d_07,A_plus_B,yaw,140,-0.0741205472735947
a1_d_07,A_plus_B,yaw,150,-0.07562276888154526
a1_d_07,A_plus_B,yaw,160,-0.07698910434098327
a1_d_07,A_plus_B,yaw,170,-0.0782090075259124
a1_d_07,A_plus_B,yaw,180,-0.07920152949630725
a1_d_07,A_plus_B,yaw,190,-0.07992449602078446
a1_d_07,A_plus_B,yaw,200,-0.08039148254992713
a1_d_07,A_plus_B,yaw,210,-0.08057841726751672
a1_d_07,A_plus_B,yaw,220,-0.08048676925162342
a1_d_07,A_plus_B,yaw,230,-0.080147098623327
a1_d_07,A_plus_B,yaw,240,-0.07960053040454554
a1_d_07,A_plus_B,yaw,250,-0.07889465538785877
a1_d_07,A_plus_B,yaw,260,-0.07807772761701992
a1_d_07,A_plus_B,yaw,270,-0.07718795656446845
a1_d_07,A_plus_B,yaw,280,-0.07620541603731061
a1_d_07,A_plus_B,yaw,290,-0.0751352593957156
a1_d_07,A_plus_B,yaw,300,-0.07398746912534808
a1_d_07,A_plus_B,yaw,310,-0.07275419679130786
a1_d_07,A_plus_B,yaw,320,-0.07144779578027353
a1_d_07,A_plus_B,yaw,330,-0.07005238434827105
a1_d_07,A_plus_B,yaw,340,-0.06855245426596968
a1_d_07,A_plus_B,yaw,350,-0.06700183609936028
a1_d_07,A_plus_B,yaw,360,-0.06545997298135096
a1_d_07,A_plus_B,yaw,370,-0.06396222153125551
a1_d_07,A_plus_B,yaw,380,-0.0625613083702446
a1_d_07,A_plus_B,yaw,390,-0.06131018676120742
a1_d_07,A_plus_B,yaw,400,-0.06024890830615706
a1_d_07,A_plus_B,yaw,410,-0.059407186508424685
a1_d_07,A_plus_B,yaw,420,-0.05878581507793972
a1_d_07,A_plus_B,yaw,430,-0.05836187530648587
a1_d_07,A_plus_B,yaw,440,-0.05811366081858053
a1_d_07,A_plus_B,yaw,450,-0.05801813700515078
a1_d_07,A_plus_B,yaw,460,-0.05805790331506177
a1_d_07,A_plus_B,yaw,470,-0.05822158887815581
a1_d_07,A_plus_B,yaw,480,-0.05849383526270931
a1_d_07,A_plus_B,yaw,490,-0.05882315919806047
a1_d_07,A_plus_B,yaw,500,-0.05917655044360893
a1_d_09,a1_l_rate,yaw,-500,-0.0970972603634105
a1_d_09,a1_l_rate,yaw,-490,-0.09840149549078603
a1_d_09,a1_l_rate,yaw,-480,-0.09977214349767889
a1_d_09,a1_l_rate,yaw,-470,-0.10122122100308431
a1_d_09,a1_l_rate,yaw,-460,-0.10274475103860824
a1_d_09,a1_l_rate,yaw,-450,-0.10433169078693112
a1_d_09,a1_l_rate,yaw,-440,-0.10599883099126388
a1_d_09,a1_l_rate,yaw,-430,-0.10775583598463076
a1_d_09,a1_l_rate,yaw,-420,-0.10960221243276291
a1_d_09,a1_l_rate,yaw,-410,-0.11154795170378402
a1_d_09,a1_l_rate,yaw,-400,-0.11357457516881495
a1_d_09,a1_l_rate,yaw,-390,-0.11567114289317647
a1_d_09,a1_l_rate,yaw,-380,-0.11783411543493483
a1_d_09,a1_l_rate,yaw,-370,-0.12005204640205452
a1_d_09,a1_l_rate,yaw,-360,-0.12231094546823232
a1_d_09,a1_l_rate,yaw,-350,-0.12457945927846115
a1_d_09,a1_l_rate,yaw,-340,-0.12685178565050245
a1_d_09,a1_l_rate,yaw,-330,-0.12909609255104926
a1_d_09,a1_l_rate,yaw,-320,-0.13129656960447014
a1_d_09,a1_l_rate,yaw,-310,-0.13344883748204062
a1_d_09,a1_l_rate,yaw,-300,-0.13552255095827298
a1_d_09,a1_l_rate,yaw,-290,-0.13749153064535982
a1_d_09,a1_l_rate,yaw,-280,-0.1393429355858896
a1_d_09,a1_l_rate,yaw,-270,-0.1410612611331386
a1_d_09,a1_l_rate,yaw,-260,-0.14266146588541356
a1_d_09,a1_l_rate,yaw,-250,-0.14416251730576263
a1_d_09,a1_l_rate,yaw,-240,-0.14557427391636893
a1_d_09,a1_l_rate,yaw,-230,-0.14690064061111427
a1_d_09,a1_l_rate,yaw,-220,-0.14812822070550669
a1_d_09,a1_l_rate,yaw,-210,-0.14925739654433268
a1_d_09,a1_l_rate,yaw,-200,-0.15029579543065516
a1_d_09,a1_l_rate,yaw,-190,-0.1512452438772201
a1_d_09,a1_l_rate,yaw,-180,-0.15209854824776656
a1_d_09,a1_l_rate,yaw,-170,-0.15285896152874937
a1_d_09,a1_l_rate,yaw,-160,-0.15349185265314869
a1_d_09,a1_l_rate,yaw,-150,-0.15396465948173974
a1_d_09,a1_l_rate,yaw,-140,-0.1542316791221723
a1_d_09,a1_l_rate,yaw,-130,-0.15431188052552083
a1_d_09,a1_l_rate,yaw,-120,-0.1542428383655776
a1_d_09,a1_l_rate,yaw,-110,-0.15411335721018962
a1_d_09,a1_l_rate,yaw,-100,-0.1539977598907815
a1_d_09,a1_l_rate,yaw,-90,-0.15398328022779734
a1_d_09,a1_l_rate,yaw,-80,-0.1541411088335143
a1_d_09,a1_l_rate,yaw,-70,-0.1545217319429664
a1_d_09,a1_l_rate,yaw,-60,-0.15517951851122772
a1_d_09,a1_l_rate,yaw,-50,-0.15614990776116586
a1_d_09,a1_l_rate,yaw,-40,-0.1574323212243707
a1_d_09,a1_l_rate,yaw,-30,-0.15903129561443577
a1_d_09,a1_l_rate,yaw,-20,-0.16093223767617726
a1_d_09,a1_l_rate,yaw,-10,-0.16311147999920556
a1_d_09,a1_l_rate,yaw,0,-0.16555652229350645
a1_d_09,a1_l_rate,yaw,10,-0.16849778228247914
a1_d_09,a1_l_rate,yaw,20,-0.1717163137862137
a1_d_09,a1_l_rate,yaw,30,-0.17523105094929597
a1_d_09,a1_l_rate,yaw,40,-0.17905239866610628
a1_d_09,a1_l_rate,yaw,50,-0.18313457647315906
a1_d_09,a1_l_rate,yaw,60,-0.18740021747988658
a1_d_09,a1_l_rate,yaw,70,-0.19175805365473186
a1_d_09,a1_l_rate,yaw,80,-0.196057709873764
a1_d_09,a1_l_rate,yaw,90,-0.20014671635137796
a1_d_09,a1_l_rate,yaw,100,-0.20386831669740407
a1_d_09,a1_l_rate,yaw,110,-0.20709404591706512
a1_d_09,a1_l_rate,yaw,120,-0.20969899564062217
a1_d_09,a1_l_rate,yaw,130,-0.21158303637170647
a1_d_09,a1_l_rate,yaw,140,-0.2126536092928684
a1_d_09,a1_l_rate,yaw,150,-0.21289104523918218
a1_d_09,a1_l_rate,yaw,160,-0.21230907204643965
a1_d_09,a1_l_rate,yaw,170,-0.21095588923097192
a1_d_09,a1_l_rate,yaw,180,-0.20889925735583223
a1_d_09,a1_l_rate,yaw,190,-0.2061921156256332
a1_d_09,a1_l_rate,yaw,200,-0.20292521934846877
a1_d_09,a1_l_rate,yaw,210,-0.19920780022021925
a1_d_09,a1_l_rate,yaw,220,-0.19516968542855426
a1_d_09,a1_l_rate,yaw,230,-0.19096050018772917
a1_d_09,a1_l_rate,yaw,240,-0.18669862956292568
a1_d_09,a1_l_rate,yaw,250,-0.18247477457111777
a1_d_09,a1_l_rate,yaw,260,-0.17836030559225338
a1_d_09,a1_l_rate,yaw,270,-0.174402572963722
a1_d_09,a1_l_rate,yaw,280,-0.17061994560505678
a1_d_09,a1_l_rate,yaw,290,-0.16704412273058458
a1_d_09,a1_l_rate,yaw,300,-0.16367930163262798
a1_d_09,a1_l_rate,yaw,310,-0.16053409265339577
a1_d_09,a1_l_rate,yaw,320,-0.15763022904706517
a1_d_09,a1_l_rate,yaw,330,-0.1550106957565934
a1_d_09,a1_l_rate,yaw,340,-0.15268171756459462
a1_d_09,a1_l_rate,yaw,350,-0.15063721941578678
a1_d_09,a1_l_rate,yaw,360,-0.1488384977290642
a1_d_09,a1_l_rate,yaw,370,-0.14723055575193986
a1_d_09,a1_l_rate,yaw,380,-0.14575238854519507
a1_d_09,a1_l_rate,yaw,390,-0.1443506335509712
a1_d_09,a1_l_rate,yaw,400,-0.14299769820574737
a1_d_09,a1_l_rate,yaw,410,-0.14166201599263828
a1_d_09,a1_l_rate,yaw,420,-0.14034933384220796
a1_d_09,a1_l_rate,yaw,430,-0.13907534902934224
a1_d_09,a1_l_rate,yaw,440,-0.13783033101858572
a1_d_09,a1_l_rate,yaw,450,-0.1366131430277345
a1_d_09,a1_l_rate,yaw,460,-0.13541698530450508
a1_d_09,a1_l_rate,yaw,470,-0.13421735731992565
a1_d_09,a1_l_rate,yaw,480,-0.13300980601241508
a1_d_09,a1_l_rate,yaw,490,-0.1317683110465335
a1_d_09,a1_l_rate,yaw,500,-0.13047334465567687
a1_d_09,a1_r_rate,yaw,-500,0.1331109727641501
a1_d_09,a1_r_rate,yaw,-490,0.1362200752867294
a1_d_09,a1_r_rate,yaw,-480,0.13927077839143234
a1_d_09,a1_r_rate,yaw,-470,0.14226555036630872
a1_d_09,a1_r_rate,yaw,-460,0.1452122186189474
a1_d_09,a1_r_rate,yaw,-450,0.14811328898566062
a1_d_09,a1_r_rate,yaw,-440,0.1509757668710286
a1_d_09,a1_r_rate,yaw,-430,0.15380736678132118
a1_d_09,a1_r_rate,yaw,-420,0.15660098508115403
a1_d_09,a1_r_rate,yaw,-410,0.15936616980230564
a1_d_09,a1_r_rate,yaw,-400,0.16209717505557591
a1_d_09,a1_r_rate,yaw,-390,0.1648037182352053
a1_d_09,a1_r_rate,yaw,-380,0.16750255686702364
a1_d_09,a1_r_rate,yaw,-370,0.17021591234650382
a1_d_09,a1_r_rate,yaw,-360,0.17295756529499381
a1_d_09,a1_r_rate,yaw,-350,0.17575959434840893
a1_d_09,a1_r_rate,yaw,-340,0.17864186655976272
a1_d_09,a1_r_rate,yaw,-330,0.18161566463645254
a1_d_09,a1_r_rate,yaw,-320,0.18469555929952763
a1_d_09,a1_r_rate,yaw,-310,0.1878597990744935
a1_d_09,a1_r_rate,yaw,-300,0.19109198748132028
a1_d_09,a1_r_rate,yaw,-290,0.19438342481688906
a1_d_09,a1_r_rate,yaw,-280,0.19771955887320894
a1_d_09,a1_r_rate,yaw,-270,0.20111013754514478
a1_d_09,a1_r_rate,yaw,-260,0.20455404956580833
a1_d_09,a1_r_rate,yaw,-250,0.20803857547644033
a1_d_09,a1_r_rate,yaw,-240,0.21154822000005835
a1_d_09,a1_r_rate,yaw,-230,0.21506154967080457
a1_d_09,a1_r_rate,yaw,-220,0.21856354851251447
a1_d_09,a1_r_rate,yaw,-210,0.22203504006029776
a1_d_09,a1_r_rate,yaw,-200,0.22547903178553547
a1_d_09,a1_r_rate,yaw,-190,0.2288838767736647
a1_d_09,a1_r_rate,yaw,-180,0.23223969170138997
a1_d_09,a1_r_rate,yaw,-170,0.23550944931502107
a1_d_09,a1_r_rate,yaw,-160,0.2386668951060869
a1_d_09,a1_r_rate,yaw,-150,0.24171263609171592
a1_d_09,a1_r_rate,yaw,-140,0.24464226978658027
a1_d_09,a1_r_rate,yaw,-130,0.24746250166188613
a1_d_09,a1_r_rate,yaw,-120,0.25018577166410366
a1_d_09,a1_r_rate,yaw,-110,0.25282536418404067
a1_d_09,a1_r_rate,yaw,-100,0.25539251902634613
a1_d_09,a1_r_rate,yaw,-90,0.25791326016277255
a1_d_09,a1_r_rate,yaw,-80,0.2603985236299796
a1_d_09,a1_r_rate,yaw,-70,0.2628862068965833
a1_d_09,a1_r_rate,yaw,-60,0.2654151434238739
a1_d_09,a1_r_rate,yaw,-50,0.26801829660905563
a1_d_09,a1_r_rate,yaw,-40,0.27072941618664914
a1_d_09,a1_r_rate,yaw,-30,0.2735960274074933
a1_d_09,a1_r_rate,yaw,-20,0.2766603425316235
a1_d_09,a1_r_rate,yaw,-10,0.27995085668017056
a1_d_09,a1_r_rate,yaw,0,0.28348299019706585
a1_d_09,a1_r_rate,yaw,10,0.28721533058296733
a1_d_09,a1_r_rate,yaw,20,0.29119998710622924
a1_d_09,a1_r_rate,yaw,30,0.29543529458214707
a1_d_09,a1_r_rate,yaw,40,0.29991905753212955
a1_d_09,a1_r_rate,yaw,50,0.3046623581837723
a1_d_09,a1_r_rate,yaw,60,0.30964460846704167
a1_d_09,a1_r_rate,yaw,70,0.3148124873876032
a1_d_09,a1_r_rate,yaw,80,0.32004671862226564
a1_d_09,a1_r_rate,yaw,90,0.3252125184273125
a1_d_09,a1_r_rate,yaw,100,0.33016428735087217
a1_d_09,a1_r_rate,yaw,110,0.33475996636515276
a1_d_09,a1_r_rate,yaw,120,0.33886686261166316
a1_d_09,a1_r_rate,yaw,130,0.34232798124059666
a1_d_09,a1_r_rate,yaw,140,0.34495901648280464
a1_d_09,a1_r_rate,yaw,150,0.34660175539564664
a1_d_09,a1_r_rate,yaw,160,0.34714449786022217
a1_d_09,a1_r_rate,yaw,170,0.3464942802288883
a1_d_09,a1_r_rate,yaw,180,0.3446568991709191
a1_d_09,a1_r_rate,yaw,190,0.34169263610678124
a1_d_09,a1_r_rate,yaw,200,0.33767683549271604
a1_d_09,a1_r_rate,yaw,210,0.3327035266806994
a1_d_09,a1_r_rate,yaw,220,0.326855322389454
a1_d_09,a1_r_rate,yaw,230,0.3202245825249937
a1_d_09,a1_r_rate,yaw,240,0.31293510058585583
a1_d_09,a1_r_rate,yaw,250,0.3051111248357848
a1_d_09,a1_r_rate,yaw,260,0.296885835055335
a1_d_09,a1_r_rate,yaw,270,0.2884085544229488
a1_d_09,a1_r_rate,yaw,280,0.2797993154733937
a1_d_09,a1_r_rate,yaw,290,0.27119837769455235
a1_d_09,a1_r_rate,yaw,300,0.26271186351401155
a1_d_09,a1_r_rate,yaw,310,0.25444375850463796
a1_d_09,a1_r_rate,yaw,320,0.2464870798428539
a1_d_09,a1_r_rate,yaw,330,0.2388910824242411
a1_d_09,a1_r_rate,yaw,340,0.2317044878717532
a1_d_09,a1_r_rate,yaw,350,0.22494937288289454
a1_d_09,a1_r_rate,yaw,360,0.2186202651298808
a1_d_09,a1_r_rate,yaw,370,0.21269856686296743
a1_d_09,a1_r_rate,yaw,380,0.20716823721693767
a1_d_09,a1_r_rate,yaw,390,0.20200598060019156
a1_d_09,a1_r_rate,yaw,400,0.19719451147724784
a1_d_09,a1_r_rate,yaw,410,0.19271719259916983
a1_d_09,a1_r_rate,yaw,420,0.1885378018658034
a1_d_09,a1_r_rate,yaw,430,0.18462542172917895
a1_d_09,a1_r_rate,yaw,440,0.1809589693913493
a1_d_09,a1_r_rate,yaw,450,0.17749782545955312
a1_d_09,a1_r_rate,yaw,460,0.17420218876307503
a1_d_09,a1_r_rate,yaw,470,0.17104253755565244
a1_d_09,a1_r_rate,yaw,480,0.16799154602906557
a1_d_09,a1_r_rate,yaw,490,0.1650323579714302
a1_d_09,a1_r_rate,yaw,500,0.16216309524859737
a1_d_09,a1_l_rate,a1_r_rate,-500,-0.09985890219814078
a1_d_09,a1_l_rate,a1_r_rate,-490,-0.0999775201135611
a1_d_09,a1_l_rate,a1_r_rate,-480,-0.10015338725969464
a1_d_09,a1_l_rate,a1_r_rate,-470,-0.10036598731665641
a1_d_09,a1_l_rate,a1_r_rate,-460,-0.10057697209185622
a1_d_09,a1_l_rate,a1_r_rate,-450,-0.10074170124240611
a1_d_09,a1_l_rate,a1_r_rate,-440,-0.10082657558916135
a1_d_09,a1_l_rate,a1_r_rate,-430,-0.10082326281769355
a1_d_09,a1_l_rate,a1_r_rate,-420,-0.10075259799098982
a1_d_09,a1_l_rate,a1_r_rate,-410,-0.10065608517429965
a1_d_09,a1_l_rate,a1_r_rate,-400,-0.10057922320186201
a1_d_09,a1_l_rate,a1_r_rate,-390,-0.10055468592570929
a1_d_09,a1_l_rate,a1_r_rate,-380,-0.10059301036097458
a1_d_09,a1_l_rate,a1_r_rate,-370,-0.10068304554363625
a1_d_09,a1_l_rate,a1_r_rate,-360,-0.10079937029791478
a1_d_09,a1_l_rate,a1_r_rate,-350,-0.1009113355088403
a1_d_09,a1_l_rate,a1_r_rate,-340,-0.10098952877429578
a1_d_09,a1_l_rate,a1_r_rate,-330,-0.10100916727857127
a1_d_09,a1_l_rate,a1_r_rate,-320,-0.10095280363851093
a1_d_09,a1_l_rate,a1_r_rate,-310,-0.10081361048642765
a1_d_09,a1_l_rate,a1_r_rate,-300,-0.10059777143866766
a1_d_09,a1_l_rate,a1_r_rate,-290,-0.1003232085443494
a1_d_09,a1_l_rate,a1_r_rate,-280,-0.1000138108023485
a1_d_09,a1_l_rate,a1_r_rate,-270,-0.09969160262046246
a1_d_09,a1_l_rate,a1_r_rate,-260,-0.09937084324360218
a1_d_09,a1_l_rate,a1_r_rate,-250,-0.0990567582969331
a1_d_09,a1_l_rate,a1_r_rate,-240,-0.09874818407629038
a1_d_09,a1_l_rate,a1_r_rate,-230,-0.09844079328956074
a1_d_09,a1_l_rate,a1_r_rate,-220,-0.09812815147735977
a1_d_09,a1_l_rate,a1_r_rate,-210,-0.0978005840796709
a1_d_09,a1_l_rate,a1_r_rate,-200,-0.09744306152479704
a1_d_09,a1_l_rate,a1_r_rate,-190,-0.09703321254712305
a1_d_09,a1_l_rate,a1_r_rate,-180,-0.09654155075719707
a1_d_09,a1_l_rate,a1_r_rate,-170,-0.09593573073408679
a1_d_09,a1_l_rate,a1_r_rate,-160,-0.0951882838689005
a1_d_09,a1_l_rate,a1_r_rate,-150,-0.09428424786692538
a1_d_09,a1_l_rate,a1_r_rate,-140,-0.09322430672878575
a1_d_09,a1_l_rate,a1_r_rate,-130,-0.09201978994319465
a1_d_09,a1_l_rate,a1_r_rate,-120,-0.0906797692295344
a1_d_09,a1_l_rate,a1_r_rate,-110,-0.08919624472873984
a1_d_09,a1_l_rate,a1_r_rate,-100,-0.08753628050227595
a1_d_09,a1_l_rate,a1_r_rate,-90,-0.08564670425926649
a1_d_09,a1_l_rate,a1_r_rate,-80,-0.08347262025584573
a1_d_09,a1_l_rate,a1_r_rate,-70,-0.08098666151345865
a1_d_09,a1_l_rate,a1_r_rate,-60,-0.07822127639509152
a1_d_09,a1_l_rate,a1_r_rate,-50,-0.07529197874142671
a1_d_09,a1_l_rate,a1_r_rate,-40,-0.07239963156608675
a1_d_09,a1_l_rate,a1_r_rate,-30,-0.06980612949618195
a1_d_09,a1_l_rate,a1_r_rate,-20,-0.06778752077747839
a1_d_09,a1_l_rate,a1_r_rate,-10,-0.06657668239373025
a1_d_09,a1_l_rate,a1_r_rate,0,-0.0663110991636047
a1_d_09,a1_l_rate,a1_r_rate,10,-0.0669648041886094
a1_d_09,a1_l_rate,a1_r_rate,20,-0.06846415729420981
a1_d_09,a1_l_rate,a1_r_rate,30,-0.07061020802671014
a1_d_09,a1_l_rate,a1_r_rate,40,-0.07315935320474246
a1_d_09,a1_l_rate,a1_r_rate,50,-0.07587657409550987
a1_d_09,a1_l_rate,a1_r_rate,60,-0.0785769961102828
a1_d_09,a1_l_rate,a1_r_rate,70,-0.08114564522344894
a1_d_09,a1_l_rate,a1_r_rate,80,-0.08353467858793145
a1_d_09,a1_l_rate,a1_r_rate,90,-0.08574524035591023
a1_d_09,a1_l_rate,a1_r_rate,100,-0.08780425523669289
a1_d_09,a1_l_rate,a1_r_rate,110,-0.08974438974043747
a1_d_09,a1_l_rate,a1_r_rate,120,-0.09159070346377428
a1_d_09,a1_l_rate,a1_r_rate,130,-0.09335392165138036
a1_d_09,a1_l_rate,a1_r_rate,140,-0.09502941968283315
a1_d_09,a1_l_rate,a1_r_rate,150,-0.09660066071429174
a1_d_09,a1_l_rate,a1_r_rate,160,-0.09804575862736888
a1_d_09,a1_l_rate,a1_r_rate,170,-0.09934549564604017
a1_d_09,a1_l_rate,a1_r_rate,180,-0.10049065358725673
a1_d_09,a1_l_rate,a1_r_rate,190,-0.10148669818752054
a1_d_09,a1_l_rate,a1_r_rate,200,-0.10235453798294021
a1_d_09,a1_l_rate,a1_r_rate,210,-0.10312644292802157
a1_d_09,a1_l_rate,a1_r_rate,220,-0.1038373701948005
a1_d_09,a1_l_rate,a1_r_rate,230,-0.10451442460611297
a1_d_09,a1_l_rate,a1_r_rate,240,-0.10516872216617679
a1_d_09,a1_l_rate,a1_r_rate,250,-0.10579322779632509
a1_d_09,a1_l_rate,a1_r_rate,260,-0.1063673963630846
a1_d_09,a1_l_rate,a1_r_rate,270,-0.10686593442104614
a1_d_09,a1_l_rate,a1_r_rate,280,-0.10726745379895115
a1_d_09,a1_l_rate,a1_r_rate,290,-0.10756065967984726
a1_d_09,a1_l_rate,a1_r_rate,300,-0.10774822183663306
a1_d_09,a1_l_rate,a1_r_rate,310,-0.1078473058450016
a1_d_09,a1_l_rate,a1_r_rate,320,-0.1078839434336509
a1_d_09,a1_l_rate,a1_r_rate,330,-0.10788124803468138
a1_d_09,a1_l_rate,a1_r_rate,340,-0.10784726165781142
a1_d_09,a1_l_rate,a1_r_rate,350,-0.10776979287341962
a1_d_09,a1_l_rate,a1_r_rate,360,-0.10762153165412679
a1_d_09,a1_l_rate,a1_r_rate,370,-0.10737325023484226
a1_d_09,a1_l_rate,a1_r_rate,380,-0.1070091140412988
a1_d_09,a1_l_rate,a1_r_rate,390,-0.10653659107435866
a1_d_09,a1_l_rate,a1_r_rate,400,-0.10598639420384279
a1_d_09,a1_l_rate,a1_r_rate,410,-0.10540341365839058
a1_d_09,a1_l_rate,a1_r_rate,420,-0.10483359498451297
a1_d_09,a1_l_rate,a1_r_rate,430,-0.10431280091894511
a1_d_09,a1_l_rate,a1_r_rate,440,-0.1038615558057465
a1_d_09,a1_l_rate,a1_r_rate,450,-0.10348631690673406
a1_d_09,a1_l_rate,a1_r_rate,460,-0.10318570975057594
a1_d_09,a1_l_rate,a1_r_rate,470,-0.1029589051660276
a1_d_09,a1_l_rate,a1_r_rate,480,-0.10281146263051547
a1_d_09,a1_l_rate,a1_r_rate,490,-0.10275342733420069
a1_d_09,a1_l_rate,a1_r_rate,500,-0.10278916915986383
a1_d_09,A_minus_B,yaw,-500,-0.15888985781297493
a1_d_09,A_minus_B,yaw,-490,-0.16216119564479636
a1_d_09,A_minus_B,yaw,-480,-0.16541289898756023
a1_d_09,A_minus_B,yaw,-470,-0.16865189814614656
a1_d_09,A_minus_B,yaw,-460,-0.1718828099695814
a1_d_09,A_minus_B,yaw,-450,-0.17510290555235444
a1_d_09,A_minus_B,yaw,-440,-0.17832603486700643
a1_d_09,A_minus_B,yaw,-430,-0.18156314080462874
a1_d_09,A_minus_B,yaw,-420,-0.18480751380637622
a1_d_09,A_minus_B,yaw,-410,-0.18807166872654066
a1_d_09,A_minus_B,yaw,-400,-0.19134247850276814
a1_d_09,A_minus_B,yaw,-390,-0.19462392771046688
a1_d_09,A_minus_B,yaw,-380,-0.19792917098153798
a1_d_09,A_minus_B,yaw,-370,-0.20127183540625998
a1_d_09,A_minus_B,yaw,-360,-0.2046567823904635
a1_d_09,A_minus_B,yaw,-350,-0.20809711146393398
a1_d_09,A_minus_B,yaw,-340,-0.21160762761920646
a1_d_09,A_minus_B,yaw,-330,-0.2151844099979754
a1_d_09,A_minus_B,yaw,-320,-0.21883356583882288
a1_d_09,A_minus_B,yaw,-310,-0.22253450898162586
a1_d_09,A_minus_B,yaw,-300,-0.22625891468217313
a1_d_09,A_minus_B,yaw,-290,-0.22998663794898316
a1_d_09,A_minus_B,yaw,-280,-0.23369850041193974
a1_d_09,A_minus_B,yaw,-270,-0.23739546262905784
a1_d_09,A_minus_B,yaw,-260,-0.24108366798571595
a1_d_09,A_minus_B,yaw,-250,-0.24476176115184362
a1_d_09,A_minus_B,yaw,-240,-0.24842202794518067
a1_d_09,A_minus_B,yaw,-230,-0.25204844750586514
a1_d_09,A_minus_B,yaw,-220,-0.2556218819397712
a1_d_09,A_minus_B,yaw,-210,-0.2591252344615078
a1_d_09,A_minus_B,yaw,-200,-0.26256370033312243
a1_d_09,A_minus_B,yaw,-190,-0.26592725784984506
a1_d_09,A_minus_B,yaw,-180,-0.2692034131328896
a1_d_09,A_minus_B,yaw,-170,-0.2723614001564381
a1_d_09,A_minus_B,yaw,-160,-0.2753632741232907
a1_d_09,A_minus_B,yaw,-150,-0.27819554703305777
a1_d_09,A_minus_B,yaw,-140,-0.2808343018170602
a1_d_09,A_minus_B,yaw,-130,-0.2832941501638491
a1_d_09,A_minus_B,yaw,-120,-0.28560293837747724
a1_d_09,A_minus_B,yaw,-110,-0.28781254486320734
a1_d_09,A_minus_B,yaw,-100,-0.28996674490302904
a1_d_09,A_minus_B,yaw,-90,-0.29212783278707405
a1_d_09,A_minus_B,yaw,-80,-0.29433732837344107
a1_d_09,A_minus_B,yaw,-70,-0.29665010446813317
a1_d_09,A_minus_B,yaw,-60,-0.2991234125270694
a1_d_09,A_minus_B,yaw,-50,-0.301801094256297
a1_d_09,A_minus_B,yaw,-40,-0.3047118669586488
a1_d_09,A_minus_B,yaw,-30,-0.30789903673483043
a1_d_09,A_minus_B,yaw,-20,-0.3113925971863647
a1_d_09,A_minus_B,yaw,-10,-0.3152061789679427
a1_d_09,A_minus_B,yaw,0,-0.3193469951517719
a1_d_09,A_minus_B,yaw,10,-0.3238886959346352
a1_d_09,A_minus_B,yaw,20,-0.32877391560625246
a1_d_09,A_minus_B,yaw,30,-0.3340095485919954
a1_d_09,A_minus_B,yaw,40,-0.33959751166198904
a1_d_09,A_minus_B,yaw,50,-0.345525476033688
a1_d_09,A_minus_B,yaw,60,-0.3517400959872234
a1_d_09,A_minus_B,yaw,70,-0.358154752521701
a1_d_09,A_minus_B,yaw,80,-0.3646004143602255
a1_d_09,A_minus_B,yaw,90,-0.3708941737089268
a1_d_09,A_minus_B,yaw,100,-0.37684131486069083
a1_d_09,A_minus_B,yaw,110,-0.38226165104358084
a1_d_09,A_minus_B,yaw,120,-0.38698342727071827
a1_d_09,A_minus_B,yaw,130,-0.390824625134521
a1_d_09,A_minus_B,yaw,140,-0.3935834525950906
a1_d_09,A_minus_B,yaw,150,-0.3951140741937465
a1_d_09,A_minus_B,yaw,160,-0.39532605851745234
a1_d_09,A_minus_B,yaw,170,-0.39416060475671955
a1_d_09,A_minus_B,yaw,180,-0.3916529594206708
a1_d_09,A_minus_B,yaw,190,-0.38787883642073395
a1_d_09,A_minus_B,yaw,200,-0.38294409450327577
a1_d_09,A_minus_B,yaw,210,-0.3769789321020711
a1_d_09,A_minus_B,yaw,220,-0.3701126134932236
a1_d_09,A_minus_B,yaw,230,-0.36249155623092555
a1_d_09,A_minus_B,yaw,240,-0.35427560222545385
a1_d_09,A_minus_B,yaw,250,-0.3456132167995032
a1_d_09,A_minus_B,yaw,260,-0.33665245082296347
a1_d_09,A_minus_B,yaw,270,-0.32754457322713104
a1_d_09,A_minus_B,yaw,280,-0.3184020571903717
a1_d_09,A_minus_B,yaw,290,-0.3093602215267372
a1_d_09,A_minus_B,yaw,300,-0.3005122967209414
a1_d_09,A_minus_B,yaw,310,-0.29195179056039783
a1_d_09,A_minus_B,yaw,320,-0.2837686917720898
a1_d_09,A_minus_B,yaw,330,-0.27602477251022206
a1_d_09,A_minus_B,yaw,340,-0.2687651181721201
a1_d_09,A_minus_B,yaw,350,-0.2620065956881136
a1_d_09,A_minus_B,yaw,360,-0.25572746866421336
a1_d_09,A_minus_B,yaw,370,-0.24988694172934506
a1_d_09,A_minus_B,yaw,380,-0.2444436348109426
a1_d_09,A_minus_B,yaw,390,-0.23935360261667413
a1_d_09,A_minus_B,yaw,400,-0.2345897919960157
a1_d_09,A_minus_B,yaw,410,-0.23012358082648307
a1_d_09,A_minus_B,yaw,420,-0.22592569019199812
a1_d_09,A_minus_B,yaw,430,-0.22197561753125236
a1_d_09,A_minus_B,yaw,440,-0.2182500112863503
a1_d_09,A_minus_B,yaw,450,-0.21471290124058365
a1_d_09,A_minus_B,yaw,460,-0.21132702097941153
a1_d_09,A_minus_B,yaw,470,-0.20805635321024427
a1_d_09,A_minus_B,yaw,480,-0.20487563419207874
a1_d_09,A_minus_B,yaw,490,-0.20175858615150985
a1_d_09,A_minus_B,yaw,500,-0.1986946290946951
a1_d_09,A_plus_B,yaw,-500,0.07459734764565633
a1_d_09,A_plus_B,yaw,-490,0.0768079997270824
a1_d_09,A_plus_B,yaw,-480,0.0789327841832274
a1_d_09,A_plus_B,yaw,-470,0.08096897212877505
a1_d_09,A_plus_B,yaw,-460,0.08292619757108677
a1_d_09,A_plus_B,yaw,-450,0.08481201964443555
a1_d_09,A_plus_B,yaw,-440,0.08662457873938227
a1_d_09,A_plus_B,yaw,-430,0.08836639827910796
a1_d_09,A_plus_B,yaw,-420,0.09003171150078243
a1_d_09,A_plus_B,yaw,-410,0.09162477416918915
a1_d_09,A_plus_B,yaw,-400,0.09314893365891465
a1_d_09,A_plus_B,yaw,-390,0.0946174226265771
a1_d_09,A_plus_B,yaw,-380,0.09604654819104509
a1_d_09,A_plus_B,yaw,-370,0.09746223797603583
a1_d_09,A_plus_B,yaw,-360,0.0988846738105511
a1_d_09,A_plus_B,yaw,-350,0.1003590111521232
a1_d_09,A_plus_B,yaw,-340,0.10190638987411213
a1_d_09,A_plus_B,yaw,-330,0.10355159858402353
a1_d_09,A_plus_B,yaw,-320,0.10531441112780392
a1_d_09,A_plus_B,yaw,-310,0.10717673701724764
a1_d_09,A_plus_B,yaw,-300,0.10913856519546061
a1_d_09,A_plus_B,yaw,-290,0.11120495443431834
a1_d_09,A_plus_B,yaw,-280,0.11336880240271009
a1_d_09,A_plus_B,yaw,-270,0.11564605466432393
a1_d_09,A_plus_B,yaw,-260,0.11802809662373932
a1_d_09,A_plus_B,yaw,-250,0.12049385513531631
a1_d_09,A_plus_B,yaw,-240,0.12302445452522671
a1_d_09,A_plus_B,yaw,-230,0.12559901589571507
a1_d_09,A_plus_B,yaw,-220,0.12821084381747655
a1_d_09,A_plus_B,yaw,-210,0.13084237481802502
a1_d_09,A_plus_B,yaw,-200,0.13349238268135175
a1_d_09,A_plus_B,yaw,-190,0.13614918837555287
a1_d_09,A_plus_B,yaw,-180,0.13880731602906426
a1_d_09,A_plus_B,yaw,-170,0.14143175787674764
a1_d_09,A_plus_B,yaw,-160,0.14401543646567427
a1_d_09,A_plus_B,yaw,-150,0.14657457652548156
a1_d_09,A_plus_B,yaw,-140,0.14912678447568942
a1_d_09,A_plus_B,yaw,-130,0.15166870270393093
a1_d_09,A_plus_B,yaw,-120,0.15419341154366983
a1_d_09,A_plus_B,yaw,-110,0.15667079172186746
a1_d_09,A_plus_B,yaw,-100,0.15907656043894344
a1_d_09,A_plus_B,yaw,-90,0.16139417031752676
a1_d_09,A_plus_B,yaw,-80,0.1636005267728671
a1_d_09,A_plus_B,yaw,-70,0.16570611555732448
a1_d_09,A_plus_B,yaw,-60,0.1677200833501831
a1_d_09,A_plus_B,yaw,-50,0.16965550451450956
a1_d_09,A_plus_B,yaw,-40,0.1715433906256644
a1_d_09,A_plus_B,yaw,-30,0.17342409640954626
a1_d_09,A_plus_B,yaw,-20,0.1753411361032261
a1_d_09,A_plus_B,yaw,-10,0.17732969981099653
a1_d_09,A_plus_B,yaw,0,0.17940921971332138
a1_d_09,A_plus_B,yaw,10,0.18142080770345187
a1_d_09,A_plus_B,yaw,20,0.18352949216747208
a1_d_09,A_plus_B,yaw,30,0.18572506440351083
a1_d_09,A_plus_B,yaw,40,0.1880018434639805
a1_d_09,A_plus_B,yaw,50,0.1903937154235409
a1_d_09,A_plus_B,yaw,60,0.192920418476793
a1_d_09,A_plus_B,yaw,70,0.19557692602462456
a1_d_09,A_plus_B,yaw,80,0.19832432379988799
a1_d_09,A_plus_B,yaw,90,0.20110957688496162
a1_d_09,A_plus_B,yaw,100,0.20387262436228235
a1_d_09,A_plus_B,yaw,110,0.20654507831711189
a1_d_09,A_plus_B,yaw,120,0.2090667440640295
a1_d_09,A_plus_B,yaw,130,0.21134331004709286
a1_d_09,A_plus_B,yaw,140,0.21325110985422052
a1_d_09,A_plus_B,yaw,150,0.2146552431570384
a1_d_09,A_plus_B,yaw,160,0.21544771781438543
a1_d_09,A_plus_B,yaw,170,0.21552155714089238
a1_d_09,A_plus_B,yaw,180,0.21484992985613366
a1_d_09,A_plus_B,yaw,190,0.2134612506519082
a1_d_09,A_plus_B,yaw,200,0.21137856525950124
a1_d_09,A_plus_B,yaw,210,0.20863372817896197
a1_d_09,A_plus_B,yaw,220,0.2052402157695723
a1_d_09,A_plus_B,yaw,230,0.20121232776503686
a1_d_09,A_plus_B,yaw,240,0.19660791946401024
a1_d_09,A_plus_B,yaw,250,0.19149796114296855
a1_d_09,A_plus_B,yaw,260,0.18597055193277712
a1_d_09,A_plus_B,yaw,270,0.18013971707449364
a1_d_09,A_plus_B,yaw,280,0.17410586523538096
a1_d_09,A_plus_B,yaw,290,0.16798068132798566
a1_d_09,A_plus_B,yaw,300,0.1618577106016278
a1_d_09,A_plus_B,yaw,310,0.15582731400462407
a1_d_09,A_plus_B,yaw,320,0.14996440253184845
a1_d_09,A_plus_B,yaw,330,0.14429376160893387
a1_d_09,A_plus_B,yaw,340,0.13885669244348678
a1_d_09,A_plus_B,yaw,350,0.1336760734392096
a1_d_09,A_plus_B,yaw,360,0.12876553435656107
a1_d_09,A_plus_B,yaw,370,0.12413458809841034
a1_d_09,A_plus_B,yaw,380,0.11979779041231414
a1_d_09,A_plus_B,yaw,390,0.11575941976218032
a1_d_09,A_plus_B,yaw,400,0.11201723383885429
a1_d_09,A_plus_B,yaw,410,0.108571658854254
a1_d_09,A_plus_B,yaw,420,0.10538727167181307
a1_d_09,A_plus_B,yaw,430,0.10242835625285891
a1_d_09,A_plus_B,yaw,440,0.09968020702123158
a1_d_09,A_plus_B,yaw,450,0.09710625041606383
a1_d_09,A_plus_B,yaw,460,0.09467286714521214
a1_d_09,A_plus_B,yaw,470,0.0923636008732207
a1_d_09,A_plus_B,yaw,480,0.0901547145537654
a1_d_09,A_plus_B,yaw,490,0.08804340224998253
a1_d_09,A_plus_B,yaw,500,0.08603840463501919
a1_a2_d_04,a2_l_rate,yaw,-500,-0.12933325781109528
a1_a2_d_04,a2_l_rate,yaw,-490,-0.12978128372160874
a1_a2_d_04,a2_l_rate,yaw,-480,-0.13023470827156813
a1_a2_d_04,a2_l_rate,yaw,-470,-0.1306850237536779
a1_a2_d_04,a2_l_rate,yaw,-460,-0.1311400946687305
a1_a2_d_04,a2_l_rate,yaw,-450,-0.13161519342879524
a1_a2_d_04,a2_l_rate,yaw,-440,-0.13211543040050863
a1_a2_d_04,a2_l_rate,yaw,-430,-0.13262741110422957
a1_a2_d_04,a2_l_rate,yaw,-420,-0.13312726213210307
a1_a2_d_04,a2_l_rate,yaw,-410,-0.13359575465832488
a1_a2_d_04,a2_l_rate,yaw,-400,-0.13402848401196948
a1_a2_d_04,a2_l_rate,yaw,-390,-0.13443685272412007
a1_a2_d_04,a2_l_rate,yaw,-380,-0.13484422085954856
a1_a2_d_04,a2_l_rate,yaw,-370,-0.13528271779381534
a1_a2_d_04,a2_l_rate,yaw,-360,-0.13579116958087284
a1_a2_d_04,a2_l_rate,yaw,-350,-0.13640757453197072
a1_a2_d_04,a2_l_rate,yaw,-340,-0.13715617614986592
a1_a2_d_04,a2_l_rate,yaw,-330,-0.13803779629182167
a1_a2_d_04,a2_l_rate,yaw,-320,-0.13903194502838603
a1_a2_d_04,a2_l_rate,yaw,-310,-0.14010562720568767
a1_a2_d_04,a2_l_rate,yaw,-300,-0.14123585966450725
a1_a2_d_04,a2_l_rate,yaw,-290,-0.1424127680258758
a1_a2_d_04,a2_l_rate,yaw,-280,-0.14364157988471313
a1_a2_d_04,a2_l_rate,yaw,-270,-0.1449347204569848
a1_a2_d_04,a2_l_rate,yaw,-260,-0.1462941693871241
a1_a2_d_04,a2_l_rate,yaw,-250,-0.1476913023805183
a1_a2_d_04,a2_l_rate,yaw,-240,-0.14905643740846472
a1_a2_d_04,a2_l_rate,yaw,-230,-0.1502859956025823
a1_a2_d_04,a2_l_rate,yaw,-220,-0.15125722993362278
a1_a2_d_04,a2_l_rate,yaw,-210,-0.15185930836997683
a1_a2_d_04,a2_l_rate,yaw,-200,-0.15200585415638493
a1_a2_d_04,a2_l_rate,yaw,-190,-0.15163670532329324
a1_a2_d_04,a2_l_rate,yaw,-180,-0.1507095415387134
a1_a2_d_04,a2_l_rate,yaw,-170,-0.14919346141106918
a1_a2_d_04,a2_l_rate,yaw,-160,-0.14706849236879643
a1_a2_d_04,a2_l_rate,yaw,-150,-0.14432924516646597
a1_a2_d_04,a2_l_rate,yaw,-140,-0.1409926269941332
a1_a2_d_04,a2_l_rate,yaw,-130,-0.1371042131053313
a1_a2_d_04,a2_l_rate,yaw,-120,-0.1327448912938392
a1_a2_d_04,a2_l_rate,yaw,-110,-0.12803331301800883
a1_a2_d_04,a2_l_rate,yaw,-100,-0.12312375041230732
a1_a2_d_04,a2_l_rate,yaw,-90,-0.11820464238674622
a1_a2_d_04,a2_l_rate,yaw,-80,-0.11349541635463688
a1_a2_d_04,a2_l_rate,yaw,-70,-0.10924710884353966
a1_a2_d_04,a2_l_rate,yaw,-60,-0.10573898266330325
a1_a2_d_04,a2_l_rate,yaw,-50,-0.1032654050135392
a1_a2_d_04,a2_l_rate,yaw,-40,-0.1021124764000993
a1_a2_d_04,a2_l_rate,yaw,-30,-0.10253047174601142
a1_a2_d_04,a2_l_rate,yaw,-20,-0.10472400743258302
a1_a2_d_04,a2_l_rate,yaw,-10,-0.108837388145249
a1_a2_d_04,a2_l_rate,yaw,0,-0.1149612019755078
a1_a2_d_04,a2_l_rate,yaw,10,-0.12314048696390957
a1_a2_d_04,a2_l_rate,yaw,20,-0.13334835322909883
a1_a2_d_04,a2_l_rate,yaw,30,-0.1454851517028804
a1_a2_d_04,a2_l_rate,yaw,40,-0.15935140471319323
a1_a2_d_04,a2_l_rate,yaw,50,-0.17463605761388595
a1_a2_d_04,a2_l_rate,yaw,60,-0.19092391202124043
a1_a2_d_04,a2_l_rate,yaw,70,-0.20772178649130113
a1_a2_d_04,a2_l_rate,yaw,80,-0.2244903863885803
a1_a2_d_04,a2_l_rate,yaw,90,-0.24067198736649226
a1_a2_d_04,a2_l_rate,yaw,100,-0.25571524887744645
a1_a2_d_04,a2_l_rate,yaw,110,-0.26910204483205413
a1_a2_d_04,a2_l_rate,yaw,120,-0.2803828967677187
a1_a2_d_04,a2_l_rate,yaw,130,-0.289217440225057
a1_a2_d_04,a2_l_rate,yaw,140,-0.2954046691226813
a1_a2_d_04,a2_l_rate,yaw,150,-0.2988914300890925
a1_a2_d_04,a2_l_rate,yaw,160,-0.29976012622166304
a1_a2_d_04,a2_l_rate,yaw,170,-0.2982040997530442
a1_a2_d_04,a2_l_rate,yaw,180,-0.29449861304345704
a1_a2_d_04,a2_l_rate,yaw,190,-0.2889721300739971
a1_a2_d_04,a2_l_rate,yaw,200,-0.28197868889652905
a1_a2_d_04,a2_l_rate,yaw,210,-0.27387362239482393
a1_a2_d_04,a2_l_rate,yaw,220,-0.26499891715457785
a1_a2_d_04,a2_l_rate,yaw,230,-0.25567888200346833
a1_a2_d_04,a2_l_rate,yaw,240,-0.24621849361631595
a1_a2_d_04,a2_l_rate,yaw,250,-0.23689564913256067
a1_a2_d_04,a2_l_rate,yaw,260,-0.22794739462281502
a1_a2_d_04,a2_l_rate,yaw,270,-0.2195586305748405
a1_a2_d_04,a2_l_rate,yaw,280,-0.2118625701452706
a1_a2_d_04,a2_l_rate,yaw,290,-0.20495166403039833
a1_a2_d_04,a2_l_rate,yaw,300,-0.1988881592601122
a1_a2_d_04,a2_l_rate,yaw,310,-0.19370396484719157
a1_a2_d_04,a2_l_rate,yaw,320,-0.18939139536368582
a1_a2_d_04,a2_l_rate,yaw,330,-0.18589784944600135
a1_a2_d_04,a2_l_rate,yaw,340,-0.18313476120636385
a1_a2_d_04,a2_l_rate,yaw,350,-0.1809978612875751
a1_a2_d_04,a2_l_rate,yaw,360,-0.17938502518306354
a1_a2_d_04,a2_l_rate,yaw,370,-0.1782036713196273
a1_a2_d_04,a2_l_rate,yaw,380,-0.17736945788746666
a1_a2_d_04,a2_l_rate,yaw,390,-0.17680449962038552
a1_a2_d_04,a2_l_rate,yaw,400,-0.1764381261843843
a1_a2_d_04,a2_l_rate,yaw,410,-0.17620696523085724
a1_a2_d_04,a2_l_rate,yaw,420,-0.17605475088090236
a1_a2_d_04,a2_l_rate,yaw,430,-0.1759338698442955
a1_a2_d_04,a2_l_rate,yaw,440,-0.17580909265462394
a1_a2_d_04,a2_l_rate,yaw,450,-0.17565959082241842
a1_a2_d_04,a2_l_rate,yaw,460,-0.1754757927306892
a1_a2_d_04,a2_l_rate,yaw,470,-0.17525178960062796
a1_a2_d_04,a2_l_rate,yaw,480,-0.17497826529999913
a1_a2_d_04,a2_l_rate,yaw,490,-0.17463978476002906
a1_a2_d_04,a2_l_rate,yaw,500,-0.1742169445263924
a1_a2_d_04,a1_l_rate,yaw,-500,-0.09273545204341488
a1_a2_d_04,a1_l_rate,yaw,-490,-0.09290440417637064
a1_a2_d_04,a1_l_rate,yaw,-480,-0.0930050872020466
a1_a2_d_04,a1_l_rate,yaw,-470,-0.09307729333573389
a1_a2_d_04,a1_l_rate,yaw,-460,-0.09315965133002096
a1_a2_d_04,a1_l_rate,yaw,-450,-0.09326928249926436
a1_a2_d_04,a1_l_rate,yaw,-440,-0.09339559041631282
a1_a2_d_04,a1_l_rate,yaw,-430,-0.09351341841708945
a1_a2_d_04,a1_l_rate,yaw,-420,-0.09360178246848162
a1_a2_d_04,a1_l_rate,yaw,-410,-0.09365785122171295
a1_a2_d_04,a1_l_rate,yaw,-400,-0.09369663244300881
a1_a2_d_04,a1_l_rate,yaw,-390,-0.09374134799364299
a1_a2_d_04,a1_l_rate,yaw,-380,-0.09381466280815821
a1_a2_d_04,a1_l_rate,yaw,-370,-0.09393792025986664
a1_a2_d_04,a1_l_rate,yaw,-360,-0.09413153431586067
a1_a2_d_04,a1_l_rate,yaw,-350,-0.09441230824029977
a1_a2_d_04,a1_l_rate,yaw,-340,-0.09479365117006401
a1_a2_d_04,a1_l_rate,yaw,-330,-0.09528279404847488
a1_a2_d_04,a1_l_rate,yaw,-320,-0.09587965682256411
a1_a2_d_04,a1_l_rate,yaw,-310,-0.09657523721355518
a1_a2_d_04,a1_l_rate,yaw,-300,-0.09733781060898125
a1_a2_d_04,a1_l_rate,yaw,-290,-0.09812985589643908
a1_a2_d_04,a1_l_rate,yaw,-280,-0.0989262155117412
a1_a2_d_04,a1_l_rate,yaw,-270,-0.09972803286133373
a1_a2_d_04,a1_l_rate,yaw,-260,-0.10056468497762588
a1_a2_d_04,a1_l_rate,yaw,-250,-0.10147230956255722
a1_a2_d_04,a1_l_rate,yaw,-240,-0.10247253724408877
a1_a2_d_04,a1_l_rate,yaw,-230,-0.10355545733550674
a1_a2_d_04,a1_l_rate,yaw,-220,-0.1046885947542533
a1_a2_d_04,a1_l_rate,yaw,-210,-0.10581625597816323
a1_a2_d_04,a1_l_rate,yaw,-200,-0.10687251968263595
a1_a2_d_04,a1_l_rate,yaw,-190,-0.10779308754104402
a1_a2_d_04,a1_l_rate,yaw,-180,-0.10852797308447323
a1_a2_d_04,a1_l_rate,yaw,-170,-0.10905240418285071
a1_a2_d_04,a1_l_rate,yaw,-160,-0.10937472531021963
a1_a2_d_04,a1_l_rate,yaw,-150,-0.10953521733269585
a1_a2_d_04,a1_l_rate,yaw,-140,-0.10959899797457831
a1_a2_d_04,a1_l_rate,yaw,-130,-0.1096430627118888
a1_a2_d_04,a1_l_rate,yaw,-120,-0.10974803945198157
a1_a2_d_04,a1_l_rate,yaw,-110,-0.1099944381792717
a1_a2_d_04,a1_l_rate,yaw,-100,-0.11046394855896181
a1_a2_d_04,a1_l_rate,yaw,-90,-0.11124048867209825
a1_a2_d_04,a1_l_rate,yaw,-80,-0.1124088471770837
a1_a2_d_04,a1_l_rate,yaw,-70,-0.11405467910483584
a1_a2_d_04,a1_l_rate,yaw,-60,-0.11625476598083541
a1_a2_d_04,a1_l_rate,yaw,-50,-0.11906440320794236
a1_a2_d_04,a1_l_rate,yaw,-40,-0.12249760463566745
a1_a2_d_04,a1_l_rate,yaw,-30,-0.12651770847279697
a1_a2_d_04,a1_l_rate,yaw,-20,-0.13103025576179264
a1_a2_d_04,a1_l_rate,yaw,-10,-0.13591045197870955
a1_a2_d_04,a1_l_rate,yaw,0,-0.14101383535346887
a1_a2_d_04,a1_l_rate,yaw,10,-0.14618589999370463
a1_a2_d_04,a1_l_rate,yaw,20,-0.1512927937467298
a1_a2_d_04,a1_l_rate,yaw,30,-0.1562158223599807
a1_a2_d_04,a1_l_rate,yaw,40,-0.1608628503253202
a1_a2_d_04,a1_l_rate,yaw,50,-0.16516241848890562
a1_a2_d_04,a1_l_rate,yaw,60,-0.16905227042872134
a1_a2_d_04,a1_l_rate,yaw,70,-0.17246685762337158
a1_a2_d_04,a1_l_rate,yaw,80,-0.17533414540064132
a1_a2_d_04,a1_l_rate,yaw,90,-0.1775800796972808
a1_a2_d_04,a1_l_rate,yaw,100,-0.17913133331656117
a1_a2_d_04,a1_l_rate,yaw,110,-0.17992002415731123
a1_a2_d_04,a1_l_rate,yaw,120,-0.17988864105301072
a1_a2_d_04,a1_l_rate,yaw,130,-0.17899403044583984
a1_a2_d_04,a1_l_rate,yaw,140,-0.17721515849082123
a1_a2_d_04,a1_l_rate,yaw,150,-0.17456397554303685
a1_a2_d_04,a1_l_rate,yaw,160,-0.171093840277454
a1_a2_d_04,a1_l_rate,yaw,170,-0.16690430660846053
a1_a2_d_04,a1_l_rate,yaw,180,-0.16214139328571012
a1_a2_d_04,a1_l_rate,yaw,190,-0.15698586903919062
a1_a2_d_04,a1_l_rate,yaw,200,-0.15162852067721203
a1_a2_d_04,a1_l_rate,yaw,210,-0.1462418408025302
a1_a2_d_04,a1_l_rate,yaw,220,-0.14096033712418413
a1_a2_d_04,a1_l_rate,yaw,230,-0.135877107177491
a1_a2_d_04,a1_l_rate,yaw,240,-0.13105626521680808
a1_a2_d_04,a1_l_rate,yaw,250,-0.1265500707452793
a1_a2_d_04,a1_l_rate,yaw,260,-0.12241029178008393
a1_a2_d_04,a1_l_rate,yaw,270,-0.11868695592259486
a1_a2_d_04,a1_l_rate,yaw,280,-0.11541596353597258
a1_a2_d_04,a1_l_rate,yaw,290,-0.11260643466742788
a1_a2_d_04,a1_l_rate,yaw,300,-0.1102413397351209
a1_a2_d_04,a1_l_rate,yaw,310,-0.10829288126014563
a1_a2_d_04,a1_l_rate,yaw,320,-0.10673825840337592
a1_a2_d_04,a1_l_rate,yaw,330,-0.10556211409670667
a1_a2_d_04,a1_l_rate,yaw,340,-0.1047477865697799
a1_a2_d_04,a1_l_rate,yaw,350,-0.10427094133245342
a1_a2_d_04,a1_l_rate,yaw,360,-0.10410124936787184
a1_a2_d_04,a1_l_rate,yaw,370,-0.10420101734433983
a1_a2_d_04,a1_l_rate,yaw,380,-0.10451860355978977
a1_a2_d_04,a1_l_rate,yaw,390,-0.10498259816062619
a1_a2_d_04,a1_l_rate,yaw,400,-0.10550833334221815
a1_a2_d_04,a1_l_rate,yaw,410,-0.10602108607258494
a1_a2_d_04,a1_l_rate,yaw,420,-0.10647941826499395
a1_a2_d_04,a1_l_rate,yaw,430,-0.10688133711727651
a1_a2_d_04,a1_l_rate,yaw,440,-0.10724881104561726
a1_a2_d_04,a1_l_rate,yaw,450,-0.10760173091737212
a1_a2_d_04,a1_l_rate,yaw,460,-0.107937307571608
a1_a2_d_04,a1_l_rate,yaw,470,-0.10822545343768121
a1_a2_d_04,a1_l_rate,yaw,480,-0.10842025387524645
a1_a2_d_04,a1_l_rate,yaw,490,-0.108478796820674
a1_a2_d_04,a1_l_rate,yaw,500,-0.10837707091573141
a1_a2_d_04,a2_l_rate,a1_l_rate,-500,0.30399691089552316
a1_a2_d_04,a2_l_rate,a1_l_rate,-490,0.30648813393604474
a1_a2_d_04,a2_l_rate,a1_l_rate,-480,0.30906297690133405
a1_a2_d_04,a2_l_rate,a1_l_rate,-470,0.31169726507514983
a1_a2_d_04,a2_l_rate,a1_l_rate,-460,0.3143717211031524
a1_a2_d_04,a2_l_rate,a1_l_rate,-450,0.3170753203873054
a1_a2_d_04,a2_l_rate,a1_l_rate,-440,0.31980538458513114
a1_a2_d_04,a2_l_rate,a1_l_rate,-430,0.32256502614285987
a1_a2_d_04,a2_l_rate,a1_l_rate,-420,0.32535915720257136
a1_a2_d_04,a2_l_rate,a1_l_rate,-410,0.3281903993088779
a1_a2_d_04,a2_l_rate,a1_l_rate,-400,0.33105618547752197
a1_a2_d_04,a2_l_rate,a1_l_rate,-390,0.33394831099660366
a1_a2_d_04,a2_l_rate,a1_l_rate,-380,0.3368556501529828
a1_a2_d_04,a2_l_rate,a1_l_rate,-370,0.33976936105148725
a1_a2_d_04,a2_l_rate,a1_l_rate,-360,0.34268838131346874
a1_a2_d_04,a2_l_rate,a1_l_rate,-350,0.3456227824293033
a1_a2_d_04,a2_l_rate,a1_l_rate,-340,0.3485939586570459
a1_a2_d_04,a2_l_rate,a1_l_rate,-330,0.35163245653378633
a1_a2_d_04,a2_l_rate,a1_l_rate,-320,0.3547748403455616
a1_a2_d_04,a2_l_rate,a1_l_rate,-310,0.35805999528430243
a1_a2_d_04,a2_l_rate,a1_l_rate,-300,0.36152406569654416
a1_a2_d_04,a2_l_rate,a1_l_rate,-290,0.3651936712187377
a1_a2_d_04,a2_l_rate,a1_l_rate,-280,0.369079342983426
a1_a2_d_04,a2_l_rate,a1_l_rate,-270,0.3731731597799659
a1_a2_d_04,a2_l_rate,a1_l_rate,-260,0.377453905102196
a1_a2_d_04,a2_l_rate,a1_l_rate,-250,0.38189934452194024
a1_a2_d_04,a2_l_rate,a1_l_rate,-240,0.3865006201210905
a1_a2_d_04,a2_l_rate,a1_l_rate,-230,0.3912714093612683
a1_a2_d_04,a2_l_rate,a1_l_rate,-220,0.3962464554449862
a1_a2_d_04,a2_l_rate,a1_l_rate,-210,0.40146954036695814
a1_a2_d_04,a2_l_rate,a1_l_rate,-200,0.40697655311837383
a1_a2_d_04,a2_l_rate,a1_l_rate,-190,0.4127816112597635
a1_a2_d_04,a2_l_rate,a1_l_rate,-180,0.4188723916858377
a1_a2_d_04,a2_l_rate,a1_l_rate,-170,0.42521663453360936
a1_a2_d_04,a2_l_rate,a1_l_rate,-160,0.431777247584898
a1_a2_d_04,a2_l_rate,a1_l_rate,-150,0.4385300198536174
a1_a2_d_04,a2_l_rate,a1_l_rate,-140,0.4454768294914966
a1_a2_d_04,a2_l_rate,a1_l_rate,-130,0.4526490521711907
a1_a2_d_04,a2_l_rate,a1_l_rate,-120,0.4600996403522896
a1_a2_d_04,a2_l_rate,a1_l_rate,-110,0.4678860937237713
a1_a2_d_04,a2_l_rate,a1_l_rate,-100,0.4760488088633982
a1_a2_d_04,a2_l_rate,a1_l_rate,-90,0.48458958711979594
a1_a2_d_04,a2_l_rate,a1_l_rate,-80,0.49345358519058136
a1_a2_d_04,a2_l_rate,a1_l_rate,-70,0.5025157173853311
a1_a2_d_04,a2_l_rate,a1_l_rate,-60,0.5115710204979598
a1_a2_d_04,a2_l_rate,a1_l_rate,-50,0.5203292473116752
a1_a2_d_04,a2_l_rate,a1_l_rate,-40,0.5284176285130932
a1_a2_d_04,a2_l_rate,a1_l_rate,-30,0.5354002451685443
a1_a2_d_04,a2_l_rate,a1_l_rate,-20,0.5408227113476177
a1_a2_d_04,a2_l_rate,a1_l_rate,-10,0.5442826548095371
a1_a2_d_04,a2_l_rate,a1_l_rate,0,0.5455112834908179
a1_a2_d_04,a2_l_rate,a1_l_rate,10,0.5444436687148915
a1_a2_d_04,a2_l_rate,a1_l_rate,20,0.541217961780566
a1_a2_d_04,a2_l_rate,a1_l_rate,30,0.5361577700449834
a1_a2_d_04,a2_l_rate,a1_l_rate,40,0.5296844197479734
a1_a2_d_04,a2_l_rate,a1_l_rate,50,0.5222259798875307
a1_a2_d_04,a2_l_rate,a1_l_rate,60,0.5141495128844822
a1_a2_d_04,a2_l_rate,a1_l_rate,70,0.5057331437699586
a1_a2_d_04,a2_l_rate,a1_l_rate,80,0.4971730443311009
a1_a2_d_04,a2_l_rate,a1_l_rate,90,0.48860719687352305
a1_a2_d_04,a2_l_rate,a1_l_rate,100,0.4801379151860746
a1_a2_d_04,a2_l_rate,a1_l_rate,110,0.4718440939906912
a1_a2_d_04,a2_l_rate,a1_l_rate,120,0.46378366918285013
a1_a2_d_04,a2_l_rate,a1_l_rate,130,0.45599161957709744
a1_a2_d_04,a2_l_rate,a1_l_rate,140,0.4484788103060664
a1_a2_d_04,a2_l_rate,a1_l_rate,150,0.4412343397259345
a1_a2_d_04,a2_l_rate,a1_l_rate,160,0.43423142363874884
a1_a2_d_04,a2_l_rate,a1_l_rate,170,0.4274358586497804
a1_a2_d_04,a2_l_rate,a1_l_rate,180,0.4208162440928263
a1_a2_d_04,a2_l_rate,a1_l_rate,190,0.4143547136041054
a1_a2_d_04,a2_l_rate,a1_l_rate,200,0.40805552873128503
a1_a2_d_04,a2_l_rate,a1_l_rate,210,0.40194796014755607
a1_a2_d_04,a2_l_rate,a1_l_rate,220,0.3960810071162183
a1_a2_d_04,a2_l_rate,a1_l_rate,230,0.39051055422055975
a1_a2_d_04,a2_l_rate,a1_l_rate,240,0.38528296549569707
a1_a2_d_04,a2_l_rate,a1_l_rate,250,0.3804208335990558
a1_a2_d_04,a2_l_rate,a1_l_rate,260,0.3759153878888547
a1_a2_d_04,a2_l_rate,a1_l_rate,270,0.3717269324642123
a1_a2_d_04,a2_l_rate,a1_l_rate,280,0.36779167694833803
a1_a2_d_04,a2_l_rate,a1_l_rate,290,0.36403187879532894
a1_a2_d_04,a2_l_rate,a1_l_rate,300,0.36036675091260933
a1_a2_d_04,a2_l_rate,a1_l_rate,310,0.3567230886367142
a1_a2_d_04,a2_l_rate,a1_l_rate,320,0.3530450617611253
a1_a2_d_04,a2_l_rate,a1_l_rate,330,0.3493017017633553
a1_a2_d_04,a2_l_rate,a1_l_rate,340,0.3454898161333167
a1_a2_d_04,a2_l_rate,a1_l_rate,350,0.34163082219572477
a1_a2_d_04,a2_l_rate,a1_l_rate,360,0.3377620598880254
a1_a2_d_04,a2_l_rate,a1_l_rate,370,0.33392508123434633
a1_a2_d_04,a2_l_rate,a1_l_rate,380,0.3301544174228685
a1_a2_d_04,a2_l_rate,a1_l_rate,390,0.3264702932656598
a1_a2_d_04,a2_l_rate,a1_l_rate,400,0.322877527571555
a1_a2_d_04,a2_l_rate,a1_l_rate,410,0.31937053817041416
a1_a2_d_04,a2_l_rate,a1_l_rate,420,0.31594191231521196
a1_a2_d_04,a2_l_rate,a1_l_rate,430,0.31259069043355286
a1_a2_d_04,a2_l_rate,a1_l_rate,440,0.3093270321906711
a1_a2_d_04,a2_l_rate,a1_l_rate,450,0.30617172469867865
a1_a2_d_04,a2_l_rate,a1_l_rate,460,0.3031511410350614
a1_a2_d_04,a2_l_rate,a1_l_rate,470,0.30028984769405626
a1_a2_d_04,a2_l_rate,a1_l_rate,480,0.2976034893843559
a1_a2_d_04,a2_l_rate,a1_l_rate,490,0.2950942230768365
a1_a2_d_04,a2_l_rate,a1_l_rate,500,0.2927502496152727
a1_a2_d_04,A_minus_B,yaw,-500,-0.08177877789647983
a1_a2_d_04,A_minus_B,yaw,-490,-0.08217866539541308
a1_a2_d_04,A_minus_B,yaw,-480,-0.08263754185705209
a1_a2_d_04,A_minus_B,yaw,-470,-0.08311467926890337
a1_a2_d_04,A_minus_B,yaw,-460,-0.08358959500073547
a1_a2_d_04,A_minus_B,yaw,-450,-0.08406715273910903
a1_a2_d_04,A_minus_B,yaw,-440,-0.08456156676297037
a1_a2_d_04,A_minus_B,yaw,-430,-0.08507638901548141
a1_a2_d_04,A_minus_B,yaw,-420,-0.08559958043449974
a1_a2_d_04,A_minus_B,yaw,-410,-0.0861106301823509
a1_a2_d_04,A_minus_B,yaw,-400,-0.08659280392397795
a1_a2_d_04,A_minus_B,yaw,-390,-0.08704170398633626
a1_a2_d_04,A_minus_B,yaw,-380,-0.08746749897138341
a1_a2_d_04,A_minus_B,yaw,-370,-0.0878917748436806
a1_a2_d_04,A_minus_B,yaw,-360,-0.0883447886536171
a1_a2_d_04,A_minus_B,yaw,-350,-0.0888586134884067
a1_a2_d_04,A_minus_B,yaw,-340,-0.08945164674326597
a1_a2_d_04,A_minus_B,yaw,-330,-0.0901192875602086
a1_a2_d_04,A_minus_B,yaw,-320,-0.090837316115013
a1_a2_d_04,A_minus_B,yaw,-310,-0.09157359359426373
a1_a2_d_04,A_minus_B,yaw,-300,-0.09232533689117887
a1_a2_d_04,A_minus_B,yaw,-290,-0.0931097145587317
a1_a2_d_04,A_minus_B,yaw,-280,-0.09395221592426344
a1_a2_d_04,A_minus_B,yaw,-270,-0.09486660196206695
a1_a2_d_04,A_minus_B,yaw,-260,-0.09583257245582066
a1_a2_d_04,A_minus_B,yaw,-250,-0.09678843609885017
a1_a2_d_04,A_minus_B,yaw,-240,-0.0976350798684458
a1_a2_d_04,A_minus_B,yaw,-230,-0.09825752913255864
a1_a2_d_04,A_minus_B,yaw,-220,-0.09853546286262536
a1_a2_d_04,A_minus_B,yaw,-210,-0.09838051843182496
a1_a2_d_04,A_minus_B,yaw,-200,-0.09774114656146995
a1_a2_d_04,A_minus_B,yaw,-190,-0.0965955747542827
a1_a2_d_04,A_minus_B,yaw,-180,-0.09493214306441018
a1_a2_d_04,A_minus_B,yaw,-170,-0.09273334464742086
a1_a2_d_04,A_minus_B,yaw,-160,-0.08996916651439897
a1_a2_d_04,A_minus_B,yaw,-150,-0.08660227247243292
a1_a2_d_04,A_minus_B,yaw,-140,-0.08260255601157175
a1_a2_d_04,A_minus_B,yaw,-130,-0.07796467376177257
a1_a2_d_04,A_minus_B,yaw,-120,-0.0727223036859856
a1_a2_d_04,A_minus_B,yaw,-110,-0.06695396196050873
a1_a2_d_04,A_minus_B,yaw,-100,-0.06077947090647865
a1_a2_d_04,A_minus_B,yaw,-90,-0.05435741151407507
a1_a2_d_04,A_minus_B,yaw,-80,-0.04788237389552057
a1_a2_d_04,A_minus_B,yaw,-70,-0.04158568390279899
a1_a2_d_04,A_minus_B,yaw,-60,-0.03573891224158984
a1_a2_d_04,A_minus_B,yaw,-50,-0.030648058821500974
a1_a2_d_04,A_minus_B,yaw,-40,-0.026641098811403197
a1_a2_d_04,A_minus_B,yaw,-30,-0.024042551699583806
a1_a2_d_04,A_minus_B,yaw,-20,-0.023167308480047884
a1_a2_d_04,A_minus_B,yaw,-10,-0.024282172770888434
a1_a2_d_04,A_minus_B,yaw,0,-0.027605495660980993
a1_a2_d_04,A_minus_B,yaw,10,-0.0333102284006357
a1_a2_d_04,A_minus_B,yaw,20,-0.04146694058359498
a1_a2_d_04,A_minus_B,yaw,30,-0.05204899488143478
a1_a2_d_04,A_minus_B,yaw,40,-0.06489112902434022
a1_a2_d_04,A_minus_B,yaw,50,-0.079680047229847
a1_a2_d_04,A_minus_B,yaw,60,-0.09597205277064458
a1_a2_d_04,A_minus_B,yaw,70,-0.11323365170721206
a1_a2_d_04,A_minus_B,yaw,80,-0.13088175107511088
a1_a2_d_04,A_minus_B,yaw,90,-0.14831299711603183
a1_a2_d_04,A_minus_B,yaw,100,-0.1649310438787789
a1_a2_d_04,A_minus_B,yaw,110,-0.18017469061060143
a1_a2_d_04,A_minus_B,yaw,120,-0.19355602088087356
a1_a2_d_04,A_minus_B,yaw,130,-0.20470522013125284
a1_a2_d_04,A_minus_B,yaw,140,-0.21340041486159048
a1_a2_d_04,A_minus_B,yaw,150,-0.21956938705827778
a1_a2_d_04,A_minus_B,yaw,160,-0.22326855381536856
a1_a2_d_04,A_minus_B,yaw,170,-0.2246501781702888
a1_a2_d_04,A_minus_B,yaw,180,-0.22392783964998073
a1_a2_d_04,A_minus_B,yaw,190,-0.22135141954507298
a1_a2_d_04,A_minus_B,yaw,200,-0.2171933605813146
a1_a2_d_04,A_minus_B,yaw,210,-0.2117416968913667
a1_a2_d_04,A_minus_B,yaw,220,-0.20529790046972712
a1_a2_d_04,A_minus_B,yaw,230,-0.19817437726378204
a1_a2_d_04,A_minus_B,yaw,240,-0.19068289807141417
a1_a2_d_04,A_minus_B,yaw,250,-0.1831122352392637
a1_a2_d_04,A_minus_B,yaw,260,-0.17570314843533594
a1_a2_d_04,A_minus_B,yaw,270,-0.16863600089945407
a1_a2_d_04,A_minus_B,yaw,280,-0.1620408449885348
a1_a2_d_04,A_minus_B,yaw,290,-0.15602011369569566
a1_a2_d_04,A_minus_B,yaw,300,-0.1506606523975541
a1_a2_d_04,A_minus_B,yaw,310,-0.1460216921611624
a1_a2_d_04,A_minus_B,yaw,320,-0.14211170559259606
a1_a2_d_04,A_minus_B,yaw,330,-0.1388802171339838
a1_a2_d_04,A_minus_B,yaw,340,-0.13623517747365163
a1_a2_d_04,A_minus_B,yaw,350,-0.13407188004244808
a1_a2_d_04,A_minus_B,yaw,360,-0.13229278133373018
a1_a2_d_04,A_minus_B,yaw,370,-0.13081727827424822
a1_a2_d_04,A_minus_B,yaw,380,-0.12958521942556145
a1_a2_d_04,A_minus_B,yaw,390,-0.1285592932603845
a1_a2_d_04,A_minus_B,yaw,400,-0.12772095111781165
a1_a2_d_04,A_minus_B,yaw,410,-0.1270526638525931
a1_a2_d_04,A_minus_B,yaw,420,-0.126519717739576
a1_a2_d_04,A_minus_B,yaw,430,-0.12606728449936927
a1_a2_d_04,A_minus_B,yaw,440,-0.1256367501069468
a1_a2_d_04,A_minus_B,yaw,450,-0.12518814539109083
a1_a2_d_04,A_minus_B,yaw,460,-0.12471228115042317
a1_a2_d_04,A_minus_B,yaw,470,-0.12422531091454422
a1_a2_d_04,A_minus_B,yaw,480,-0.12375153124630991
a1_a2_d_04,A_minus_B,yaw,490,-0.12330568005377433
a1_a2_d_04,A_minus_B,yaw,500,-0.12288324932459986
a1_a2_d_04,A_plus_B,yaw,-500,-0.1298696369033079
a1_a2_d_04,A_plus_B,yaw,-490,-0.13025181363778066
a1_a2_d_04,A_plus_B,yaw,-480,-0.1306072733218549
a1_a2_d_04,A_plus_B,yaw,-470,-0.13094792246063003
a1_a2_d_04,A_plus_B,yaw,-460,-0.13129636788369645
a1_a2_d_04,A_plus_B,yaw,-450,-0.1316707066977947
a1_a2_d_04,A_plus_B,yaw,-440,-0.132069722292372
a1_a2_d_04,A_plus_B,yaw,-430,-0.13247302664897814
a1_a2_d_04,A_plus_B,yaw,-420,-0.1328549007153564
a1_a2_d_04,A_plus_B,yaw,-410,-0.13320088716172176
a1_a2_d_04,A_plus_B,yaw,-400,-0.1335146366238081
a1_a2_d_04,A_plus_B,yaw,-390,-0.13381430056352703
a1_a2_d_04,A_plus_B,yaw,-380,-0.13412598169356452
a1_a2_d_04,A_plus_B,yaw,-370,-0.13448119799845826
a1_a2_d_04,A_plus_B,yaw,-360,-0.1349156320317771
a1_a2_d_04,A_plus_B,yaw,-350,-0.13546278567501158
a1_a2_d_04,A_plus_B,yaw,-340,-0.1361452279976487
a1_a2_d_04,A_plus_B,yaw,-330,-0.13696673862552639
a1_a2_d_04,A_plus_B,yaw,-320,-0.13791324691961476
a1_a2_d_04,A_plus_B,yaw,-310,-0.13895814505398058
a1_a2_d_04,A_plus_B,yaw,-300,-0.14007157336803938
a1_a2_d_04,A_plus_B,yaw,-290,-0.14123007804722584
a1_a2_d_04,A_plus_B,yaw,-280,-0.14242605478489828
a1_a2_d_04,A_plus_B,yaw,-270,-0.14366853907411078
a1_a2_d_04,A_plus_B,yaw,-260,-0.14497198520368573
a1_a2_d_04,A_plus_B,yaw,-250,-0.14633289037470498
a1_a2_d_04,A_plus_B,yaw,-240,-0.14771315179672498
a1_a2_d_04,A_plus_B,yaw,-230,-0.14903739165277932
a1_a2_d_04,A_plus_B,yaw,-220,-0.15020705935030676
a1_a2_d_04,A_plus_B,yaw,-210,-0.15112143985577595
a1_a2_d_04,A_plus_B,yaw,-200,-0.1516920234450301
a1_a2_d_04,A_plus_B,yaw,-190,-0.15184898369184685
a1_a2_d_04,A_plus_B,yaw,-180,-0.15154108650327563
a1_a2_d_04,A_plus_B,yaw,-170,-0.15073613631908123
a1_a2_d_04,A_plus_B,yaw,-160,-0.1494241553515036
a1_a2_d_04,A_plus_B,yaw,-150,-0.14761936777553453
a1_a2_d_04,A_plus_B,yaw,-140,-0.14536233398312587
a1_a2_d_04,A_plus_B,yaw,-130,-0.14271855358491045
a1_a2_d_04,A_plus_B,yaw,-120,-0.13977934115907803
a1_a2_d_04,A_plus_B,yaw,-110,-0.1366618210431575
a1_a2_d_04,A_plus_B,yaw,-100,-0.13350802670283218
a1_a2_d_04,A_plus_B,yaw,-90,-0.13048437567680574
a1_a2_d_04,A_plus_B,yaw,-80,-0.12777889959848307
a1_a2_d_04,A_plus_B,yaw,-70,-0.12560167216779938
a1_a2_d_04,A_plus_B,yaw,-60,-0.12417815356910704
a1_a2_d_04,A_plus_B,yaw,-50,-0.12373458800611334
a1_a2_d_04,A_plus_B,yaw,-40,-0.12447318797771637
a1_a2_d_04,A_plus_B,yaw,-30,-0.12654907803077614
a1_a2_d_04,A_plus_B,yaw,-20,-0.13006038658647945
a1_a2_d_04,A_plus_B,yaw,-10,-0.13505042872192582
a1_a2_d_04,A_plus_B,yaw,0,-0.14151696524278493
a1_a2_d_04,A_plus_B,yaw,10,-0.14942171008991117
a1_a2_d_04,A_plus_B,yaw,20,-0.1586869704162604
a1_a2_d_04,A_plus_B,yaw,30,-0.1691916520757307
a1_a2_d_04,A_plus_B,yaw,40,-0.1807580959311807
a1_a2_d_04,A_plus_B,yaw,50,-0.19314142475470422
a1_a2_d_04,A_plus_B,yaw,60,-0.2060295300539107
a1_a2_d_04,A_plus_B,yaw,70,-0.21905542204482648
a1_a2_d_04,A_plus_B,yaw,80,-0.23181763224724758
a1_a2_d_04,A_plus_B,yaw,90,-0.24390116543784068
a1_a2_d_04,A_plus_B,yaw,100,-0.25489572013434225
a1_a2_d_04,A_plus_B,yaw,110,-0.2644161705123537
a1_a2_d_04,A_plus_B,yaw,120,-0.27212903839356456
a1_a2_d_04,A_plus_B,yaw,130,-0.2777819893233749
a1_a2_d_04,A_plus_B,yaw,140,-0.28122799777041024
a1_a2_d_04,A_plus_B,yaw,150,-0.2824359955613242
a1_a2_d_04,A_plus_B,yaw,160,-0.2814861969248513
a1_a2_d_04,A_plus_B,yaw,170,-0.27855536296390354
a1_a2_d_04,A_plus_B,yaw,180,-0.2738970383161993
a1_a2_d_04,A_plus_B,yaw,190,-0.26781666417868805
a1_a2_d_04,A_plus_B,yaw,200,-0.2606416506901463
a1_a2_d_04,A_plus_B,yaw,210,-0.2526921503856108
a1_a2_d_04,A_plus_B,yaw,220,-0.24426227024420177
a1_a2_d_04,A_plus_B,yaw,230,-0.23561558522425013
a1_a2_d_04,A_plus_B,yaw,240,-0.2269895384629221
a1_a2_d_04,A_plus_B,yaw,250,-0.21859775487063798
a1_a2_d_04,A_plus_B,yaw,260,-0.21062566030292598
a1_a2_d_04,A_plus_B,yaw,270,-0.20322218706258416
a1_a2_d_04,A_plus_B,yaw,280,-0.19649457387095443
a1_a2_d_04,A_plus_B,yaw,290,-0.19051021312398958
a1_a2_d_04,A_plus_B,yaw,300,-0.18530415732886238
a1_a2_d_04,A_plus_B,yaw,310,-0.18088587461563552
a1_a2_d_04,A_plus_B,yaw,320,-0.17723993868743534
a1_a2_d_04,A_plus_B,yaw,330,-0.17432348556042507
a1_a2_d_04,A_plus_B,yaw,340,-0.17206844611375763
a1_a2_d_04,A_plus_B,yaw,350,-0.1703925722657081
a1_a2_d_04,A_plus_B,yaw,360,-0.16921239978628166
a1_a2_d_04,A_plus_B,yaw,370,-0.16844771356926022
a1_a2_d_04,A_plus_B,yaw,380,-0.16801774055666724
a1_a2_d_04,A_plus_B,yaw,390,-0.16783734765175645
a1_a2_d_04,A_plus_B,yaw,400,-0.16782045429140205
a1_a2_d_04,A_plus_B,yaw,410,-0.16789040441641767
a1_a2_d_04,A_plus_B,yaw,420,-0.16799021698030514
a1_a2_d_04,A_plus_B,yaw,430,-0.1680863892128178
a1_a2_d_04,A_plus_B,yaw,440,-0.16816456512530936
a1_a2_d_04,A_plus_B,yaw,450,-0.16821932914334925
a1_a2_d_04,A_plus_B,yaw,460,-0.16824288173714128
a1_a2_d_04,A_plus_B,yaw,470,-0.1682177812608276
a1_a2_d_04,A_plus_B,yaw,480,-0.1681172067627786
a1_a2_d_04,A_plus_B,yaw,490,-0.16791148172369647
a1_a2_d_04,A_plus_B,yaw,500,-0.16757662299341153
