bodyId,type,studied_full_io,original_group_count,retained_group_count,shared_retained,original_group_weights,retained_group_weights
10026,DNp18,False,4,3,True,"{""T2R:root_sar"": 49, ""T3R:root_sar"": 21, ""wing_b1"": 17, ""wing_b2"": 16}","{""T3R:root_sar"": 21, ""wing_b1"": 17, ""wing_b2"": 16}"
10030,pIP1,False,5,4,True,"{""T1L:root_sar"": 10, ""T1L:root_spr"": 18, ""T2L:root_sar"": 96, ""T3L:knee_flexor"": 11, ""T3L:root_sar"": 104}","{""T1L:root_sar"": 10, ""T2L:root_sar"": 96, ""T3L:knee_flexor"": 11, ""T3L:root_sar"": 104}"
10038,pIP1,False,4,4,True,"{""T1R:root_sar"": 13, ""T2R:root_sad"": 26, ""T2R:root_sar"": 108, ""T3R:root_sar"": 82}","{""T1R:root_sar"": 13, ""T2R:root_sad"": 26, ""T2R:root_sar"": 93, ""T3R:root_sar"": 82}"
10045,DNg100,True,12,11,True,"{""T1R:root_pra"": 75, ""T1R:root_promotor"": 137, ""T1R:root_spr"": 34, ""T2R:knee_extensor"": 40, ""T2R:knee_flexor"": 11, ""T2R:root_pra"": 83, ""T2R:root_sar"": 65, ""T2R:root_spr"": 26, ""T3R:knee_extensor"": 58, ""T3R:root_pra"": 85, ""T3R:root_sar"": 20, ""T3R:root_spr"": 16}","{""T1R:root_pra"": 54, ""T1R:root_promotor"": 98, ""T1R:root_spr"": 34, ""T2R:knee_extensor"": 40, ""T2R:root_pra"": 83, ""T2R:root_sar"": 54, ""T2R:root_spr"": 10, ""T3R:knee_extensor"": 58, ""T3R:root_pra"": 85, ""T3R:root_sar"": 20, ""T3R:root_spr"": 16}"
10048,DNp18,False,4,4,True,"{""T2L:root_sar"": 32, ""T3L:root_sar"": 18, ""wing_b1"": 26, ""wing_b2"": 25}","{""T2L:root_sar"": 32, ""T3L:root_sar"": 18, ""wing_b1"": 26, ""wing_b2"": 25}"
10054,DNpe013,False,2,2,True,"{""T1L:root_pra"": 58, ""neck_CvN7"": 361}","{""T1L:root_pra"": 58, ""neck_CvN7"": 361}"
10056,DNg100,True,10,10,True,"{""T1L:root_pra"": 85, ""T1L:root_promotor"": 89, ""T1L:root_spr"": 34, ""T2L:knee_extensor"": 103, ""T2L:root_pra"": 59, ""T2L:root_sar"": 60, ""T2L:root_spr"": 23, ""T3L:root_pra"": 53, ""T3L:root_sar"": 20, ""T3L:root_spr"": 29}","{""T1L:root_pra"": 85, ""T1L:root_promotor"": 89, ""T1L:root_spr"": 34, ""T2L:knee_extensor"": 34, ""T2L:root_pra"": 59, ""T2L:root_sar"": 60, ""T2L:root_spr"": 23, ""T3L:root_pra"": 53, ""T3L:root_sar"": 20, ""T3L:root_spr"": 13}"
10065,DNb05,True,5,4,True,"{""T1R:knee_extensor"": 16, ""T2R:knee_extensor"": 34, ""T3R:knee_extensor"": 10, ""wing_b1"": 21, ""wing_b2"": 30}","{""T2R:knee_extensor"": 24, ""T3R:knee_extensor"": 10, ""wing_b1"": 21, ""wing_b2"": 30}"
10090,aSP22,False,4,3,True,"{""T1L:root_promotor"": 167, ""T2L:knee_extensor"": 10, ""T3L:knee_extensor"": 53, ""T3L:root_sar"": 18}","{""T1L:root_promotor"": 167, ""T3L:knee_extensor"": 53, ""T3L:root_sar"": 18}"
10104,aSP22,False,4,3,True,"{""T1R:root_promotor"": 123, ""T2R:knee_extensor"": 23, ""T2R:root_sar"": 19, ""T3R:knee_extensor"": 12}","{""T1R:root_promotor"": 87, ""T2R:knee_extensor"": 23, ""T3R:knee_extensor"": 12}"
10106,DNp11,False,2,2,True,"{""T2L:knee_flexor"": 50, ""T2L:root_spr"": 39}","{""T2L:knee_flexor"": 50, ""T2L:root_spr"": 39}"
10118,DNb05,True,5,4,True,"{""T1L:knee_extensor"": 18, ""T2L:knee_extensor"": 15, ""T3L:knee_extensor"": 17, ""wing_b1"": 47, ""wing_b2"": 30}","{""T1L:knee_extensor"": 18, ""T3L:knee_extensor"": 17, ""wing_b1"": 47, ""wing_b2"": 30}"
10124,DNg105,True,15,12,True,"{""T1R:knee_extensor"": 64, ""T1R:knee_flexor"": 74, ""T1R:root_pra"": 25, ""T1R:root_promotor"": 67, ""T1R:root_sar"": 74, ""T2R:knee_extensor"": 209, ""T2R:knee_flexor"": 310, ""T2R:root_pra"": 138, ""T2R:root_sar"": 95, ""T2R:root_spr"": 343, ""T3R:knee_extensor"": 107, ""T3R:knee_flexor"": 336, ""T3R:root_pra"": 42, ""T3R:root_sar"": 90, ""T3R:root_spr"": 192}","{""T1R:knee_flexor"": 74, ""T1R:root_pra"": 25, ""T1R:root_promotor"": 10, ""T2R:knee_extensor"": 209, ""T2R:knee_flexor"": 292, ""T2R:root_pra"": 138, ""T2R:root_sar"": 30, ""T3R:knee_extensor"": 107, ""T3R:knee_flexor"": 277, ""T3R:root_pra"": 42, ""T3R:root_sar"": 90, ""T3R:root_spr"": 192}"
10131,DNg74_a,True,13,12,True,"{""T1L:knee_extensor"": 13, ""T1L:knee_flexor"": 22, ""T1L:root_pra"": 179, ""T1L:root_promotor"": 85, ""T1L:root_sar"": 40, ""T1L:root_spr"": 71, ""T2L:knee_extensor"": 14, ""T2L:root_pra"": 25, ""T2L:root_spr"": 155, ""T3L:root_pra"": 37, ""T3L:root_sar"": 53, ""T3L:root_spr"": 133, ""feeding_MN9"": 51}","{""T1L:knee_flexor"": 22, ""T1L:root_pra"": 179, ""T1L:root_promotor"": 85, ""T1L:root_sar"": 40, ""T1L:root_spr"": 60, ""T2L:knee_extensor"": 14, ""T2L:root_pra"": 25, ""T2L:root_spr"": 155, ""T3L:root_pra"": 37, ""T3L:root_sar"": 53, ""T3L:root_spr"": 70, ""feeding_MN9"": 51}"
10141,DNg15,False,2,2,True,"{""T1R:knee_extensor"": 13, ""T2R:root_sar"": 13}","{""T1R:knee_extensor"": 13, ""T2R:root_sar"": 13}"
10160,DNg90,False,2,2,True,"{""T1L:root_promotor"": 29, ""feeding_MN9"": 34}","{""T1L:root_promotor"": 29, ""feeding_MN9"": 34}"
10163,DNge036,False,2,1,False,"{""T1R:root_pra"": 12, ""T1R:root_promotor"": 11}","{""T1R:root_promotor"": 11}"
10177,DNg16,False,6,6,True,"{""T1L:knee_flexor"": 15, ""T1L:root_pra"": 28, ""T1L:root_sad"": 10, ""T2L:root_pra"": 14, ""T2L:root_spr"": 101, ""T3L:root_spr"": 47}","{""T1L:knee_flexor"": 15, ""T1L:root_pra"": 28, ""T1L:root_sad"": 10, ""T2L:root_pra"": 14, ""T2L:root_spr"": 101, ""T3L:root_spr"": 24}"
10192,DNg75,False,8,8,True,"{""T1R:root_pra"": 74, ""T1R:root_spr"": 19, ""T2R:root_pra"": 12, ""T2R:root_sar"": 17, ""T2R:root_spr"": 79, ""T3R:root_pra"": 51, ""T3R:root_sar"": 10, ""T3R:root_spr"": 65}","{""T1R:root_pra"": 54, ""T1R:root_spr"": 19, ""T2R:root_pra"": 12, ""T2R:root_sar"": 17, ""T2R:root_spr"": 16, ""T3R:root_pra"": 51, ""T3R:root_sar"": 10, ""T3R:root_spr"": 65}"
10216,DNge037,False,5,4,True,"{""T1L:root_pra"": 40, ""T1L:root_spr"": 24, ""T2L:knee_extensor"": 49, ""T2L:root_spr"": 15, ""neck_CvN7"": 52}","{""T1L:root_pra"": 40, ""T2L:knee_extensor"": 19, ""T2L:root_spr"": 15, ""neck_CvN7"": 52}"
10218,DNg35,False,5,5,True,"{""T1L:root_sar"": 15, ""T2L:knee_flexor"": 114, ""T2L:root_sar"": 89, ""T3L:knee_flexor"": 122, ""neck_CvN7"": 17}","{""T1L:root_sar"": 15, ""T2L:knee_flexor"": 114, ""T2L:root_sar"": 89, ""T3L:knee_flexor"": 109, ""neck_CvN7"": 17}"
10221,DNge037,False,5,4,True,"{""T1R:root_pra"": 33, ""T2R:knee_extensor"": 44, ""T2R:root_spr"": 32, ""T3R:knee_extensor"": 20, ""neck_CvN7"": 53}","{""T1R:root_pra"": 18, ""T2R:knee_extensor"": 33, ""T3R:knee_extensor"": 20, ""neck_CvN7"": 53}"
10247,DNg74_a,False,10,8,True,"{""T1R:knee_extensor"": 10, ""T1R:root_pra"": 95, ""T1R:root_promotor"": 100, ""T1R:root_sar"": 21, ""T2R:root_pra"": 17, ""T2R:root_spr"": 167, ""T3R:knee_extensor"": 20, ""T3R:root_pra"": 49, ""T3R:root_sar"": 41, ""T3R:root_spr"": 145}","{""T1R:root_pra"": 50, ""T1R:root_promotor"": 60, ""T2R:root_pra"": 17, ""T2R:root_spr"": 49, ""T3R:knee_extensor"": 20, ""T3R:root_pra"": 49, ""T3R:root_sar"": 41, ""T3R:root_spr"": 145}"
10259,DNp11,False,2,1,False,"{""T2R:knee_flexor"": 38, ""T2R:root_spr"": 39}","{""T2R:knee_flexor"": 38}"
10274,DNg108,False,14,11,True,"{""T1R:knee_extensor"": 33, ""T1R:knee_flexor"": 10, ""T1R:root_pra"": 72, ""T1R:root_promotor"": 113, ""T1R:root_sar"": 32, ""T1R:root_spr"": 21, ""T2R:knee_extensor"": 19, ""T2R:knee_flexor"": 10, ""T2R:root_spr"": 86, ""T3R:knee_extensor"": 75, ""T3R:knee_flexor"": 13, ""T3R:root_pra"": 11, ""T3R:root_sar"": 38, ""T3R:root_spr"": 26}","{""T1R:knee_flexor"": 10, ""T1R:root_pra"": 48, ""T1R:root_promotor"": 79, ""T1R:root_sar"": 32, ""T1R:root_spr"": 21, ""T2R:knee_flexor"": 10, ""T2R:root_spr"": 16, ""T3R:knee_extensor"": 75, ""T3R:root_pra"": 11, ""T3R:root_sar"": 38, ""T3R:root_spr"": 26}"
10280,DNp47,False,4,4,True,"{""T1L:root_promotor"": 12, ""T1R:root_promotor"": 43, ""T2R:knee_extensor"": 11, ""T3R:knee_extensor"": 11}","{""T1L:root_promotor"": 12, ""T1R:root_promotor"": 22, ""T2R:knee_extensor"": 11, ""T3R:knee_extensor"": 11}"
10281,DNg108,False,12,11,True,"{""T1L:knee_extensor"": 81, ""T1L:root_pra"": 95, ""T1L:root_promotor"": 111, ""T1L:root_sar"": 23, ""T1L:root_spr"": 75, ""T2L:knee_extensor"": 17, ""T2L:root_pra"": 13, ""T2L:root_spr"": 84, ""T3L:knee_extensor"": 25, ""T3L:root_pra"": 21, ""T3L:root_sar"": 47, ""T3L:root_spr"": 30}","{""T1L:knee_extensor"": 30, ""T1L:root_pra"": 95, ""T1L:root_promotor"": 111, ""T1L:root_sar"": 23, ""T1L:root_spr"": 50, ""T2L:knee_extensor"": 17, ""T2L:root_pra"": 13, ""T2L:root_spr"": 84, ""T3L:knee_extensor"": 25, ""T3L:root_pra"": 21, ""T3L:root_sar"": 47}"
10301,DNge050,False,10,8,True,"{""T1R:knee_extensor"": 15, ""T1R:root_promotor"": 26, ""T2R:knee_extensor"": 20, ""T2R:root_sad"": 10, ""T2R:root_sar"": 21, ""T2R:root_spr"": 16, ""T3R:knee_extensor"": 50, ""T3R:root_pra"": 81, ""T3R:root_sar"": 33, ""T3R:root_spr"": 30}","{""T1R:knee_extensor"": 15, ""T1R:root_promotor"": 15, ""T2R:root_sad"": 10, ""T2R:root_sar"": 21, ""T3R:knee_extensor"": 50, ""T3R:root_pra"": 81, ""T3R:root_sar"": 33, ""T3R:root_spr"": 30}"
10360,DNa02,True,4,4,True,"{""T1R:root_sar"": 140, ""T2R:root_sar"": 160, ""T3R:root_pra"": 12, ""T3R:root_sar"": 142}","{""T1R:root_sar"": 61, ""T2R:root_sar"": 134, ""T3R:root_pra"": 12, ""T3R:root_sar"": 142}"
10425,DNp10,False,3,2,True,"{""T1L:knee_extensor"": 12, ""T2L:knee_extensor"": 30, ""T2R:knee_extensor"": 30}","{""T1L:knee_extensor"": 12, ""T2R:knee_extensor"": 30}"
10433,DNp10,False,2,1,False,"{""T2L:knee_extensor"": 26, ""T2R:knee_extensor"": 26}","{""T2R:knee_extensor"": 26}"
10440,DNg16,False,4,4,True,"{""T2R:root_pra"": 15, ""T2R:root_sad"": 10, ""T2R:root_spr"": 118, ""T3R:root_spr"": 34}","{""T2R:root_pra"": 15, ""T2R:root_sad"": 10, ""T2R:root_spr"": 50, ""T3R:root_spr"": 34}"
10444,DNge035,False,13,11,True,"{""T1R:knee_extensor"": 57, ""T1R:knee_flexor"": 10, ""T1R:root_promotor"": 86, ""T1R:root_sar"": 24, ""T2R:knee_extensor"": 103, ""T2R:knee_flexor"": 31, ""T2R:root_pra"": 19, ""T2R:root_sar"": 32, ""T2R:root_spr"": 26, ""T3R:knee_extensor"": 104, ""T3R:knee_flexor"": 30, ""T3R:root_sar"": 40, ""T3R:root_spr"": 31}","{""T1R:knee_extensor"": 17, ""T1R:knee_flexor"": 10, ""T1R:root_promotor"": 42, ""T2R:knee_extensor"": 79, ""T2R:knee_flexor"": 31, ""T2R:root_pra"": 19, ""T2R:root_sar"": 11, ""T3R:knee_extensor"": 104, ""T3R:knee_flexor"": 30, ""T3R:root_sar"": 40, ""T3R:root_spr"": 31}"
10469,DNbe001,False,3,3,True,"{""neck_CvN7"": 36, ""wing_b1"": 57, ""wing_b2"": 122}","{""neck_CvN7"": 36, ""wing_b1"": 57, ""wing_b2"": 122}"
10482,DNg35,False,6,6,True,"{""T1R:root_sar"": 44, ""T2R:knee_flexor"": 12, ""T2R:root_sad"": 12, ""T2R:root_sar"": 55, ""T3R:knee_flexor"": 122, ""T3R:root_sar"": 31}","{""T1R:root_sar"": 44, ""T2R:knee_flexor"": 12, ""T2R:root_sad"": 12, ""T2R:root_sar"": 55, ""T3R:knee_flexor"": 65, ""T3R:root_sar"": 31}"
10499,DNge039,False,2,2,True,"{""T1R:root_promotor"": 55, ""T1R:root_sar"": 136}","{""T1R:root_promotor"": 33, ""T1R:root_sar"": 38}"
10506,DNg37,False,2,2,True,"{""T1L:root_sar"": 79, ""T2L:root_sar"": 125}","{""T1L:root_sar"": 79, ""T2L:root_sar"": 125}"
10520,DNg74_b,True,17,16,True,"{""T1R:knee_extensor"": 31, ""T1R:knee_flexor"": 11, ""T1R:root_pra"": 66, ""T1R:root_promotor"": 88, ""T1R:root_spr"": 24, ""T2R:knee_extensor"": 25, ""T2R:knee_flexor"": 44, ""T2R:root_pra"": 61, ""T2R:root_sad"": 26, ""T2R:root_sar"": 39, ""T2R:root_spr"": 66, ""T3R:knee_extensor"": 130, ""T3R:knee_flexor"": 32, ""T3R:root_pra"": 82, ""T3R:root_sar"": 20, ""T3R:root_spr"": 55, ""neck_CvN7"": 10}","{""T1R:knee_extensor"": 15, ""T1R:knee_flexor"": 11, ""T1R:root_pra"": 55, ""T1R:root_promotor"": 88, ""T1R:root_spr"": 24, ""T2R:knee_extensor"": 14, ""T2R:knee_flexor"": 33, ""T2R:root_pra"": 61, ""T2R:root_sad"": 26, ""T2R:root_sar"": 39, ""T2R:root_spr"": 30, ""T3R:knee_extensor"": 130, ""T3R:root_pra"": 82, ""T3R:root_sar"": 20, ""T3R:root_spr"": 55, ""neck_CvN7"": 10}"
10527,DNpe017,False,2,2,True,"{""T2L:root_sar"": 16, ""wing_b2"": 19}","{""T2L:root_sar"": 16, ""wing_b2"": 19}"
10535,DNg37,False,3,3,True,"{""T1R:root_sar"": 141, ""T1R:root_spr"": 13, ""T2R:root_sar"": 118}","{""T1R:root_sar"": 79, ""T1R:root_spr"": 13, ""T2R:root_sar"": 89}"
10544,DNg88,False,6,5,True,"{""T1R:root_sar"": 27, ""T2R:knee_flexor"": 10, ""T2R:root_sad"": 31, ""T2R:root_sar"": 37, ""T3R:knee_flexor"": 12, ""T3R:root_sar"": 42}","{""T1R:root_sar"": 27, ""T2R:knee_flexor"": 10, ""T2R:root_sad"": 31, ""T2R:root_sar"": 37, ""T3R:root_sar"": 42}"
10577,DNg96,False,3,3,True,"{""T1L:root_sar"": 26, ""T2L:root_sar"": 37, ""T3L:root_sar"": 13}","{""T1L:root_sar"": 26, ""T2L:root_sar"": 37, ""T3L:root_sar"": 13}"
10581,IN06B012,False,8,8,True,"{""T1R:root_sar"": 23, ""T2L:knee_flexor"": 48, ""T2L:root_sar"": 40, ""T2R:root_sar"": 24, ""T3L:knee_flexor"": 22, ""T3L:root_sar"": 54, ""T3R:knee_flexor"": 11, ""T3R:root_sar"": 58}","{""T1R:root_sar"": 23, ""T2L:knee_flexor"": 48, ""T2L:root_sar"": 40, ""T2R:root_sar"": 24, ""T3L:knee_flexor"": 22, ""T3L:root_sar"": 54, ""T3R:knee_flexor"": 11, ""T3R:root_sar"": 58}"
10584,DNp06,False,2,1,False,"{""T2R:knee_extensor"": 12, ""T2R:root_sar"": 12}","{""T2R:knee_extensor"": 12}"
10587,DNge011,False,2,1,False,"{""T1L:knee_extensor"": 32, ""T1L:root_promotor"": 53}","{""T1L:root_promotor"": 53}"
10643,DNge059,False,3,3,True,"{""T2R:root_sad"": 15, ""T2R:root_sar"": 32, ""feeding_MN9"": 10}","{""T2R:root_sad"": 15, ""T2R:root_sar"": 32, ""feeding_MN9"": 10}"
10668,DNge006,False,2,2,True,"{""T2R:root_sar"": 52, ""T3R:root_sar"": 43}","{""T2R:root_sar"": 52, ""T3R:root_sar"": 43}"
10703,DNge036,False,2,2,True,"{""T1L:knee_flexor"": 81, ""T1L:root_promotor"": 12}","{""T1L:knee_flexor"": 81, ""T1L:root_promotor"": 12}"
10717,DNg93,True,17,16,True,"{""T1L:knee_extensor"": 154, ""T1L:knee_flexor"": 171, ""T1L:root_pra"": 119, ""T1L:root_promotor"": 69, ""T1L:root_sar"": 32, ""T1L:root_spr"": 26, ""T2L:knee_extensor"": 47, ""T2L:knee_flexor"": 28, ""T2L:root_pra"": 109, ""T2L:root_sad"": 14, ""T2L:root_sar"": 102, ""T2L:root_spr"": 117, ""T3L:knee_flexor"": 37, ""T3L:root_pra"": 25, ""T3L:root_sar"": 15, ""T3L:root_spr"": 91, ""neck_CvN7"": 149}","{""T1L:knee_extensor"": 12, ""T1L:knee_flexor"": 171, ""T1L:root_pra"": 119, ""T1L:root_promotor"": 69, ""T1L:root_sar"": 32, ""T1L:root_spr"": 26, ""T2L:knee_extensor"": 47, ""T2L:knee_flexor"": 28, ""T2L:root_pra"": 109, ""T2L:root_sar"": 102, ""T2L:root_spr"": 117, ""T3L:knee_flexor"": 10, ""T3L:root_pra"": 25, ""T3L:root_sar"": 15, ""T3L:root_spr"": 68, ""neck_CvN7"": 149}"
10734,DNg93,True,20,17,True,"{""T1L:knee_extensor"": 14, ""T1L:root_pra"": 16, ""T1R:knee_extensor"": 12, ""T1R:knee_flexor"": 32, ""T1R:root_pra"": 45, ""T1R:root_promotor"": 51, ""T1R:root_sar"": 37, ""T1R:root_spr"": 29, ""T2R:knee_extensor"": 11, ""T2R:knee_flexor"": 22, ""T2R:root_pra"": 135, ""T2R:root_sad"": 57, ""T2R:root_sar"": 80, ""T2R:root_spr"": 62, ""T3R:knee_extensor"": 105, ""T3R:knee_flexor"": 44, ""T3R:root_pra"": 113, ""T3R:root_sar"": 11, ""T3R:root_spr"": 90, ""neck_CvN7"": 196}","{""T1L:root_pra"": 16, ""T1R:knee_extensor"": 12, ""T1R:knee_flexor"": 20, ""T1R:root_pra"": 21, ""T1R:root_promotor"": 51, ""T1R:root_sar"": 37, ""T1R:root_spr"": 29, ""T2R:knee_flexor"": 11, ""T2R:root_pra"": 135, ""T2R:root_sad"": 57, ""T2R:root_sar"": 80, ""T2R:root_spr"": 48, ""T3R:knee_extensor"": 105, ""T3R:root_pra"": 113, ""T3R:root_sar"": 11, ""T3R:root_spr"": 90, ""neck_CvN7"": 196}"
10760,DNa01,True,4,3,True,"{""T2R:knee_flexor"": 34, ""T2R:root_spr"": 10, ""T3R:root_pra"": 74, ""T3R:root_spr"": 14}","{""T2R:knee_flexor"": 34, ""T3R:root_pra"": 74, ""T3R:root_spr"": 14}"
10833,DNge062,False,2,2,True,"{""T2L:root_sar"": 38, ""feeding_MN9"": 464}","{""T2L:root_sar"": 38, ""feeding_MN9"": 464}"
10834,DNpe013,False,2,2,True,"{""T1R:root_pra"": 44, ""neck_CvN7"": 287}","{""T1R:root_pra"": 31, ""neck_CvN7"": 287}"
10846,DNge107,False,2,2,True,"{""wing_b1"": 249, ""wing_b2"": 130}","{""wing_b1"": 249, ""wing_b2"": 130}"
10853,DNge049,False,8,8,True,"{""T1R:root_pra"": 12, ""T2R:knee_extensor"": 14, ""T2R:knee_flexor"": 13, ""T2R:root_spr"": 116, ""T3R:knee_extensor"": 31, ""T3R:knee_flexor"": 32, ""T3R:root_pra"": 13, ""T3R:root_spr"": 24}","{""T1R:root_pra"": 12, ""T2R:knee_extensor"": 14, ""T2R:knee_flexor"": 13, ""T2R:root_spr"": 19, ""T3R:knee_extensor"": 31, ""T3R:knee_flexor"": 32, ""T3R:root_pra"": 13, ""T3R:root_spr"": 24}"
10885,DNg88,False,6,5,True,"{""T1L:root_sar"": 13, ""T1L:root_spr"": 15, ""T2L:knee_flexor"": 53, ""T2L:root_sar"": 61, ""T3L:knee_flexor"": 21, ""T3L:root_sar"": 72}","{""T1L:root_sar"": 13, ""T2L:knee_flexor"": 53, ""T2L:root_sar"": 61, ""T3L:knee_flexor"": 21, ""T3L:root_sar"": 72}"
10895,DNg90,False,2,2,True,"{""T1R:root_promotor"": 11, ""feeding_MN9"": 11}","{""T1R:root_promotor"": 11, ""feeding_MN9"": 11}"
10922,AN08B010,False,3,2,True,"{""T1L:root_promotor"": 24, ""T1R:root_promotor"": 15, ""T2R:knee_extensor"": 14}","{""T1L:root_promotor"": 24, ""T2R:knee_extensor"": 14}"
10952,DNge107,False,2,2,True,"{""wing_b1"": 296, ""wing_b2"": 109}","{""wing_b1"": 296, ""wing_b2"": 109}"
11067,DNb06,True,3,3,True,"{""T1L:knee_flexor"": 10, ""T1L:root_promotor"": 16, ""wing_b1"": 11}","{""T1L:knee_flexor"": 10, ""T1L:root_promotor"": 16, ""wing_b1"": 11}"
11074,DNg13,True,2,1,False,"{""T1R:root_promotor"": 115, ""T2R:root_spr"": 39}","{""T1R:root_promotor"": 60}"
11078,DNg96,False,4,4,True,"{""T1R:root_sar"": 41, ""T2R:root_sad"": 22, ""T2R:root_sar"": 27, ""T3R:root_sar"": 27}","{""T1R:root_sar"": 24, ""T2R:root_sad"": 22, ""T2R:root_sar"": 27, ""T3R:root_sar"": 27}"
11097,DNge067,False,4,4,True,"{""T1L:root_sar"": 38, ""T2L:root_sar"": 38, ""T3L:knee_flexor"": 21, ""T3L:root_sar"": 15}","{""T1L:root_sar"": 38, ""T2L:root_sar"": 38, ""T3L:knee_flexor"": 21, ""T3L:root_sar"": 15}"
11179,DNge051,False,2,2,True,"{""T1L:knee_flexor"": 11, ""feeding_MN9"": 83}","{""T1L:knee_flexor"": 11, ""feeding_MN9"": 83}"
11223,DNg79,False,4,3,True,"{""T1L:root_promotor"": 70, ""T1R:knee_extensor"": 17, ""T1R:root_promotor"": 36, ""T2R:knee_extensor"": 12}","{""T1L:root_promotor"": 70, ""T1R:root_promotor"": 21, ""T2R:knee_extensor"": 12}"
11270,IN01A020,False,3,2,True,"{""T2R:knee_extensor"": 73, ""T2R:root_pra"": 43, ""T2R:root_spr"": 197}","{""T2R:knee_extensor"": 42, ""T2R:root_pra"": 43}"
11310,DNge048,False,4,4,True,"{""T1L:knee_flexor"": 55, ""T2L:knee_flexor"": 20, ""T2L:root_pra"": 27, ""T3L:knee_flexor"": 55}","{""T1L:knee_flexor"": 55, ""T2L:knee_flexor"": 20, ""T2L:root_pra"": 27, ""T3L:knee_flexor"": 55}"
11411,DNg31,False,3,3,True,"{""T1L:root_sar"": 82, ""T2L:root_sar"": 109, ""T3L:root_sar"": 305}","{""T1L:root_sar"": 82, ""T2L:root_sar"": 109, ""T3L:root_sar"": 305}"
11421,DNge048,False,3,3,True,"{""T1R:knee_flexor"": 25, ""T2R:root_pra"": 35, ""T3R:knee_flexor"": 27}","{""T1R:knee_flexor"": 25, ""T2R:root_pra"": 35, ""T3R:knee_flexor"": 27}"
11513,DNp07,False,3,2,True,"{""T1R:root_pra"": 10, ""T2L:knee_flexor"": 20, ""T2L:root_spr"": 13}","{""T2L:knee_flexor"": 20, ""T2L:root_spr"": 13}"
11575,DNge049,False,9,8,True,"{""T1L:knee_flexor"": 11, ""T1L:root_pra"": 27, ""T1L:root_spr"": 28, ""T2L:knee_extensor"": 33, ""T2L:knee_flexor"": 52, ""T2L:root_spr"": 104, ""T3L:knee_extensor"": 14, ""T3L:root_pra"": 15, ""T3L:root_spr"": 21}","{""T1L:knee_flexor"": 11, ""T1L:root_pra"": 27, ""T1L:root_spr"": 16, ""T2L:knee_extensor"": 33, ""T2L:knee_flexor"": 52, ""T2L:root_spr"": 104, ""T3L:knee_extensor"": 14, ""T3L:root_pra"": 15}"
11598,DNg31,False,4,4,True,"{""T1R:root_sar"": 158, ""T2R:root_sar"": 126, ""T3R:knee_flexor"": 24, ""T3R:root_sar"": 253}","{""T1R:root_sar"": 89, ""T2R:root_sar"": 105, ""T3R:knee_flexor"": 12, ""T3R:root_sar"": 253}"
11737,DNge073,False,2,2,True,"{""T2L:knee_flexor"": 20, ""T2L:root_sar"": 12}","{""T2L:knee_flexor"": 20, ""T2L:root_sar"": 12}"
11881,DNge023,False,2,2,True,"{""T2R:root_sad"": 10, ""T2R:root_sar"": 33}","{""T2R:root_sad"": 10, ""T2R:root_sar"": 33}"
12038,DNg38,False,2,2,True,"{""T1L:root_promotor"": 12, ""T2L:knee_extensor"": 58}","{""T1L:root_promotor"": 12, ""T2L:knee_extensor"": 58}"
12224,DNg14,False,3,3,True,"{""T3L:knee_extensor"": 84, ""T3L:knee_flexor"": 97, ""T3L:root_pra"": 12}","{""T3L:knee_extensor"": 84, ""T3L:knee_flexor"": 97, ""T3L:root_pra"": 12}"
12394,DNge148,False,3,3,True,"{""T2L:root_pra"": 124, ""T2L:root_sar"": 11, ""T2L:root_spr"": 23}","{""T2L:root_pra"": 124, ""T2L:root_sar"": 11, ""T2L:root_spr"": 23}"
12484,DNge067,False,6,5,True,"{""T1R:root_sar"": 99, ""T2R:knee_flexor"": 29, ""T2R:root_sad"": 10, ""T2R:root_sar"": 17, ""T3R:knee_flexor"": 10, ""T3R:root_sar"": 14}","{""T1R:root_sar"": 62, ""T2R:knee_flexor"": 29, ""T2R:root_sad"": 10, ""T2R:root_sar"": 17, ""T3R:root_sar"": 14}"
12520,DNge028,False,2,2,True,"{""T1R:root_promotor"": 10, ""T1R:root_sar"": 51}","{""T1R:root_promotor"": 10, ""T1R:root_sar"": 23}"
12581,DNge069,False,2,2,True,"{""T2L:root_sar"": 10, ""feeding_MN9"": 18}","{""T2L:root_sar"": 10, ""feeding_MN9"": 18}"
12622,DNge022,False,2,2,True,"{""T1L:root_promotor"": 54, ""T1R:root_promotor"": 23}","{""T1L:root_promotor"": 54, ""T1R:root_promotor"": 23}"
12821,DNg54,False,4,3,True,"{""T1L:knee_extensor"": 24, ""T1L:knee_flexor"": 17, ""T1L:root_pra"": 56, ""T1L:root_promotor"": 69}","{""T1L:knee_flexor"": 17, ""T1L:root_pra"": 56, ""T1L:root_promotor"": 69}"
12886,DNg54,False,3,2,True,"{""T1R:root_pra"": 26, ""T1R:root_promotor"": 56, ""T1R:root_spr"": 14}","{""T1R:root_promotor"": 56, ""T1R:root_spr"": 14}"
13030,DNge006,False,2,2,True,"{""T2L:root_sar"": 84, ""T3L:root_sar"": 28}","{""T2L:root_sar"": 84, ""T3L:root_sar"": 28}"
13034,DNg95,False,4,4,True,"{""T1R:root_sar"": 10, ""T2R:knee_flexor"": 11, ""T3R:knee_extensor"": 14, ""T3R:knee_flexor"": 23}","{""T1R:root_sar"": 10, ""T2R:knee_flexor"": 11, ""T3R:knee_extensor"": 14, ""T3R:knee_flexor"": 23}"
13130,DNg105,True,16,15,True,"{""T1L:knee_extensor"": 80, ""T1L:knee_flexor"": 229, ""T1L:root_pra"": 53, ""T1L:root_promotor"": 140, ""T1L:root_sar"": 111, ""T1L:root_spr"": 102, ""T2L:knee_extensor"": 203, ""T2L:knee_flexor"": 482, ""T2L:root_pra"": 140, ""T2L:root_sar"": 37, ""T2L:root_spr"": 235, ""T3L:knee_extensor"": 147, ""T3L:knee_flexor"": 426, ""T3L:root_pra"": 23, ""T3L:root_sar"": 73, ""T3L:root_spr"": 266}","{""T1L:knee_extensor"": 63, ""T1L:knee_flexor"": 229, ""T1L:root_pra"": 53, ""T1L:root_promotor"": 140, ""T1L:root_sar"": 111, ""T1L:root_spr"": 102, ""T2L:knee_extensor"": 17, ""T2L:knee_flexor"": 482, ""T2L:root_pra"": 140, ""T2L:root_sar"": 37, ""T2L:root_spr"": 235, ""T3L:knee_extensor"": 147, ""T3L:knee_flexor"": 416, ""T3L:root_pra"": 23, ""T3L:root_sar"": 73}"
13178,DNge039,False,3,2,True,"{""T1L:knee_extensor"": 28, ""T1L:root_promotor"": 79, ""T1L:root_sar"": 138}","{""T1L:root_promotor"": 79, ""T1L:root_sar"": 138}"
13186,DNge028,False,2,2,True,"{""T1L:root_sad"": 21, ""T1L:root_sar"": 35}","{""T1L:root_sad"": 21, ""T1L:root_sar"": 35}"
13364,DNge022,False,2,2,True,"{""T1L:root_promotor"": 22, ""T1R:root_promotor"": 48}","{""T1L:root_promotor"": 22, ""T1R:root_promotor"": 48}"
13499,DNge106,False,3,3,True,"{""T1R:root_sar"": 17, ""T2R:root_sar"": 32, ""T3R:root_sar"": 47}","{""T1R:root_sar"": 17, ""T2R:root_sar"": 32, ""T3R:root_sar"": 47}"
13508,DNg17,False,3,3,True,"{""T1L:root_pra"": 54, ""T1L:root_spr"": 10, ""wing_b2"": 118}","{""T1L:root_pra"": 54, ""T1L:root_spr"": 10, ""wing_b2"": 118}"
13649,DNg79,False,6,4,True,"{""T1L:root_promotor"": 50, ""T1R:knee_extensor"": 10, ""T1R:root_promotor"": 42, ""T2L:knee_extensor"": 10, ""T2R:knee_extensor"": 11, ""T3L:knee_extensor"": 24}","{""T1L:root_promotor"": 50, ""T1R:root_promotor"": 29, ""T2R:knee_extensor"": 11, ""T3L:knee_extensor"": 24}"
13652,DNge038,False,4,4,True,"{""T2L:knee_flexor"": 13, ""T2L:root_pra"": 10, ""T3L:knee_flexor"": 16, ""T3L:root_spr"": 11}","{""T2L:knee_flexor"": 13, ""T2L:root_pra"": 10, ""T3L:knee_flexor"": 16, ""T3L:root_spr"": 11}"
13805,DNg97,True,4,3,True,"{""T1R:knee_flexor"": 21, ""T1R:root_promotor"": 48, ""T1R:root_sar"": 47, ""T2R:knee_flexor"": 10}","{""T1R:knee_flexor"": 21, ""T1R:root_promotor"": 20, ""T2R:knee_flexor"": 10}"
13852,DNge069,False,2,2,True,"{""T1R:root_sar"": 11, ""T2R:root_sar"": 11}","{""T1R:root_sar"": 11, ""T2R:root_sar"": 11}"
13978,DNg79,False,7,5,True,"{""T1L:knee_extensor"": 15, ""T1L:root_promotor"": 59, ""T1R:knee_extensor"": 10, ""T1R:root_promotor"": 33, ""T2L:knee_extensor"": 12, ""T2R:knee_extensor"": 17, ""T3L:knee_extensor"": 30}","{""T1L:knee_extensor"": 15, ""T1L:root_promotor"": 59, ""T1R:root_promotor"": 23, ""T2R:knee_extensor"": 17, ""T3L:knee_extensor"": 30}"
14114,DNg69,False,3,2,True,"{""T1R:knee_flexor"": 14, ""T2R:knee_flexor"": 15, ""T2R:root_sar"": 13}","{""T1R:knee_flexor"": 14, ""T2R:root_sar"": 13}"
14121,AN08B010,False,6,3,True,"{""T1L:knee_extensor"": 12, ""T1L:root_promotor"": 28, ""T1R:root_promotor"": 14, ""T2L:knee_extensor"": 12, ""T2R:knee_extensor"": 12, ""T3R:knee_extensor"": 10}","{""T1L:root_promotor"": 28, ""T2R:knee_extensor"": 12, ""T3R:knee_extensor"": 10}"
15063,DNg50,False,6,5,True,"{""T2R:knee_flexor"": 18, ""T2R:root_pra"": 11, ""T2R:root_sad"": 11, ""T2R:root_sar"": 30, ""T2R:root_spr"": 20, ""T3R:root_spr"": 18}","{""T2R:root_pra"": 11, ""T2R:root_sad"": 11, ""T2R:root_sar"": 30, ""T2R:root_spr"": 20, ""T3R:root_spr"": 18}"
15550,ANXXX002,False,14,11,True,"{""T1R:knee_extensor"": 33, ""T1R:knee_flexor"": 26, ""T1R:root_promotor"": 61, ""T1R:root_sar"": 56, ""T2R:knee_extensor"": 29, ""T2R:knee_flexor"": 56, ""T2R:root_pra"": 69, ""T2R:root_sar"": 17, ""T2R:root_spr"": 119, ""T3R:knee_extensor"": 32, ""T3R:knee_flexor"": 73, ""T3R:root_pra"": 30, ""T3R:root_sar"": 35, ""T3R:root_spr"": 23}","{""T1R:knee_extensor"": 10, ""T1R:knee_flexor"": 26, ""T1R:root_promotor"": 20, ""T2R:knee_extensor"": 29, ""T2R:knee_flexor"": 56, ""T2R:root_pra"": 69, ""T3R:knee_extensor"": 32, ""T3R:knee_flexor"": 61, ""T3R:root_pra"": 30, ""T3R:root_sar"": 35, ""T3R:root_spr"": 23}"
15653,DNge012,False,2,2,True,"{""T1L:knee_extensor"": 36, ""T1L:root_promotor"": 111}","{""T1L:knee_extensor"": 36, ""T1L:root_promotor"": 111}"
15906,AN23B001,False,3,3,True,"{""T2L:knee_flexor"": 32, ""T2L:root_pra"": 33, ""T2L:root_spr"": 18}","{""T2L:knee_flexor"": 32, ""T2L:root_pra"": 33, ""T2L:root_spr"": 18}"
15988,DNge064,False,2,2,True,"{""T2R:root_sad"": 12, ""T3R:knee_extensor"": 11}","{""T2R:root_sad"": 12, ""T3R:knee_extensor"": 11}"
16593,ANXXX002,False,15,14,True,"{""T1L:knee_extensor"": 54, ""T1L:knee_flexor"": 50, ""T1L:root_pra"": 22, ""T1L:root_promotor"": 74, ""T1L:root_sar"": 43, ""T1L:root_spr"": 41, ""T2L:knee_extensor"": 71, ""T2L:knee_flexor"": 75, ""T2L:root_pra"": 106, ""T2L:root_sar"": 10, ""T2L:root_spr"": 80, ""T3L:knee_extensor"": 15, ""T3L:knee_flexor"": 91, ""T3L:root_sar"": 24, ""T3L:root_spr"": 35}","{""T1L:knee_extensor"": 32, ""T1L:knee_flexor"": 50, ""T1L:root_pra"": 22, ""T1L:root_promotor"": 74, ""T1L:root_sar"": 43, ""T1L:root_spr"": 41, ""T2L:knee_extensor"": 36, ""T2L:knee_flexor"": 75, ""T2L:root_pra"": 106, ""T2L:root_sar"": 10, ""T2L:root_spr"": 80, ""T3L:knee_extensor"": 15, ""T3L:knee_flexor"": 91, ""T3L:root_sar"": 24}"
16994,DNg17,False,2,2,True,"{""T1R:root_pra"": 20, ""wing_b2"": 100}","{""T1R:root_pra"": 20, ""wing_b2"": 100}"
17198,DNge035,False,13,12,True,"{""T1L:knee_extensor"": 75, ""T1L:root_promotor"": 80, ""T1L:root_sar"": 28, ""T1L:root_spr"": 20, ""T2L:knee_extensor"": 108, ""T2L:knee_flexor"": 27, ""T2L:root_pra"": 37, ""T2L:root_sar"": 25, ""T2L:root_spr"": 10, ""T3L:knee_extensor"": 43, ""T3L:knee_flexor"": 49, ""T3L:root_sar"": 48, ""T3L:root_spr"": 48}","{""T1L:knee_extensor"": 26, ""T1L:root_promotor"": 80, ""T1L:root_sar"": 28, ""T1L:root_spr"": 20, ""T2L:knee_extensor"": 42, ""T2L:knee_flexor"": 27, ""T2L:root_pra"": 37, ""T2L:root_sar"": 25, ""T2L:root_spr"": 10, ""T3L:knee_extensor"": 43, ""T3L:knee_flexor"": 49, ""T3L:root_sar"": 48}"
17628,AN23B001,False,3,2,True,"{""T2R:knee_flexor"": 15, ""T2R:root_pra"": 17, ""T2R:root_spr"": 12}","{""T2R:knee_flexor"": 15, ""T2R:root_pra"": 17}"
17739,DNge105,False,2,2,True,"{""T1L:root_pra"": 19, ""feeding_MN9"": 15}","{""T1L:root_pra"": 19, ""feeding_MN9"": 15}"
17757,AN19B001,False,8,7,True,"{""T1L:knee_flexor"": 27, ""T1L:root_sar"": 13, ""T2L:knee_flexor"": 108, ""T2L:root_pra"": 107, ""T2L:root_sar"": 37, ""T3L:knee_flexor"": 36, ""T3L:root_spr"": 13, ""wing_b2"": 97}","{""T1L:knee_flexor"": 27, ""T1L:root_sar"": 13, ""T2L:knee_flexor"": 108, ""T2L:root_pra"": 107, ""T2L:root_sar"": 37, ""T3L:knee_flexor"": 36, ""wing_b2"": 97}"
19612,ANXXX030,False,4,3,True,"{""T2R:root_pra"": 11, ""T2R:root_spr"": 39, ""T3R:root_pra"": 21, ""T3R:root_spr"": 19}","{""T2R:root_pra"": 11, ""T3R:root_pra"": 21, ""T3R:root_spr"": 19}"
20102,DNge178,False,2,2,True,"{""T1L:knee_extensor"": 18, ""T1L:knee_flexor"": 10}","{""T1L:knee_extensor"": 18, ""T1L:knee_flexor"": 10}"
20129,DNg12_e,False,2,2,True,"{""T1R:knee_extensor"": 27, ""T1R:root_promotor"": 46}","{""T1R:knee_extensor"": 14, ""T1R:root_promotor"": 46}"
21743,AN19B014,False,6,6,True,"{""T1R:root_pra"": 54, ""T1R:root_spr"": 31, ""T2R:root_pra"": 67, ""T2R:root_spr"": 45, ""T3R:root_pra"": 31, ""T3R:root_spr"": 14}","{""T1R:root_pra"": 14, ""T1R:root_spr"": 31, ""T2R:root_pra"": 67, ""T2R:root_spr"": 28, ""T3R:root_pra"": 31, ""T3R:root_spr"": 14}"
21929,AN12B005,False,2,1,False,"{""T2R:root_spr"": 36, ""T3R:root_spr"": 99}","{""T3R:root_spr"": 99}"
22058,ANXXX030,False,4,3,True,"{""T2L:root_pra"": 23, ""T2L:root_spr"": 22, ""T3L:root_spr"": 54, ""T3R:root_sar"": 83}","{""T2L:root_pra"": 23, ""T2L:root_spr"": 22, ""T3R:root_sar"": 83}"
22190,DNg12_e,False,2,1,False,"{""T1L:knee_extensor"": 19, ""T1L:root_promotor"": 97}","{""T1L:root_promotor"": 97}"
22499,AN10B009,False,2,2,True,"{""T1L:root_promotor"": 117, ""T1L:root_sar"": 15}","{""T1L:root_promotor"": 117, ""T1L:root_sar"": 15}"
22596,DNg12_e,False,2,2,True,"{""T1L:knee_extensor"": 43, ""T1L:root_promotor"": 90}","{""T1L:knee_extensor"": 13, ""T1L:root_promotor"": 90}"
22931,ANXXX006,False,6,5,True,"{""T1L:knee_extensor"": 76, ""T1L:root_promotor"": 601, ""T1L:root_sar"": 526, ""T1R:root_promotor"": 263, ""T1R:root_sad"": 19, ""T1R:root_sar"": 374}","{""T1L:root_promotor"": 601, ""T1L:root_sar"": 526, ""T1R:root_promotor"": 159, ""T1R:root_sad"": 19, ""T1R:root_sar"": 151}"
24133,AN19B001,False,5,5,True,"{""T1R:knee_flexor"": 12, ""T2R:knee_flexor"": 47, ""T2R:root_pra"": 65, ""T3R:knee_flexor"": 53, ""wing_b2"": 137}","{""T1R:knee_flexor"": 12, ""T2R:knee_flexor"": 47, ""T2R:root_pra"": 65, ""T3R:knee_flexor"": 53, ""wing_b2"": 137}"
24700,AN08B031,False,2,2,True,"{""T1L:root_promotor"": 67, ""T1R:root_promotor"": 18}","{""T1L:root_promotor"": 67, ""T1R:root_promotor"": 18}"
25861,DNge038,False,3,3,True,"{""T2R:root_pra"": 20, ""T3R:knee_flexor"": 19, ""T3R:root_spr"": 12}","{""T2R:root_pra"": 20, ""T3R:knee_flexor"": 19, ""T3R:root_spr"": 12}"
26278,AN07B005,False,2,1,False,"{""T1L:root_pra"": 49, ""T1L:root_spr"": 44}","{""T1L:root_pra"": 49}"
27373,AN03B009,False,3,3,True,"{""T1R:root_promotor"": 17, ""T2R:knee_extensor"": 16, ""T2R:root_pra"": 11}","{""T1R:root_promotor"": 17, ""T2R:knee_extensor"": 16, ""T2R:root_pra"": 11}"
28084,AN05B095,False,3,3,True,"{""T1L:knee_extensor"": 19, ""T1L:root_promotor"": 127, ""T1R:root_promotor"": 53}","{""T1L:knee_extensor"": 19, ""T1L:root_promotor"": 127, ""T1R:root_promotor"": 30}"
29086,DNge023,False,2,2,True,"{""T2L:root_sar"": 40, ""T3L:root_sar"": 12}","{""T2L:root_sar"": 40, ""T3L:root_sar"": 12}"
30777,AN19B004,False,2,1,False,"{""T1L:knee_extensor"": 77, ""T1R:root_pra"": 10}","{""T1L:knee_extensor"": 31}"
31103,AN18B002,False,6,6,True,"{""T1R:knee_extensor"": 32, ""T1R:root_promotor"": 54, ""T2R:knee_extensor"": 97, ""T2R:root_sar"": 89, ""T3R:knee_extensor"": 49, ""T3R:root_sar"": 66}","{""T1R:knee_extensor"": 10, ""T1R:root_promotor"": 54, ""T2R:knee_extensor"": 74, ""T2R:root_sar"": 73, ""T3R:knee_extensor"": 49, ""T3R:root_sar"": 66}"
31407,AN05B095,False,5,3,True,"{""T1L:knee_extensor"": 23, ""T1L:root_promotor"": 79, ""T1R:root_promotor"": 75, ""T2L:knee_extensor"": 20, ""T2R:knee_flexor"": 10}","{""T1L:knee_extensor"": 23, ""T1L:root_promotor"": 79, ""T1R:root_promotor"": 44}"
31567,AN06B088,False,2,2,True,"{""T2L:root_sar"": 35, ""T3L:root_sar"": 17}","{""T2L:root_sar"": 35, ""T3L:root_sar"": 17}"
31896,AN18B002,False,6,6,True,"{""T1L:knee_extensor"": 61, ""T1L:root_promotor"": 117, ""T2L:knee_extensor"": 118, ""T2L:root_sar"": 94, ""T3L:knee_extensor"": 17, ""T3L:root_sar"": 68}","{""T1L:knee_extensor"": 22, ""T1L:root_promotor"": 117, ""T2L:knee_extensor"": 59, ""T2L:root_sar"": 94, ""T3L:knee_extensor"": 17, ""T3L:root_sar"": 68}"
33220,AN03B009,False,2,2,True,"{""T1L:root_promotor"": 23, ""feeding_MN9"": 18}","{""T1L:root_promotor"": 23, ""feeding_MN9"": 18}"
36930,AN19B001,False,6,6,True,"{""T1L:knee_flexor"": 27, ""T2L:knee_flexor"": 63, ""T2L:root_pra"": 37, ""T3L:knee_flexor"": 72, ""T3L:root_spr"": 14, ""wing_b2"": 149}","{""T1L:knee_flexor"": 27, ""T2L:knee_flexor"": 63, ""T2L:root_pra"": 37, ""T3L:knee_flexor"": 72, ""T3L:root_spr"": 14, ""wing_b2"": 149}"
40447,DNg79,False,7,5,True,"{""T1L:knee_extensor"": 11, ""T1L:root_promotor"": 57, ""T1R:knee_extensor"": 18, ""T1R:root_promotor"": 51, ""T2L:knee_extensor"": 26, ""T2R:knee_extensor"": 21, ""T3R:knee_extensor"": 16}","{""T1L:knee_extensor"": 11, ""T1L:root_promotor"": 57, ""T1R:root_promotor"": 24, ""T2R:knee_extensor"": 21, ""T3R:knee_extensor"": 16}"
40773,AN01A014,False,3,3,True,"{""T1L:knee_extensor"": 85, ""T1L:root_pra"": 40, ""T1L:root_spr"": 84}","{""T1L:knee_extensor"": 60, ""T1L:root_pra"": 40, ""T1L:root_spr"": 84}"
43436,AN19B004,False,2,1,False,"{""T1L:knee_extensor"": 64, ""T1L:knee_flexor"": 58}","{""T1L:knee_flexor"": 58}"
44917,ANXXX037,False,2,2,True,"{""T2L:root_sar"": 28, ""T3L:root_sar"": 20}","{""T2L:root_sar"": 28, ""T3L:root_sar"": 20}"
46240,AN04A001,False,5,2,True,"{""T1R:root_promotor"": 28, ""T1R:root_sar"": 32, ""T2L:root_sar"": 62, ""T2R:root_sar"": 54, ""T3L:root_sar"": 19}","{""T2L:root_sar"": 62, ""T3L:root_sar"": 19}"
47409,AN19B022,False,6,6,True,"{""T1L:root_promotor"": 121, ""T1L:root_sar"": 50, ""T2L:root_sar"": 22, ""T3L:root_pra"": 40, ""T3L:root_sar"": 87, ""wing_b2"": 32}","{""T1L:root_promotor"": 121, ""T1L:root_sar"": 50, ""T2L:root_sar"": 22, ""T3L:root_pra"": 40, ""T3L:root_sar"": 87, ""wing_b2"": 32}"
55021,DNg12_e,False,2,2,True,"{""T1L:knee_extensor"": 61, ""T1L:root_promotor"": 58}","{""T1L:knee_extensor"": 22, ""T1L:root_promotor"": 58}"
58609,AN19B009,False,3,3,True,"{""T1L:root_sad"": 11, ""T1R:root_promotor"": 46, ""T1R:root_sar"": 36}","{""T1L:root_sad"": 11, ""T1R:root_promotor"": 19, ""T1R:root_sar"": 13}"
66800,AN04A001,False,5,4,True,"{""T1L:root_spr"": 28, ""T2L:root_pra"": 21, ""T2L:root_spr"": 86, ""T2R:root_spr"": 10, ""T3R:root_spr"": 33}","{""T2L:root_pra"": 21, ""T2L:root_spr"": 86, ""T2R:root_spr"": 10, ""T3R:root_spr"": 33}"
68005,DNg82,False,2,2,True,"{""neck_CvN7"": 16, ""wing_b2"": 13}","{""neck_CvN7"": 16, ""wing_b2"": 13}"
73753,AN07B003,False,5,4,True,"{""T1L:knee_extensor"": 10, ""T1L:root_promotor"": 91, ""T1L:root_spr"": 14, ""T2R:knee_extensor"": 16, ""T3L:root_spr"": 57}","{""T1L:knee_extensor"": 10, ""T1L:root_promotor"": 91, ""T1L:root_spr"": 14, ""T2R:knee_extensor"": 16}"
75754,AN19B009,False,2,2,True,"{""T1L:root_promotor"": 82, ""T1L:root_sar"": 28}","{""T1L:root_promotor"": 82, ""T1L:root_sar"": 28}"
76985,AN19B022,False,6,6,True,"{""T1R:root_promotor"": 87, ""T1R:root_sar"": 96, ""T2R:root_pra"": 10, ""T3R:root_pra"": 62, ""T3R:root_sar"": 92, ""wing_b2"": 15}","{""T1R:root_promotor"": 75, ""T1R:root_sar"": 58, ""T2R:root_pra"": 10, ""T3R:root_pra"": 62, ""T3R:root_sar"": 92, ""wing_b2"": 15}"
78114,AN04A001,False,4,3,True,"{""T1L:root_promotor"": 40, ""T1L:root_sar"": 30, ""T2L:root_sar"": 36, ""T2R:root_sar"": 95}","{""T1L:root_promotor"": 40, ""T1L:root_sar"": 30, ""T2L:root_sar"": 36}"
79634,ANXXX037,False,4,4,True,"{""T2R:root_sar"": 35, ""T3R:knee_extensor"": 11, ""T3R:root_pra"": 33, ""T3R:root_sar"": 30}","{""T2R:root_sar"": 35, ""T3R:knee_extensor"": 11, ""T3R:root_pra"": 33, ""T3R:root_sar"": 30}"
82880,AN04A001,False,5,4,True,"{""T1R:root_sar"": 11, ""T2L:knee_flexor"": 91, ""T2L:root_sar"": 54, ""T2L:root_spr"": 12, ""T3R:knee_flexor"": 13}","{""T2L:knee_flexor"": 91, ""T2L:root_sar"": 54, ""T2L:root_spr"": 12, ""T3R:knee_flexor"": 13}"
84268,AN19B051,False,2,2,True,"{""T1R:knee_flexor"": 10, ""T3R:knee_flexor"": 25}","{""T1R:knee_flexor"": 10, ""T3R:knee_flexor"": 25}"
90051,AN07B003,False,6,4,True,"{""T1R:knee_extensor"": 13, ""T1R:root_promotor"": 78, ""T2R:root_sad"": 24, ""T2R:root_spr"": 39, ""T3L:knee_extensor"": 12, ""T3R:root_spr"": 23}","{""T1R:root_promotor"": 39, ""T2R:root_sad"": 24, ""T3L:knee_extensor"": 12, ""T3R:root_spr"": 23}"
93227,AN04A001,False,5,5,True,"{""T2L:root_spr"": 15, ""T2R:root_pra"": 21, ""T2R:root_spr"": 66, ""T3L:root_sad"": 13, ""T3L:root_spr"": 52}","{""T2L:root_spr"": 15, ""T2R:root_pra"": 21, ""T2R:root_spr"": 24, ""T3L:root_sad"": 13, ""T3L:root_spr"": 37}"
93982,AN07B042,False,3,3,True,"{""T1L:root_pra"": 10, ""T1R:root_sar"": 10, ""neck_CvN7"": 15}","{""T1L:root_pra"": 10, ""T1R:root_sar"": 10, ""neck_CvN7"": 15}"
95862,AN08B031,False,2,2,True,"{""T1L:root_promotor"": 50, ""T1R:root_promotor"": 97}","{""T1L:root_promotor"": 50, ""T1R:root_promotor"": 51}"
98764,AN04A001,False,5,3,True,"{""T1L:root_sar"": 17, ""T1L:root_spr"": 42, ""T2L:knee_flexor"": 11, ""T2R:knee_flexor"": 27, ""T2R:root_sar"": 59}","{""T1L:root_sar"": 17, ""T2L:knee_flexor"": 11, ""T2R:knee_flexor"": 27}"
114795,AN08B031,False,2,2,True,"{""T1L:root_promotor"": 65, ""T1R:root_promotor"": 49}","{""T1L:root_promotor"": 65, ""T1R:root_promotor"": 28}"
119228,SApp,False,2,2,True,"{""wing_b1"": 12, ""wing_b2"": 12}","{""wing_b1"": 12, ""wing_b2"": 12}"
120169,"SApp06,SApp15",False,2,2,True,"{""wing_b1"": 32, ""wing_b2"": 11}","{""wing_b1"": 32, ""wing_b2"": 11}"
121271,SApp,False,2,2,True,"{""wing_b1"": 11, ""wing_b2"": 14}","{""wing_b1"": 11, ""wing_b2"": 14}"
122112,AN01A014,False,4,4,True,"{""T1R:knee_extensor"": 71, ""T1R:root_pra"": 26, ""T1R:root_sar"": 11, ""T1R:root_spr"": 24}","{""T1R:knee_extensor"": 18, ""T1R:root_pra"": 26, ""T1R:root_sar"": 11, ""T1R:root_spr"": 24}"
131475,SApp01,False,2,2,True,"{""wing_b1"": 19, ""wing_b2"": 16}","{""wing_b1"": 19, ""wing_b2"": 16}"
149075,AN19B051,False,2,2,True,"{""T2L:knee_flexor"": 26, ""T3L:knee_flexor"": 12}","{""T2L:knee_flexor"": 26, ""T3L:knee_flexor"": 12}"
149486,AN07B045,False,2,1,False,"{""T2R:root_pra"": 25, ""T2R:root_spr"": 10}","{""T2R:root_pra"": 25}"
154726,AN18B003,False,2,2,True,"{""T3L:knee_flexor"": 74, ""T3L:root_sar"": 18}","{""T3L:knee_flexor"": 74, ""T3L:root_sar"": 18}"
154893,AN18B003,False,2,2,True,"{""T3R:knee_flexor"": 61, ""T3R:root_sar"": 43}","{""T3R:knee_flexor"": 33, ""T3R:root_sar"": 43}"
155172,AN07B045,False,2,2,True,"{""T1R:root_spr"": 11, ""T2R:root_pra"": 12}","{""T1R:root_spr"": 11, ""T2R:root_pra"": 12}"
168542,SApp,False,2,2,True,"{""wing_b1"": 18, ""wing_b2"": 18}","{""wing_b1"": 18, ""wing_b2"": 18}"
174277,SApp01,False,2,2,True,"{""wing_b1"": 10, ""wing_b2"": 11}","{""wing_b1"": 10, ""wing_b2"": 11}"
178260,AN07B045,False,3,2,True,"{""T2L:root_pra"": 27, ""T2L:root_spr"": 22, ""T3L:root_spr"": 19}","{""T2L:root_pra"": 27, ""T2L:root_spr"": 22}"
187243,AN07B045,False,3,2,True,"{""T2L:root_pra"": 48, ""T2L:root_spr"": 10, ""T3L:root_spr"": 22}","{""T2L:root_pra"": 48, ""T2L:root_spr"": 10}"
188043,SApp01,False,2,2,True,"{""wing_b1"": 16, ""wing_b2"": 12}","{""wing_b1"": 16, ""wing_b2"": 12}"
188093,"SApp06,SApp15",True,2,2,True,"{""wing_b1"": 40, ""wing_b2"": 10}","{""wing_b1"": 40, ""wing_b2"": 10}"
230783,DNg97,True,4,4,True,"{""T1L:knee_flexor"": 63, ""T1L:root_promotor"": 34, ""T1L:root_sar"": 18, ""T2L:knee_flexor"": 14}","{""T1L:knee_flexor"": 63, ""T1L:root_promotor"": 34, ""T1L:root_sar"": 18, ""T2L:knee_flexor"": 14}"
256420,DNge050,False,10,8,True,"{""T1L:knee_extensor"": 45, ""T1L:root_promotor"": 17, ""T1L:root_spr"": 11, ""T2L:knee_extensor"": 41, ""T2L:root_pra"": 13, ""T2L:root_sar"": 15, ""T3L:knee_extensor"": 12, ""T3L:root_pra"": 18, ""T3L:root_sar"": 39, ""T3L:root_spr"": 54}","{""T1L:root_promotor"": 17, ""T1L:root_spr"": 11, ""T2L:knee_extensor"": 28, ""T2L:root_pra"": 13, ""T2L:root_sar"": 15, ""T3L:knee_extensor"": 12, ""T3L:root_pra"": 18, ""T3L:root_sar"": 39}"
263403,SApp01,False,2,2,True,"{""wing_b1"": 23, ""wing_b2"": 14}","{""wing_b1"": 23, ""wing_b2"": 14}"
382580,AN08B031,False,2,2,True,"{""T1L:root_promotor"": 47, ""T1R:root_promotor"": 39}","{""T1L:root_promotor"": 47, ""T1R:root_promotor"": 28}"
512002,AN12B005,False,2,2,True,"{""T2L:root_pra"": 15, ""T3L:root_spr"": 151}","{""T2L:root_pra"": 15, ""T3L:root_spr"": 25}"
513052,DNg15,False,2,1,False,"{""T1L:knee_extensor"": 87, ""T2L:root_sar"": 17}","{""T2L:root_sar"": 17}"
515575,DNp26,False,2,1,False,"{""T2L:knee_extensor"": 17, ""neck_CvN7"": 26}","{""neck_CvN7"": 26}"
519570,DNg82,False,2,2,True,"{""neck_CvN7"": 10, ""wing_b2"": 19}","{""neck_CvN7"": 10, ""wing_b2"": 19}"
519660,AN10B009,False,3,2,True,"{""T1R:root_promotor"": 67, ""T1R:root_sar"": 55, ""T2R:root_sar"": 14}","{""T1R:root_promotor"": 42, ""T1R:root_sar"": 18}"
519839,DNge062,False,3,3,True,"{""T1R:root_sar"": 16, ""T2R:root_sar"": 28, ""feeding_MN9"": 87}","{""T1R:root_sar"": 16, ""T2R:root_sar"": 28, ""feeding_MN9"": 87}"
520118,DNge148,False,2,2,True,"{""T2R:root_pra"": 96, ""T2R:root_sar"": 11}","{""T2R:root_pra"": 96, ""T2R:root_sar"": 11}"
520300,DNg75,False,7,7,True,"{""T1L:root_pra"": 88, ""T1L:root_spr"": 68, ""T2L:root_pra"": 42, ""T2L:root_sar"": 32, ""T2L:root_spr"": 61, ""T3L:root_pra"": 31, ""T3L:root_spr"": 95}","{""T1L:root_pra"": 88, ""T1L:root_spr"": 68, ""T2L:root_pra"": 42, ""T2L:root_sar"": 32, ""T2L:root_spr"": 61, ""T3L:root_pra"": 31, ""T3L:root_spr"": 14}"
522961,DNp47,False,3,2,True,"{""T1L:root_promotor"": 62, ""T1R:root_promotor"": 14, ""T3L:knee_extensor"": 24}","{""T1L:root_promotor"": 62, ""T3L:knee_extensor"": 24}"
522975,ANXXX006,True,6,6,True,"{""T1L:root_promotor"": 312, ""T1L:root_sad"": 19, ""T1L:root_sar"": 366, ""T1R:knee_extensor"": 18, ""T1R:root_promotor"": 498, ""T1R:root_sar"": 715}","{""T1L:root_promotor"": 312, ""T1L:root_sad"": 19, ""T1L:root_sar"": 366, ""T1R:knee_extensor"": 18, ""T1R:root_promotor"": 354, ""T1R:root_sar"": 263}"
523039,DNge055,False,2,1,False,"{""T2R:root_spr"": 11, ""feeding_MN9"": 12}","{""feeding_MN9"": 12}"
523679,DNge051,False,2,2,True,"{""T1R:knee_flexor"": 12, ""feeding_MN9"": 142}","{""T1R:knee_flexor"": 12, ""feeding_MN9"": 142}"
523769,DNa02,True,7,6,True,"{""T1L:root_sar"": 69, ""T1L:root_spr"": 58, ""T2L:knee_flexor"": 17, ""T2L:root_sar"": 133, ""T3L:root_pra"": 21, ""T3L:root_sar"": 132, ""T3L:root_spr"": 10}","{""T1L:root_sar"": 69, ""T2L:knee_flexor"": 17, ""T2L:root_sar"": 133, ""T3L:root_pra"": 21, ""T3L:root_sar"": 132, ""T3L:root_spr"": 10}"
524190,DNge012,False,2,1,False,"{""T1R:knee_extensor"": 16, ""T1R:root_promotor"": 89}","{""T1R:root_promotor"": 37}"
524225,DNg14,False,3,3,True,"{""T3R:knee_extensor"": 125, ""T3R:knee_flexor"": 57, ""T3R:root_pra"": 22}","{""T3R:knee_extensor"": 125, ""T3R:knee_flexor"": 30, ""T3R:root_pra"": 22}"
524470,DNbe001,False,3,3,True,"{""neck_CvN7"": 29, ""wing_b1"": 54, ""wing_b2"": 119}","{""neck_CvN7"": 29, ""wing_b1"": 54, ""wing_b2"": 119}"
525454,DNg74_b,False,16,16,True,"{""T1L:knee_extensor"": 87, ""T1L:knee_flexor"": 56, ""T1L:root_pra"": 118, ""T1L:root_promotor"": 122, ""T1L:root_sar"": 13, ""T1L:root_spr"": 49, ""T2L:knee_extensor"": 32, ""T2L:knee_flexor"": 27, ""T2L:root_pra"": 45, ""T2L:root_sar"": 29, ""T2L:root_spr"": 78, ""T3L:knee_extensor"": 25, ""T3L:knee_flexor"": 41, ""T3L:root_pra"": 48, ""T3L:root_sar"": 17, ""T3L:root_spr"": 94}","{""T1L:knee_extensor"": 23, ""T1L:knee_flexor"": 56, ""T1L:root_pra"": 118, ""T1L:root_promotor"": 122, ""T1L:root_sar"": 13, ""T1L:root_spr"": 30, ""T2L:knee_extensor"": 32, ""T2L:knee_flexor"": 27, ""T2L:root_pra"": 45, ""T2L:root_sar"": 29, ""T2L:root_spr"": 78, ""T3L:knee_extensor"": 25, ""T3L:knee_flexor"": 19, ""T3L:root_pra"": 48, ""T3L:root_sar"": 17, ""T3L:root_spr"": 21}"
525960,DNa13,False,2,1,False,"{""T1L:root_spr"": 35, ""T3L:root_sad"": 32}","{""T3L:root_sad"": 32}"
550221,DNg69,False,5,4,True,"{""T1L:knee_flexor"": 33, ""T2L:knee_flexor"": 24, ""T2L:root_sar"": 27, ""T3L:knee_flexor"": 11, ""T3L:root_sar"": 13}","{""T1L:knee_flexor"": 33, ""T2L:knee_flexor"": 24, ""T2L:root_sar"": 27, ""T3L:root_sar"": 13}"
555457,DNge079,False,13,10,True,"{""T1R:knee_extensor"": 35, ""T1R:knee_flexor"": 69, ""T1R:root_promotor"": 85, ""T1R:root_sar"": 114, ""T2R:knee_extensor"": 118, ""T2R:knee_flexor"": 125, ""T2R:root_pra"": 44, ""T2R:root_sar"": 87, ""T2R:root_spr"": 95, ""T3R:knee_extensor"": 82, ""T3R:knee_flexor"": 162, ""T3R:root_sar"": 81, ""T3R:root_spr"": 59}","{""T1R:knee_flexor"": 69, ""T1R:root_promotor"": 22, ""T2R:knee_extensor"": 118, ""T2R:knee_flexor"": 125, ""T2R:root_pra"": 44, ""T2R:root_sar"": 11, ""T3R:knee_extensor"": 82, ""T3R:knee_flexor"": 149, ""T3R:root_sar"": 81, ""T3R:root_spr"": 59}"
555726,DNa13,False,2,1,False,"{""T1L:root_spr"": 43, ""T3L:root_sad"": 17}","{""T3L:root_sad"": 17}"
800001,IN07B016,False,5,5,True,"{""T2L:knee_flexor"": 30, ""T2R:knee_flexor"": 46, ""T2R:root_sad"": 11, ""T2R:root_sar"": 14, ""T3R:knee_flexor"": 23}","{""T2L:knee_flexor"": 30, ""T2R:knee_flexor"": 36, ""T2R:root_sad"": 11, ""T2R:root_sar"": 14, ""T3R:knee_flexor"": 13}"
800002,IN07B010,False,6,5,True,"{""T1L:knee_extensor"": 28, ""T1L:root_promotor"": 11, ""T2L:knee_extensor"": 36, ""T2R:knee_flexor"": 36, ""T2R:root_spr"": 34, ""T3R:knee_flexor"": 36}","{""T1L:knee_extensor"": 12, ""T1L:root_promotor"": 11, ""T2L:knee_extensor"": 12, ""T2R:knee_flexor"": 36, ""T3R:knee_flexor"": 22}"
800004,IN07B007,False,2,0,False,"{""T1R:root_promotor"": 13, ""T2R:knee_flexor"": 17}",{}
800008,IN19A002,False,2,2,True,"{""T3R:knee_extensor"": 21, ""T3R:root_spr"": 50}","{""T3R:knee_extensor"": 21, ""T3R:root_spr"": 50}"
800012,AN19B001,False,6,5,True,"{""T1R:knee_flexor"": 19, ""T2R:knee_flexor"": 30, ""T2R:root_pra"": 61, ""T2R:root_sar"": 40, ""T3R:knee_flexor"": 34, ""wing_b2"": 92}","{""T1R:knee_flexor"": 19, ""T2R:knee_flexor"": 30, ""T2R:root_pra"": 61, ""T3R:knee_flexor"": 24, ""wing_b2"": 92}"
800018,IN01A008,False,2,2,True,"{""T3L:root_sar"": 52, ""T3R:root_sar"": 42}","{""T3L:root_sar"": 52, ""T3R:root_sar"": 42}"
800022,IN19B010,False,3,3,True,"{""T2R:root_pra"": 18, ""T2R:root_spr"": 10, ""T3R:knee_extensor"": 35}","{""T2R:root_pra"": 18, ""T2R:root_spr"": 10, ""T3R:knee_extensor"": 35}"
800054,INXXX025,False,4,4,True,"{""T1L:knee_flexor"": 36, ""T2L:root_pra"": 66, ""T2L:root_spr"": 152, ""T3L:root_spr"": 117}","{""T1L:knee_flexor"": 36, ""T2L:root_pra"": 66, ""T2L:root_spr"": 152, ""T3L:root_spr"": 32}"
800059,IN09A004,False,2,2,True,"{""T2L:root_pra"": 115, ""T2L:root_spr"": 416}","{""T2L:root_pra"": 115, ""T2L:root_spr"": 416}"
800063,IN12B002,False,2,2,True,"{""T2L:root_sar"": 66, ""T3L:root_sar"": 44}","{""T2L:root_sar"": 66, ""T3L:root_sar"": 44}"
800070,IN19B021,False,2,2,True,"{""T3L:root_sad"": 29, ""T3L:root_spr"": 39}","{""T3L:root_sad"": 29, ""T3L:root_spr"": 39}"
800071,IN12B002,False,2,2,True,"{""T2L:root_sar"": 27, ""T3L:root_sar"": 13}","{""T2L:root_sar"": 27, ""T3L:root_sar"": 13}"
800072,INXXX464,False,5,5,True,"{""T2L:knee_extensor"": 128, ""T2L:knee_flexor"": 11, ""T2L:root_pra"": 158, ""T2L:root_sar"": 12, ""T2L:root_spr"": 147}","{""T2L:knee_extensor"": 77, ""T2L:knee_flexor"": 11, ""T2L:root_pra"": 158, ""T2L:root_sar"": 12, ""T2L:root_spr"": 147}"
800073,IN12A001,False,14,12,True,"{""T1L:knee_extensor"": 10, ""T1L:root_pra"": 22, ""T1L:root_promotor"": 31, ""T1R:knee_extensor"": 80, ""T1R:root_pra"": 68, ""T1R:root_promotor"": 177, ""T1R:root_sar"": 10, ""T2R:knee_extensor"": 171, ""T2R:root_pra"": 59, ""T2R:root_sad"": 22, ""T2R:root_sar"": 27, ""T3R:knee_extensor"": 22, ""T3R:root_pra"": 11, ""T3R:root_sar"": 16}","{""T1L:knee_extensor"": 10, ""T1L:root_pra"": 22, ""T1L:root_promotor"": 31, ""T1R:root_pra"": 68, ""T1R:root_promotor"": 80, ""T2R:knee_extensor"": 118, ""T2R:root_pra"": 59, ""T2R:root_sad"": 22, ""T2R:root_sar"": 12, ""T3R:knee_extensor"": 22, ""T3R:root_pra"": 11, ""T3R:root_sar"": 16}"
800075,IN19B003,False,4,3,True,"{""T1L:knee_extensor"": 211, ""T1L:root_promotor"": 284, ""T1L:root_sar"": 122, ""T1L:root_spr"": 14}","{""T1L:knee_extensor"": 56, ""T1L:root_promotor"": 284, ""T1L:root_sar"": 122}"
800076,INXXX032,False,6,6,True,"{""T1L:knee_flexor"": 70, ""T1L:root_sar"": 10, ""T1L:root_spr"": 46, ""T2L:knee_flexor"": 33, ""T2L:root_pra"": 68, ""T2L:root_spr"": 65}","{""T1L:knee_flexor"": 70, ""T1L:root_sar"": 10, ""T1L:root_spr"": 46, ""T2L:knee_flexor"": 33, ""T2L:root_pra"": 68, ""T2L:root_spr"": 65}"
800077,IN12B002,False,2,2,True,"{""T2R:root_sar"": 91, ""T3R:root_sar"": 33}","{""T2R:root_sar"": 91, ""T3R:root_sar"": 33}"
800081,IN08A002,False,3,2,True,"{""T2L:root_pra"": 12, ""T2L:root_sad"": 14, ""T2L:root_spr"": 10}","{""T2L:root_pra"": 12, ""T2L:root_spr"": 10}"
800082,IN19A011,False,3,3,True,"{""T1L:knee_extensor"": 75, ""T1L:knee_flexor"": 10, ""T1L:root_promotor"": 168}","{""T1L:knee_extensor"": 37, ""T1L:knee_flexor"": 10, ""T1L:root_promotor"": 168}"
800084,IN19B008,False,3,3,True,"{""T3L:root_sar"": 35, ""wing_b1"": 72, ""wing_b2"": 265}","{""T3L:root_sar"": 35, ""wing_b1"": 72, ""wing_b2"": 265}"
800085,IN07B002,False,9,8,True,"{""T1L:root_sar"": 11, ""T1R:root_sar"": 20, ""T2L:knee_flexor"": 50, ""T2L:root_sar"": 18, ""T2R:root_sar"": 44, ""T3L:knee_flexor"": 10, ""T3L:root_sar"": 16, ""T3R:knee_flexor"": 13, ""T3R:root_sar"": 38}","{""T1L:root_sar"": 11, ""T2L:knee_flexor"": 50, ""T2L:root_sar"": 18, ""T2R:root_sar"": 11, ""T3L:knee_flexor"": 10, ""T3L:root_sar"": 16, ""T3R:knee_flexor"": 13, ""T3R:root_sar"": 38}"
800089,IN19B012,False,4,4,True,"{""T3L:knee_flexor"": 254, ""T3L:root_pra"": 27, ""T3L:root_sar"": 38, ""T3L:root_spr"": 177}","{""T3L:knee_flexor"": 254, ""T3L:root_pra"": 27, ""T3L:root_sar"": 38, ""T3L:root_spr"": 27}"
800090,IN19A019,False,2,1,False,"{""T1L:root_pra"": 41, ""T1L:root_spr"": 56}","{""T1L:root_pra"": 41}"
800095,IN20A.22A001,False,2,2,True,"{""T3L:root_pra"": 10, ""T3L:root_sar"": 16}","{""T3L:root_pra"": 10, ""T3L:root_sar"": 16}"
800099,DNge079,True,15,14,True,"{""T1L:knee_extensor"": 62, ""T1L:knee_flexor"": 75, ""T1L:root_pra"": 11, ""T1L:root_promotor"": 135, ""T1L:root_sar"": 161, ""T1L:root_spr"": 80, ""T2L:knee_extensor"": 134, ""T2L:knee_flexor"": 334, ""T2L:root_pra"": 87, ""T2L:root_sar"": 41, ""T2L:root_spr"": 92, ""T3L:knee_extensor"": 84, ""T3L:knee_flexor"": 223, ""T3L:root_sar"": 70, ""T3L:root_spr"": 119}","{""T1L:knee_extensor"": 40, ""T1L:knee_flexor"": 75, ""T1L:root_pra"": 11, ""T1L:root_promotor"": 135, ""T1L:root_sar"": 161, ""T1L:root_spr"": 38, ""T2L:knee_extensor"": 10, ""T2L:knee_flexor"": 334, ""T2L:root_pra"": 87, ""T2L:root_sar"": 41, ""T2L:root_spr"": 92, ""T3L:knee_extensor"": 84, ""T3L:knee_flexor"": 223, ""T3L:root_sar"": 70}"
800101,IN01A012,False,3,3,True,"{""T2L:knee_extensor"": 51, ""T2L:root_pra"": 202, ""T2L:root_spr"": 14}","{""T2L:knee_extensor"": 28, ""T2L:root_pra"": 202, ""T2L:root_spr"": 14}"
800103,IN19A007,False,4,3,True,"{""T2R:knee_extensor"": 21, ""T2R:root_pra"": 10, ""T2R:root_sad"": 30, ""T2R:root_spr"": 42}","{""T2R:knee_extensor"": 21, ""T2R:root_pra"": 10, ""T2R:root_sad"": 30}"
800111,IN13A001,False,3,3,True,"{""T3L:knee_flexor"": 159, ""T3L:root_pra"": 15, ""T3L:root_sar"": 14}","{""T3L:knee_flexor"": 143, ""T3L:root_pra"": 15, ""T3L:root_sar"": 14}"
800114,IN17A001,False,2,2,True,"{""T3R:knee_extensor"": 23, ""T3R:root_pra"": 54}","{""T3R:knee_extensor"": 23, ""T3R:root_pra"": 54}"
800116,IN13A001,False,3,3,True,"{""T1L:knee_flexor"": 107, ""T1L:root_sar"": 128, ""T1L:root_spr"": 47}","{""T1L:knee_flexor"": 107, ""T1L:root_sar"": 128, ""T1L:root_spr"": 47}"
800117,IN19A015,False,3,3,True,"{""T1L:knee_flexor"": 120, ""T1L:root_promotor"": 25, ""T1L:root_sar"": 28}","{""T1L:knee_flexor"": 120, ""T1L:root_promotor"": 25, ""T1L:root_sar"": 28}"
800118,INXXX089,False,5,5,True,"{""T1L:knee_extensor"": 45, ""T1L:knee_flexor"": 50, ""T1L:root_pra"": 10, ""T1L:root_promotor"": 340, ""T1L:root_sad"": 11}","{""T1L:knee_extensor"": 27, ""T1L:knee_flexor"": 50, ""T1L:root_pra"": 10, ""T1L:root_promotor"": 340, ""T1L:root_sad"": 11}"
800119,IN19A007,False,3,3,True,"{""T3R:knee_extensor"": 40, ""T3R:root_sar"": 15, ""T3R:root_spr"": 110}","{""T3R:knee_extensor"": 40, ""T3R:root_sar"": 15, ""T3R:root_spr"": 110}"
800121,INXXX036,False,3,2,True,"{""T1L:knee_extensor"": 40, ""T1L:knee_flexor"": 13, ""T1L:root_sar"": 77}","{""T1L:knee_flexor"": 13, ""T1L:root_sar"": 77}"
800123,INXXX107,False,6,6,True,"{""T2L:knee_extensor"": 65, ""T2L:root_pra"": 188, ""T2L:root_spr"": 99, ""T3L:knee_extensor"": 24, ""T3L:root_pra"": 69, ""T3L:root_spr"": 130}","{""T2L:knee_extensor"": 43, ""T2L:root_pra"": 188, ""T2L:root_spr"": 99, ""T3L:knee_extensor"": 24, ""T3L:root_pra"": 69, ""T3L:root_spr"": 23}"
800124,IN19A019,False,2,2,True,"{""T2L:knee_extensor"": 28, ""T2L:root_spr"": 16}","{""T2L:knee_extensor"": 28, ""T2L:root_spr"": 16}"
800127,IN19A008,False,2,2,True,"{""T3R:root_pra"": 13, ""T3R:root_spr"": 64}","{""T3R:root_pra"": 13, ""T3R:root_spr"": 64}"
800134,IN03A010,False,3,3,True,"{""T3L:root_pra"": 244, ""T3L:root_sad"": 71, ""T3L:root_spr"": 640}","{""T3L:root_pra"": 192, ""T3L:root_sad"": 71, ""T3L:root_spr"": 273}"
800135,IN08B001,False,9,8,True,"{""T1R:root_promotor"": 49, ""T2R:knee_extensor"": 40, ""T2R:root_pra"": 51, ""T2R:root_sad"": 10, ""T2R:root_spr"": 139, ""T3R:knee_extensor"": 28, ""T3R:root_pra"": 44, ""T3R:root_sar"": 18, ""T3R:root_spr"": 71}","{""T1R:root_promotor"": 49, ""T2R:knee_extensor"": 29, ""T2R:root_pra"": 51, ""T2R:root_sad"": 10, ""T3R:knee_extensor"": 28, ""T3R:root_pra"": 44, ""T3R:root_sar"": 18, ""T3R:root_spr"": 71}"
800136,IN06B035,False,8,7,True,"{""T1L:knee_extensor"": 28, ""T1L:root_promotor"": 53, ""T1L:root_sar"": 23, ""T2L:root_sar"": 50, ""T2L:root_spr"": 16, ""T2R:root_sar"": 54, ""T2R:root_spr"": 11, ""T3R:root_sar"": 31}","{""T1L:knee_extensor"": 13, ""T1L:root_promotor"": 53, ""T1L:root_sar"": 23, ""T2L:root_sar"": 50, ""T2L:root_spr"": 16, ""T2R:root_sar"": 38, ""T3R:root_sar"": 31}"
800140,IN19B003,False,3,2,True,"{""T2R:knee_extensor"": 142, ""T2R:root_sar"": 205, ""T2R:root_spr"": 28}","{""T2R:knee_extensor"": 103, ""T2R:root_sar"": 101}"
800142,IN19B011,False,5,3,True,"{""T1R:root_sar"": 10, ""T2R:knee_flexor"": 10, ""T2R:root_sar"": 60, ""T3R:knee_flexor"": 12, ""T3R:root_sar"": 35}","{""T2R:knee_flexor"": 10, ""T2R:root_sar"": 60, ""T3R:root_sar"": 35}"
800144,IN07B012,False,3,1,False,"{""T2R:root_spr"": 23, ""T3R:knee_flexor"": 12, ""T3R:root_spr"": 52}","{""T3R:root_spr"": 52}"
800147,IN12A001,False,10,9,True,"{""T1L:knee_extensor"": 109, ""T1L:root_pra"": 86, ""T1L:root_promotor"": 236, ""T1R:root_promotor"": 10, ""T2L:knee_extensor"": 205, ""T2L:knee_flexor"": 24, ""T2L:root_pra"": 86, ""T2L:root_sar"": 42, ""T3L:knee_extensor"": 84, ""T3L:root_sar"": 18}","{""T1L:knee_extensor"": 109, ""T1L:root_pra"": 86, ""T1L:root_promotor"": 236, ""T2L:knee_extensor"": 77, ""T2L:knee_flexor"": 24, ""T2L:root_pra"": 86, ""T2L:root_sar"": 42, ""T3L:knee_extensor"": 84, ""T3L:root_sar"": 18}"
800148,INXXX042,False,2,2,True,"{""T3L:root_pra"": 73, ""T3L:root_sar"": 13}","{""T3L:root_pra"": 73, ""T3L:root_sar"": 13}"
800149,IN07B006,False,7,7,True,"{""T1L:root_pra"": 42, ""T1L:root_promotor"": 28, ""T1L:root_spr"": 81, ""T2L:root_pra"": 104, ""T2L:root_spr"": 284, ""T3L:root_pra"": 71, ""T3L:root_spr"": 508}","{""T1L:root_pra"": 42, ""T1L:root_promotor"": 28, ""T1L:root_spr"": 81, ""T2L:root_pra"": 104, ""T2L:root_spr"": 284, ""T3L:root_pra"": 71, ""T3L:root_spr"": 87}"
800155,IN03A004,False,6,5,True,"{""T1L:knee_extensor"": 11, ""T1L:knee_flexor"": 261, ""T1L:root_pra"": 10, ""T1L:root_sad"": 16, ""T1L:root_sar"": 70, ""T1L:root_spr"": 62}","{""T1L:knee_flexor"": 261, ""T1L:root_pra"": 10, ""T1L:root_sad"": 16, ""T1L:root_sar"": 70, ""T1L:root_spr"": 62}"
800159,IN19B003,False,4,4,True,"{""T3L:knee_extensor"": 76, ""T3L:root_sad"": 53, ""T3L:root_sar"": 149, ""T3L:root_spr"": 75}","{""T3L:knee_extensor"": 76, ""T3L:root_sad"": 53, ""T3L:root_sar"": 149, ""T3L:root_spr"": 61}"
800167,IN21A001,False,2,2,True,"{""T3R:root_pra"": 19, ""T3R:root_sar"": 997}","{""T3R:root_pra"": 19, ""T3R:root_sar"": 997}"
800171,IN07B002,False,5,3,True,"{""T1L:root_spr"": 13, ""T2L:knee_flexor"": 23, ""T2R:knee_flexor"": 10, ""T2R:root_sar"": 17, ""T3R:knee_flexor"": 18}","{""T2L:knee_flexor"": 23, ""T2R:knee_flexor"": 10, ""T3R:knee_flexor"": 18}"
800173,IN17A001,False,3,2,True,"{""T1L:knee_extensor"": 14, ""T1L:knee_flexor"": 24, ""T1L:root_promotor"": 10}","{""T1L:knee_flexor"": 24, ""T1L:root_promotor"": 10}"
800174,IN19A006,False,2,2,True,"{""T2L:knee_flexor"": 18, ""T2L:root_sar"": 20}","{""T2L:knee_flexor"": 18, ""T2L:root_sar"": 20}"
800182,INXXX022,False,2,2,True,"{""T3L:knee_flexor"": 91, ""T3L:root_pra"": 63}","{""T3L:knee_flexor"": 91, ""T3L:root_pra"": 63}"
800188,IN19A010,False,4,3,True,"{""T2L:root_pra"": 10, ""T3L:knee_extensor"": 16, ""T3L:root_sar"": 137, ""T3L:root_spr"": 12}","{""T2L:root_pra"": 10, ""T3L:knee_extensor"": 16, ""T3L:root_sar"": 137}"
800211,INXXX464,False,4,3,True,"{""T2R:knee_extensor"": 72, ""T2R:root_pra"": 155, ""T2R:root_sar"": 18, ""T2R:root_spr"": 166}","{""T2R:knee_extensor"": 53, ""T2R:root_pra"": 155, ""T2R:root_sar"": 18}"
800215,IN01A034,False,3,3,True,"{""T2L:knee_flexor"": 34, ""T2L:root_pra"": 29, ""T2L:root_spr"": 14}","{""T2L:knee_flexor"": 34, ""T2L:root_pra"": 29, ""T2L:root_spr"": 14}"
800216,IN19B012,False,5,5,True,"{""T1L:knee_flexor"": 41, ""T1L:root_pra"": 33, ""T1L:root_promotor"": 169, ""T1L:root_sar"": 183, ""T1L:root_spr"": 132}","{""T1L:knee_flexor"": 41, ""T1L:root_pra"": 33, ""T1L:root_promotor"": 169, ""T1L:root_sar"": 183, ""T1L:root_spr"": 132}"
800224,IN13A001,False,3,3,True,"{""T1R:knee_flexor"": 102, ""T1R:root_sar"": 144, ""T1R:root_spr"": 40}","{""T1R:knee_flexor"": 89, ""T1R:root_sar"": 93, ""T1R:root_spr"": 40}"
800228,IN13A005,False,3,3,True,"{""T3L:knee_flexor"": 135, ""T3L:root_pra"": 26, ""T3L:root_sad"": 16}","{""T3L:knee_flexor"": 135, ""T3L:root_pra"": 26, ""T3L:root_sad"": 16}"
800233,IN19A007,False,4,4,True,"{""T2L:knee_extensor"": 44, ""T2L:knee_flexor"": 11, ""T2L:root_pra"": 31, ""T2L:root_spr"": 24}","{""T2L:knee_extensor"": 30, ""T2L:knee_flexor"": 11, ""T2L:root_pra"": 31, ""T2L:root_spr"": 24}"
800235,IN12A010,False,3,3,True,"{""T3L:root_pra"": 72, ""T3L:root_sad"": 10, ""T3L:root_spr"": 23}","{""T3L:root_pra"": 72, ""T3L:root_sad"": 10, ""T3L:root_spr"": 11}"
800240,IN04B007,False,2,2,True,"{""T3R:root_pra"": 52, ""T3R:root_spr"": 110}","{""T3R:root_pra"": 52, ""T3R:root_spr"": 110}"
800247,IN07B002,False,9,7,True,"{""T1L:root_sar"": 15, ""T1L:root_spr"": 10, ""T2L:knee_flexor"": 35, ""T2L:root_sar"": 14, ""T2R:knee_flexor"": 22, ""T2R:root_sar"": 36, ""T3L:knee_flexor"": 12, ""T3L:root_sar"": 35, ""T3R:root_sar"": 36}","{""T1L:root_sar"": 15, ""T2L:knee_flexor"": 35, ""T2L:root_sar"": 14, ""T2R:knee_flexor"": 22, ""T3L:knee_flexor"": 12, ""T3L:root_sar"": 35, ""T3R:root_sar"": 36}"
800256,IN08A002,False,4,3,True,"{""T1L:knee_extensor"": 10, ""T1L:root_pra"": 31, ""T1L:root_promotor"": 12, ""T1L:root_spr"": 11}","{""T1L:root_pra"": 31, ""T1L:root_promotor"": 12, ""T1L:root_spr"": 11}"
800259,IN19A005,False,3,3,True,"{""T2L:knee_extensor"": 878, ""T2L:knee_flexor"": 20, ""T2L:root_sar"": 10}","{""T2L:knee_extensor"": 417, ""T2L:knee_flexor"": 20, ""T2L:root_sar"": 10}"
800270,IN13A002,False,3,3,True,"{""T1L:knee_flexor"": 170, ""T1L:root_promotor"": 102, ""T1L:root_sar"": 30}","{""T1L:knee_flexor"": 170, ""T1L:root_promotor"": 102, ""T1L:root_sar"": 30}"
800277,IN18B015,False,3,2,True,"{""T2R:knee_extensor"": 19, ""T3L:root_spr"": 21, ""T3R:root_sar"": 12}","{""T2R:knee_extensor"": 19, ""T3R:root_sar"": 12}"
800279,IN03A071,False,3,2,True,"{""T2L:root_pra"": 98, ""T2L:root_sad"": 12, ""T2L:root_spr"": 23}","{""T2L:root_pra"": 98, ""T2L:root_spr"": 23}"
800283,IN17A007,False,3,3,True,"{""T2L:knee_extensor"": 75, ""T2L:knee_flexor"": 16, ""T2L:root_pra"": 12}","{""T2L:knee_extensor"": 49, ""T2L:knee_flexor"": 16, ""T2L:root_pra"": 12}"
800286,INXXX464,False,5,5,True,"{""T1L:knee_extensor"": 141, ""T1L:knee_flexor"": 68, ""T1L:root_pra"": 140, ""T1L:root_promotor"": 375, ""T1L:root_spr"": 30}","{""T1L:knee_extensor"": 12, ""T1L:knee_flexor"": 68, ""T1L:root_pra"": 140, ""T1L:root_promotor"": 375, ""T1L:root_spr"": 30}"
800291,IN13A001,False,3,3,True,"{""T3R:knee_flexor"": 216, ""T3R:root_pra"": 20, ""T3R:root_sar"": 15}","{""T3R:knee_flexor"": 135, ""T3R:root_pra"": 20, ""T3R:root_sar"": 15}"
800296,IN09A002,False,4,4,True,"{""T2L:knee_flexor"": 34, ""T2L:root_pra"": 57, ""T2L:root_sar"": 88, ""T2L:root_spr"": 27}","{""T2L:knee_flexor"": 34, ""T2L:root_pra"": 57, ""T2L:root_sar"": 88, ""T2L:root_spr"": 27}"
800304,IN19A008,False,2,1,False,"{""T2R:root_sad"": 81, ""T2R:root_spr"": 10}","{""T2R:root_sad"": 81}"
800306,IN13B001,False,2,2,True,"{""T1L:root_promotor"": 11, ""T1L:root_sar"": 37}","{""T1L:root_promotor"": 11, ""T1L:root_sar"": 37}"
800311,IN07B009,False,3,3,True,"{""T2L:root_pra"": 13, ""T2L:root_spr"": 20, ""T3L:root_pra"": 20}","{""T2L:root_pra"": 13, ""T2L:root_spr"": 20, ""T3L:root_pra"": 20}"
800313,IN07B006,False,2,2,True,"{""T2L:knee_flexor"": 37, ""T3L:knee_flexor"": 19}","{""T2L:knee_flexor"": 37, ""T3L:knee_flexor"": 19}"
800325,IN03A030,False,2,2,True,"{""T2L:knee_extensor"": 39, ""T2L:root_sar"": 14}","{""T2L:knee_extensor"": 39, ""T2L:root_sar"": 14}"
800326,IN19A001,False,3,2,True,"{""T1L:knee_extensor"": 23, ""T1L:root_pra"": 10, ""T1L:root_promotor"": 11}","{""T1L:root_pra"": 10, ""T1L:root_promotor"": 11}"
800333,IN04B008,False,2,2,True,"{""T2R:root_sad"": 18, ""T2R:root_sar"": 277}","{""T2R:root_sad"": 18, ""T2R:root_sar"": 179}"
800334,IN17A007,False,2,1,False,"{""T2R:knee_extensor"": 57, ""T2R:root_spr"": 12}","{""T2R:knee_extensor"": 33}"
800341,IN18B016,False,2,2,True,"{""T2R:root_spr"": 26, ""T3R:root_spr"": 14}","{""T2R:root_spr"": 13, ""T3R:root_spr"": 14}"
800345,IN16B016,False,5,5,True,"{""T3R:knee_extensor"": 22, ""T3R:knee_flexor"": 158, ""T3R:root_pra"": 82, ""T3R:root_sar"": 44, ""T3R:root_spr"": 103}","{""T3R:knee_extensor"": 22, ""T3R:knee_flexor"": 88, ""T3R:root_pra"": 82, ""T3R:root_sar"": 44, ""T3R:root_spr"": 103}"
800347,IN21A001,True,3,3,True,"{""T1R:root_promotor"": 168, ""T1R:root_sad"": 30, ""T1R:root_sar"": 1130}","{""T1R:root_promotor"": 118, ""T1R:root_sad"": 30, ""T1R:root_sar"": 486}"
800353,IN08A002,False,2,2,True,"{""T1R:root_promotor"": 12, ""T1R:root_spr"": 13}","{""T1R:root_promotor"": 12, ""T1R:root_spr"": 13}"
800354,IN07B002,False,3,2,True,"{""T2L:knee_flexor"": 19, ""T2R:root_sar"": 12, ""T3L:knee_flexor"": 13}","{""T2L:knee_flexor"": 19, ""T3L:knee_flexor"": 13}"
800356,IN13B001,False,2,2,True,"{""T3L:root_sad"": 14, ""T3L:root_sar"": 13}","{""T3L:root_sad"": 14, ""T3L:root_sar"": 13}"
800369,IN19A011,False,2,1,False,"{""T1R:knee_extensor"": 43, ""T1R:root_promotor"": 133}","{""T1R:root_promotor"": 50}"
800371,IN21A002,False,2,2,True,"{""T1R:knee_flexor"": 274, ""T1R:root_promotor"": 10}","{""T1R:knee_flexor"": 234, ""T1R:root_promotor"": 10}"
800373,IN23B001,False,2,1,False,"{""T2R:root_sar"": 14, ""T3R:knee_flexor"": 12}","{""T3R:knee_flexor"": 12}"
800374,IN19A007,False,4,4,True,"{""T1L:knee_extensor"": 117, ""T1L:root_pra"": 32, ""T1L:root_promotor"": 41, ""T1L:root_spr"": 23}","{""T1L:knee_extensor"": 18, ""T1L:root_pra"": 32, ""T1L:root_promotor"": 41, ""T1L:root_spr"": 23}"
800375,INXXX464,False,5,5,True,"{""T1R:knee_extensor"": 33, ""T1R:knee_flexor"": 10, ""T1R:root_pra"": 111, ""T1R:root_promotor"": 296, ""T1R:root_spr"": 11}","{""T1R:knee_extensor"": 19, ""T1R:knee_flexor"": 10, ""T1R:root_pra"": 111, ""T1R:root_promotor"": 206, ""T1R:root_spr"": 11}"
800383,IN12A001,False,6,6,True,"{""T2L:knee_extensor"": 184, ""T2L:knee_flexor"": 15, ""T2L:root_pra"": 41, ""T2L:root_sar"": 284, ""T3L:knee_extensor"": 33, ""T3L:root_sar"": 175}","{""T2L:knee_extensor"": 80, ""T2L:knee_flexor"": 15, ""T2L:root_pra"": 41, ""T2L:root_sar"": 284, ""T3L:knee_extensor"": 33, ""T3L:root_sar"": 175}"
800389,IN13A001,False,2,2,True,"{""T2R:knee_flexor"": 162, ""T2R:root_sar"": 11}","{""T2R:knee_flexor"": 147, ""T2R:root_sar"": 11}"
800396,IN03A023,False,3,3,True,"{""T1L:knee_flexor"": 110, ""T1L:root_pra"": 46, ""T1L:root_spr"": 51}","{""T1L:knee_flexor"": 110, ""T1L:root_pra"": 46, ""T1L:root_spr"": 51}"
800398,IN07B002,False,2,2,True,"{""T2L:knee_flexor"": 15, ""T3L:root_sar"": 11}","{""T2L:knee_flexor"": 15, ""T3L:root_sar"": 11}"
800403,IN03A006,False,2,1,False,"{""T2R:root_pra"": 14, ""T2R:root_spr"": 57}","{""T2R:root_pra"": 14}"
800405,IN18B005,False,7,6,True,"{""T1L:root_pra"": 37, ""T1L:root_sad"": 11, ""T1L:root_spr"": 15, ""T2L:knee_flexor"": 19, ""T2L:root_spr"": 78, ""T3R:knee_flexor"": 10, ""T3R:root_sar"": 19}","{""T1L:root_pra"": 37, ""T1L:root_sad"": 11, ""T2L:knee_flexor"": 19, ""T2L:root_spr"": 78, ""T3R:knee_flexor"": 10, ""T3R:root_sar"": 19}"
800407,IN18B016,False,3,3,True,"{""T1R:root_sar"": 11, ""T2R:knee_flexor"": 10, ""T2R:root_spr"": 37}","{""T1R:root_sar"": 11, ""T2R:knee_flexor"": 10, ""T2R:root_spr"": 15}"
800411,IN19A007,False,3,2,True,"{""T1R:knee_extensor"": 42, ""T1R:root_pra"": 17, ""T1R:root_promotor"": 12}","{""T1R:knee_extensor"": 24, ""T1R:root_pra"": 17}"
800416,IN03A026_b,False,2,2,True,"{""T3L:root_pra"": 23, ""T3L:root_spr"": 215}","{""T3L:root_pra"": 23, ""T3L:root_spr"": 17}"
800420,IN03B021,False,4,4,True,"{""T1L:root_pra"": 11, ""T2L:root_sar"": 50, ""T3L:root_sad"": 17, ""T3L:root_sar"": 58}","{""T1L:root_pra"": 11, ""T2L:root_sar"": 50, ""T3L:root_sad"": 17, ""T3L:root_sar"": 58}"
800423,IN13B001,False,4,4,True,"{""T3R:root_pra"": 18, ""T3R:root_sad"": 10, ""T3R:root_sar"": 27, ""T3R:root_spr"": 43}","{""T3R:root_pra"": 18, ""T3R:root_sad"": 10, ""T3R:root_sar"": 27, ""T3R:root_spr"": 43}"
800426,IN07B006,False,3,3,True,"{""T2R:knee_flexor"": 86, ""T3R:knee_flexor"": 43, ""T3R:root_pra"": 17}","{""T2R:knee_flexor"": 86, ""T3R:knee_flexor"": 27, ""T3R:root_pra"": 17}"
800432,IN01A008,False,3,3,True,"{""T2R:root_sar"": 10, ""T3L:root_sar"": 38, ""T3R:root_sar"": 30}","{""T2R:root_sar"": 10, ""T3L:root_sar"": 38, ""T3R:root_sar"": 30}"
800434,IN09A002,False,4,2,True,"{""T3L:knee_flexor"": 12, ""T3L:root_pra"": 30, ""T3L:root_sar"": 81, ""T3L:root_spr"": 37}","{""T3L:root_sar"": 81, ""T3L:root_spr"": 37}"
800442,IN17A061,False,3,3,True,"{""T2L:knee_extensor"": 127, ""T2L:root_sar"": 25, ""T2L:root_spr"": 14}","{""T2L:knee_extensor"": 45, ""T2L:root_sar"": 25, ""T2L:root_spr"": 14}"
800446,IN13A009,False,2,2,True,"{""T3R:knee_flexor"": 132, ""T3R:root_sad"": 18}","{""T3R:knee_flexor"": 116, ""T3R:root_sad"": 18}"
800448,IN03B021,False,2,2,True,"{""T3L:root_sad"": 33, ""T3L:root_sar"": 25}","{""T3L:root_sad"": 33, ""T3L:root_sar"": 25}"
800452,IN19A016,True,2,2,True,"{""T2R:root_pra"": 477, ""T2R:root_spr"": 666}","{""T2R:root_pra"": 477, ""T2R:root_spr"": 224}"
800457,IN03A068,False,2,2,True,"{""T3R:knee_flexor"": 59, ""T3R:root_pra"": 48}","{""T3R:knee_flexor"": 59, ""T3R:root_pra"": 48}"
800459,IN03A001,False,3,2,True,"{""T1L:knee_extensor"": 31, ""T1L:knee_flexor"": 57, ""T1L:root_promotor"": 30}","{""T1L:knee_flexor"": 57, ""T1L:root_promotor"": 30}"
800461,IN19A003,True,2,2,True,"{""T2L:root_pra"": 440, ""T2L:root_spr"": 1176}","{""T2L:root_pra"": 440, ""T2L:root_spr"": 1176}"
800464,IN18B006,False,5,5,True,"{""T3L:knee_flexor"": 20, ""T3L:root_pra"": 37, ""T3L:root_spr"": 502, ""T3R:knee_extensor"": 14, ""T3R:root_spr"": 13}","{""T3L:knee_flexor"": 20, ""T3L:root_pra"": 37, ""T3L:root_spr"": 174, ""T3R:knee_extensor"": 14, ""T3R:root_spr"": 13}"
800465,IN17A016,False,2,2,True,"{""T3L:knee_flexor"": 197, ""T3L:root_sad"": 11}","{""T3L:knee_flexor"": 197, ""T3L:root_sad"": 11}"
800468,IN08A003,False,3,3,True,"{""T1R:knee_flexor"": 35, ""T1R:root_promotor"": 72, ""T1R:root_sar"": 100}","{""T1R:knee_flexor"": 35, ""T1R:root_promotor"": 17, ""T1R:root_sar"": 40}"
800473,IN06B012,False,7,6,True,"{""T2L:knee_flexor"": 23, ""T2L:root_sar"": 13, ""T2R:root_sar"": 46, ""T3L:knee_flexor"": 26, ""T3L:root_sar"": 19, ""T3R:knee_flexor"": 16, ""T3R:root_sar"": 47}","{""T2L:knee_flexor"": 23, ""T2L:root_sar"": 13, ""T2R:root_sar"": 46, ""T3L:knee_flexor"": 26, ""T3L:root_sar"": 19, ""T3R:root_sar"": 47}"
800483,IN03A007,False,4,4,True,"{""T2L:knee_extensor"": 68, ""T2L:knee_flexor"": 50, ""T2L:root_pra"": 74, ""T2L:root_sar"": 91}","{""T2L:knee_extensor"": 43, ""T2L:knee_flexor"": 50, ""T2L:root_pra"": 74, ""T2L:root_sar"": 91}"
800489,IN16B083,False,3,2,True,"{""T1L:knee_extensor"": 28, ""T1L:knee_flexor"": 30, ""T1L:root_promotor"": 11}","{""T1L:knee_flexor"": 30, ""T1L:root_promotor"": 11}"
800490,IN19A008,False,2,2,True,"{""T1L:root_pra"": 21, ""T1L:root_promotor"": 21}","{""T1L:root_pra"": 21, ""T1L:root_promotor"": 21}"
800492,IN03A004,False,2,2,True,"{""T2L:knee_flexor"": 450, ""T2L:root_spr"": 22}","{""T2L:knee_flexor"": 450, ""T2L:root_spr"": 22}"
800494,IN19A007,False,2,2,True,"{""T3L:knee_extensor"": 47, ""T3L:root_spr"": 96}","{""T3L:knee_extensor"": 47, ""T3L:root_spr"": 34}"
800495,IN09A003,False,2,1,False,"{""T2R:knee_flexor"": 43, ""T2R:root_sar"": 34}","{""T2R:root_sar"": 34}"
800501,IN19A005,False,2,2,True,"{""T1R:knee_extensor"": 356, ""T1R:root_promotor"": 476}","{""T1R:knee_extensor"": 128, ""T1R:root_promotor"": 341}"
800503,IN08B004,False,4,3,True,"{""T1R:root_sar"": 17, ""T2R:knee_extensor"": 12, ""T3R:knee_flexor"": 42, ""T3R:root_sar"": 10}","{""T2R:knee_extensor"": 12, ""T3R:knee_flexor"": 42, ""T3R:root_sar"": 10}"
800516,INXXX025,False,4,4,True,"{""T2R:root_pra"": 60, ""T2R:root_spr"": 173, ""T3R:knee_flexor"": 12, ""T3R:root_spr"": 64}","{""T2R:root_pra"": 60, ""T2R:root_spr"": 16, ""T3R:knee_flexor"": 12, ""T3R:root_spr"": 64}"
800520,IN11A028,False,2,2,True,"{""wing_b1"": 152, ""wing_b2"": 139}","{""wing_b1"": 152, ""wing_b2"": 139}"
800526,IN19A017,False,3,3,True,"{""T2R:root_pra"": 47, ""T3R:knee_flexor"": 12, ""T3R:root_pra"": 11}","{""T2R:root_pra"": 47, ""T3R:knee_flexor"": 12, ""T3R:root_pra"": 11}"
800527,IN19A005,True,2,2,True,"{""T1L:knee_extensor"": 802, ""T1L:root_promotor"": 553}","{""T1L:knee_extensor"": 252, ""T1L:root_promotor"": 553}"
800530,IN13B010,False,2,2,True,"{""T2R:root_pra"": 13, ""T2R:root_spr"": 68}","{""T2R:root_pra"": 13, ""T2R:root_spr"": 10}"
800539,IN03B019,False,2,2,True,"{""T1R:knee_flexor"": 22, ""T1R:root_sar"": 24}","{""T1R:knee_flexor"": 22, ""T1R:root_sar"": 24}"
800542,IN12A019_c,False,2,1,False,"{""T2R:root_spr"": 15, ""T3R:root_pra"": 26}","{""T3R:root_pra"": 26}"
800544,IN01A034,False,4,3,True,"{""T2R:knee_flexor"": 39, ""T2R:root_pra"": 13, ""T2R:root_sad"": 11, ""T2R:root_spr"": 15}","{""T2R:knee_flexor"": 39, ""T2R:root_pra"": 13, ""T2R:root_sad"": 11}"
800546,IN13A009,False,2,1,False,"{""T2R:knee_flexor"": 194, ""T2R:root_sar"": 27}","{""T2R:knee_flexor"": 151}"
800547,IN03A068,False,2,2,True,"{""T3L:knee_flexor"": 10, ""T3L:root_spr"": 52}","{""T3L:knee_flexor"": 10, ""T3L:root_spr"": 35}"
800549,IN21A004,False,2,2,True,"{""T1R:knee_flexor"": 189, ""T1R:root_sar"": 34}","{""T1R:knee_flexor"": 175, ""T1R:root_sar"": 22}"
800551,IN19A015,False,2,2,True,"{""T1R:knee_flexor"": 118, ""T1R:root_sar"": 37}","{""T1R:knee_flexor"": 118, ""T1R:root_sar"": 37}"
800557,IN03A006,False,2,2,True,"{""T2L:root_pra"": 27, ""T2L:root_spr"": 17}","{""T2L:root_pra"": 27, ""T2L:root_spr"": 17}"
800559,IN08A019,False,2,1,False,"{""T1L:root_pra"": 27, ""T1L:root_spr"": 46}","{""T1L:root_pra"": 27}"
800561,IN08A006,False,3,3,True,"{""T1L:root_promotor"": 50, ""T1L:root_sad"": 27, ""T1L:root_sar"": 566}","{""T1L:root_promotor"": 50, ""T1L:root_sad"": 27, ""T1L:root_sar"": 566}"
800562,IN07B001,False,4,4,True,"{""T2R:root_sad"": 24, ""T2R:root_spr"": 17, ""T3L:root_spr"": 12, ""T3R:root_spr"": 35}","{""T2R:root_sad"": 24, ""T2R:root_spr"": 17, ""T3L:root_spr"": 12, ""T3R:root_spr"": 35}"
800565,IN18B008,False,4,4,True,"{""T1L:knee_flexor"": 177, ""T2L:knee_flexor"": 52, ""T2L:root_pra"": 46, ""T2L:root_spr"": 39}","{""T1L:knee_flexor"": 155, ""T2L:knee_flexor"": 52, ""T2L:root_pra"": 46, ""T2L:root_spr"": 39}"
800567,INXXX036,False,3,3,True,"{""T1R:knee_extensor"": 10, ""T1R:knee_flexor"": 16, ""T1R:root_sar"": 104}","{""T1R:knee_extensor"": 10, ""T1R:knee_flexor"": 16, ""T1R:root_sar"": 22}"
800576,IN03A001,False,4,4,True,"{""T2L:knee_extensor"": 37, ""T2L:root_pra"": 14, ""T2L:root_sar"": 87, ""T2L:root_spr"": 52}","{""T2L:knee_extensor"": 25, ""T2L:root_pra"": 14, ""T2L:root_sar"": 87, ""T2L:root_spr"": 52}"
800580,IN01A012,False,2,1,False,"{""T2R:root_pra"": 133, ""T2R:root_spr"": 17}","{""T2R:root_pra"": 133}"
800582,INXXX032,False,6,6,True,"{""T1R:knee_flexor"": 12, ""T1R:root_spr"": 17, ""T2R:knee_flexor"": 12, ""T2R:root_pra"": 33, ""T2R:root_spr"": 132, ""T3R:root_pra"": 11}","{""T1R:knee_flexor"": 12, ""T1R:root_spr"": 17, ""T2R:knee_flexor"": 12, ""T2R:root_pra"": 33, ""T2R:root_spr"": 14, ""T3R:root_pra"": 11}"
800583,IN19B012,False,5,4,True,"{""T2R:knee_flexor"": 89, ""T2R:root_pra"": 99, ""T2R:root_sad"": 17, ""T2R:root_sar"": 56, ""T2R:root_spr"": 253}","{""T2R:knee_flexor"": 89, ""T2R:root_pra"": 99, ""T2R:root_sad"": 17, ""T2R:root_sar"": 25}"
800585,IN04B068,False,2,2,True,"{""T3R:knee_extensor"": 107, ""T3R:root_pra"": 63}","{""T3R:knee_extensor"": 107, ""T3R:root_pra"": 63}"
800596,IN19A003,True,2,2,True,"{""T3R:root_pra"": 457, ""T3R:root_spr"": 1062}","{""T3R:root_pra"": 457, ""T3R:root_spr"": 1062}"
800597,IN13A011,False,2,2,True,"{""T1L:root_pra"": 17, ""T1L:root_promotor"": 10}","{""T1L:root_pra"": 17, ""T1L:root_promotor"": 10}"
800599,IN16B022,False,3,2,True,"{""T1L:root_promotor"": 123, ""T1L:root_sar"": 15, ""T1L:root_spr"": 13}","{""T1L:root_promotor"": 123, ""T1L:root_sar"": 15}"
800605,IN21A016,False,3,3,True,"{""T1R:knee_flexor"": 12, ""T1R:root_sar"": 68, ""T1R:root_spr"": 13}","{""T1R:knee_flexor"": 12, ""T1R:root_sar"": 28, ""T1R:root_spr"": 13}"
800622,IN19A003,True,2,2,True,"{""T3L:root_pra"": 332, ""T3L:root_spr"": 1171}","{""T3L:root_pra"": 307, ""T3L:root_spr"": 380}"
800624,IN13B010,False,4,4,True,"{""T3R:knee_flexor"": 17, ""T3R:root_pra"": 21, ""T3R:root_sar"": 53, ""T3R:root_spr"": 68}","{""T3R:knee_flexor"": 17, ""T3R:root_pra"": 21, ""T3R:root_sar"": 53, ""T3R:root_spr"": 68}"
800631,IN12A003,False,4,4,True,"{""T2L:knee_flexor"": 115, ""T2L:root_sar"": 33, ""T3L:knee_flexor"": 54, ""T3L:root_sar"": 191}","{""T2L:knee_flexor"": 115, ""T2L:root_sar"": 33, ""T3L:knee_flexor"": 54, ""T3L:root_sar"": 191}"
800640,IN20A.22A008,False,3,3,True,"{""T3L:root_pra"": 116, ""T3L:root_sad"": 11, ""T3L:root_spr"": 70}","{""T3L:root_pra"": 116, ""T3L:root_sad"": 11, ""T3L:root_spr"": 33}"
800642,IN13A006,False,3,2,True,"{""T3L:knee_extensor"": 231, ""T3L:root_pra"": 28, ""T3L:root_spr"": 46}","{""T3L:knee_extensor"": 231, ""T3L:root_pra"": 28}"
800643,IN17A016,False,3,3,True,"{""T1L:knee_flexor"": 77, ""T1L:root_promotor"": 18, ""T1L:root_sar"": 42}","{""T1L:knee_flexor"": 77, ""T1L:root_promotor"": 18, ""T1L:root_sar"": 42}"
800650,IN21A001,True,2,2,True,"{""T2R:root_sad"": 35, ""T2R:root_sar"": 1149}","{""T2R:root_sad"": 35, ""T2R:root_sar"": 601}"
800656,IN19A020,False,2,2,True,"{""T2R:root_sad"": 10, ""T2R:root_sar"": 10}","{""T2R:root_sad"": 10, ""T2R:root_sar"": 10}"
800663,IN03A006,False,3,3,True,"{""T1L:knee_flexor"": 89, ""T1L:root_pra"": 24, ""T1L:root_promotor"": 11}","{""T1L:knee_flexor"": 89, ""T1L:root_pra"": 24, ""T1L:root_promotor"": 11}"
800670,IN20A.22A008,False,2,2,True,"{""T2R:knee_extensor"": 30, ""T2R:root_pra"": 44}","{""T2R:knee_extensor"": 30, ""T2R:root_pra"": 44}"
800675,IN21A003,False,2,2,True,"{""T2L:knee_flexor"": 39, ""T2L:root_spr"": 54}","{""T2L:knee_flexor"": 39, ""T2L:root_spr"": 54}"
800677,IN21A003,False,4,3,True,"{""T3R:knee_flexor"": 22, ""T3R:root_pra"": 13, ""T3R:root_sar"": 51, ""T3R:root_spr"": 44}","{""T3R:root_pra"": 13, ""T3R:root_sar"": 51, ""T3R:root_spr"": 44}"
800684,IN12A002,False,2,2,True,"{""T2L:root_sar"": 17, ""T3L:root_sar"": 11}","{""T2L:root_sar"": 17, ""T3L:root_sar"": 11}"
800685,IN09A002,False,6,5,True,"{""T1L:knee_flexor"": 63, ""T1L:root_pra"": 44, ""T1L:root_promotor"": 35, ""T1L:root_sad"": 57, ""T1L:root_sar"": 32, ""T1L:root_spr"": 20}","{""T1L:knee_flexor"": 63, ""T1L:root_pra"": 44, ""T1L:root_promotor"": 35, ""T1L:root_sad"": 57, ""T1L:root_sar"": 32}"
800687,IN19A003,True,2,2,True,"{""T2R:root_pra"": 495, ""T2R:root_spr"": 1244}","{""T2R:root_pra"": 495, ""T2R:root_spr"": 332}"
800691,IN13A005,False,3,3,True,"{""T3R:knee_flexor"": 114, ""T3R:root_pra"": 38, ""T3R:root_sad"": 17}","{""T3R:knee_flexor"": 114, ""T3R:root_pra"": 38, ""T3R:root_sad"": 17}"
800705,IN03A010,False,3,3,True,"{""T2L:knee_extensor"": 63, ""T2L:root_pra"": 424, ""T2L:root_spr"": 363}","{""T2L:knee_extensor"": 50, ""T2L:root_pra"": 424, ""T2L:root_spr"": 363}"
800716,IN09A002,False,4,4,True,"{""T3R:knee_flexor"": 68, ""T3R:root_pra"": 93, ""T3R:root_sar"": 104, ""T3R:root_spr"": 31}","{""T3R:knee_flexor"": 37, ""T3R:root_pra"": 93, ""T3R:root_sar"": 104, ""T3R:root_spr"": 31}"
800731,IN19B004,False,2,2,True,"{""T3L:root_pra"": 11, ""T3L:root_sar"": 122}","{""T3L:root_pra"": 11, ""T3L:root_sar"": 122}"
800736,IN03A010,True,3,3,True,"{""T2R:knee_extensor"": 31, ""T2R:root_pra"": 464, ""T2R:root_spr"": 372}","{""T2R:knee_extensor"": 19, ""T2R:root_pra"": 464, ""T2R:root_spr"": 111}"
800747,IN19A012,False,5,4,True,"{""T1L:knee_extensor"": 19, ""T1L:root_promotor"": 15, ""T2L:knee_flexor"": 100, ""T2L:root_pra"": 46, ""T2L:root_spr"": 89}","{""T1L:root_promotor"": 15, ""T2L:knee_flexor"": 100, ""T2L:root_pra"": 46, ""T2L:root_spr"": 89}"
800749,IN13A006,False,3,3,True,"{""T3R:knee_extensor"": 343, ""T3R:root_pra"": 33, ""T3R:root_spr"": 17}","{""T3R:knee_extensor"": 343, ""T3R:root_pra"": 33, ""T3R:root_spr"": 17}"
800750,IN19A032,False,4,4,True,"{""T1L:root_sar"": 70, ""T2L:root_sar"": 11, ""T3L:root_sar"": 16, ""wing_b2"": 13}","{""T1L:root_sar"": 70, ""T2L:root_sar"": 11, ""T3L:root_sar"": 16, ""wing_b2"": 13}"
800752,IN19B008,False,3,3,True,"{""T3L:root_sar"": 21, ""wing_b1"": 63, ""wing_b2"": 277}","{""T3L:root_sar"": 21, ""wing_b1"": 63, ""wing_b2"": 277}"
800759,IN16B018,False,3,2,True,"{""T2L:root_pra"": 27, ""T2L:root_sad"": 33, ""T2L:root_spr"": 52}","{""T2L:root_pra"": 27, ""T2L:root_spr"": 52}"
800769,IN19A017,False,2,2,True,"{""T2L:root_pra"": 18, ""T3L:root_pra"": 14}","{""T2L:root_pra"": 18, ""T3L:root_pra"": 14}"
800775,IN13A018,False,2,2,True,"{""T1R:knee_flexor"": 26, ""T1R:root_sar"": 13}","{""T1R:knee_flexor"": 26, ""T1R:root_sar"": 13}"
800783,IN20A.22A005,False,2,2,True,"{""T3L:knee_extensor"": 96, ""T3L:root_sar"": 31}","{""T3L:knee_extensor"": 96, ""T3L:root_sar"": 31}"
800787,IN03A010,False,4,4,True,"{""T1R:knee_extensor"": 10, ""T1R:root_pra"": 249, ""T1R:root_promotor"": 21, ""T1R:root_spr"": 113}","{""T1R:knee_extensor"": 10, ""T1R:root_pra"": 150, ""T1R:root_promotor"": 21, ""T1R:root_spr"": 113}"
800791,IN13A052,False,2,2,True,"{""T2R:root_pra"": 17, ""T2R:root_spr"": 84}","{""T2R:root_pra"": 17, ""T2R:root_spr"": 14}"
800796,IN19B011,False,3,3,True,"{""T2R:root_spr"": 47, ""T3R:root_pra"": 65, ""T3R:root_spr"": 20}","{""T2R:root_spr"": 11, ""T3R:root_pra"": 65, ""T3R:root_spr"": 20}"
800802,IN21A004,False,2,2,True,"{""T1L:knee_extensor"": 236, ""T1L:knee_flexor"": 16}","{""T1L:knee_extensor"": 104, ""T1L:knee_flexor"": 16}"
800804,IN12A002,False,2,2,True,"{""T2R:root_sar"": 31, ""T3R:root_sar"": 23}","{""T2R:root_sar"": 31, ""T3R:root_sar"": 23}"
800805,IN18B005,False,8,7,True,"{""T1R:root_pra"": 19, ""T1R:root_spr"": 16, ""T2R:knee_flexor"": 51, ""T2R:root_pra"": 10, ""T2R:root_spr"": 39, ""T3L:root_sar"": 14, ""T3R:knee_flexor"": 14, ""T3R:root_pra"": 37}","{""T1R:root_spr"": 16, ""T2R:knee_flexor"": 36, ""T2R:root_pra"": 10, ""T2R:root_spr"": 39, ""T3L:root_sar"": 14, ""T3R:knee_flexor"": 14, ""T3R:root_pra"": 37}"
800807,IN19B011,False,3,3,True,"{""T2L:root_spr"": 19, ""T3L:root_pra"": 39, ""T3L:root_spr"": 65}","{""T2L:root_spr"": 19, ""T3L:root_pra"": 39, ""T3L:root_spr"": 16}"
800816,IN21A010,False,5,4,True,"{""T2L:knee_extensor"": 68, ""T2L:knee_flexor"": 54, ""T2L:root_pra"": 73, ""T2L:root_sad"": 60, ""T2L:root_spr"": 153}","{""T2L:knee_extensor"": 39, ""T2L:knee_flexor"": 54, ""T2L:root_pra"": 73, ""T2L:root_spr"": 153}"
800829,INXXX029,False,5,5,True,"{""T1L:root_sar"": 16, ""T2L:root_sar"": 11, ""T3L:root_pra"": 12, ""T3L:root_sad"": 13, ""T3L:root_sar"": 27}","{""T1L:root_sar"": 16, ""T2L:root_sar"": 11, ""T3L:root_pra"": 12, ""T3L:root_sad"": 13, ""T3L:root_sar"": 27}"
800832,IN21A003,False,4,3,True,"{""T3L:knee_flexor"": 18, ""T3L:root_pra"": 11, ""T3L:root_sar"": 57, ""T3L:root_spr"": 53}","{""T3L:root_pra"": 11, ""T3L:root_sar"": 57, ""T3L:root_spr"": 53}"
800833,IN09A004,False,2,2,True,"{""T1R:root_pra"": 71, ""T2R:root_sar"": 57}","{""T1R:root_pra"": 48, ""T2R:root_sar"": 11}"
800837,IN19B012,False,5,4,True,"{""T2L:knee_extensor"": 14, ""T2L:knee_flexor"": 289, ""T2L:root_pra"": 133, ""T2L:root_sar"": 44, ""T2L:root_spr"": 231}","{""T2L:knee_flexor"": 289, ""T2L:root_pra"": 133, ""T2L:root_sar"": 44, ""T2L:root_spr"": 231}"
800838,IN19A012,False,4,4,True,"{""T2L:knee_extensor"": 45, ""T3L:knee_flexor"": 49, ""T3L:root_pra"": 29, ""T3L:root_spr"": 116}","{""T2L:knee_extensor"": 28, ""T3L:knee_flexor"": 49, ""T3L:root_pra"": 29, ""T3L:root_spr"": 26}"
800846,IN12A003,False,5,4,True,"{""T2R:knee_flexor"": 50, ""T2R:root_sar"": 42, ""T3R:knee_flexor"": 12, ""T3R:root_sad"": 15, ""T3R:root_sar"": 156}","{""T2R:knee_flexor"": 50, ""T2R:root_sar"": 42, ""T3R:root_sad"": 15, ""T3R:root_sar"": 156}"
800863,INXXX466,False,4,4,True,"{""T1L:knee_extensor"": 125, ""T1L:root_pra"": 59, ""T1L:root_promotor"": 295, ""T1L:root_spr"": 22}","{""T1L:knee_extensor"": 20, ""T1L:root_pra"": 59, ""T1L:root_promotor"": 295, ""T1L:root_spr"": 22}"
800879,IN19B012,False,5,5,True,"{""T3R:knee_flexor"": 185, ""T3R:root_pra"": 59, ""T3R:root_sad"": 24, ""T3R:root_sar"": 33, ""T3R:root_spr"": 98}","{""T3R:knee_flexor"": 147, ""T3R:root_pra"": 59, ""T3R:root_sad"": 24, ""T3R:root_sar"": 33, ""T3R:root_spr"": 98}"
800883,INXXX096,False,5,4,True,"{""T1L:root_pra"": 117, ""T1L:root_spr"": 77, ""T2L:root_pra"": 29, ""T2L:root_spr"": 152, ""T3L:root_spr"": 19}","{""T1L:root_pra"": 117, ""T1L:root_spr"": 38, ""T2L:root_pra"": 29, ""T2L:root_spr"": 152}"
800892,IN06B013,True,2,2,True,"{""wing_b1"": 335, ""wing_b2"": 253}","{""wing_b1"": 335, ""wing_b2"": 253}"
800893,INXXX058,False,8,7,True,"{""T1L:knee_flexor"": 29, ""T1R:knee_flexor"": 68, ""T1R:root_sar"": 34, ""T1R:root_spr"": 13, ""T2R:knee_flexor"": 10, ""T2R:root_spr"": 63, ""T3R:knee_flexor"": 12, ""T3R:root_spr"": 16}","{""T1L:knee_flexor"": 29, ""T1R:knee_flexor"": 68, ""T1R:root_sar"": 15, ""T1R:root_spr"": 13, ""T2R:knee_flexor"": 10, ""T3R:knee_flexor"": 12, ""T3R:root_spr"": 16}"
800894,IN21A009,False,3,3,True,"{""T3L:root_pra"": 24, ""T3L:root_sad"": 84, ""T3L:root_sar"": 13}","{""T3L:root_pra"": 24, ""T3L:root_sad"": 84, ""T3L:root_sar"": 13}"
800896,IN09A002,False,4,4,True,"{""T2R:knee_flexor"": 185, ""T2R:root_pra"": 75, ""T2R:root_sad"": 12, ""T2R:root_sar"": 84}","{""T2R:knee_flexor"": 80, ""T2R:root_pra"": 75, ""T2R:root_sad"": 12, ""T2R:root_sar"": 84}"
800897,IN03A006,False,2,2,True,"{""T3R:root_pra"": 18, ""T3R:root_spr"": 24}","{""T3R:root_pra"": 18, ""T3R:root_spr"": 24}"
800898,IN12B018,False,2,2,True,"{""T1L:knee_flexor"": 210, ""T1L:root_spr"": 12}","{""T1L:knee_flexor"": 210, ""T1L:root_spr"": 12}"
800902,IN09A003,False,2,2,True,"{""T1L:knee_flexor"": 55, ""T1L:root_sar"": 18}","{""T1L:knee_flexor"": 55, ""T1L:root_sar"": 18}"
800904,IN01A016,False,4,4,True,"{""T3L:knee_extensor"": 138, ""T3L:root_pra"": 159, ""T3L:root_sar"": 27, ""T3L:root_spr"": 179}","{""T3L:knee_extensor"": 138, ""T3L:root_pra"": 159, ""T3L:root_sar"": 27, ""T3L:root_spr"": 59}"
800907,IN19A014,False,4,4,True,"{""T2R:knee_flexor"": 238, ""T2R:root_sar"": 23, ""T3R:knee_extensor"": 26, ""T3R:root_sar"": 11}","{""T2R:knee_flexor"": 153, ""T2R:root_sar"": 23, ""T3R:knee_extensor"": 26, ""T3R:root_sar"": 11}"
800908,INXXX058,False,2,2,True,"{""T1R:root_sar"": 27, ""T2R:root_pra"": 11}","{""T1R:root_sar"": 15, ""T2R:root_pra"": 11}"
800910,IN18B006,False,4,3,True,"{""T3L:root_spr"": 46, ""T3R:knee_flexor"": 10, ""T3R:root_pra"": 96, ""T3R:root_spr"": 350}","{""T3L:root_spr"": 18, ""T3R:root_pra"": 96, ""T3R:root_spr"": 350}"
800922,IN09A004,False,3,3,True,"{""T1L:root_pra"": 44, ""T1L:root_spr"": 279, ""T2L:root_sar"": 44}","{""T1L:root_pra"": 44, ""T1L:root_spr"": 24, ""T2L:root_sar"": 44}"
800924,IN17A028,False,3,2,True,"{""T2R:knee_extensor"": 31, ""T2R:knee_flexor"": 10, ""T2R:root_pra"": 10}","{""T2R:knee_extensor"": 18, ""T2R:root_pra"": 10}"
800931,IN13A009,False,2,2,True,"{""T1L:knee_flexor"": 98, ""T1L:root_sar"": 105}","{""T1L:knee_flexor"": 98, ""T1L:root_sar"": 105}"
800941,INXXX032,False,5,5,True,"{""T1L:root_pra"": 13, ""T1L:root_spr"": 27, ""T2L:knee_flexor"": 14, ""T2L:root_pra"": 72, ""T2L:root_spr"": 13}","{""T1L:root_pra"": 13, ""T1L:root_spr"": 27, ""T2L:knee_flexor"": 14, ""T2L:root_pra"": 72, ""T2L:root_spr"": 13}"
800949,IN06B013,False,2,2,True,"{""wing_b1"": 225, ""wing_b2"": 238}","{""wing_b1"": 225, ""wing_b2"": 238}"
800953,IN04B075,False,3,2,True,"{""T3L:knee_extensor"": 24, ""T3L:root_sar"": 47, ""T3L:root_spr"": 10}","{""T3L:knee_extensor"": 24, ""T3L:root_sar"": 47}"
800956,INXXX029,False,4,4,True,"{""T3R:root_pra"": 61, ""T3R:root_sad"": 28, ""T3R:root_sar"": 37, ""T3R:root_spr"": 11}","{""T3R:root_pra"": 61, ""T3R:root_sad"": 28, ""T3R:root_sar"": 37, ""T3R:root_spr"": 11}"
800959,IN21A017,False,3,3,True,"{""T3R:knee_extensor"": 10, ""T3R:root_pra"": 404, ""T3R:root_spr"": 370}","{""T3R:knee_extensor"": 10, ""T3R:root_pra"": 404, ""T3R:root_spr"": 370}"
800963,IN17A025,False,2,1,False,"{""T1L:root_pra"": 42, ""T1L:root_spr"": 11}","{""T1L:root_pra"": 42}"
800969,IN07B008,False,2,1,False,"{""T2R:root_sar"": 11, ""T3R:root_pra"": 21}","{""T3R:root_pra"": 21}"
800975,IN12A009,False,2,2,True,"{""T3R:root_spr"": 11, ""wing_b2"": 42}","{""T3R:root_spr"": 11, ""wing_b2"": 42}"
800977,IN16B016,False,4,4,True,"{""T3L:knee_flexor"": 75, ""T3L:root_pra"": 21, ""T3L:root_sar"": 52, ""T3L:root_spr"": 111}","{""T3L:knee_flexor"": 49, ""T3L:root_pra"": 21, ""T3L:root_sar"": 52, ""T3L:root_spr"": 77}"
800985,IN12A019_b,False,2,1,False,"{""T2R:root_spr"": 19, ""T3R:root_pra"": 29}","{""T3R:root_pra"": 29}"
800987,IN14A008,False,2,2,True,"{""T3L:root_pra"": 279, ""T3L:root_spr"": 26}","{""T3L:root_pra"": 253, ""T3L:root_spr"": 26}"
800996,IN19B027,False,3,3,True,"{""T3L:root_pra"": 82, ""T3L:root_sad"": 16, ""T3L:root_spr"": 25}","{""T3L:root_pra"": 82, ""T3L:root_sad"": 16, ""T3L:root_spr"": 25}"
801002,IN21A010,False,3,3,True,"{""T3R:knee_extensor"": 54, ""T3R:knee_flexor"": 11, ""T3R:root_spr"": 200}","{""T3R:knee_extensor"": 54, ""T3R:knee_flexor"": 11, ""T3R:root_spr"": 200}"
801004,IN03A026_d,False,2,2,True,"{""T3L:root_pra"": 77, ""T3L:root_spr"": 217}","{""T3L:root_pra"": 77, ""T3L:root_spr"": 37}"
801026,IN21A012,False,2,2,True,"{""T1L:root_pra"": 318, ""T1L:root_spr"": 463}","{""T1L:root_pra"": 318, ""T1L:root_spr"": 271}"
801027,IN19A003,False,2,2,True,"{""T1R:root_pra"": 484, ""T1R:root_spr"": 105}","{""T1R:root_pra"": 288, ""T1R:root_spr"": 105}"
801029,INXXX032,False,2,2,True,"{""T1L:root_spr"": 10, ""T2L:root_pra"": 32}","{""T1L:root_spr"": 10, ""T2L:root_pra"": 32}"
801032,IN21A015,False,2,1,False,"{""T2R:root_sad"": 86, ""T2R:root_sar"": 17}","{""T2R:root_sad"": 86}"
801036,IN19A030,False,3,3,True,"{""T1L:knee_flexor"": 305, ""T1L:root_promotor"": 10, ""T1L:root_sar"": 19}","{""T1L:knee_flexor"": 291, ""T1L:root_promotor"": 10, ""T1L:root_sar"": 19}"
801037,IN08B067,False,2,2,True,"{""T2L:root_sar"": 27, ""T3L:root_sar"": 17}","{""T2L:root_sar"": 27, ""T3L:root_sar"": 17}"
801047,IN07B009,False,3,3,True,"{""T2R:root_pra"": 14, ""T2R:root_spr"": 41, ""T3R:root_pra"": 35}","{""T2R:root_pra"": 14, ""T2R:root_spr"": 31, ""T3R:root_pra"": 35}"
801049,IN07B006,False,3,3,True,"{""T3L:knee_flexor"": 12, ""T3L:root_pra"": 18, ""T3L:root_sar"": 16}","{""T3L:knee_flexor"": 12, ""T3L:root_pra"": 18, ""T3L:root_sar"": 16}"
801051,IN08B054,False,2,2,True,"{""T2L:knee_flexor"": 28, ""T3L:knee_flexor"": 10}","{""T2L:knee_flexor"": 28, ""T3L:knee_flexor"": 10}"
801052,IN07B104,False,3,2,True,"{""T2R:knee_flexor"": 31, ""T3R:knee_flexor"": 11, ""T3R:root_pra"": 55}","{""T2R:knee_flexor"": 31, ""T3R:root_pra"": 55}"
801055,IN16B014,False,2,2,True,"{""T1R:root_sad"": 13, ""T1R:root_sar"": 233}","{""T1R:root_sad"": 13, ""T1R:root_sar"": 131}"
801059,IN17A016,False,2,2,True,"{""T2L:knee_flexor"": 292, ""T2L:root_pra"": 13}","{""T2L:knee_flexor"": 292, ""T2L:root_pra"": 13}"
801061,IN19B012,False,5,5,True,"{""T1R:knee_flexor"": 24, ""T1R:root_pra"": 23, ""T1R:root_promotor"": 151, ""T1R:root_sar"": 146, ""T1R:root_spr"": 61}","{""T1R:knee_flexor"": 24, ""T1R:root_pra"": 23, ""T1R:root_promotor"": 94, ""T1R:root_sar"": 34, ""T1R:root_spr"": 61}"
801072,IN07B012,False,3,2,True,"{""T2L:root_pra"": 10, ""T2L:root_spr"": 13, ""T3L:root_spr"": 13}","{""T2L:root_pra"": 10, ""T2L:root_spr"": 13}"
801074,IN03A007,False,2,2,True,"{""T1L:knee_flexor"": 23, ""T1L:root_promotor"": 90}","{""T1L:knee_flexor"": 23, ""T1L:root_promotor"": 90}"
801075,IN18B011,False,10,9,True,"{""T1L:knee_extensor"": 21, ""T1L:knee_flexor"": 10, ""T1L:root_pra"": 11, ""T2L:knee_extensor"": 25, ""T2L:knee_flexor"": 28, ""T2L:root_sar"": 13, ""T2L:root_spr"": 75, ""T3L:knee_extensor"": 11, ""T3L:root_pra"": 12, ""T3L:root_sar"": 26}","{""T1L:knee_flexor"": 10, ""T1L:root_pra"": 11, ""T2L:knee_extensor"": 14, ""T2L:knee_flexor"": 28, ""T2L:root_sar"": 13, ""T2L:root_spr"": 75, ""T3L:knee_extensor"": 11, ""T3L:root_pra"": 12, ""T3L:root_sar"": 26}"
801077,IN19B021,False,2,2,True,"{""T3L:root_sad"": 31, ""T3L:root_spr"": 38}","{""T3L:root_sad"": 31, ""T3L:root_spr"": 38}"
801084,IN01A023,False,3,3,True,"{""T3L:root_pra"": 310, ""T3L:root_sad"": 31, ""T3L:root_spr"": 377}","{""T3L:root_pra"": 273, ""T3L:root_sad"": 31, ""T3L:root_spr"": 127}"
801089,INXXX031,False,3,3,True,"{""T2R:root_sar"": 36, ""T3R:knee_extensor"": 10, ""T3R:root_sar"": 44}","{""T2R:root_sar"": 36, ""T3R:knee_extensor"": 10, ""T3R:root_sar"": 44}"
801094,IN16B018,False,3,3,True,"{""T2R:root_pra"": 13, ""T2R:root_sad"": 42, ""T2R:root_spr"": 57}","{""T2R:root_pra"": 13, ""T2R:root_sad"": 42, ""T2R:root_spr"": 20}"
801097,IN21A003,False,4,4,True,"{""T2R:knee_flexor"": 264, ""T2R:root_sad"": 12, ""T2R:root_sar"": 18, ""T2R:root_spr"": 31}","{""T2R:knee_flexor"": 98, ""T2R:root_sad"": 12, ""T2R:root_sar"": 18, ""T2R:root_spr"": 31}"
801101,IN01A012,False,4,3,True,"{""T1L:knee_extensor"": 24, ""T1L:knee_flexor"": 10, ""T1L:root_pra"": 14, ""T1L:root_promotor"": 31}","{""T1L:knee_flexor"": 10, ""T1L:root_pra"": 14, ""T1L:root_promotor"": 31}"
801109,INXXX307,False,2,2,True,"{""T3L:root_pra"": 10, ""T3L:root_sar"": 38}","{""T3L:root_pra"": 10, ""T3L:root_sar"": 38}"
801111,IN03A010,False,3,2,True,"{""T1L:knee_extensor"": 41, ""T1L:root_pra"": 284, ""T1L:root_spr"": 270}","{""T1L:root_pra"": 284, ""T1L:root_spr"": 141}"
801115,IN08A005,False,2,1,False,"{""T2R:knee_extensor"": 165, ""T2R:root_sar"": 11}","{""T2R:knee_extensor"": 64}"
801129,IN09A004,False,3,3,True,"{""T2R:root_pra"": 60, ""T2R:root_spr"": 356, ""T3R:root_sad"": 11}","{""T2R:root_pra"": 60, ""T2R:root_spr"": 53, ""T3R:root_sad"": 11}"
801147,IN04B007,False,2,1,False,"{""T3L:root_pra"": 49, ""T3L:root_spr"": 177}","{""T3L:root_pra"": 49}"
801149,INXXX466,False,3,3,True,"{""T3L:knee_extensor"": 41, ""T3L:root_sar"": 11, ""T3L:root_spr"": 78}","{""T3L:knee_extensor"": 41, ""T3L:root_sar"": 11, ""T3L:root_spr"": 28}"
801150,INXXX232,False,2,2,True,"{""T3L:root_pra"": 10, ""T3L:root_spr"": 45}","{""T3L:root_pra"": 10, ""T3L:root_spr"": 20}"
801154,IN13B023,False,3,2,True,"{""T1L:knee_extensor"": 10, ""T1L:root_sar"": 17, ""T1L:root_spr"": 15}","{""T1L:knee_extensor"": 10, ""T1L:root_sar"": 17}"
801156,IN19B027,False,2,2,True,"{""T3R:root_pra"": 103, ""T3R:root_sad"": 16}","{""T3R:root_pra"": 103, ""T3R:root_sad"": 16}"
801159,IN18B011,False,8,7,True,"{""T1R:root_sar"": 21, ""T2R:knee_flexor"": 33, ""T2R:root_sar"": 23, ""T2R:root_spr"": 30, ""T3R:knee_extensor"": 28, ""T3R:knee_flexor"": 10, ""T3R:root_sar"": 18, ""T3R:root_spr"": 19}","{""T1R:root_sar"": 21, ""T2R:knee_flexor"": 21, ""T2R:root_sar"": 23, ""T2R:root_spr"": 30, ""T3R:knee_extensor"": 28, ""T3R:root_sar"": 18, ""T3R:root_spr"": 19}"
801164,IN21A016,False,2,2,True,"{""T3R:knee_flexor"": 88, ""T3R:root_sar"": 66}","{""T3R:knee_flexor"": 56, ""T3R:root_sar"": 66}"
801166,IN21A009,False,2,2,True,"{""T2L:root_pra"": 10, ""T2L:root_spr"": 41}","{""T2L:root_pra"": 10, ""T2L:root_spr"": 41}"
801167,IN08A022,False,3,3,True,"{""T3R:root_pra"": 187, ""T3R:root_sad"": 87, ""T3R:root_spr"": 10}","{""T3R:root_pra"": 187, ""T3R:root_sad"": 87, ""T3R:root_spr"": 10}"
801176,IN12A021_a,False,3,2,True,"{""T2L:root_pra"": 21, ""T2R:root_pra"": 11, ""T2R:root_spr"": 14}","{""T2L:root_pra"": 21, ""T2R:root_pra"": 11}"
801184,INXXX058,False,2,2,True,"{""T1L:root_sar"": 36, ""T2L:root_pra"": 46}","{""T1L:root_sar"": 36, ""T2L:root_pra"": 46}"
801188,IN01A007,False,3,3,True,"{""T3L:root_sad"": 51, ""T3L:root_sar"": 13, ""T3L:root_spr"": 104}","{""T3L:root_sad"": 51, ""T3L:root_sar"": 13, ""T3L:root_spr"": 43}"
801193,IN21A016,False,2,2,True,"{""T2L:knee_flexor"": 144, ""T2L:root_sar"": 14}","{""T2L:knee_flexor"": 144, ""T2L:root_sar"": 14}"
801194,INXXX031,False,2,2,True,"{""T2L:root_sar"": 29, ""T3L:root_sar"": 53}","{""T2L:root_sar"": 29, ""T3L:root_sar"": 53}"
801204,AN06B089,False,2,2,True,"{""T3L:knee_extensor"": 12, ""neck_CvN7"": 10}","{""T3L:knee_extensor"": 12, ""neck_CvN7"": 10}"
801208,IN08A035,False,2,2,True,"{""T3R:root_pra"": 25, ""T3R:root_sar"": 37}","{""T3R:root_pra"": 25, ""T3R:root_sar"": 37}"
801209,IN20A.22A007,False,2,2,True,"{""T3R:knee_extensor"": 200, ""T3R:root_sar"": 34}","{""T3R:knee_extensor"": 200, ""T3R:root_sar"": 34}"
801210,IN21A016,False,2,2,True,"{""T3L:knee_flexor"": 93, ""T3L:root_sar"": 144}","{""T3L:knee_flexor"": 83, ""T3L:root_sar"": 144}"
801214,LBL40,True,2,1,False,"{""T3L:knee_flexor"": 133, ""T3R:knee_flexor"": 15}","{""T3L:knee_flexor"": 133}"
801230,INXXX096,False,5,5,True,"{""T1R:root_pra"": 59, ""T1R:root_spr"": 13, ""T2R:root_pra"": 26, ""T2R:root_spr"": 158, ""T3R:root_spr"": 11}","{""T1R:root_pra"": 34, ""T1R:root_spr"": 13, ""T2R:root_pra"": 26, ""T2R:root_spr"": 35, ""T3R:root_spr"": 11}"
801233,IN03B021,False,3,3,True,"{""T2R:root_sar"": 36, ""T3R:root_sad"": 24, ""T3R:root_sar"": 71}","{""T2R:root_sar"": 36, ""T3R:root_sad"": 24, ""T3R:root_sar"": 71}"
801235,IN01A015,False,3,3,True,"{""T3L:root_pra"": 121, ""T3L:root_sar"": 12, ""T3L:root_spr"": 405}","{""T3L:root_pra"": 88, ""T3L:root_sar"": 12, ""T3L:root_spr"": 189}"
801237,IN08B040,False,2,1,False,"{""T1L:root_promotor"": 12, ""T1R:root_promotor"": 10}","{""T1L:root_promotor"": 12}"
801239,IN13A006,False,2,2,True,"{""T2L:knee_extensor"": 613, ""T2L:knee_flexor"": 35}","{""T2L:knee_extensor"": 187, ""T2L:knee_flexor"": 35}"
801243,IN18B045_a,False,2,1,False,"{""T2L:root_pra"": 72, ""T2R:root_sar"": 13}","{""T2L:root_pra"": 72}"
801246,LBL40,True,3,3,True,"{""T3L:knee_flexor"": 10, ""T3R:knee_flexor"": 167, ""T3R:root_spr"": 12}","{""T3L:knee_flexor"": 10, ""T3R:knee_flexor"": 113, ""T3R:root_spr"": 12}"
801248,IN17A025,False,2,2,True,"{""T3L:root_sad"": 24, ""T3L:root_spr"": 10}","{""T3L:root_sad"": 24, ""T3L:root_spr"": 10}"
801251,IN19B021,False,3,3,True,"{""T3R:root_pra"": 37, ""T3R:root_sad"": 28, ""T3R:root_spr"": 10}","{""T3R:root_pra"": 37, ""T3R:root_sad"": 28, ""T3R:root_spr"": 10}"
801252,IN07B009,False,2,2,True,"{""T2R:root_pra"": 10, ""T2R:root_spr"": 71}","{""T2R:root_pra"": 10, ""T2R:root_spr"": 18}"
801254,IN13B011,False,4,3,True,"{""T1L:knee_extensor"": 39, ""T1L:knee_flexor"": 83, ""T1L:root_promotor"": 13, ""T1L:root_sar"": 41}","{""T1L:knee_flexor"": 83, ""T1L:root_promotor"": 13, ""T1L:root_sar"": 41}"
801258,IN13B012,False,2,2,True,"{""T3R:knee_flexor"": 55, ""T3R:root_sad"": 15}","{""T3R:knee_flexor"": 16, ""T3R:root_sad"": 15}"
801261,IN19B005,False,2,2,True,"{""T1L:knee_flexor"": 28, ""T1L:root_pra"": 34}","{""T1L:knee_flexor"": 28, ""T1L:root_pra"": 34}"
801262,IN18B011,False,11,10,True,"{""T1L:knee_extensor"": 31, ""T1L:knee_flexor"": 11, ""T1L:root_pra"": 11, ""T1L:root_promotor"": 12, ""T1L:root_sad"": 11, ""T1L:root_sar"": 20, ""T2L:knee_extensor"": 22, ""T2L:root_sar"": 20, ""T2L:root_spr"": 36, ""T3L:root_sar"": 15, ""T3L:root_spr"": 10}","{""T1L:knee_flexor"": 11, ""T1L:root_pra"": 11, ""T1L:root_promotor"": 12, ""T1L:root_sad"": 11, ""T1L:root_sar"": 20, ""T2L:knee_extensor"": 12, ""T2L:root_sar"": 20, ""T2L:root_spr"": 36, ""T3L:root_sar"": 15, ""T3L:root_spr"": 10}"
801263,IN17A041,False,2,2,True,"{""T1R:root_pra"": 502, ""T1R:root_spr"": 87}","{""T1R:root_pra"": 244, ""T1R:root_spr"": 87}"
801278,IN19A027,False,2,2,True,"{""T2L:root_pra"": 42, ""T2L:root_spr"": 75}","{""T2L:root_pra"": 42, ""T2L:root_spr"": 75}"
801284,INXXX122,False,2,2,True,"{""T2L:root_sar"": 77, ""T3L:root_sar"": 67}","{""T2L:root_sar"": 77, ""T3L:root_sar"": 67}"
801286,IN01A007,False,3,3,True,"{""T3R:root_pra"": 15, ""T3R:root_sad"": 48, ""T3R:root_spr"": 108}","{""T3R:root_pra"": 15, ""T3R:root_sad"": 48, ""T3R:root_spr"": 108}"
801289,IN20A.22A021,False,2,2,True,"{""T2L:knee_flexor"": 55, ""T2L:root_sar"": 28}","{""T2L:knee_flexor"": 55, ""T2L:root_sar"": 28}"
801296,IN16B016,False,5,5,True,"{""T2R:knee_flexor"": 219, ""T2R:root_pra"": 158, ""T2R:root_sad"": 107, ""T2R:root_sar"": 94, ""T2R:root_spr"": 190}","{""T2R:knee_flexor"": 142, ""T2R:root_pra"": 158, ""T2R:root_sad"": 107, ""T2R:root_sar"": 94, ""T2R:root_spr"": 139}"
801302,IN10B002,False,2,2,True,"{""T1L:root_pra"": 45, ""T1L:root_spr"": 14}","{""T1L:root_pra"": 45, ""T1L:root_spr"": 14}"
801316,IN21A001,False,3,3,True,"{""T1L:root_promotor"": 152, ""T1L:root_sad"": 31, ""T1L:root_sar"": 928}","{""T1L:root_promotor"": 152, ""T1L:root_sad"": 31, ""T1L:root_sar"": 928}"
801317,IN08B046,False,3,3,True,"{""T1L:root_promotor"": 28, ""T2R:root_pra"": 15, ""T3R:root_pra"": 12}","{""T1L:root_promotor"": 28, ""T2R:root_pra"": 15, ""T3R:root_pra"": 12}"
801320,IN07B022,False,5,5,True,"{""T3L:knee_extensor"": 47, ""T3L:root_pra"": 10, ""T3L:root_spr"": 13, ""T3R:knee_extensor"": 153, ""T3R:root_pra"": 80}","{""T3L:knee_extensor"": 47, ""T3L:root_pra"": 10, ""T3L:root_spr"": 13, ""T3R:knee_extensor"": 153, ""T3R:root_pra"": 80}"
801324,IN21A019,False,2,1,False,"{""T1L:root_pra"": 10, ""T1L:root_spr"": 27}","{""T1L:root_pra"": 10}"
801342,IN17A017,False,2,1,False,"{""T1R:knee_extensor"": 37, ""T1R:root_sar"": 22}","{""T1R:knee_extensor"": 22}"
801345,IN03A073,False,2,2,True,"{""T1L:knee_flexor"": 14, ""T1L:root_sar"": 10}","{""T1L:knee_flexor"": 14, ""T1L:root_sar"": 10}"
801351,IN04B054_b,False,2,2,True,"{""T3R:root_pra"": 18, ""T3R:root_sar"": 31}","{""T3R:root_pra"": 18, ""T3R:root_sar"": 31}"
801355,IN03A004,False,3,3,True,"{""T1R:knee_flexor"": 100, ""T1R:root_sar"": 54, ""T1R:root_spr"": 96}","{""T1R:knee_flexor"": 90, ""T1R:root_sar"": 30, ""T1R:root_spr"": 96}"
801358,IN12A036,False,2,1,False,"{""T1R:root_promotor"": 15, ""wing_b2"": 23}","{""wing_b2"": 23}"
801366,IN03B021,False,2,2,True,"{""T3L:root_pra"": 50, ""T3L:root_spr"": 119}","{""T3L:root_pra"": 50, ""T3L:root_spr"": 49}"
801371,INXXX471,False,2,1,False,"{""T2R:knee_flexor"": 345, ""T2R:root_spr"": 82}","{""T2R:knee_flexor"": 316}"
801373,IN03A043,False,2,1,False,"{""T2R:root_pra"": 31, ""T2R:root_spr"": 65}","{""T2R:root_pra"": 31}"
801380,IN21A009,False,3,3,True,"{""T3R:root_pra"": 25, ""T3R:root_sad"": 100, ""T3R:root_sar"": 10}","{""T3R:root_pra"": 25, ""T3R:root_sad"": 100, ""T3R:root_sar"": 10}"
801382,IN09A002,False,5,4,True,"{""T1R:root_pra"": 28, ""T1R:root_promotor"": 23, ""T1R:root_sad"": 29, ""T1R:root_sar"": 23, ""T1R:root_spr"": 46}","{""T1R:root_promotor"": 23, ""T1R:root_sad"": 29, ""T1R:root_sar"": 23, ""T1R:root_spr"": 46}"
801384,IN03B036,False,2,2,True,"{""T2L:root_spr"": 18, ""T2R:root_spr"": 43}","{""T2L:root_spr"": 18, ""T2R:root_spr"": 11}"
801385,IN18B005,False,5,5,True,"{""T1L:knee_flexor"": 36, ""T2L:knee_flexor"": 73, ""T2R:knee_flexor"": 35, ""T2R:root_sar"": 12, ""T3L:knee_flexor"": 11}","{""T1L:knee_flexor"": 36, ""T2L:knee_flexor"": 61, ""T2R:knee_flexor"": 20, ""T2R:root_sar"": 12, ""T3L:knee_flexor"": 11}"
801386,IN21A003,False,5,4,True,"{""T1R:knee_flexor"": 44, ""T1R:root_pra"": 62, ""T1R:root_promotor"": 11, ""T1R:root_sad"": 16, ""T1R:root_spr"": 21}","{""T1R:knee_flexor"": 44, ""T1R:root_promotor"": 11, ""T1R:root_sad"": 16, ""T1R:root_spr"": 21}"
801421,IN03A001,False,5,3,True,"{""T2R:knee_extensor"": 19, ""T2R:knee_flexor"": 14, ""T2R:root_pra"": 12, ""T2R:root_sar"": 68, ""T2R:root_spr"": 12}","{""T2R:knee_extensor"": 19, ""T2R:root_pra"": 12, ""T2R:root_sar"": 68}"
801422,IN20A.22A008,False,2,2,True,"{""T3L:root_pra"": 109, ""T3L:root_spr"": 31}","{""T3L:root_pra"": 109, ""T3L:root_spr"": 10}"
801426,IN18B011,False,7,6,True,"{""T2R:knee_extensor"": 16, ""T2R:root_sar"": 24, ""T2R:root_spr"": 50, ""T3R:knee_extensor"": 18, ""T3R:knee_flexor"": 10, ""T3R:root_pra"": 13, ""T3R:root_sar"": 22}","{""T2R:knee_extensor"": 16, ""T2R:root_sar"": 24, ""T2R:root_spr"": 32, ""T3R:knee_extensor"": 18, ""T3R:root_pra"": 13, ""T3R:root_sar"": 22}"
801429,INXXX466,False,3,3,True,"{""T3R:knee_extensor"": 59, ""T3R:root_sar"": 11, ""T3R:root_spr"": 39}","{""T3R:knee_extensor"": 59, ""T3R:root_sar"": 11, ""T3R:root_spr"": 39}"
801431,IN14B003,False,3,3,True,"{""T2R:root_spr"": 43, ""T3R:root_pra"": 70, ""T3R:root_spr"": 66}","{""T2R:root_spr"": 24, ""T3R:root_pra"": 70, ""T3R:root_spr"": 66}"
801433,IN13A005,False,2,2,True,"{""T1R:knee_flexor"": 64, ""T1R:root_promotor"": 38}","{""T1R:knee_flexor"": 64, ""T1R:root_promotor"": 28}"
801435,IN19A024,False,2,2,True,"{""T2L:knee_flexor"": 11, ""T2L:root_spr"": 56}","{""T2L:knee_flexor"": 11, ""T2L:root_spr"": 56}"
801437,IN08A006,False,3,3,True,"{""T1R:root_promotor"": 37, ""T1R:root_sad"": 24, ""T1R:root_sar"": 682}","{""T1R:root_promotor"": 14, ""T1R:root_sad"": 24, ""T1R:root_sar"": 240}"
801441,IN08A008,False,2,2,True,"{""T1R:root_sar"": 95, ""T1R:root_spr"": 47}","{""T1R:root_sar"": 56, ""T1R:root_spr"": 47}"
801453,IN21A010,False,3,2,True,"{""T3L:knee_extensor"": 15, ""T3L:knee_flexor"": 11, ""T3L:root_spr"": 285}","{""T3L:knee_extensor"": 15, ""T3L:root_spr"": 74}"
801462,IN12A010,False,2,2,True,"{""T3R:root_pra"": 136, ""T3R:root_sad"": 14}","{""T3R:root_pra"": 136, ""T3R:root_sad"": 14}"
801471,IN03A053,False,3,3,True,"{""T3R:knee_extensor"": 18, ""T3R:root_pra"": 51, ""T3R:root_spr"": 102}","{""T3R:knee_extensor"": 18, ""T3R:root_pra"": 51, ""T3R:root_spr"": 102}"
801483,IN03A031,False,2,2,True,"{""T3L:knee_flexor"": 92, ""T3L:root_sar"": 32}","{""T3L:knee_flexor"": 81, ""T3L:root_sar"": 32}"
801494,IN12B012,False,2,1,False,"{""T2L:knee_extensor"": 30, ""T2L:root_sar"": 21}","{""T2L:root_sar"": 21}"
801497,IN21A016,False,2,1,False,"{""T2R:knee_flexor"": 172, ""T2R:root_sar"": 55}","{""T2R:knee_flexor"": 152}"
801502,IN01A005,False,2,2,True,"{""T3R:root_pra"": 14, ""T3R:root_sad"": 18}","{""T3R:root_pra"": 14, ""T3R:root_sad"": 18}"
801508,INXXX048,False,2,2,True,"{""T3L:root_sad"": 49, ""T3L:root_sar"": 28}","{""T3L:root_sad"": 49, ""T3L:root_sar"": 28}"
801509,IN09A010,False,2,2,True,"{""T1R:root_pra"": 222, ""T1R:root_spr"": 32}","{""T1R:root_pra"": 121, ""T1R:root_spr"": 32}"
801526,IN19A022,True,3,3,True,"{""T2L:knee_extensor"": 13, ""T2L:root_pra"": 360, ""T2L:root_spr"": 867}","{""T2L:knee_extensor"": 13, ""T2L:root_pra"": 360, ""T2L:root_spr"": 867}"
801542,IN13B011,False,2,2,True,"{""T3R:knee_flexor"": 67, ""T3R:root_sar"": 35}","{""T3R:knee_flexor"": 27, ""T3R:root_sar"": 35}"
801550,IN01A028,False,2,2,True,"{""T3L:root_sad"": 18, ""T3L:root_sar"": 53}","{""T3L:root_sad"": 18, ""T3L:root_sar"": 53}"
801552,IN19A016,False,2,2,True,"{""T2R:root_pra"": 423, ""T2R:root_spr"": 592}","{""T2R:root_pra"": 423, ""T2R:root_spr"": 205}"
801564,IN21A014,False,2,2,True,"{""T3R:knee_flexor"": 38, ""T3R:root_pra"": 14}","{""T3R:knee_flexor"": 38, ""T3R:root_pra"": 14}"
801568,IN19A024,False,2,2,True,"{""T1L:root_pra"": 72, ""T1L:root_spr"": 15}","{""T1L:root_pra"": 72, ""T1L:root_spr"": 15}"
801569,IN04B101,False,2,2,True,"{""T1L:root_promotor"": 243, ""T1L:root_sar"": 13}","{""T1L:root_promotor"": 243, ""T1L:root_sar"": 13}"
801576,IN07B012,False,4,4,True,"{""T2L:knee_flexor"": 24, ""T2L:root_spr"": 18, ""T3L:knee_flexor"": 11, ""T3L:root_spr"": 138}","{""T2L:knee_flexor"": 24, ""T2L:root_spr"": 18, ""T3L:knee_flexor"": 11, ""T3L:root_spr"": 41}"
801579,IN01A038,False,2,2,True,"{""T2L:knee_extensor"": 135, ""T2L:root_sar"": 14}","{""T2L:knee_extensor"": 83, ""T2L:root_sar"": 14}"
801582,IN03B042,False,3,3,True,"{""T1R:root_promotor"": 31, ""T1R:root_sad"": 15, ""T1R:root_sar"": 450}","{""T1R:root_promotor"": 10, ""T1R:root_sad"": 15, ""T1R:root_sar"": 209}"
801593,IN18B008,False,3,2,True,"{""T2R:knee_flexor"": 64, ""T2R:root_pra"": 66, ""T2R:root_spr"": 19}","{""T2R:knee_flexor"": 50, ""T2R:root_pra"": 66}"
801610,IN13A006,False,2,1,False,"{""T2R:knee_extensor"": 525, ""T2R:knee_flexor"": 14}","{""T2R:knee_extensor"": 410}"
801614,INXXX032,False,4,3,True,"{""T1R:root_spr"": 26, ""T2R:root_pra"": 72, ""T2R:root_spr"": 11, ""T3R:root_pra"": 10}","{""T1R:root_spr"": 26, ""T2R:root_pra"": 72, ""T3R:root_pra"": 10}"
801625,IN18B016,False,2,2,True,"{""T2L:root_spr"": 27, ""T3L:root_spr"": 14}","{""T2L:root_spr"": 27, ""T3L:root_spr"": 14}"
801626,IN19A016,False,2,2,True,"{""T3R:root_pra"": 394, ""T3R:root_spr"": 411}","{""T3R:root_pra"": 394, ""T3R:root_spr"": 411}"
801629,IN08A008,False,2,2,True,"{""T3R:knee_extensor"": 18, ""T3R:root_pra"": 15}","{""T3R:knee_extensor"": 18, ""T3R:root_pra"": 15}"
801630,IN04B008,False,2,2,True,"{""T2L:root_pra"": 18, ""T2L:root_sar"": 279}","{""T2L:root_pra"": 18, ""T2L:root_sar"": 279}"
801638,IN21A007,False,2,1,False,"{""T2R:knee_flexor"": 97, ""T2R:root_spr"": 24}","{""T2R:knee_flexor"": 97}"
801646,IN01A005,False,2,2,True,"{""T2L:knee_extensor"": 10, ""T3L:root_sad"": 36}","{""T2L:knee_extensor"": 10, ""T3L:root_sad"": 36}"
801650,IN08A007,False,2,2,True,"{""T1R:knee_extensor"": 283, ""T1R:root_promotor"": 77}","{""T1R:knee_extensor"": 85, ""T1R:root_promotor"": 38}"
801652,IN04B068,False,2,2,True,"{""T3L:knee_extensor"": 11, ""T3L:root_pra"": 35}","{""T3L:knee_extensor"": 11, ""T3L:root_pra"": 35}"
801663,IN09A010,False,3,3,True,"{""T3L:root_pra"": 167, ""T3L:root_sad"": 14, ""T3L:root_spr"": 440}","{""T3L:root_pra"": 167, ""T3L:root_sad"": 14, ""T3L:root_spr"": 128}"
801677,IN07B022,False,6,6,True,"{""T3L:knee_extensor"": 119, ""T3L:root_pra"": 61, ""T3L:root_spr"": 12, ""T3R:knee_extensor"": 29, ""T3R:root_pra"": 59, ""T3R:root_spr"": 13}","{""T3L:knee_extensor"": 119, ""T3L:root_pra"": 61, ""T3L:root_spr"": 12, ""T3R:knee_extensor"": 29, ""T3R:root_pra"": 59, ""T3R:root_spr"": 13}"
801682,IN19A013,False,4,4,True,"{""T1R:knee_extensor"": 13, ""T1R:root_pra"": 277, ""T1R:root_promotor"": 15, ""T1R:root_spr"": 196}","{""T1R:knee_extensor"": 13, ""T1R:root_pra"": 171, ""T1R:root_promotor"": 15, ""T1R:root_spr"": 196}"
801710,IN03A007,False,2,2,True,"{""T3R:root_sar"": 18, ""T3R:root_spr"": 12}","{""T3R:root_sar"": 18, ""T3R:root_spr"": 12}"
801713,IN03B035,False,2,2,True,"{""T3L:knee_extensor"": 30, ""T3L:root_sar"": 96}","{""T3L:knee_extensor"": 30, ""T3L:root_sar"": 96}"
801718,IN13B012,False,2,2,True,"{""T1L:knee_flexor"": 351, ""T1L:root_promotor"": 11}","{""T1L:knee_flexor"": 335, ""T1L:root_promotor"": 11}"
801719,IN09B006,False,2,2,True,"{""T2R:root_sad"": 17, ""T2R:root_sar"": 15}","{""T2R:root_sad"": 17, ""T2R:root_sar"": 15}"
801720,IN03A066,False,2,2,True,"{""T1L:root_pra"": 151, ""T1L:root_spr"": 44}","{""T1L:root_pra"": 151, ""T1L:root_spr"": 29}"
801723,IN21A019,False,2,2,True,"{""T3L:root_sad"": 20, ""T3L:root_spr"": 21}","{""T3L:root_sad"": 20, ""T3L:root_spr"": 21}"
801725,IN19B005,False,2,2,True,"{""T1R:root_pra"": 71, ""T1R:root_spr"": 27}","{""T1R:root_pra"": 10, ""T1R:root_spr"": 27}"
801728,INXXX466,False,3,3,True,"{""T2L:knee_extensor"": 87, ""T2L:knee_flexor"": 22, ""T2L:root_spr"": 36}","{""T2L:knee_extensor"": 47, ""T2L:knee_flexor"": 22, ""T2L:root_spr"": 36}"
801732,INXXX425,False,2,2,True,"{""T3R:root_pra"": 25, ""T3R:root_sar"": 16}","{""T3R:root_pra"": 25, ""T3R:root_sar"": 16}"
801739,IN03A020,False,2,1,False,"{""T1L:knee_extensor"": 26, ""T1L:root_promotor"": 21}","{""T1L:root_promotor"": 21}"
801747,IN19A013,True,2,2,True,"{""T2R:root_pra"": 744, ""T2R:root_spr"": 945}","{""T2R:root_pra"": 744, ""T2R:root_spr"": 244}"
801748,IN18B021,False,2,2,True,"{""T3L:root_pra"": 51, ""T3L:root_sar"": 40}","{""T3L:root_pra"": 51, ""T3L:root_sar"": 40}"
801755,IN00A002,False,4,4,True,"{""T2R:root_sad"": 10, ""T2R:root_spr"": 10, ""T3L:root_spr"": 12, ""T3R:root_spr"": 24}","{""T2R:root_sad"": 10, ""T2R:root_spr"": 10, ""T3L:root_spr"": 12, ""T3R:root_spr"": 24}"
801757,IN21A015,False,2,1,False,"{""T3L:knee_extensor"": 10, ""T3L:root_spr"": 24}","{""T3L:knee_extensor"": 10}"
801763,IN04B020,False,3,2,True,"{""T1L:knee_extensor"": 82, ""T1L:root_pra"": 68, ""T1L:root_spr"": 22}","{""T1L:root_pra"": 68, ""T1L:root_spr"": 22}"
801771,IN19A040,False,3,3,True,"{""T3R:knee_extensor"": 26, ""T3R:root_pra"": 11, ""T3R:root_sad"": 15}","{""T3R:knee_extensor"": 26, ""T3R:root_pra"": 11, ""T3R:root_sad"": 15}"
801772,INXXX058,False,8,7,True,"{""T1L:knee_flexor"": 127, ""T1L:root_promotor"": 10, ""T1L:root_sar"": 47, ""T1L:root_spr"": 44, ""T2L:knee_flexor"": 31, ""T2L:root_spr"": 62, ""T3L:knee_flexor"": 21, ""T3L:root_spr"": 11}","{""T1L:knee_flexor"": 127, ""T1L:root_promotor"": 10, ""T1L:root_sar"": 47, ""T1L:root_spr"": 44, ""T2L:knee_flexor"": 31, ""T2L:root_spr"": 62, ""T3L:knee_flexor"": 21}"
801773,IN16B014,False,2,2,True,"{""T1L:knee_extensor"": 24, ""T1L:root_sar"": 186}","{""T1L:knee_extensor"": 13, ""T1L:root_sar"": 186}"
801778,IN18B021,False,2,2,True,"{""T3R:root_sad"": 42, ""T3R:root_spr"": 11}","{""T3R:root_sad"": 42, ""T3R:root_spr"": 11}"
801783,IN19B021,False,4,4,True,"{""T3R:knee_extensor"": 17, ""T3R:root_pra"": 42, ""T3R:root_sad"": 27, ""T3R:root_spr"": 17}","{""T3R:knee_extensor"": 17, ""T3R:root_pra"": 42, ""T3R:root_sad"": 27, ""T3R:root_spr"": 17}"
801785,IN21A005,False,5,4,True,"{""T1L:knee_extensor"": 18, ""T1L:knee_flexor"": 65, ""T1L:root_pra"": 59, ""T1L:root_promotor"": 233, ""T1L:root_sar"": 128}","{""T1L:knee_flexor"": 65, ""T1L:root_pra"": 59, ""T1L:root_promotor"": 233, ""T1L:root_sar"": 128}"
801787,IN19A016,False,2,2,True,"{""T2L:root_pra"": 435, ""T2L:root_spr"": 684}","{""T2L:root_pra"": 435, ""T2L:root_spr"": 684}"
801794,IN13B012,False,3,3,True,"{""T2R:knee_extensor"": 11, ""T2R:root_pra"": 26, ""T2R:root_spr"": 11}","{""T2R:knee_extensor"": 11, ""T2R:root_pra"": 26, ""T2R:root_spr"": 11}"
801797,IN21A014,False,2,2,True,"{""T2L:knee_flexor"": 25, ""T2L:root_pra"": 11}","{""T2L:knee_flexor"": 25, ""T2L:root_pra"": 11}"
801804,IN01A015,False,2,2,True,"{""T2L:root_pra"": 438, ""T2L:root_spr"": 545}","{""T2L:root_pra"": 438, ""T2L:root_spr"": 545}"
801805,IN08B003,False,2,2,True,"{""wing_b1"": 106, ""wing_b2"": 163}","{""wing_b1"": 106, ""wing_b2"": 163}"
801808,INXXX122,False,3,3,True,"{""T2R:root_sar"": 27, ""T3R:root_pra"": 32, ""T3R:root_sar"": 56}","{""T2R:root_sar"": 27, ""T3R:root_pra"": 32, ""T3R:root_sar"": 56}"
801814,IN16B033,False,3,3,True,"{""T3R:knee_extensor"": 19, ""T3R:root_sar"": 10, ""T3R:root_spr"": 12}","{""T3R:knee_extensor"": 19, ""T3R:root_sar"": 10, ""T3R:root_spr"": 12}"
801819,IN03A031,False,2,2,True,"{""T3L:knee_flexor"": 140, ""T3L:root_sar"": 10}","{""T3L:knee_flexor"": 126, ""T3L:root_sar"": 10}"
801822,IN21A010,False,4,3,True,"{""T1L:knee_extensor"": 34, ""T1L:root_pra"": 86, ""T1L:root_promotor"": 50, ""T1L:root_spr"": 30}","{""T1L:root_pra"": 86, ""T1L:root_promotor"": 50, ""T1L:root_spr"": 30}"
801823,IN17A028,False,2,2,True,"{""T2L:knee_extensor"": 58, ""T2L:knee_flexor"": 39}","{""T2L:knee_extensor"": 27, ""T2L:knee_flexor"": 39}"
801828,IN12B015,False,2,2,True,"{""wing_b1"": 67, ""wing_b2"": 87}","{""wing_b1"": 67, ""wing_b2"": 87}"
801840,IN20A.22A013,False,3,3,True,"{""T1L:knee_flexor"": 15, ""T1L:root_promotor"": 55, ""T1L:root_sar"": 22}","{""T1L:knee_flexor"": 15, ""T1L:root_promotor"": 55, ""T1L:root_sar"": 22}"
801843,IN21A012,False,3,3,True,"{""T3R:root_pra"": 31, ""T3R:root_sad"": 13, ""T3R:root_spr"": 643}","{""T3R:root_pra"": 31, ""T3R:root_sad"": 13, ""T3R:root_spr"": 643}"
801860,INXXX471,False,2,2,True,"{""T2L:knee_flexor"": 243, ""T2L:root_spr"": 60}","{""T2L:knee_flexor"": 243, ""T2L:root_spr"": 60}"
801873,IN19A016,False,2,2,True,"{""T2L:root_pra"": 407, ""T2L:root_spr"": 636}","{""T2L:root_pra"": 407, ""T2L:root_spr"": 636}"
801876,IN14A009,False,2,1,False,"{""T2R:knee_flexor"": 26, ""T2R:root_pra"": 12}","{""T2R:root_pra"": 12}"
801882,IN01A015,False,2,2,True,"{""T2R:root_pra"": 390, ""T2R:root_spr"": 534}","{""T2R:root_pra"": 390, ""T2R:root_spr"": 183}"
801886,IN20A.22A029,False,2,2,True,"{""T1L:knee_flexor"": 91, ""T1L:root_promotor"": 53}","{""T1L:knee_flexor"": 91, ""T1L:root_promotor"": 53}"
801894,IN21A010,False,2,2,True,"{""T1R:root_pra"": 43, ""T1R:root_promotor"": 40}","{""T1R:root_pra"": 43, ""T1R:root_promotor"": 25}"
801924,IN14A008,False,2,2,True,"{""T2L:knee_extensor"": 10, ""T2L:root_pra"": 57}","{""T2L:knee_extensor"": 10, ""T2L:root_pra"": 57}"
801930,IN19A016,False,2,2,True,"{""T3L:root_pra"": 254, ""T3L:root_spr"": 511}","{""T3L:root_pra"": 202, ""T3L:root_spr"": 271}"
801952,IN20A.22A023,False,2,2,True,"{""T1L:knee_flexor"": 78, ""T1L:root_promotor"": 47}","{""T1L:knee_flexor"": 78, ""T1L:root_promotor"": 47}"
801973,IN19A022,False,2,2,True,"{""T2R:root_pra"": 259, ""T2R:root_spr"": 867}","{""T2R:root_pra"": 259, ""T2R:root_spr"": 208}"
801981,INXXX091,False,2,2,True,"{""T2L:knee_extensor"": 37, ""T3L:root_sar"": 15}","{""T2L:knee_extensor"": 37, ""T3L:root_sar"": 15}"
801988,IN13A054,False,2,2,True,"{""T3R:root_pra"": 37, ""T3R:root_spr"": 141}","{""T3R:root_pra"": 37, ""T3R:root_spr"": 141}"
801993,IN08A008,False,2,2,True,"{""T1L:root_sar"": 90, ""T1L:root_spr"": 31}","{""T1L:root_sar"": 90, ""T1L:root_spr"": 31}"
801995,IN03A068,False,3,3,True,"{""T3R:knee_flexor"": 21, ""T3R:root_pra"": 56, ""T3R:root_spr"": 13}","{""T3R:knee_flexor"": 21, ""T3R:root_pra"": 56, ""T3R:root_spr"": 13}"
802009,IN21A012,False,3,3,True,"{""T2L:knee_flexor"": 15, ""T2L:root_pra"": 377, ""T2L:root_spr"": 639}","{""T2L:knee_flexor"": 15, ""T2L:root_pra"": 377, ""T2L:root_spr"": 639}"
802013,IN20A.22A007,False,2,2,True,"{""T2L:knee_extensor"": 223, ""T2L:root_pra"": 15}","{""T2L:knee_extensor"": 102, ""T2L:root_pra"": 15}"
802016,IN19B033,False,6,6,True,"{""T2R:knee_extensor"": 28, ""T2R:root_sar"": 40, ""T3R:knee_extensor"": 11, ""T3R:root_sar"": 41, ""wing_b1"": 49, ""wing_b2"": 31}","{""T2R:knee_extensor"": 28, ""T2R:root_sar"": 10, ""T3R:knee_extensor"": 11, ""T3R:root_sar"": 41, ""wing_b1"": 49, ""wing_b2"": 31}"
802017,IN07B014,False,4,4,True,"{""T2L:knee_flexor"": 67, ""T2L:root_sar"": 115, ""T3L:knee_flexor"": 12, ""T3L:root_sar"": 159}","{""T2L:knee_flexor"": 67, ""T2L:root_sar"": 115, ""T3L:knee_flexor"": 12, ""T3L:root_sar"": 159}"
802020,IN18B013,False,2,2,True,"{""T3R:knee_extensor"": 40, ""T3R:root_sar"": 38}","{""T3R:knee_extensor"": 40, ""T3R:root_sar"": 38}"
802025,INXXX466,False,3,1,False,"{""T2R:knee_extensor"": 24, ""T2R:root_sar"": 25, ""T2R:root_spr"": 50}","{""T2R:knee_extensor"": 14}"
802038,IN18B020,False,2,2,True,"{""wing_b1"": 85, ""wing_b2"": 17}","{""wing_b1"": 85, ""wing_b2"": 17}"
802041,IN14A004,False,2,2,True,"{""T1L:knee_flexor"": 161, ""T1L:root_sar"": 51}","{""T1L:knee_flexor"": 161, ""T1L:root_sar"": 51}"
802046,IN13B006,False,2,2,True,"{""T3R:root_pra"": 46, ""T3R:root_sar"": 33}","{""T3R:root_pra"": 46, ""T3R:root_sar"": 33}"
802053,IN06B035,False,8,6,True,"{""T1L:knee_extensor"": 15, ""T1L:root_promotor"": 35, ""T1L:root_sar"": 18, ""T1R:knee_extensor"": 13, ""T1R:root_sar"": 12, ""T2R:root_sar"": 66, ""T3L:root_sar"": 18, ""T3R:root_sar"": 44}","{""T1L:knee_extensor"": 15, ""T1L:root_promotor"": 35, ""T1L:root_sar"": 18, ""T2R:root_sar"": 35, ""T3L:root_sar"": 18, ""T3R:root_sar"": 44}"
802060,IN20A.22A008,False,3,2,True,"{""T2L:knee_extensor"": 23, ""T2L:root_pra"": 77, ""T2L:root_spr"": 11}","{""T2L:root_pra"": 77, ""T2L:root_spr"": 11}"
802093,IN03A051,False,2,2,True,"{""T1R:knee_flexor"": 20, ""T1R:root_sar"": 61}","{""T1R:knee_flexor"": 20, ""T1R:root_sar"": 35}"
802101,IN01A016,False,4,4,True,"{""T3R:knee_extensor"": 322, ""T3R:root_pra"": 214, ""T3R:root_sar"": 31, ""T3R:root_spr"": 146}","{""T3R:knee_extensor"": 322, ""T3R:root_pra"": 214, ""T3R:root_sar"": 31, ""T3R:root_spr"": 146}"
802106,IN21A015,False,4,3,True,"{""T1L:knee_extensor"": 11, ""T1L:root_pra"": 10, ""T1L:root_promotor"": 58, ""T1L:root_spr"": 11}","{""T1L:root_pra"": 10, ""T1L:root_promotor"": 58, ""T1L:root_spr"": 11}"
802118,IN03B021,False,4,4,True,"{""T3R:knee_extensor"": 27, ""T3R:root_pra"": 61, ""T3R:root_sad"": 10, ""T3R:root_spr"": 93}","{""T3R:knee_extensor"": 27, ""T3R:root_pra"": 61, ""T3R:root_sad"": 10, ""T3R:root_spr"": 93}"
802132,IN03A037,False,3,3,True,"{""T3L:knee_extensor"": 12, ""T3L:root_pra"": 30, ""T3L:root_sar"": 47}","{""T3L:knee_extensor"": 12, ""T3L:root_pra"": 30, ""T3L:root_sar"": 47}"
802134,IN14B003,False,4,4,True,"{""T2L:root_spr"": 25, ""T3L:root_pra"": 47, ""T3L:root_spr"": 139, ""T3R:knee_extensor"": 24}","{""T2L:root_spr"": 25, ""T3L:root_pra"": 47, ""T3L:root_spr"": 62, ""T3R:knee_extensor"": 24}"
802143,IN20A.22A007,False,2,2,True,"{""T3L:knee_extensor"": 98, ""T3L:root_sar"": 55}","{""T3L:knee_extensor"": 98, ""T3L:root_sar"": 55}"
802148,IN19A021,False,2,2,True,"{""T3R:knee_flexor"": 39, ""T3R:root_spr"": 28}","{""T3R:knee_flexor"": 39, ""T3R:root_spr"": 28}"
802154,IN07B033,False,2,2,True,"{""T2L:root_spr"": 22, ""wing_b2"": 18}","{""T2L:root_spr"": 22, ""wing_b2"": 18}"
802167,IN13B011,False,4,3,True,"{""T1R:knee_extensor"": 18, ""T1R:knee_flexor"": 34, ""T1R:root_promotor"": 32, ""T1R:root_sar"": 31}","{""T1R:knee_extensor"": 18, ""T1R:knee_flexor"": 34, ""T1R:root_promotor"": 18}"
802169,IN20A.22A009,False,2,1,False,"{""T2R:knee_flexor"": 154, ""T2R:root_spr"": 11}","{""T2R:knee_flexor"": 117}"
802173,IN12B012,False,2,1,False,"{""T2R:knee_extensor"": 61, ""T2R:root_sar"": 40}","{""T2R:knee_extensor"": 61}"
802175,IN21A013,False,4,3,True,"{""T1L:knee_extensor"": 15, ""T1L:root_promotor"": 291, ""T1L:root_sad"": 10, ""T1L:root_sar"": 17}","{""T1L:root_promotor"": 291, ""T1L:root_sad"": 10, ""T1L:root_sar"": 17}"
802177,INXXX107,False,5,5,True,"{""T2R:root_pra"": 140, ""T2R:root_spr"": 90, ""T3R:knee_extensor"": 10, ""T3R:root_pra"": 128, ""T3R:root_spr"": 96}","{""T2R:root_pra"": 140, ""T2R:root_spr"": 11, ""T3R:knee_extensor"": 10, ""T3R:root_pra"": 128, ""T3R:root_spr"": 96}"
802178,IN19A032,False,2,2,True,"{""T2R:root_sar"": 13, ""T3R:root_sar"": 29}","{""T2R:root_sar"": 13, ""T3R:root_sar"": 29}"
802180,IN17A028,False,4,3,True,"{""T2R:knee_extensor"": 47, ""T2R:knee_flexor"": 17, ""T2R:root_pra"": 14, ""T2R:root_sar"": 13}","{""T2R:knee_extensor"": 28, ""T2R:root_pra"": 14, ""T2R:root_sar"": 13}"
802182,IN03A085,False,3,2,True,"{""T1L:knee_extensor"": 11, ""T1L:root_pra"": 37, ""T1L:root_spr"": 29}","{""T1L:root_pra"": 37, ""T1L:root_spr"": 29}"
802189,IN20A.22A007,False,2,1,False,"{""T2R:knee_extensor"": 196, ""T2R:root_sar"": 11}","{""T2R:knee_extensor"": 166}"
802192,IN07B033,False,2,2,True,"{""T2R:root_pra"": 18, ""T3R:root_pra"": 23}","{""T2R:root_pra"": 18, ""T3R:root_pra"": 23}"
802209,INXXX232,False,2,2,True,"{""T3R:root_pra"": 17, ""T3R:root_spr"": 101}","{""T3R:root_pra"": 17, ""T3R:root_spr"": 101}"
802214,IN18B021,False,2,2,True,"{""T3L:root_sad"": 25, ""T3L:root_spr"": 25}","{""T3L:root_sad"": 25, ""T3L:root_spr"": 25}"
802219,IN14A009,False,2,2,True,"{""T3R:knee_extensor"": 12, ""T3R:knee_flexor"": 17}","{""T3R:knee_extensor"": 12, ""T3R:knee_flexor"": 17}"
802233,IN03A012,False,2,2,True,"{""T2L:root_pra"": 11, ""T2L:root_spr"": 11}","{""T2L:root_pra"": 11, ""T2L:root_spr"": 11}"
802239,IN21A020,False,2,2,True,"{""T2L:knee_flexor"": 323, ""T2L:root_pra"": 11}","{""T2L:knee_flexor"": 323, ""T2L:root_pra"": 11}"
802241,IN19A037,False,3,3,True,"{""T3L:root_pra"": 232, ""T3L:root_sad"": 57, ""T3L:root_spr"": 373}","{""T3L:root_pra"": 195, ""T3L:root_sad"": 57, ""T3L:root_spr"": 149}"
802246,IN03A033,False,2,2,True,"{""T2R:root_pra"": 87, ""T2R:root_spr"": 148}","{""T2R:root_pra"": 87, ""T2R:root_spr"": 22}"
802248,IN13A027,False,3,3,True,"{""T1L:knee_extensor"": 70, ""T1L:root_promotor"": 245, ""T1L:root_sar"": 15}","{""T1L:knee_extensor"": 23, ""T1L:root_promotor"": 245, ""T1L:root_sar"": 15}"
802270,IN16B022,False,2,2,True,"{""T1R:root_promotor"": 97, ""T1R:root_sar"": 42}","{""T1R:root_promotor"": 70, ""T1R:root_sar"": 21}"
802272,IN03B031,False,2,2,True,"{""T3R:root_pra"": 20, ""T3R:root_sad"": 11}","{""T3R:root_pra"": 20, ""T3R:root_sad"": 11}"
802279,IN03A069,False,4,3,True,"{""T1L:knee_extensor"": 11, ""T1L:knee_flexor"": 29, ""T1L:root_pra"": 29, ""T1L:root_promotor"": 140}","{""T1L:knee_flexor"": 29, ""T1L:root_pra"": 29, ""T1L:root_promotor"": 140}"
802306,IN14A008,False,2,1,False,"{""T1L:knee_extensor"": 10, ""T1L:root_promotor"": 119}","{""T1L:root_promotor"": 119}"
802307,IN20A.22A004,False,3,3,True,"{""T3R:knee_extensor"": 188, ""T3R:knee_flexor"": 11, ""T3R:root_sar"": 37}","{""T3R:knee_extensor"": 188, ""T3R:knee_flexor"": 11, ""T3R:root_sar"": 37}"
802310,IN18B038,False,6,5,True,"{""T2L:knee_extensor"": 38, ""T2L:root_pra"": 39, ""T2L:root_spr"": 10, ""T3L:knee_extensor"": 24, ""T3L:root_pra"": 21, ""T3L:root_spr"": 21}","{""T2L:knee_extensor"": 15, ""T2L:root_pra"": 39, ""T2L:root_spr"": 10, ""T3L:knee_extensor"": 24, ""T3L:root_pra"": 21}"
802316,IN17A007,False,3,3,True,"{""T1R:root_sad"": 16, ""T1R:root_sar"": 54, ""T1R:root_spr"": 14}","{""T1R:root_sad"": 16, ""T1R:root_sar"": 35, ""T1R:root_spr"": 14}"
802323,INXXX355,False,2,2,True,"{""T3L:knee_extensor"": 44, ""T3R:knee_extensor"": 29}","{""T3L:knee_extensor"": 44, ""T3R:knee_extensor"": 29}"
802330,IN21A017,False,4,4,True,"{""T3R:knee_extensor"": 23, ""T3R:root_pra"": 455, ""T3R:root_sad"": 44, ""T3R:root_sar"": 12}","{""T3R:knee_extensor"": 23, ""T3R:root_pra"": 455, ""T3R:root_sad"": 44, ""T3R:root_sar"": 12}"
802336,IN03B021,False,2,2,True,"{""T3R:root_sad"": 28, ""T3R:root_sar"": 35}","{""T3R:root_sad"": 28, ""T3R:root_sar"": 35}"
802337,INXXX022,False,3,3,True,"{""T3R:knee_extensor"": 19, ""T3R:knee_flexor"": 24, ""T3R:root_pra"": 106}","{""T3R:knee_extensor"": 19, ""T3R:knee_flexor"": 24, ""T3R:root_pra"": 106}"
802341,IN20A.22A007,False,3,3,True,"{""T3R:knee_extensor"": 157, ""T3R:root_pra"": 13, ""T3R:root_sar"": 31}","{""T3R:knee_extensor"": 157, ""T3R:root_pra"": 13, ""T3R:root_sar"": 31}"
802344,IN12A015,False,3,2,True,"{""T1L:root_promotor"": 33, ""T1R:root_promotor"": 13, ""wing_b2"": 84}","{""T1L:root_promotor"": 33, ""wing_b2"": 84}"
802354,IN03A037,False,2,1,False,"{""T3L:knee_extensor"": 11, ""T3L:root_spr"": 13}","{""T3L:knee_extensor"": 11}"
802355,INXXX091,False,3,2,True,"{""T2R:knee_extensor"": 12, ""T3R:knee_extensor"": 38, ""T3R:root_sar"": 12}","{""T3R:knee_extensor"": 38, ""T3R:root_sar"": 12}"
802363,IN03A075,False,2,2,True,"{""T1R:root_pra"": 257, ""T1R:root_spr"": 37}","{""T1R:root_pra"": 133, ""T1R:root_spr"": 37}"
802368,IN19B030,False,4,3,True,"{""T2R:root_spr"": 68, ""T3L:knee_extensor"": 10, ""T3L:root_spr"": 87, ""T3R:root_spr"": 258}","{""T3L:knee_extensor"": 10, ""T3L:root_spr"": 16, ""T3R:root_spr"": 258}"
802375,IN04B044,False,2,2,True,"{""T3L:knee_extensor"": 19, ""T3L:root_sar"": 11}","{""T3L:knee_extensor"": 19, ""T3L:root_sar"": 11}"
802377,IN17A028,False,3,3,True,"{""T2L:knee_extensor"": 85, ""T2L:knee_flexor"": 51, ""T2L:root_pra"": 12}","{""T2L:knee_extensor"": 45, ""T2L:knee_flexor"": 51, ""T2L:root_pra"": 12}"
802382,IN04B013,False,3,3,True,"{""T1L:knee_flexor"": 13, ""T1L:root_promotor"": 35, ""T1L:root_sar"": 118}","{""T1L:knee_flexor"": 13, ""T1L:root_promotor"": 35, ""T1L:root_sar"": 118}"
802386,IN13A037,False,2,2,True,"{""T1L:root_promotor"": 91, ""T1L:root_sar"": 91}","{""T1L:root_promotor"": 91, ""T1L:root_sar"": 91}"
802410,INXXX355,False,2,2,True,"{""T3L:knee_extensor"": 39, ""T3R:knee_extensor"": 16}","{""T3L:knee_extensor"": 39, ""T3R:knee_extensor"": 16}"
802411,IN18B014,False,2,2,True,"{""T1L:root_sar"": 17, ""T2L:root_sar"": 57}","{""T1L:root_sar"": 17, ""T2L:root_sar"": 57}"
802434,IN03A080,False,2,2,True,"{""T1R:root_pra"": 138, ""T1R:root_spr"": 20}","{""T1R:root_pra"": 86, ""T1R:root_spr"": 20}"
802438,IN01A002,False,3,3,True,"{""T2L:root_pra"": 16, ""T2R:root_pra"": 21, ""T3L:root_spr"": 50}","{""T2L:root_pra"": 16, ""T2R:root_pra"": 21, ""T3L:root_spr"": 25}"
802443,IN19B003,False,4,4,True,"{""T3R:knee_extensor"": 132, ""T3R:root_sad"": 48, ""T3R:root_sar"": 84, ""T3R:root_spr"": 56}","{""T3R:knee_extensor"": 132, ""T3R:root_sad"": 48, ""T3R:root_sar"": 84, ""T3R:root_spr"": 56}"
802445,IN04B078,False,2,2,True,"{""T3L:knee_extensor"": 45, ""T3L:root_sar"": 31}","{""T3L:knee_extensor"": 45, ""T3L:root_sar"": 31}"
802458,IN13A018,False,3,2,True,"{""T1L:knee_extensor"": 56, ""T1L:knee_flexor"": 17, ""T1L:root_sar"": 11}","{""T1L:knee_flexor"": 17, ""T1L:root_sar"": 11}"
802460,IN04B034,False,3,2,True,"{""T1L:knee_extensor"": 17, ""T1L:root_promotor"": 138, ""T1L:root_spr"": 13}","{""T1L:root_promotor"": 138, ""T1L:root_spr"": 13}"
802465,IN04B039,False,3,2,True,"{""T1L:knee_extensor"": 91, ""T1L:root_pra"": 14, ""T1L:root_promotor"": 170}","{""T1L:root_pra"": 14, ""T1L:root_promotor"": 170}"
802471,IN18B031,False,3,3,True,"{""T2L:knee_flexor"": 36, ""T2L:root_pra"": 61, ""T2L:root_sar"": 42}","{""T2L:knee_flexor"": 36, ""T2L:root_pra"": 61, ""T2L:root_sar"": 42}"
802478,GFC2,False,3,2,True,"{""T2L:root_pra"": 28, ""T2R:knee_extensor"": 11, ""T2R:root_sar"": 16}","{""T2L:root_pra"": 28, ""T2R:knee_extensor"": 11}"
802481,IN20A.22A008,False,4,3,True,"{""T3R:knee_extensor"": 10, ""T3R:knee_flexor"": 19, ""T3R:root_pra"": 111, ""T3R:root_spr"": 53}","{""T3R:knee_extensor"": 10, ""T3R:root_pra"": 111, ""T3R:root_spr"": 53}"
802483,IN01A023,False,5,4,True,"{""T2L:knee_extensor"": 15, ""T2L:root_pra"": 296, ""T2L:root_spr"": 228, ""T3L:root_pra"": 26, ""T3L:root_spr"": 13}","{""T2L:knee_extensor"": 15, ""T2L:root_pra"": 296, ""T2L:root_spr"": 228, ""T3L:root_pra"": 26}"
802489,IN19B030,False,5,5,True,"{""T1L:root_spr"": 15, ""T2L:root_pra"": 14, ""T2L:root_spr"": 89, ""T3L:root_spr"": 301, ""T3R:root_spr"": 66}","{""T1L:root_spr"": 15, ""T2L:root_pra"": 14, ""T2L:root_spr"": 89, ""T3L:root_spr"": 81, ""T3R:root_spr"": 66}"
802490,IN18B015,False,3,3,True,"{""T2L:knee_extensor"": 58, ""T3L:knee_extensor"": 23, ""T3L:root_sar"": 25}","{""T2L:knee_extensor"": 23, ""T3L:knee_extensor"": 23, ""T3L:root_sar"": 25}"
802494,IN19A022,False,2,2,True,"{""T1L:root_pra"": 314, ""T1L:root_spr"": 366}","{""T1L:root_pra"": 314, ""T1L:root_spr"": 295}"
802499,IN13A019,False,2,2,True,"{""T1L:root_promotor"": 99, ""T1L:root_sar"": 17}","{""T1L:root_promotor"": 99, ""T1L:root_sar"": 17}"
802527,IN18B029,False,5,5,True,"{""T3L:knee_flexor"": 32, ""T3L:root_pra"": 91, ""T3L:root_sad"": 36, ""T3L:root_sar"": 22, ""T3L:root_spr"": 40}","{""T3L:knee_flexor"": 32, ""T3L:root_pra"": 91, ""T3L:root_sad"": 36, ""T3L:root_sar"": 22, ""T3L:root_spr"": 40}"
802534,IN08A045,False,2,2,True,"{""T3L:root_pra"": 24, ""T3L:root_sad"": 17}","{""T3L:root_pra"": 24, ""T3L:root_sad"": 17}"
802542,IN04B039,False,2,2,True,"{""T1R:knee_extensor"": 27, ""T1R:root_promotor"": 133}","{""T1R:knee_extensor"": 27, ""T1R:root_promotor"": 88}"
802546,IN13A014,False,2,2,True,"{""T1L:knee_extensor"": 282, ""T1L:root_promotor"": 225}","{""T1L:knee_extensor"": 120, ""T1L:root_promotor"": 225}"
802548,IN17A058,False,3,3,True,"{""T2L:knee_flexor"": 14, ""T2L:root_pra"": 25, ""T2L:root_sar"": 205}","{""T2L:knee_flexor"": 14, ""T2L:root_pra"": 25, ""T2L:root_sar"": 205}"
802553,IN21A021,False,2,1,False,"{""T3L:knee_flexor"": 19, ""T3L:root_spr"": 111}","{""T3L:root_spr"": 87}"
802562,IN19A016,False,2,2,True,"{""T1R:root_pra"": 349, ""T1R:root_spr"": 212}","{""T1R:root_pra"": 164, ""T1R:root_spr"": 212}"
802563,IN14A013,False,2,2,True,"{""T3R:root_pra"": 140, ""T3R:root_spr"": 11}","{""T3R:root_pra"": 140, ""T3R:root_spr"": 11}"
802566,IN27X014,False,2,2,True,"{""wing_b1"": 61, ""wing_b2"": 58}","{""wing_b1"": 61, ""wing_b2"": 58}"
802567,IN12A027,False,4,3,True,"{""T2L:root_spr"": 10, ""T2R:root_pra"": 40, ""T2R:root_spr"": 21, ""T3R:root_pra"": 12}","{""T2L:root_spr"": 10, ""T2R:root_pra"": 40, ""T3R:root_pra"": 12}"
802588,IN18B028,False,2,2,True,"{""T3L:knee_extensor"": 10, ""T3R:root_spr"": 180}","{""T3L:knee_extensor"": 10, ""T3R:root_spr"": 180}"
802594,IN03A013,False,2,2,True,"{""T2L:knee_extensor"": 21, ""T2L:root_sar"": 306}","{""T2L:knee_extensor"": 21, ""T2L:root_sar"": 306}"
802595,GFC2,False,2,1,False,"{""T2R:root_pra"": 43, ""T2R:root_sar"": 10}","{""T2R:root_pra"": 43}"
802598,IN12A021_a,False,3,2,True,"{""T2R:knee_extensor"": 14, ""T2R:root_spr"": 14, ""T3R:root_pra"": 23}","{""T2R:knee_extensor"": 14, ""T3R:root_pra"": 23}"
802600,INXXX032,False,3,2,True,"{""T2R:root_pra"": 34, ""T2R:root_spr"": 14, ""T3R:root_pra"": 15}","{""T2R:root_pra"": 34, ""T3R:root_pra"": 15}"
802605,IN21A005,False,4,4,True,"{""T1R:knee_flexor"": 28, ""T1R:root_pra"": 27, ""T1R:root_promotor"": 166, ""T1R:root_sar"": 173}","{""T1R:knee_flexor"": 28, ""T1R:root_pra"": 27, ""T1R:root_promotor"": 81, ""T1R:root_sar"": 16}"
802610,IN12A019_c,False,3,2,True,"{""T2L:root_pra"": 13, ""T3L:root_pra"": 25, ""T3L:root_spr"": 13}","{""T2L:root_pra"": 13, ""T3L:root_pra"": 25}"
802625,IN19A016,False,2,2,True,"{""T1R:root_pra"": 317, ""T1R:root_spr"": 194}","{""T1R:root_pra"": 142, ""T1R:root_spr"": 194}"
802637,IN17A061,False,3,3,True,"{""T2L:knee_extensor"": 136, ""T2L:root_sar"": 11, ""T2L:root_spr"": 12}","{""T2L:knee_extensor"": 50, ""T2L:root_sar"": 11, ""T2L:root_spr"": 12}"
802638,IN19A016,False,3,3,True,"{""T1L:root_pra"": 446, ""T1L:root_sar"": 11, ""T1L:root_spr"": 315}","{""T1L:root_pra"": 446, ""T1L:root_sar"": 11, ""T1L:root_spr"": 188}"
802640,IN03A013,False,2,2,True,"{""T1L:root_promotor"": 163, ""T1L:root_sar"": 282}","{""T1L:root_promotor"": 163, ""T1L:root_sar"": 282}"
802643,IN21A012,False,4,3,True,"{""T2R:knee_extensor"": 10, ""T2R:knee_flexor"": 23, ""T2R:root_pra"": 321, ""T2R:root_spr"": 661}","{""T2R:knee_extensor"": 10, ""T2R:root_pra"": 321, ""T2R:root_spr"": 166}"
802660,IN12A016,False,4,3,True,"{""T2L:root_pra"": 13, ""T2L:root_spr"": 16, ""T3L:root_pra"": 10, ""T3L:root_spr"": 36}","{""T2L:root_pra"": 13, ""T2L:root_spr"": 16, ""T3L:root_pra"": 10}"
802663,IN14B006,False,2,2,True,"{""T3R:root_pra"": 212, ""T3R:root_spr"": 154}","{""T3R:root_pra"": 212, ""T3R:root_spr"": 154}"
802668,IN06B033,False,2,2,True,"{""T1L:root_pra"": 260, ""T1L:root_spr"": 172}","{""T1L:root_pra"": 260, ""T1L:root_spr"": 114}"
802669,IN16B033,False,3,3,True,"{""T3L:knee_extensor"": 16, ""T3L:root_pra"": 11, ""T3L:root_spr"": 81}","{""T3L:knee_extensor"": 16, ""T3L:root_pra"": 11, ""T3L:root_spr"": 10}"
802678,IN04B087,False,3,3,True,"{""T2R:root_pra"": 66, ""T2R:root_sar"": 12, ""T2R:root_spr"": 11}","{""T2R:root_pra"": 66, ""T2R:root_sar"": 12, ""T2R:root_spr"": 11}"
802684,IN21A017,False,3,3,True,"{""T1L:knee_flexor"": 74, ""T1L:root_pra"": 159, ""T1L:root_spr"": 128}","{""T1L:knee_flexor"": 74, ""T1L:root_pra"": 159, ""T1L:root_spr"": 69}"
802695,IN03A031,False,2,2,True,"{""T3R:knee_flexor"": 87, ""T3R:root_sar"": 24}","{""T3R:knee_flexor"": 66, ""T3R:root_sar"": 24}"
802717,IN01A082,False,2,2,True,"{""T3R:knee_extensor"": 15, ""T3R:root_pra"": 14}","{""T3R:knee_extensor"": 15, ""T3R:root_pra"": 14}"
802729,IN16B061,False,2,1,False,"{""T1R:root_sar"": 12, ""T1R:root_spr"": 27}","{""T1R:root_spr"": 27}"
802732,IN06B028,False,8,8,True,"{""T1L:root_promotor"": 48, ""T1R:root_promotor"": 18, ""T2L:root_sar"": 13, ""T2R:root_sad"": 19, ""T2R:root_sar"": 19, ""T3R:knee_extensor"": 28, ""T3R:root_pra"": 44, ""T3R:root_sar"": 34}","{""T1L:root_promotor"": 48, ""T1R:root_promotor"": 18, ""T2L:root_sar"": 13, ""T2R:root_sad"": 19, ""T2R:root_sar"": 19, ""T3R:knee_extensor"": 28, ""T3R:root_pra"": 44, ""T3R:root_sar"": 34}"
802738,IN08A016,False,2,2,True,"{""T3L:knee_extensor"": 16, ""T3R:knee_extensor"": 14}","{""T3L:knee_extensor"": 16, ""T3R:knee_extensor"": 14}"
802743,IN01A015,False,2,2,True,"{""T1L:root_pra"": 429, ""T1L:root_spr"": 93}","{""T1L:root_pra"": 429, ""T1L:root_spr"": 75}"
802747,IN20A.22A009,False,2,2,True,"{""T2L:knee_flexor"": 174, ""T2L:root_sar"": 20}","{""T2L:knee_flexor"": 174, ""T2L:root_sar"": 20}"
802751,IN12B018,False,3,3,True,"{""T3L:knee_flexor"": 182, ""T3L:root_spr"": 23, ""T3R:knee_extensor"": 11}","{""T3L:knee_flexor"": 111, ""T3L:root_spr"": 23, ""T3R:knee_extensor"": 11}"
802755,IN19A031,False,3,2,True,"{""T3L:knee_extensor"": 96, ""T3L:knee_flexor"": 12, ""T3L:root_pra"": 13}","{""T3L:knee_extensor"": 96, ""T3L:root_pra"": 13}"
802757,INXXX114,False,2,2,True,"{""T3L:root_pra"": 10, ""T3L:root_spr"": 19}","{""T3L:root_pra"": 10, ""T3L:root_spr"": 19}"
802766,IN18B020,False,3,3,True,"{""T3L:knee_extensor"": 19, ""wing_b1"": 46, ""wing_b2"": 127}","{""T3L:knee_extensor"": 19, ""wing_b1"": 46, ""wing_b2"": 127}"
802775,IN12A021_c,False,4,3,True,"{""T1L:root_spr"": 14, ""T2L:root_spr"": 12, ""T3L:root_spr"": 14, ""T3R:root_pra"": 21}","{""T1L:root_spr"": 14, ""T2L:root_spr"": 12, ""T3R:root_pra"": 21}"
802779,IN07B014,False,3,3,True,"{""T2R:root_sar"": 82, ""T3R:knee_flexor"": 13, ""T3R:root_sar"": 185}","{""T2R:root_sar"": 82, ""T3R:knee_flexor"": 13, ""T3R:root_sar"": 185}"
802780,IN17A052,False,2,2,True,"{""T2L:knee_extensor"": 12, ""T2L:root_sar"": 310}","{""T2L:knee_extensor"": 12, ""T2L:root_sar"": 310}"
802784,IN06B033,False,3,3,True,"{""T1R:root_pra"": 149, ""T1R:root_spr"": 116, ""T2R:root_spr"": 67}","{""T1R:root_pra"": 116, ""T1R:root_spr"": 116, ""T2R:root_spr"": 17}"
802786,IN08B040,False,2,2,True,"{""T1L:root_promotor"": 77, ""T2R:root_sad"": 14}","{""T1L:root_promotor"": 77, ""T2R:root_sad"": 14}"
802792,IN21A012,False,2,2,True,"{""T1R:root_pra"": 225, ""T1R:root_spr"": 172}","{""T1R:root_pra"": 141, ""T1R:root_spr"": 172}"
802799,GFC2,False,2,2,True,"{""T2L:root_pra"": 32, ""T2L:root_sar"": 21}","{""T2L:root_pra"": 32, ""T2L:root_sar"": 21}"
802811,IN20A.22A008,False,3,3,True,"{""T3R:knee_extensor"": 11, ""T3R:root_pra"": 116, ""T3R:root_spr"": 43}","{""T3R:knee_extensor"": 11, ""T3R:root_pra"": 116, ""T3R:root_spr"": 43}"
802820,INXXX126,False,2,2,True,"{""T1L:root_sar"": 12, ""T2L:knee_flexor"": 14}","{""T1L:root_sar"": 12, ""T2L:knee_flexor"": 14}"
802829,IN20A.22A004,False,2,2,True,"{""T2L:knee_extensor"": 172, ""T2L:knee_flexor"": 34}","{""T2L:knee_extensor"": 105, ""T2L:knee_flexor"": 34}"
802843,IN12B018,False,3,3,True,"{""T3R:knee_extensor"": 12, ""T3R:knee_flexor"": 192, ""T3R:root_spr"": 23}","{""T3R:knee_extensor"": 12, ""T3R:knee_flexor"": 100, ""T3R:root_spr"": 23}"
802882,IN11B012,False,2,2,True,"{""wing_b1"": 111, ""wing_b2"": 101}","{""wing_b1"": 111, ""wing_b2"": 101}"
802895,IN21A013,False,2,2,True,"{""T1R:root_promotor"": 268, ""T1R:root_sar"": 10}","{""T1R:root_promotor"": 176, ""T1R:root_sar"": 10}"
802896,IN19A022,False,2,2,True,"{""T3L:root_pra"": 10, ""T3L:root_spr"": 840}","{""T3L:root_pra"": 10, ""T3L:root_spr"": 233}"
802901,IN17A058,False,2,2,True,"{""T3L:knee_flexor"": 90, ""T3L:root_sar"": 61}","{""T3L:knee_flexor"": 90, ""T3L:root_sar"": 61}"
802903,IN06B035,False,3,3,True,"{""T2L:root_sar"": 73, ""T2R:root_sar"": 65, ""wing_b1"": 24}","{""T2L:root_sar"": 73, ""T2R:root_sar"": 14, ""wing_b1"": 24}"
802931,IN03A071,False,2,1,False,"{""T2R:knee_flexor"": 14, ""T2R:root_pra"": 31}","{""T2R:root_pra"": 31}"
802944,IN12B018,False,2,2,True,"{""T2L:knee_flexor"": 167, ""T2L:root_spr"": 22}","{""T2L:knee_flexor"": 167, ""T2L:root_spr"": 22}"
802951,IN07B010,False,7,4,True,"{""T1R:knee_extensor"": 19, ""T1R:root_promotor"": 12, ""T2L:knee_flexor"": 107, ""T2L:root_spr"": 12, ""T2R:knee_extensor"": 32, ""T2R:root_sar"": 11, ""T3L:knee_flexor"": 81}","{""T2L:knee_flexor"": 107, ""T2L:root_spr"": 12, ""T2R:knee_extensor"": 17, ""T3L:knee_flexor"": 81}"
802968,IN13B017,False,2,2,True,"{""T3R:knee_extensor"": 44, ""T3R:root_pra"": 36}","{""T3R:knee_extensor"": 44, ""T3R:root_pra"": 36}"
802971,IN12A016,False,2,1,False,"{""T2R:root_spr"": 17, ""T3R:root_pra"": 22}","{""T3R:root_pra"": 22}"
802975,IN01A018,False,2,2,True,"{""T1L:root_pra"": 419, ""T1L:root_spr"": 91}","{""T1L:root_pra"": 419, ""T1L:root_spr"": 71}"
802979,IN01A036,False,2,1,False,"{""T2L:root_sad"": 18, ""T2L:root_sar"": 23}","{""T2L:root_sar"": 23}"
802985,IN19A022,False,2,2,True,"{""T3R:root_pra"": 12, ""T3R:root_spr"": 783}","{""T3R:root_pra"": 12, ""T3R:root_spr"": 783}"
802990,IN13A014,False,2,2,True,"{""T1R:knee_extensor"": 194, ""T1R:root_promotor"": 256}","{""T1R:knee_extensor"": 56, ""T1R:root_promotor"": 152}"
802991,IN03B028,False,2,1,False,"{""T2R:root_pra"": 31, ""T2R:root_spr"": 63}","{""T2R:root_pra"": 31}"
802998,IN03A060,False,3,3,True,"{""T2R:knee_extensor"": 47, ""T2R:root_pra"": 97, ""T2R:root_spr"": 102}","{""T2R:knee_extensor"": 47, ""T2R:root_pra"": 97, ""T2R:root_spr"": 14}"
803007,IN06B042,False,2,2,True,"{""T3L:knee_extensor"": 15, ""wing_b1"": 20}","{""T3L:knee_extensor"": 15, ""wing_b1"": 20}"
803027,INXXX194,False,2,2,True,"{""T1L:knee_flexor"": 18, ""T1L:root_promotor"": 176}","{""T1L:knee_flexor"": 18, ""T1L:root_promotor"": 176}"
803030,IN04B010,False,2,2,True,"{""T1L:knee_flexor"": 33, ""T1L:root_sar"": 29}","{""T1L:knee_flexor"": 33, ""T1L:root_sar"": 29}"
803035,IN20A.22A003,False,2,2,True,"{""T1L:knee_flexor"": 15, ""T1L:root_sar"": 49}","{""T1L:knee_flexor"": 15, ""T1L:root_sar"": 49}"
803039,INXXX471,False,3,3,True,"{""T1L:knee_flexor"": 187, ""T1L:root_sad"": 12, ""T1L:root_spr"": 23}","{""T1L:knee_flexor"": 187, ""T1L:root_sad"": 12, ""T1L:root_spr"": 23}"
803053,IN01A007,False,2,1,False,"{""T2R:knee_extensor"": 13, ""T2R:root_spr"": 238}","{""T2R:root_spr"": 107}"
803058,IN04B080,False,4,4,True,"{""T3R:knee_flexor"": 13, ""T3R:root_pra"": 87, ""T3R:root_sar"": 29, ""T3R:root_spr"": 64}","{""T3R:knee_flexor"": 13, ""T3R:root_pra"": 87, ""T3R:root_sar"": 29, ""T3R:root_spr"": 64}"
803077,IN20A.22A004,False,2,2,True,"{""T3L:knee_extensor"": 115, ""T3L:root_sar"": 11}","{""T3L:knee_extensor"": 115, ""T3L:root_sar"": 11}"
803085,"IN11A015,IN11A027",False,2,1,False,"{""T3L:knee_flexor"": 36, ""T3L:root_spr"": 11}","{""T3L:knee_flexor"": 36}"
803087,IN04B011,False,2,2,True,"{""T2R:knee_extensor"": 44, ""T2R:root_sar"": 109}","{""T2R:knee_extensor"": 44, ""T2R:root_sar"": 22}"
803095,IN12A021_c,False,3,2,True,"{""T2R:root_spr"": 17, ""T3R:root_pra"": 15, ""T3R:root_spr"": 10}","{""T3R:root_pra"": 15, ""T3R:root_spr"": 10}"
803108,IN03A026_c,False,2,2,True,"{""T3L:root_pra"": 106, ""T3L:root_spr"": 235}","{""T3L:root_pra"": 106, ""T3L:root_spr"": 73}"
803110,IN12B014,False,2,1,False,"{""T1L:root_spr"": 43, ""T2L:root_spr"": 16}","{""T2L:root_spr"": 16}"
803113,IN03A045,False,3,2,True,"{""T2L:knee_extensor"": 14, ""T2L:root_pra"": 34, ""T2L:root_sar"": 54}","{""T2L:root_pra"": 34, ""T2L:root_sar"": 54}"
803119,IN03A055,False,2,1,False,"{""T3L:root_pra"": 22, ""T3L:root_sad"": 16}","{""T3L:root_sad"": 16}"
803123,IN03A046,False,3,3,True,"{""T1R:knee_flexor"": 50, ""T1R:root_sar"": 10, ""T1R:root_spr"": 21}","{""T1R:knee_flexor"": 50, ""T1R:root_sar"": 10, ""T1R:root_spr"": 21}"
803126,IN17A034,False,2,2,True,"{""wing_b1"": 167, ""wing_b2"": 237}","{""wing_b1"": 167, ""wing_b2"": 237}"
803128,IN12A036,False,2,2,True,"{""T1L:root_promotor"": 32, ""wing_b2"": 33}","{""T1L:root_promotor"": 32, ""wing_b2"": 33}"
803132,IN11A048,False,2,2,True,"{""T2L:root_pra"": 15, ""T2L:root_spr"": 357}","{""T2L:root_pra"": 15, ""T2L:root_spr"": 357}"
803139,INXXX269,False,2,2,True,"{""T3R:knee_extensor"": 10, ""T3R:root_pra"": 60}","{""T3R:knee_extensor"": 10, ""T3R:root_pra"": 60}"
803146,IN18B045_a,False,3,3,True,"{""T2L:root_pra"": 24, ""T2L:root_sar"": 10, ""T2R:root_pra"": 86}","{""T2L:root_pra"": 24, ""T2L:root_sar"": 10, ""T2R:root_pra"": 86}"
803149,IN17A035,False,2,2,True,"{""wing_b1"": 56, ""wing_b2"": 110}","{""wing_b1"": 56, ""wing_b2"": 110}"
803177,IN16B061,False,2,2,True,"{""T1L:knee_extensor"": 27, ""T1L:root_spr"": 57}","{""T1L:knee_extensor"": 27, ""T1L:root_spr"": 57}"
803182,IN20A.22A009,False,2,1,False,"{""T2R:knee_flexor"": 80, ""T2R:root_sar"": 10}","{""T2R:knee_flexor"": 80}"
803184,INXXX083,False,2,2,True,"{""T2L:root_pra"": 15, ""T2L:root_spr"": 18}","{""T2L:root_pra"": 15, ""T2L:root_spr"": 18}"
803197,IN07B019,False,2,2,True,"{""T3L:knee_extensor"": 11, ""wing_b1"": 10}","{""T3L:knee_extensor"": 11, ""wing_b1"": 10}"
803202,INXXX096,False,4,4,True,"{""T1R:root_pra"": 55, ""T1R:root_spr"": 15, ""T2R:root_pra"": 25, ""T2R:root_spr"": 119}","{""T1R:root_pra"": 38, ""T1R:root_spr"": 15, ""T2R:root_pra"": 25, ""T2R:root_spr"": 21}"
803210,IN07B002,False,8,6,True,"{""T1L:root_sar"": 11, ""T1L:root_spr"": 14, ""T2L:root_sar"": 15, ""T2R:knee_flexor"": 12, ""T2R:root_sar"": 18, ""T3L:knee_flexor"": 23, ""T3L:root_sar"": 13, ""T3R:knee_flexor"": 11}","{""T1L:root_sar"": 11, ""T2L:root_sar"": 15, ""T2R:knee_flexor"": 12, ""T3L:knee_flexor"": 23, ""T3L:root_sar"": 13, ""T3R:knee_flexor"": 11}"
803211,INXXX126,False,2,1,False,"{""T1R:root_sar"": 11, ""T3R:knee_flexor"": 18}","{""T3R:knee_flexor"": 18}"
803219,IN20A.22A005,False,3,3,True,"{""T3R:knee_extensor"": 218, ""T3R:knee_flexor"": 11, ""T3R:root_sar"": 39}","{""T3R:knee_extensor"": 218, ""T3R:knee_flexor"": 11, ""T3R:root_sar"": 39}"
803223,IN01A023,False,2,2,True,"{""T2R:root_pra"": 275, ""T2R:root_spr"": 168}","{""T2R:root_pra"": 275, ""T2R:root_spr"": 63}"
803233,IN03A057,False,2,2,True,"{""T2L:knee_extensor"": 72, ""T2L:root_sar"": 35}","{""T2L:knee_extensor"": 22, ""T2L:root_sar"": 35}"
803234,IN12A021_b,False,4,3,True,"{""T2L:root_pra"": 31, ""T2R:knee_extensor"": 16, ""T2R:root_pra"": 52, ""T2R:root_spr"": 21}","{""T2L:root_pra"": 31, ""T2R:knee_extensor"": 16, ""T2R:root_pra"": 52}"
803238,IN21A049,False,2,2,True,"{""T2L:knee_flexor"": 91, ""T2L:root_sar"": 94}","{""T2L:knee_flexor"": 91, ""T2L:root_sar"": 94}"
803244,INXXX227,False,2,2,True,"{""T3L:root_pra"": 14, ""T3L:root_sar"": 173}","{""T3L:root_pra"": 14, ""T3L:root_sar"": 173}"
803256,IN01A025,False,3,3,True,"{""T3R:knee_extensor"": 152, ""T3R:root_pra"": 46, ""T3R:root_sar"": 154}","{""T3R:knee_extensor"": 152, ""T3R:root_pra"": 46, ""T3R:root_sar"": 154}"
803258,IN20A.22A005,False,3,2,True,"{""T2R:knee_extensor"": 188, ""T2R:knee_flexor"": 12, ""T2R:root_sar"": 18}","{""T2R:knee_extensor"": 113, ""T2R:root_sar"": 18}"
803259,IN03B067,False,2,2,True,"{""wing_b1"": 24, ""wing_b2"": 25}","{""wing_b1"": 24, ""wing_b2"": 25}"
803261,INXXX142,False,2,2,True,"{""wing_b1"": 95, ""wing_b2"": 185}","{""wing_b1"": 95, ""wing_b2"": 185}"
803267,IN19B112,False,2,2,True,"{""T3R:knee_extensor"": 16, ""T3R:root_spr"": 19}","{""T3R:knee_extensor"": 16, ""T3R:root_spr"": 19}"
803274,IN03A022,False,3,2,True,"{""T1L:knee_extensor"": 18, ""T1L:root_pra"": 19, ""T1L:root_promotor"": 102}","{""T1L:root_pra"": 19, ""T1L:root_promotor"": 102}"
803278,IN20A.22A004,False,3,2,True,"{""T2R:knee_extensor"": 159, ""T2R:knee_flexor"": 19, ""T2R:root_sar"": 18}","{""T2R:knee_extensor"": 90, ""T2R:root_sar"": 18}"
803311,IN20A.22A008,False,2,2,True,"{""T2R:knee_extensor"": 18, ""T2R:root_pra"": 34}","{""T2R:knee_extensor"": 18, ""T2R:root_pra"": 34}"
803322,IN12A021_b,False,3,3,True,"{""T2L:root_pra"": 14, ""T2R:knee_extensor"": 24, ""T2R:root_pra"": 29}","{""T2L:root_pra"": 14, ""T2R:knee_extensor"": 24, ""T2R:root_pra"": 29}"
803366,IN03A060,False,3,3,True,"{""T2L:knee_extensor"": 74, ""T2L:root_pra"": 80, ""T2L:root_spr"": 70}","{""T2L:knee_extensor"": 27, ""T2L:root_pra"": 80, ""T2L:root_spr"": 70}"
803370,IN04B080,False,2,2,True,"{""T3L:root_sar"": 86, ""T3L:root_spr"": 36}","{""T3L:root_sar"": 86, ""T3L:root_spr"": 19}"
803372,IN20A.22A012,False,3,3,True,"{""T1L:knee_flexor"": 28, ""T1L:root_promotor"": 58, ""T1L:root_sar"": 35}","{""T1L:knee_flexor"": 28, ""T1L:root_promotor"": 58, ""T1L:root_sar"": 35}"
803375,IN17A035,False,2,2,True,"{""wing_b1"": 65, ""wing_b2"": 80}","{""wing_b1"": 65, ""wing_b2"": 80}"
803384,IN17A052,False,3,3,True,"{""T1R:root_promotor"": 62, ""T1R:root_sad"": 17, ""T1R:root_sar"": 388}","{""T1R:root_promotor"": 44, ""T1R:root_sad"": 17, ""T1R:root_sar"": 168}"
803385,IN03A039,False,2,2,True,"{""T3L:knee_flexor"": 62, ""T3L:root_sar"": 38}","{""T3L:knee_flexor"": 62, ""T3L:root_sar"": 38}"
803391,IN03A018,False,2,2,True,"{""T1L:knee_flexor"": 32, ""T1L:root_promotor"": 320}","{""T1L:knee_flexor"": 32, ""T1L:root_promotor"": 320}"
803404,IN11A003,False,2,2,True,"{""T3L:root_pra"": 22, ""T3L:root_sar"": 80}","{""T3L:root_pra"": 22, ""T3L:root_sar"": 80}"
803410,IN04B009,False,2,2,True,"{""T1R:root_promotor"": 15, ""T1R:root_sar"": 73}","{""T1R:root_promotor"": 15, ""T1R:root_sar"": 19}"
803427,IN01A025,False,2,2,True,"{""T2R:knee_extensor"": 168, ""T2R:root_sar"": 25}","{""T2R:knee_extensor"": 83, ""T2R:root_sar"": 25}"
803428,IN04B044,False,2,2,True,"{""T3L:knee_extensor"": 12, ""T3L:root_sar"": 81}","{""T3L:knee_extensor"": 12, ""T3L:root_sar"": 81}"
803431,IN13B093,False,2,2,True,"{""T1L:knee_flexor"": 21, ""T1L:root_promotor"": 17}","{""T1L:knee_flexor"": 21, ""T1L:root_promotor"": 17}"
803439,IN04B014,False,3,3,True,"{""T1L:knee_extensor"": 201, ""T1L:root_pra"": 11, ""T1L:root_promotor"": 188}","{""T1L:knee_extensor"": 76, ""T1L:root_pra"": 11, ""T1L:root_promotor"": 188}"
803442,IN04B009,False,3,3,True,"{""T1L:knee_flexor"": 40, ""T1L:root_promotor"": 33, ""T1L:root_sar"": 59}","{""T1L:knee_flexor"": 40, ""T1L:root_promotor"": 33, ""T1L:root_sar"": 59}"
803458,IN03A026_d,False,3,3,True,"{""T3R:knee_extensor"": 12, ""T3R:root_pra"": 140, ""T3R:root_spr"": 210}","{""T3R:knee_extensor"": 12, ""T3R:root_pra"": 140, ""T3R:root_spr"": 210}"
803477,IN11A003,False,2,2,True,"{""T3L:root_pra"": 22, ""T3L:root_sar"": 67}","{""T3L:root_pra"": 22, ""T3L:root_sar"": 67}"
803483,IN04B058,False,4,4,True,"{""T2L:knee_extensor"": 79, ""T2L:root_pra"": 67, ""T2L:root_sar"": 37, ""T2L:root_spr"": 12}","{""T2L:knee_extensor"": 55, ""T2L:root_pra"": 67, ""T2L:root_sar"": 37, ""T2L:root_spr"": 12}"
803485,IN18B038,False,5,4,True,"{""T2R:knee_extensor"": 14, ""T2R:root_pra"": 43, ""T2R:root_spr"": 32, ""T3R:knee_extensor"": 70, ""T3R:root_pra"": 24}","{""T2R:knee_extensor"": 14, ""T2R:root_pra"": 43, ""T3R:knee_extensor"": 70, ""T3R:root_pra"": 24}"
803489,IN13A020,False,2,2,True,"{""T2L:knee_extensor"": 43, ""T2L:root_sar"": 60}","{""T2L:knee_extensor"": 26, ""T2L:root_sar"": 60}"
803501,IN19A014,False,3,3,True,"{""T2L:knee_flexor"": 85, ""T3L:knee_extensor"": 18, ""T3L:root_sar"": 11}","{""T2L:knee_flexor"": 85, ""T3L:knee_extensor"": 18, ""T3L:root_sar"": 11}"
803502,IN01A028,False,2,2,True,"{""T3R:root_sad"": 10, ""T3R:root_sar"": 68}","{""T3R:root_sad"": 10, ""T3R:root_sar"": 68}"
803514,IN19A032,False,5,4,True,"{""T1L:root_promotor"": 12, ""T2L:root_sar"": 29, ""T3L:root_sar"": 90, ""T3L:root_spr"": 23, ""wing_b2"": 60}","{""T1L:root_promotor"": 12, ""T2L:root_sar"": 29, ""T3L:root_sar"": 90, ""wing_b2"": 60}"
803540,IN03A024,False,2,2,True,"{""T1L:root_pra"": 102, ""T1L:root_spr"": 110}","{""T1L:root_pra"": 102, ""T1L:root_spr"": 100}"
803554,IN17A044,False,3,3,True,"{""T2L:root_pra"": 45, ""T2L:root_sar"": 21, ""T2L:root_spr"": 34}","{""T2L:root_pra"": 45, ""T2L:root_sar"": 21, ""T2L:root_spr"": 34}"
803572,IN04B010,False,3,3,True,"{""T1L:knee_flexor"": 46, ""T1L:root_promotor"": 10, ""T1L:root_sar"": 15}","{""T1L:knee_flexor"": 46, ""T1L:root_promotor"": 10, ""T1L:root_sar"": 15}"
803579,IN18B029,False,4,4,True,"{""T3R:root_pra"": 130, ""T3R:root_sad"": 32, ""T3R:root_sar"": 16, ""T3R:root_spr"": 16}","{""T3R:root_pra"": 130, ""T3R:root_sad"": 32, ""T3R:root_sar"": 16, ""T3R:root_spr"": 16}"
803587,IN01A015,False,2,2,True,"{""T1R:root_pra"": 369, ""T1R:root_spr"": 85}","{""T1R:root_pra"": 179, ""T1R:root_spr"": 85}"
803588,IN04B038,False,2,1,False,"{""T1L:knee_extensor"": 90, ""T1L:root_promotor"": 178}","{""T1L:root_promotor"": 178}"
803598,IN03A045,False,4,3,True,"{""T2L:knee_extensor"": 24, ""T2L:root_pra"": 81, ""T2L:root_sar"": 22, ""wing_b2"": 32}","{""T2L:root_pra"": 81, ""T2L:root_sar"": 22, ""wing_b2"": 32}"
803600,IN03A055,False,3,3,True,"{""T3L:root_pra"": 139, ""T3L:root_sad"": 10, ""T3L:root_spr"": 96}","{""T3L:root_pra"": 139, ""T3L:root_sad"": 10, ""T3L:root_spr"": 19}"
803603,IN03A062_c,False,2,2,True,"{""T1L:knee_flexor"": 46, ""T1L:root_spr"": 17}","{""T1L:knee_flexor"": 46, ""T1L:root_spr"": 17}"
803606,IN03A063,False,3,2,True,"{""T2L:knee_extensor"": 33, ""T2L:root_pra"": 65, ""T2L:root_spr"": 12}","{""T2L:root_pra"": 65, ""T2L:root_spr"": 12}"
803609,IN18B039,False,2,2,True,"{""wing_b1"": 28, ""wing_b2"": 90}","{""wing_b1"": 28, ""wing_b2"": 90}"
803623,IN20A.22A009,False,3,1,False,"{""T2R:knee_flexor"": 99, ""T2R:root_sar"": 13, ""T2R:root_spr"": 12}","{""T2R:knee_flexor"": 99}"
803625,IN01A036,False,2,2,True,"{""T2R:root_sad"": 14, ""T2R:root_sar"": 12}","{""T2R:root_sad"": 14, ""T2R:root_sar"": 12}"
803636,IN03A046,False,2,2,True,"{""T1L:root_pra"": 115, ""T1L:root_spr"": 63}","{""T1L:root_pra"": 115, ""T1L:root_spr"": 63}"
803658,IN17A039,True,2,2,True,"{""wing_b1"": 273, ""wing_b2"": 159}","{""wing_b1"": 273, ""wing_b2"": 159}"
803659,IN16B041,False,2,2,True,"{""T3R:knee_flexor"": 15, ""T3R:root_spr"": 10}","{""T3R:knee_flexor"": 15, ""T3R:root_spr"": 10}"
803661,IN03A069,False,3,2,True,"{""T1L:knee_extensor"": 28, ""T1L:root_pra"": 12, ""T1L:root_promotor"": 181}","{""T1L:root_pra"": 12, ""T1L:root_promotor"": 181}"
803666,IN11A005,False,2,1,False,"{""T1L:knee_extensor"": 21, ""T1L:root_promotor"": 66}","{""T1L:root_promotor"": 66}"
803685,IN17A041,False,2,2,True,"{""T1L:root_pra"": 571, ""T1L:root_spr"": 192}","{""T1L:root_pra"": 571, ""T1L:root_spr"": 165}"
803713,IN04B078,False,3,3,True,"{""T3R:knee_extensor"": 55, ""T3R:root_pra"": 11, ""T3R:root_sar"": 27}","{""T3R:knee_extensor"": 55, ""T3R:root_pra"": 11, ""T3R:root_sar"": 27}"
803719,IN04B014,False,2,2,True,"{""T1R:knee_extensor"": 96, ""T1R:root_promotor"": 102}","{""T1R:knee_extensor"": 25, ""T1R:root_promotor"": 57}"
803737,IN01A050,False,2,0,False,"{""T2R:knee_flexor"": 11, ""T2R:root_sar"": 13}",{}
803738,SNppxx,False,2,2,True,"{""T2R:root_pra"": 12, ""T2R:root_sar"": 156}","{""T2R:root_pra"": 12, ""T2R:root_sar"": 90}"
803750,IN08A010,False,2,2,True,"{""T1L:root_promotor"": 132, ""T1L:root_sar"": 260}","{""T1L:root_promotor"": 132, ""T1L:root_sar"": 260}"
803762,IN03A022,False,3,2,True,"{""T1L:knee_extensor"": 33, ""T1L:root_pra"": 35, ""T1L:root_spr"": 11}","{""T1L:root_pra"": 35, ""T1L:root_spr"": 11}"
803782,IN03A043,False,3,3,True,"{""T2L:knee_extensor"": 30, ""T2L:root_pra"": 24, ""T2L:root_spr"": 47}","{""T2L:knee_extensor"": 30, ""T2L:root_pra"": 24, ""T2L:root_spr"": 47}"
803794,IN01A040,False,3,1,False,"{""T1R:knee_flexor"": 23, ""T1R:root_promotor"": 15, ""T1R:root_sar"": 33}","{""T1R:knee_flexor"": 23}"
803799,IN21A017,False,3,3,True,"{""T1R:knee_flexor"": 28, ""T1R:root_pra"": 142, ""T1R:root_spr"": 116}","{""T1R:knee_flexor"": 28, ""T1R:root_pra"": 61, ""T1R:root_spr"": 116}"
803802,IN03A026_a,False,3,3,True,"{""T3R:knee_extensor"": 15, ""T3R:root_pra"": 105, ""T3R:root_spr"": 276}","{""T3R:knee_extensor"": 15, ""T3R:root_pra"": 105, ""T3R:root_spr"": 276}"
803806,IN04B055,False,4,4,True,"{""T2L:knee_extensor"": 61, ""T2L:root_pra"": 28, ""T2L:root_sar"": 39, ""wing_b2"": 13}","{""T2L:knee_extensor"": 29, ""T2L:root_pra"": 28, ""T2L:root_sar"": 39, ""wing_b2"": 13}"
803811,IN18B038,False,2,1,False,"{""T2L:root_pra"": 61, ""T3L:root_spr"": 28}","{""T2L:root_pra"": 61}"
803815,IN04B009,False,3,3,True,"{""T1L:knee_flexor"": 42, ""T1L:root_promotor"": 91, ""T1L:root_sar"": 67}","{""T1L:knee_flexor"": 42, ""T1L:root_promotor"": 91, ""T1L:root_sar"": 67}"
803818,IN03A055,False,2,1,False,"{""T3L:root_pra"": 33, ""T3L:root_spr"": 13}","{""T3L:root_pra"": 33}"
803824,IN12A035,False,2,2,True,"{""wing_b1"": 34, ""wing_b2"": 54}","{""wing_b1"": 34, ""wing_b2"": 54}"
803826,IN11A018,False,2,2,True,"{""wing_b1"": 12, ""wing_b2"": 55}","{""wing_b1"": 12, ""wing_b2"": 55}"
803828,IN19A016,False,2,2,True,"{""T3R:root_pra"": 405, ""T3R:root_spr"": 490}","{""T3R:root_pra"": 405, ""T3R:root_spr"": 490}"
803831,IN17A027,False,2,2,True,"{""wing_b1"": 250, ""wing_b2"": 179}","{""wing_b1"": 250, ""wing_b2"": 179}"
803841,IN18B038,False,3,3,True,"{""T2L:root_pra"": 92, ""T2L:root_spr"": 95, ""T3L:root_spr"": 57}","{""T2L:root_pra"": 92, ""T2L:root_spr"": 95, ""T3L:root_spr"": 15}"
803852,IN03A026_a,False,2,2,True,"{""T3L:root_pra"": 58, ""T3L:root_spr"": 266}","{""T3L:root_pra"": 58, ""T3L:root_spr"": 45}"
803859,IN01A042,False,2,2,True,"{""T3L:root_pra"": 57, ""T3R:root_pra"": 127}","{""T3L:root_pra"": 57, ""T3R:root_pra"": 127}"
803863,IN17A061,False,3,2,True,"{""T2R:knee_extensor"": 84, ""T2R:root_sar"": 51, ""T2R:root_spr"": 27}","{""T2R:knee_extensor"": 73, ""T2R:root_sar"": 33}"
803868,IN08A026,False,2,2,True,"{""T2L:root_pra"": 95, ""T2L:root_spr"": 328}","{""T2L:root_pra"": 95, ""T2L:root_spr"": 328}"
803883,IN04B059,False,2,2,True,"{""T1L:knee_flexor"": 10, ""T1L:root_sar"": 17}","{""T1L:knee_flexor"": 10, ""T1L:root_sar"": 17}"
803885,IN14A015,False,2,2,True,"{""T3L:root_pra"": 25, ""T3L:root_spr"": 17}","{""T3L:root_pra"": 25, ""T3L:root_spr"": 17}"
803890,IN17A039,False,2,2,True,"{""wing_b1"": 216, ""wing_b2"": 146}","{""wing_b1"": 216, ""wing_b2"": 146}"
803899,IN03A057,False,2,1,False,"{""T2R:knee_extensor"": 13, ""T2R:root_sar"": 25}","{""T2R:knee_extensor"": 13}"
803901,IN21A022,False,2,2,True,"{""T1L:knee_flexor"": 184, ""T1L:root_sar"": 20}","{""T1L:knee_flexor"": 184, ""T1L:root_sar"": 20}"
803918,IN03A045,False,2,2,True,"{""T2R:knee_extensor"": 25, ""T2R:root_sar"": 74}","{""T2R:knee_extensor"": 25, ""T2R:root_sar"": 29}"
803933,IN03A045,False,2,2,True,"{""T1L:knee_extensor"": 43, ""T1L:root_promotor"": 188}","{""T1L:knee_extensor"": 11, ""T1L:root_promotor"": 188}"
803935,INXXX269,False,2,2,True,"{""T3R:root_pra"": 17, ""T3R:root_spr"": 16}","{""T3R:root_pra"": 17, ""T3R:root_spr"": 16}"
803940,IN08B046,False,2,2,True,"{""T1L:root_promotor"": 16, ""T1R:root_promotor"": 25}","{""T1L:root_promotor"": 16, ""T1R:root_promotor"": 13}"
803947,IN03A036,False,2,2,True,"{""T3L:root_pra"": 214, ""T3L:root_spr"": 225}","{""T3L:root_pra"": 214, ""T3L:root_spr"": 76}"
803957,IN04B009,False,2,2,True,"{""T1R:root_promotor"": 53, ""T1R:root_sar"": 95}","{""T1R:root_promotor"": 32, ""T1R:root_sar"": 30}"
803963,IN03A045,False,4,3,True,"{""T2L:knee_extensor"": 13, ""T2L:root_pra"": 77, ""T2L:root_sar"": 10, ""wing_b2"": 21}","{""T2L:root_pra"": 77, ""T2L:root_sar"": 10, ""wing_b2"": 21}"
803971,IN18B038,False,3,2,True,"{""T2R:root_pra"": 56, ""T2R:root_spr"": 48, ""T3R:root_spr"": 41}","{""T2R:root_pra"": 56, ""T3R:root_spr"": 41}"
803974,IN20A.22A036,False,2,2,True,"{""T1L:knee_extensor"": 81, ""T1L:root_promotor"": 60}","{""T1L:knee_extensor"": 34, ""T1L:root_promotor"": 60}"
803988,IN14A015,False,3,3,True,"{""T3L:root_pra"": 20, ""T3L:root_sad"": 12, ""T3L:root_spr"": 10}","{""T3L:root_pra"": 20, ""T3L:root_sad"": 12, ""T3L:root_spr"": 10}"
804017,IN13A020,False,2,2,True,"{""T3L:knee_extensor"": 37, ""T3L:root_sar"": 198}","{""T3L:knee_extensor"": 37, ""T3L:root_sar"": 198}"
804027,IN11A005,False,2,1,False,"{""T1L:knee_extensor"": 19, ""T1L:root_promotor"": 13}","{""T1L:root_promotor"": 13}"
804028,IN01A030,False,2,2,True,"{""T1R:knee_flexor"": 13, ""T1R:root_sar"": 55}","{""T1R:knee_flexor"": 13, ""T1R:root_sar"": 55}"
804036,IN04B044,False,2,2,True,"{""T3R:knee_extensor"": 43, ""T3R:root_sar"": 27}","{""T3R:knee_extensor"": 43, ""T3R:root_sar"": 27}"
804037,IN03A039,False,2,2,True,"{""T1L:knee_flexor"": 24, ""T1L:root_spr"": 39}","{""T1L:knee_flexor"": 24, ""T1L:root_spr"": 39}"
804041,IN04B054_a,False,3,3,True,"{""T3R:root_pra"": 12, ""T3R:root_sar"": 25, ""T3R:root_spr"": 16}","{""T3R:root_pra"": 12, ""T3R:root_sar"": 25, ""T3R:root_spr"": 16}"
804063,IN03A010,False,4,4,True,"{""T3R:knee_extensor"": 47, ""T3R:root_pra"": 520, ""T3R:root_sad"": 113, ""T3R:root_spr"": 493}","{""T3R:knee_extensor"": 47, ""T3R:root_pra"": 520, ""T3R:root_sad"": 113, ""T3R:root_spr"": 493}"
804067,IN03A036,False,3,3,True,"{""T3R:knee_flexor"": 23, ""T3R:root_pra"": 236, ""T3R:root_spr"": 163}","{""T3R:knee_flexor"": 10, ""T3R:root_pra"": 236, ""T3R:root_spr"": 163}"
804070,IN13A018,False,2,2,True,"{""T2L:knee_flexor"": 17, ""T2L:root_sar"": 69}","{""T2L:knee_flexor"": 17, ""T2L:root_sar"": 69}"
804073,IN04B057,False,2,2,True,"{""T2L:knee_extensor"": 12, ""T2L:knee_flexor"": 12}","{""T2L:knee_extensor"": 12, ""T2L:knee_flexor"": 12}"
804085,IN04B084,False,2,2,True,"{""T2L:root_pra"": 10, ""wing_b2"": 15}","{""T2L:root_pra"": 10, ""wing_b2"": 15}"
804097,IN04B027,False,2,2,True,"{""T2L:knee_extensor"": 93, ""T2L:knee_flexor"": 13}","{""T2L:knee_extensor"": 47, ""T2L:knee_flexor"": 13}"
804098,IN03B042,False,3,3,True,"{""T1L:root_promotor"": 23, ""T1L:root_sad"": 17, ""T1L:root_sar"": 270}","{""T1L:root_promotor"": 23, ""T1L:root_sad"": 17, ""T1L:root_sar"": 270}"
804117,IN01A069,False,2,1,False,"{""T1L:knee_extensor"": 15, ""T1L:root_pra"": 10}","{""T1L:root_pra"": 10}"
804136,IN17A061,False,3,2,True,"{""T2R:knee_extensor"": 77, ""T2R:root_sar"": 16, ""T2R:root_spr"": 22}","{""T2R:knee_extensor"": 77, ""T2R:root_sar"": 16}"
804141,IN04B087,False,3,3,True,"{""T2L:knee_extensor"": 74, ""T2L:knee_flexor"": 14, ""T2L:root_sar"": 48}","{""T2L:knee_extensor"": 45, ""T2L:knee_flexor"": 14, ""T2L:root_sar"": 48}"
804146,IN03A032,False,3,2,True,"{""T2L:knee_extensor"": 21, ""T2L:root_pra"": 211, ""T2L:root_spr"": 99}","{""T2L:root_pra"": 211, ""T2L:root_spr"": 99}"
804148,IN03B036,False,2,2,True,"{""T2L:root_spr"": 28, ""T2R:root_spr"": 32}","{""T2L:root_spr"": 28, ""T2R:root_spr"": 11}"
804152,IN04B078,False,3,3,True,"{""T2L:knee_extensor"": 22, ""T2L:knee_flexor"": 34, ""T2L:root_sar"": 21}","{""T2L:knee_extensor"": 22, ""T2L:knee_flexor"": 34, ""T2L:root_sar"": 21}"
804158,IN12B024_a,False,2,2,True,"{""T2L:knee_flexor"": 58, ""T2L:root_spr"": 23}","{""T2L:knee_flexor"": 58, ""T2L:root_spr"": 23}"
804160,IN03A091,False,2,2,True,"{""T2L:root_pra"": 19, ""T2L:root_spr"": 116}","{""T2L:root_pra"": 19, ""T2L:root_spr"": 116}"
804163,IN03A071,False,2,2,True,"{""T2R:knee_flexor"": 27, ""T2R:root_pra"": 69}","{""T2R:knee_flexor"": 14, ""T2R:root_pra"": 69}"
804167,IN13A028,False,2,2,True,"{""T3R:root_pra"": 254, ""T3R:root_spr"": 32}","{""T3R:root_pra"": 254, ""T3R:root_spr"": 32}"
804169,IN14A015,False,2,2,True,"{""T3R:root_pra"": 27, ""T3R:root_spr"": 17}","{""T3R:root_pra"": 27, ""T3R:root_spr"": 17}"
804174,IN04B078,False,3,3,True,"{""T2L:knee_extensor"": 46, ""T2L:knee_flexor"": 29, ""T2L:root_sar"": 35}","{""T2L:knee_extensor"": 17, ""T2L:knee_flexor"": 29, ""T2L:root_sar"": 35}"
804188,IN12A036,False,2,2,True,"{""T1R:root_promotor"": 24, ""wing_b2"": 29}","{""T1R:root_promotor"": 11, ""wing_b2"": 29}"
804189,IN12A053_c,False,2,2,True,"{""T3L:knee_extensor"": 10, ""wing_b2"": 36}","{""T3L:knee_extensor"": 10, ""wing_b2"": 36}"
804200,IN04B075,False,4,4,True,"{""T3R:knee_extensor"": 44, ""T3R:root_pra"": 14, ""T3R:root_sad"": 12, ""T3R:root_sar"": 46}","{""T3R:knee_extensor"": 44, ""T3R:root_pra"": 14, ""T3R:root_sad"": 12, ""T3R:root_sar"": 46}"
804218,IN16B052,False,2,2,True,"{""T2R:root_pra"": 10, ""T2R:root_sar"": 117}","{""T2R:root_pra"": 10, ""T2R:root_sar"": 39}"
804227,IN04B033,False,2,2,True,"{""T2L:knee_extensor"": 11, ""T2L:knee_flexor"": 11}","{""T2L:knee_extensor"": 11, ""T2L:knee_flexor"": 11}"
804228,IN06B038,False,2,2,True,"{""wing_b1"": 154, ""wing_b2"": 67}","{""wing_b1"": 154, ""wing_b2"": 67}"
804232,IN03A045,False,4,3,True,"{""T2R:knee_extensor"": 36, ""T2R:root_pra"": 71, ""T2R:root_sar"": 20, ""wing_b2"": 21}","{""T2R:knee_extensor"": 36, ""T2R:root_pra"": 71, ""wing_b2"": 21}"
804233,IN03A053,False,2,2,True,"{""T3L:root_pra"": 21, ""T3L:root_spr"": 110}","{""T3L:root_pra"": 21, ""T3L:root_spr"": 27}"
804236,IN03A039,False,3,3,True,"{""T3R:knee_extensor"": 18, ""T3R:knee_flexor"": 89, ""T3R:root_sar"": 26}","{""T3R:knee_extensor"": 18, ""T3R:knee_flexor"": 65, ""T3R:root_sar"": 26}"
804241,IN13A074,False,2,2,True,"{""T3R:knee_extensor"": 79, ""T3R:root_pra"": 36}","{""T3R:knee_extensor"": 79, ""T3R:root_pra"": 36}"
804253,IN18B038,False,4,4,True,"{""T2R:root_pra"": 135, ""T2R:root_spr"": 103, ""T3R:root_pra"": 10, ""T3R:root_spr"": 58}","{""T2R:root_pra"": 135, ""T2R:root_spr"": 12, ""T3R:root_pra"": 10, ""T3R:root_spr"": 58}"
804267,IN14A015,False,3,3,True,"{""T3R:root_pra"": 38, ""T3R:root_sad"": 12, ""T3R:root_spr"": 12}","{""T3R:root_pra"": 38, ""T3R:root_sad"": 12, ""T3R:root_spr"": 12}"
804269,IN04B012,False,2,2,True,"{""T2L:knee_flexor"": 13, ""T2L:root_sar"": 77}","{""T2L:knee_flexor"": 13, ""T2L:root_sar"": 77}"
804307,IN13A020,False,3,3,True,"{""T2L:knee_extensor"": 114, ""T2L:knee_flexor"": 13, ""T2L:root_sar"": 102}","{""T2L:knee_extensor"": 87, ""T2L:knee_flexor"": 13, ""T2L:root_sar"": 102}"
804311,IN02A015,False,3,2,True,"{""T1L:knee_extensor"": 34, ""T1L:knee_flexor"": 80, ""T1L:root_promotor"": 298}","{""T1L:knee_flexor"": 80, ""T1L:root_promotor"": 298}"
804312,IN20A.22A021,False,2,2,True,"{""T2L:knee_flexor"": 53, ""T2L:root_sar"": 16}","{""T2L:knee_flexor"": 53, ""T2L:root_sar"": 16}"
804331,IN04B078,False,2,2,True,"{""T2R:knee_extensor"": 23, ""T2R:root_sar"": 12}","{""T2R:knee_extensor"": 23, ""T2R:root_sar"": 12}"
804333,IN08B082,False,3,3,True,"{""T2R:root_spr"": 19, ""T3R:root_pra"": 14, ""T3R:root_spr"": 36}","{""T2R:root_spr"": 19, ""T3R:root_pra"": 14, ""T3R:root_spr"": 36}"
804334,IN03A080,False,2,2,True,"{""T1L:root_pra"": 94, ""T1L:root_spr"": 49}","{""T1L:root_pra"": 94, ""T1L:root_spr"": 18}"
804340,IN03A048,False,2,2,True,"{""T3L:root_pra"": 181, ""T3L:root_spr"": 166}","{""T3L:root_pra"": 170, ""T3L:root_spr"": 40}"
804362,,False,2,2,True,"{""T1L:root_promotor"": 10, ""T1R:root_promotor"": 10}","{""T1L:root_promotor"": 10, ""T1R:root_promotor"": 10}"
804374,IN13A020,False,2,2,True,"{""T3R:knee_extensor"": 80, ""T3R:root_sar"": 147}","{""T3R:knee_extensor"": 80, ""T3R:root_sar"": 147}"
804385,IN12B020,False,3,2,True,"{""T1L:knee_flexor"": 11, ""T1L:root_pra"": 14, ""T1L:root_spr"": 11}","{""T1L:knee_flexor"": 11, ""T1L:root_pra"": 14}"
804401,IN03A030,False,2,2,True,"{""T2L:knee_extensor"": 28, ""T2L:root_sar"": 74}","{""T2L:knee_extensor"": 28, ""T2L:root_sar"": 74}"
804402,IN11A046,False,2,2,True,"{""T3R:knee_extensor"": 53, ""T3R:root_pra"": 30}","{""T3R:knee_extensor"": 53, ""T3R:root_pra"": 30}"
804406,IN03A075,False,3,3,True,"{""T3R:root_pra"": 148, ""T3R:root_sad"": 10, ""T3R:root_spr"": 12}","{""T3R:root_pra"": 148, ""T3R:root_sad"": 10, ""T3R:root_spr"": 12}"
804422,IN03A039,False,2,2,True,"{""T2L:knee_flexor"": 199, ""T2L:root_spr"": 27}","{""T2L:knee_flexor"": 199, ""T2L:root_spr"": 27}"
804433,IN17A041,False,2,2,True,"{""T3L:root_pra"": 25, ""T3L:root_spr"": 504}","{""T3L:root_pra"": 25, ""T3L:root_spr"": 128}"
804435,IN12B024_b,False,2,2,True,"{""T2L:knee_flexor"": 153, ""T2L:root_spr"": 17}","{""T2L:knee_flexor"": 153, ""T2L:root_spr"": 17}"
804455,IN08A037,False,2,2,True,"{""T3L:root_pra"": 106, ""T3L:root_spr"": 203}","{""T3L:root_pra"": 86, ""T3L:root_spr"": 87}"
804462,IN03A059,False,2,2,True,"{""T3L:root_pra"": 13, ""T3L:root_spr"": 81}","{""T3L:root_pra"": 13, ""T3L:root_spr"": 11}"
804472,IN14A008,False,2,2,True,"{""T3R:knee_extensor"": 47, ""T3R:root_pra"": 81}","{""T3R:knee_extensor"": 47, ""T3R:root_pra"": 81}"
804480,IN03A036,False,2,2,True,"{""T3L:root_pra"": 152, ""T3L:root_spr"": 221}","{""T3L:root_pra"": 152, ""T3L:root_spr"": 61}"
804497,IN03A022,False,2,2,True,"{""T1R:root_pra"": 21, ""T1R:root_promotor"": 11}","{""T1R:root_pra"": 21, ""T1R:root_promotor"": 11}"
804507,IN04B058,False,3,3,True,"{""T2R:knee_extensor"": 15, ""T2R:root_pra"": 52, ""T2R:root_sar"": 25}","{""T2R:knee_extensor"": 15, ""T2R:root_pra"": 52, ""T2R:root_sar"": 25}"
804511,IN03A044,False,3,3,True,"{""T2L:knee_extensor"": 53, ""T2L:root_pra"": 113, ""T2L:root_spr"": 160}","{""T2L:knee_extensor"": 35, ""T2L:root_pra"": 113, ""T2L:root_spr"": 160}"
804519,IN08B029,False,2,2,True,"{""T2R:root_spr"": 85, ""T3R:root_spr"": 31}","{""T2R:root_spr"": 20, ""T3R:root_spr"": 31}"
804529,IN01A038,False,3,3,True,"{""T2L:knee_extensor"": 107, ""T2L:root_pra"": 10, ""T2L:root_sar"": 15}","{""T2L:knee_extensor"": 77, ""T2L:root_pra"": 10, ""T2L:root_sar"": 15}"
804533,IN11A008,False,3,2,True,"{""T1L:knee_extensor"": 32, ""T1L:root_promotor"": 14, ""T2L:knee_extensor"": 23}","{""T1L:knee_extensor"": 13, ""T1L:root_promotor"": 14}"
804535,IN04B010,False,2,2,True,"{""T1L:knee_flexor"": 44, ""T1L:root_sar"": 22}","{""T1L:knee_flexor"": 44, ""T1L:root_sar"": 22}"
804545,IN17A027,False,2,2,True,"{""wing_b1"": 241, ""wing_b2"": 141}","{""wing_b1"": 241, ""wing_b2"": 141}"
804550,IN03A024,False,2,2,True,"{""T2L:root_pra"": 609, ""T2L:root_sar"": 90}","{""T2L:root_pra"": 609, ""T2L:root_sar"": 90}"
804551,IN01A025,False,3,3,True,"{""T1L:knee_extensor"": 29, ""T1L:knee_flexor"": 59, ""T1L:root_promotor"": 226}","{""T1L:knee_extensor"": 12, ""T1L:knee_flexor"": 59, ""T1L:root_promotor"": 226}"
804557,IN03A042,False,3,3,True,"{""T3L:root_pra"": 253, ""T3L:root_sad"": 22, ""T3L:root_spr"": 96}","{""T3L:root_pra"": 239, ""T3L:root_sad"": 22, ""T3L:root_spr"": 32}"
804572,IN11A007,False,3,2,True,"{""T1L:knee_extensor"": 15, ""T1L:knee_flexor"": 25, ""T1L:root_promotor"": 110}","{""T1L:knee_flexor"": 25, ""T1L:root_promotor"": 110}"
804582,IN04B017,False,3,3,True,"{""T2R:knee_flexor"": 25, ""T2R:root_pra"": 14, ""T2R:root_sar"": 107}","{""T2R:knee_flexor"": 25, ""T2R:root_pra"": 14, ""T2R:root_sar"": 40}"
804584,IN03A077,False,3,2,True,"{""T3L:knee_extensor"": 12, ""T3L:root_pra"": 38, ""T3L:root_spr"": 57}","{""T3L:knee_extensor"": 12, ""T3L:root_pra"": 38}"
804589,IN11A047,False,2,2,True,"{""T3R:root_pra"": 64, ""T3R:root_spr"": 25}","{""T3R:root_pra"": 64, ""T3R:root_spr"": 25}"
804609,IN04B055,False,2,2,True,"{""T2R:knee_extensor"": 37, ""T2R:root_sar"": 14}","{""T2R:knee_extensor"": 24, ""T2R:root_sar"": 14}"
804628,IN18B038,False,3,2,True,"{""T2L:root_pra"": 161, ""T2L:root_spr"": 84, ""T3L:root_spr"": 11}","{""T2L:root_pra"": 161, ""T2L:root_spr"": 84}"
804640,IN03A033,False,3,3,True,"{""T2L:knee_flexor"": 13, ""T2L:root_pra"": 59, ""T2L:root_spr"": 111}","{""T2L:knee_flexor"": 13, ""T2L:root_pra"": 59, ""T2L:root_spr"": 111}"
804647,IN17A052,False,4,3,True,"{""T1L:knee_extensor"": 33, ""T1L:root_promotor"": 67, ""T1L:root_sad"": 10, ""T1L:root_sar"": 322}","{""T1L:root_promotor"": 67, ""T1L:root_sad"": 10, ""T1L:root_sar"": 322}"
804649,IN20A.22A009,False,2,2,True,"{""T1L:knee_flexor"": 26, ""T1L:root_sar"": 22}","{""T1L:knee_flexor"": 26, ""T1L:root_sar"": 22}"
804657,IN12B023,False,3,2,True,"{""T1L:knee_extensor"": 41, ""T1L:root_pra"": 15, ""T1L:root_promotor"": 52}","{""T1L:root_pra"": 15, ""T1L:root_promotor"": 52}"
804663,IN12B024_a,False,2,1,False,"{""T2R:knee_flexor"": 142, ""T2R:root_spr"": 46}","{""T2R:knee_flexor"": 97}"
804665,IN03A033,False,2,2,True,"{""T2L:root_pra"": 25, ""T2L:root_spr"": 139}","{""T2L:root_pra"": 25, ""T2L:root_spr"": 139}"
804687,IN08B045,False,4,4,True,"{""T1L:root_pra"": 10, ""T1L:root_spr"": 20, ""T2L:root_spr"": 55, ""T3L:root_spr"": 63}","{""T1L:root_pra"": 10, ""T1L:root_spr"": 20, ""T2L:root_spr"": 55, ""T3L:root_spr"": 29}"
804688,IN03B061,False,2,2,True,"{""wing_b1"": 36, ""wing_b2"": 13}","{""wing_b1"": 36, ""wing_b2"": 13}"
804698,IN17A041,False,2,2,True,"{""T2R:root_pra"": 196, ""T2R:root_spr"": 286}","{""T2R:root_pra"": 196, ""T2R:root_spr"": 27}"
804708,IN08A010,False,2,2,True,"{""T1R:root_promotor"": 83, ""T1R:root_sar"": 199}","{""T1R:root_promotor"": 58, ""T1R:root_sar"": 39}"
804721,IN03A028,False,2,1,False,"{""T1R:knee_flexor"": 12, ""T1R:root_promotor"": 99}","{""T1R:root_promotor"": 64}"
804724,IN03A036,False,2,2,True,"{""T3L:root_pra"": 22, ""T3L:root_spr"": 407}","{""T3L:root_pra"": 22, ""T3L:root_spr"": 113}"
804725,IN03A033,False,2,2,True,"{""T2R:root_pra"": 115, ""T2R:root_spr"": 166}","{""T2R:root_pra"": 115, ""T2R:root_spr"": 45}"
804727,IN03A048,False,2,2,True,"{""T3L:root_pra"": 203, ""T3L:root_spr"": 144}","{""T3L:root_pra"": 188, ""T3L:root_spr"": 29}"
804729,IN03A038,False,2,1,False,"{""T2R:knee_flexor"": 101, ""T2R:root_spr"": 15}","{""T2R:knee_flexor"": 83}"
804751,IN20A.22A010,False,2,2,True,"{""T3L:knee_flexor"": 166, ""T3L:root_sar"": 13}","{""T3L:knee_flexor"": 166, ""T3L:root_sar"": 13}"
804759,IN04B032,False,2,2,True,"{""T3R:knee_flexor"": 35, ""T3R:root_sar"": 19}","{""T3R:knee_flexor"": 19, ""T3R:root_sar"": 19}"
804760,IN17A052,False,3,3,True,"{""T1R:root_promotor"": 78, ""T1R:root_sad"": 10, ""T1R:root_sar"": 380}","{""T1R:root_promotor"": 46, ""T1R:root_sad"": 10, ""T1R:root_sar"": 173}"
804764,IN01A038,False,3,3,True,"{""T3R:knee_extensor"": 103, ""T3R:root_pra"": 12, ""T3R:root_sar"": 34}","{""T3R:knee_extensor"": 103, ""T3R:root_pra"": 12, ""T3R:root_sar"": 34}"
804771,IN13B033,False,2,2,True,"{""T2L:knee_extensor"": 13, ""T2L:root_sar"": 32}","{""T2L:knee_extensor"": 13, ""T2L:root_sar"": 32}"
804784,IN04B022,False,3,3,True,"{""T3R:knee_extensor"": 17, ""T3R:knee_flexor"": 11, ""T3R:root_spr"": 46}","{""T3R:knee_extensor"": 17, ""T3R:knee_flexor"": 11, ""T3R:root_spr"": 46}"
804788,IN03A030,False,2,1,False,"{""T2R:knee_extensor"": 24, ""T2R:root_pra"": 14}","{""T2R:root_pra"": 14}"
804805,IN03A050,False,2,2,True,"{""T3R:knee_extensor"": 23, ""T3R:root_pra"": 11}","{""T3R:knee_extensor"": 23, ""T3R:root_pra"": 11}"
804808,IN03A033,False,3,3,True,"{""T2L:knee_flexor"": 25, ""T2L:root_pra"": 147, ""T2L:root_spr"": 126}","{""T2L:knee_flexor"": 25, ""T2L:root_pra"": 147, ""T2L:root_spr"": 126}"
804830,IN17A041,False,2,2,True,"{""T2R:root_pra"": 241, ""T2R:root_spr"": 257}","{""T2R:root_pra"": 241, ""T2R:root_spr"": 27}"
804831,IN03A057,False,2,2,True,"{""T2L:root_pra"": 12, ""T2L:root_sar"": 67}","{""T2L:root_pra"": 12, ""T2L:root_sar"": 67}"
804837,IN04B068,False,3,3,True,"{""T3R:knee_extensor"": 87, ""T3R:root_pra"": 16, ""T3R:root_sar"": 11}","{""T3R:knee_extensor"": 87, ""T3R:root_pra"": 16, ""T3R:root_sar"": 11}"
804853,INXXX135,False,2,2,True,"{""T1L:root_sar"": 73, ""T1R:root_sar"": 29}","{""T1L:root_sar"": 73, ""T1R:root_sar"": 10}"
804859,IN03A036,False,2,2,True,"{""T3R:root_pra"": 187, ""T3R:root_spr"": 203}","{""T3R:root_pra"": 187, ""T3R:root_spr"": 203}"
804872,IN01A038,False,3,3,True,"{""T3R:knee_extensor"": 112, ""T3R:root_pra"": 12, ""T3R:root_sar"": 13}","{""T3R:knee_extensor"": 112, ""T3R:root_pra"": 12, ""T3R:root_sar"": 13}"
804873,IN20A.22A009,False,3,3,True,"{""T1L:knee_flexor"": 41, ""T1L:root_sar"": 56, ""T1L:root_spr"": 15}","{""T1L:knee_flexor"": 41, ""T1L:root_sar"": 56, ""T1L:root_spr"": 15}"
804874,INXXX341,False,2,2,True,"{""T2R:root_sad"": 10, ""T3R:root_spr"": 10}","{""T2R:root_sad"": 10, ""T3R:root_spr"": 10}"
804880,IN04B074,False,2,2,True,"{""T2L:knee_flexor"": 27, ""T2L:root_sar"": 237}","{""T2L:knee_flexor"": 27, ""T2L:root_sar"": 237}"
804884,IN16B045,False,2,2,True,"{""T3R:root_pra"": 21, ""T3R:root_sar"": 112}","{""T3R:root_pra"": 21, ""T3R:root_sar"": 112}"
804889,IN00A022,False,2,2,True,"{""wing_b1"": 44, ""wing_b2"": 100}","{""wing_b1"": 44, ""wing_b2"": 100}"
804901,IN06B047,False,2,2,True,"{""wing_b1"": 13, ""wing_b2"": 101}","{""wing_b1"": 13, ""wing_b2"": 101}"
804911,SNpp28,False,2,2,True,"{""wing_b1"": 71, ""wing_b2"": 38}","{""wing_b1"": 71, ""wing_b2"": 38}"
804914,IN19A012,False,4,4,True,"{""T2R:knee_extensor"": 13, ""T3R:knee_flexor"": 37, ""T3R:root_pra"": 46, ""T3R:root_spr"": 41}","{""T2R:knee_extensor"": 13, ""T3R:knee_flexor"": 37, ""T3R:root_pra"": 46, ""T3R:root_spr"": 41}"
804922,IN04B012,False,2,1,False,"{""T2R:knee_flexor"": 14, ""T2R:root_sar"": 35}","{""T2R:root_sar"": 23}"
804933,IN03A044,False,3,3,True,"{""T2R:knee_extensor"": 29, ""T2R:root_pra"": 167, ""T2R:root_spr"": 67}","{""T2R:knee_extensor"": 29, ""T2R:root_pra"": 167, ""T2R:root_spr"": 29}"
804939,IN13B023,False,2,2,True,"{""T3L:root_sad"": 10, ""T3L:root_spr"": 12}","{""T3L:root_sad"": 10, ""T3L:root_spr"": 12}"
804943,IN01A038,False,3,3,True,"{""T3L:knee_extensor"": 55, ""T3L:root_pra"": 15, ""T3L:root_sar"": 20}","{""T3L:knee_extensor"": 55, ""T3L:root_pra"": 15, ""T3L:root_sar"": 20}"
804960,IN18B046,False,4,4,True,"{""T2R:knee_extensor"": 11, ""T2R:root_pra"": 10, ""T3R:knee_extensor"": 28, ""T3R:root_pra"": 20}","{""T2R:knee_extensor"": 11, ""T2R:root_pra"": 10, ""T3R:knee_extensor"": 28, ""T3R:root_pra"": 20}"
804967,IN03A077,False,2,1,False,"{""T3L:root_pra"": 21, ""T3L:root_spr"": 48}","{""T3L:root_pra"": 21}"
804968,IN11A049,False,2,2,True,"{""T2L:knee_extensor"": 134, ""T2L:root_sar"": 14}","{""T2L:knee_extensor"": 118, ""T2L:root_sar"": 14}"
804972,IN18B038,False,2,1,False,"{""T2R:root_pra"": 153, ""T2R:root_spr"": 133}","{""T2R:root_pra"": 153}"
804975,SNpp45,True,2,2,True,"{""T1L:root_pra"": 116, ""T1L:root_spr"": 103}","{""T1L:root_pra"": 116, ""T1L:root_spr"": 43}"
804999,IN07B086,False,2,2,True,"{""wing_b1"": 67, ""wing_b2"": 56}","{""wing_b1"": 67, ""wing_b2"": 56}"
805002,INXXX307,False,4,3,True,"{""T3L:knee_flexor"": 21, ""T3L:root_pra"": 15, ""T3L:root_sar"": 20, ""T3L:root_spr"": 19}","{""T3L:knee_flexor"": 10, ""T3L:root_pra"": 15, ""T3L:root_sar"": 20}"
805014,IN03A060,False,3,3,True,"{""T2L:knee_extensor"": 11, ""T2L:root_pra"": 38, ""T2L:root_spr"": 133}","{""T2L:knee_extensor"": 11, ""T2L:root_pra"": 38, ""T2L:root_spr"": 133}"
805016,IN20A.22A010,False,2,2,True,"{""T3R:knee_flexor"": 123, ""T3R:root_sar"": 11}","{""T3R:knee_flexor"": 90, ""T3R:root_sar"": 11}"
805018,IN04B013,False,3,3,True,"{""T1L:knee_flexor"": 16, ""T1L:root_promotor"": 82, ""T1L:root_sar"": 103}","{""T1L:knee_flexor"": 16, ""T1L:root_promotor"": 82, ""T1L:root_sar"": 103}"
805034,IN04B015,False,2,2,True,"{""T1R:root_promotor"": 191, ""T1R:root_sar"": 197}","{""T1R:root_promotor"": 117, ""T1R:root_sar"": 79}"
805047,IN12A027,False,6,4,True,"{""T2L:root_pra"": 61, ""T2L:root_spr"": 16, ""T2R:knee_extensor"": 15, ""T2R:root_pra"": 43, ""T2R:root_spr"": 10, ""T3R:root_pra"": 17}","{""T2L:root_pra"": 61, ""T2L:root_spr"": 16, ""T2R:root_pra"": 43, ""T3R:root_pra"": 17}"
805049,IN17A061,False,3,3,True,"{""T1L:knee_extensor"": 57, ""T1L:root_pra"": 19, ""T1L:root_promotor"": 93}","{""T1L:knee_extensor"": 40, ""T1L:root_pra"": 19, ""T1L:root_promotor"": 93}"
805054,IN03A024,True,2,2,True,"{""T2R:root_pra"": 519, ""T2R:root_sar"": 73}","{""T2R:root_pra"": 519, ""T2R:root_sar"": 73}"
805060,IN04B026,False,3,3,True,"{""T1L:knee_flexor"": 13, ""T1L:root_promotor"": 14, ""T1L:root_sar"": 28}","{""T1L:knee_flexor"": 13, ""T1L:root_promotor"": 14, ""T1L:root_sar"": 28}"
805066,IN20A.22A009,False,2,2,True,"{""T1L:knee_flexor"": 50, ""T1L:root_sar"": 59}","{""T1L:knee_flexor"": 50, ""T1L:root_sar"": 59}"
805074,IN04B054_c,False,3,3,True,"{""T3R:knee_extensor"": 15, ""T3R:root_pra"": 19, ""T3R:root_sar"": 55}","{""T3R:knee_extensor"": 15, ""T3R:root_pra"": 19, ""T3R:root_sar"": 55}"
805087,IN12A027,False,4,4,True,"{""T2L:knee_extensor"": 14, ""T2L:root_pra"": 90, ""T2L:root_spr"": 26, ""T2R:root_pra"": 30}","{""T2L:knee_extensor"": 14, ""T2L:root_pra"": 90, ""T2L:root_spr"": 26, ""T2R:root_pra"": 30}"
805114,IN20A.22A015,False,2,1,False,"{""T1R:knee_extensor"": 11, ""T1R:root_promotor"": 25}","{""T1R:root_promotor"": 15}"
805124,IN04B009,False,3,3,True,"{""T1L:knee_flexor"": 60, ""T1L:root_promotor"": 41, ""T1L:root_sar"": 73}","{""T1L:knee_flexor"": 60, ""T1L:root_promotor"": 41, ""T1L:root_sar"": 73}"
805128,IN04B068,False,2,2,True,"{""T3R:knee_extensor"": 128, ""T3R:root_pra"": 55}","{""T3R:knee_extensor"": 128, ""T3R:root_pra"": 55}"
805129,IN17A049,False,2,2,True,"{""wing_b1"": 232, ""wing_b2"": 138}","{""wing_b1"": 232, ""wing_b2"": 138}"
805135,IN12B024_b,False,2,2,True,"{""T3R:knee_flexor"": 129, ""T3R:root_spr"": 11}","{""T3R:knee_flexor"": 64, ""T3R:root_spr"": 11}"
805154,IN01A026,False,5,5,True,"{""T3L:knee_extensor"": 44, ""T3L:root_pra"": 24, ""T3L:root_sar"": 14, ""T3R:knee_extensor"": 31, ""T3R:root_sar"": 62}","{""T3L:knee_extensor"": 44, ""T3L:root_pra"": 24, ""T3L:root_sar"": 14, ""T3R:knee_extensor"": 31, ""T3R:root_sar"": 62}"
805159,IN08B065,False,2,2,True,"{""T2L:root_pra"": 13, ""T3L:root_pra"": 14}","{""T2L:root_pra"": 13, ""T3L:root_pra"": 14}"
805174,IN03A066,False,2,2,True,"{""T1L:root_pra"": 153, ""T1L:root_spr"": 73}","{""T1L:root_pra"": 153, ""T1L:root_spr"": 10}"
805180,IN20A.22A049,False,2,2,True,"{""T2L:knee_flexor"": 24, ""T2L:root_sar"": 10}","{""T2L:knee_flexor"": 24, ""T2L:root_sar"": 10}"
805191,IN08B004,False,2,2,True,"{""T3R:root_pra"": 47, ""T3R:root_sar"": 124}","{""T3R:root_pra"": 47, ""T3R:root_sar"": 124}"
805195,IN12B020,False,2,1,False,"{""T1L:root_pra"": 12, ""T1L:root_spr"": 14}","{""T1L:root_pra"": 12}"
805198,IN03A030,False,2,1,False,"{""T2R:knee_extensor"": 14, ""T2R:root_sar"": 20}","{""T2R:root_sar"": 20}"
805199,IN03A066,False,2,2,True,"{""T1L:root_pra"": 141, ""T1L:root_spr"": 44}","{""T1L:root_pra"": 141, ""T1L:root_spr"": 44}"
805201,IN11A047,False,2,1,False,"{""T3L:root_pra"": 22, ""T3L:root_spr"": 32}","{""T3L:root_pra"": 22}"
805210,IN20A.22A015,False,2,2,True,"{""T1L:knee_extensor"": 36, ""T1L:root_promotor"": 77}","{""T1L:knee_extensor"": 24, ""T1L:root_promotor"": 77}"
805211,IN04B054_b,False,2,2,True,"{""T3R:root_pra"": 22, ""T3R:root_sar"": 24}","{""T3R:root_pra"": 22, ""T3R:root_sar"": 24}"
805223,IN08A037,False,2,2,True,"{""T3R:root_pra"": 137, ""T3R:root_spr"": 227}","{""T3R:root_pra"": 137, ""T3R:root_spr"": 227}"
805226,IN03A026_b,False,3,3,True,"{""T3R:knee_extensor"": 12, ""T3R:root_pra"": 61, ""T3R:root_spr"": 203}","{""T3R:knee_extensor"": 12, ""T3R:root_pra"": 61, ""T3R:root_spr"": 203}"
805232,IN08B042,False,2,1,False,"{""T1R:root_sar"": 22, ""T2R:root_sar"": 11}","{""T2R:root_sar"": 11}"
805253,IN08B054,False,2,2,True,"{""T2L:knee_flexor"": 27, ""T3L:root_pra"": 20}","{""T2L:knee_flexor"": 27, ""T3L:root_pra"": 20}"
805264,IN17A034,False,2,2,True,"{""wing_b1"": 175, ""wing_b2"": 191}","{""wing_b1"": 175, ""wing_b2"": 191}"
805265,IN03A075,False,3,3,True,"{""T3L:root_pra"": 170, ""T3L:root_sad"": 27, ""T3L:root_spr"": 13}","{""T3L:root_pra"": 154, ""T3L:root_sad"": 27, ""T3L:root_spr"": 13}"
805272,IN03A028,False,4,3,True,"{""T1L:knee_extensor"": 10, ""T1L:knee_flexor"": 80, ""T1L:root_pra"": 12, ""T1L:root_promotor"": 148}","{""T1L:knee_flexor"": 80, ""T1L:root_pra"": 12, ""T1L:root_promotor"": 148}"
805286,IN12B024_c,False,2,0,False,"{""T2R:knee_flexor"": 15, ""T2R:root_spr"": 15}",{}
805293,IN12A053_c,False,2,2,True,"{""T1L:root_promotor"": 22, ""wing_b2"": 52}","{""T1L:root_promotor"": 22, ""wing_b2"": 52}"
805294,IN13A045,False,2,2,True,"{""T3L:knee_extensor"": 45, ""T3L:root_sar"": 13}","{""T3L:knee_extensor"": 45, ""T3L:root_sar"": 13}"
805300,IN03A032,False,3,3,True,"{""T2L:knee_extensor"": 55, ""T2L:root_pra"": 93, ""T2L:root_spr"": 71}","{""T2L:knee_extensor"": 27, ""T2L:root_pra"": 93, ""T2L:root_spr"": 71}"
805302,INXXX142,False,2,2,True,"{""wing_b1"": 69, ""wing_b2"": 138}","{""wing_b1"": 69, ""wing_b2"": 138}"
805322,IN13B033,False,2,1,False,"{""T1L:knee_extensor"": 28, ""T1L:root_sar"": 19}","{""T1L:root_sar"": 19}"
805334,IN04B068,False,2,2,True,"{""T3L:knee_extensor"": 36, ""T3L:root_pra"": 32}","{""T3L:knee_extensor"": 36, ""T3L:root_pra"": 32}"
805339,IN08B033,False,2,2,True,"{""T3L:root_pra"": 11, ""T3L:root_sad"": 11}","{""T3L:root_pra"": 11, ""T3L:root_sad"": 11}"
805343,IN08B033,False,2,2,True,"{""T1L:root_pra"": 11, ""T3R:root_pra"": 21}","{""T1L:root_pra"": 11, ""T3R:root_pra"": 21}"
805351,IN04B034,False,2,1,False,"{""T1L:knee_extensor"": 85, ""T1L:root_promotor"": 186}","{""T1L:root_promotor"": 186}"
805352,IN01A038,False,3,2,True,"{""T1L:knee_extensor"": 28, ""T1L:root_pra"": 64, ""T1L:root_promotor"": 68}","{""T1L:root_pra"": 64, ""T1L:root_promotor"": 68}"
805360,IN04B085,False,3,2,True,"{""T1L:knee_extensor"": 54, ""T1L:root_sar"": 20, ""T1L:root_spr"": 37}","{""T1L:root_sar"": 20, ""T1L:root_spr"": 19}"
805372,dMS2,False,2,2,True,"{""wing_b1"": 40, ""wing_b2"": 15}","{""wing_b1"": 40, ""wing_b2"": 15}"
805373,IN04B046,False,3,3,True,"{""T2L:root_pra"": 16, ""T2L:root_sar"": 32, ""T2L:root_spr"": 10}","{""T2L:root_pra"": 16, ""T2L:root_sar"": 32, ""T2L:root_spr"": 10}"
805376,IN04B020,False,2,1,False,"{""T1R:root_pra"": 22, ""T1R:root_spr"": 25}","{""T1R:root_spr"": 25}"
805390,INXXX284,False,2,1,False,"{""T3L:root_pra"": 57, ""T3L:root_spr"": 25}","{""T3L:root_pra"": 57}"
805405,IN17A033,True,2,2,True,"{""wing_b1"": 195, ""wing_b2"": 270}","{""wing_b1"": 195, ""wing_b2"": 270}"
805412,IN04B025,False,2,2,True,"{""T3R:knee_flexor"": 17, ""T3R:root_sar"": 12}","{""T3R:knee_flexor"": 17, ""T3R:root_sar"": 12}"
805425,IN01A026,False,5,5,True,"{""T3L:knee_extensor"": 40, ""T3L:root_sar"": 71, ""T3R:knee_extensor"": 12, ""T3R:root_pra"": 31, ""T3R:root_sar"": 10}","{""T3L:knee_extensor"": 40, ""T3L:root_sar"": 71, ""T3R:knee_extensor"": 12, ""T3R:root_pra"": 31, ""T3R:root_sar"": 10}"
805439,IN19A010,False,4,4,True,"{""T3R:knee_extensor"": 59, ""T3R:root_pra"": 20, ""T3R:root_sar"": 112, ""T3R:root_spr"": 12}","{""T3R:knee_extensor"": 59, ""T3R:root_pra"": 20, ""T3R:root_sar"": 112, ""T3R:root_spr"": 12}"
805458,IN04B033,False,2,2,True,"{""T2R:root_sar"": 29, ""T2R:root_spr"": 15}","{""T2R:root_sar"": 29, ""T2R:root_spr"": 15}"
805459,IN11A049,False,2,2,True,"{""T2R:knee_extensor"": 45, ""T2R:root_sar"": 16}","{""T2R:knee_extensor"": 21, ""T2R:root_sar"": 16}"
805465,IN08B054,False,2,2,True,"{""T2L:knee_flexor"": 38, ""T3L:knee_flexor"": 15}","{""T2L:knee_flexor"": 38, ""T3L:knee_flexor"": 15}"
805468,IN08B042,False,2,1,False,"{""T1L:root_promotor"": 31, ""T1R:root_sar"": 25}","{""T1L:root_promotor"": 31}"
805471,GFC1,False,2,1,False,"{""T2L:root_pra"": 16, ""T3L:root_spr"": 20}","{""T2L:root_pra"": 16}"
805474,IN03A060,False,3,2,True,"{""T2L:knee_extensor"": 25, ""T2L:root_pra"": 30, ""T2L:root_spr"": 126}","{""T2L:root_pra"": 30, ""T2L:root_spr"": 126}"
805501,IN03A045,False,2,1,False,"{""T1R:root_promotor"": 265, ""T1R:root_sar"": 28}","{""T1R:root_promotor"": 171}"
805539,IN08B067,False,2,2,True,"{""T2R:root_sar"": 42, ""T3R:root_sar"": 22}","{""T2R:root_sar"": 12, ""T3R:root_sar"": 22}"
805542,IN17A049,False,2,2,True,"{""wing_b1"": 191, ""wing_b2"": 217}","{""wing_b1"": 191, ""wing_b2"": 217}"
805543,IN01A038,False,3,2,True,"{""T1L:knee_extensor"": 33, ""T1L:root_pra"": 54, ""T1L:root_promotor"": 46}","{""T1L:root_pra"": 54, ""T1L:root_promotor"": 46}"
805550,IN13B017,False,2,2,True,"{""T1L:knee_extensor"": 49, ""T1L:knee_flexor"": 11}","{""T1L:knee_extensor"": 16, ""T1L:knee_flexor"": 11}"
805551,IN03A033,False,2,1,False,"{""T2R:root_pra"": 11, ""T2R:root_spr"": 154}","{""T2R:root_pra"": 11}"
805582,IN08A016,False,2,2,True,"{""T3L:knee_extensor"": 10, ""T3R:knee_extensor"": 14}","{""T3L:knee_extensor"": 10, ""T3R:knee_extensor"": 14}"
805599,IN04B056,False,2,2,True,"{""T2L:knee_extensor"": 33, ""T2L:root_pra"": 18}","{""T2L:knee_extensor"": 15, ""T2L:root_pra"": 18}"
805627,IN08B072,False,4,4,True,"{""T2R:root_pra"": 13, ""T2R:root_spr"": 77, ""T3R:root_pra"": 42, ""T3R:root_spr"": 15}","{""T2R:root_pra"": 13, ""T2R:root_spr"": 19, ""T3R:root_pra"": 42, ""T3R:root_spr"": 15}"
805644,IN03A047,False,2,2,True,"{""T2L:root_pra"": 84, ""T2L:root_spr"": 269}","{""T2L:root_pra"": 84, ""T2L:root_spr"": 269}"
805682,IN08B058,False,3,3,True,"{""T2R:root_pra"": 14, ""T2R:root_spr"": 66, ""T3R:root_spr"": 11}","{""T2R:root_pra"": 14, ""T2R:root_spr"": 16, ""T3R:root_spr"": 11}"
805686,IN12B020,False,2,2,True,"{""T1L:knee_flexor"": 19, ""T1L:root_pra"": 34}","{""T1L:knee_flexor"": 19, ""T1L:root_pra"": 34}"
805688,IN04B032,False,2,2,True,"{""T3R:knee_flexor"": 19, ""T3R:root_sar"": 55}","{""T3R:knee_flexor"": 19, ""T3R:root_sar"": 55}"
805701,IN03B072,False,2,2,True,"{""wing_b1"": 107, ""wing_b2"": 15}","{""wing_b1"": 107, ""wing_b2"": 15}"
805703,IN19A027,False,3,3,True,"{""T2R:root_pra"": 55, ""T2R:root_spr"": 125, ""T3R:root_sad"": 10}","{""T2R:root_pra"": 55, ""T2R:root_spr"": 39, ""T3R:root_sad"": 10}"
805710,IN12A027,False,6,5,True,"{""T1L:root_pra"": 12, ""T2L:root_pra"": 66, ""T2R:knee_extensor"": 13, ""T2R:root_pra"": 70, ""T2R:root_spr"": 14, ""T3L:root_pra"": 14}","{""T1L:root_pra"": 12, ""T2L:root_pra"": 66, ""T2R:knee_extensor"": 13, ""T2R:root_pra"": 70, ""T3L:root_pra"": 14}"
805712,SNpp51,False,2,2,True,"{""T3R:knee_flexor"": 13, ""T3R:root_pra"": 30}","{""T3R:knee_flexor"": 13, ""T3R:root_pra"": 30}"
805719,IN17A049,False,2,2,True,"{""wing_b1"": 194, ""wing_b2"": 188}","{""wing_b1"": 194, ""wing_b2"": 188}"
805728,IN06A022,False,2,2,True,"{""wing_b1"": 102, ""wing_b2"": 115}","{""wing_b1"": 102, ""wing_b2"": 115}"
805734,IN03A071,False,2,2,True,"{""T2L:knee_flexor"": 33, ""T2L:root_pra"": 34}","{""T2L:knee_flexor"": 33, ""T2L:root_pra"": 34}"
805748,IN08A024,False,2,2,True,"{""T3L:root_pra"": 31, ""T3L:root_sad"": 68}","{""T3L:root_pra"": 31, ""T3L:root_sad"": 68}"
805781,IN11A028,False,2,2,True,"{""wing_b1"": 79, ""wing_b2"": 148}","{""wing_b1"": 79, ""wing_b2"": 148}"
805795,IN03A026_c,False,3,3,True,"{""T3L:root_pra"": 72, ""T3L:root_sad"": 18, ""T3L:root_spr"": 78}","{""T3L:root_pra"": 72, ""T3L:root_sad"": 18, ""T3L:root_spr"": 30}"
805819,IN04B087,False,2,2,True,"{""T2R:knee_extensor"": 43, ""T2R:root_sar"": 15}","{""T2R:knee_extensor"": 31, ""T2R:root_sar"": 15}"
805826,IN16B075,False,2,2,True,"{""T1L:knee_extensor"": 107, ""T1L:root_promotor"": 85}","{""T1L:knee_extensor"": 24, ""T1L:root_promotor"": 85}"
805830,IN03A084,False,2,1,False,"{""T1L:root_promotor"": 24, ""T1L:root_spr"": 12}","{""T1L:root_promotor"": 24}"
805831,IN04B036,False,2,1,False,"{""T2L:knee_extensor"": 30, ""T3L:knee_extensor"": 15}","{""T3L:knee_extensor"": 15}"
805847,IN04B037,False,2,2,True,"{""T1R:knee_extensor"": 154, ""T1R:root_promotor"": 105}","{""T1R:knee_extensor"": 66, ""T1R:root_promotor"": 48}"
805852,IN03A075,False,3,3,True,"{""T3L:root_pra"": 80, ""T3L:root_sad"": 24, ""T3L:root_spr"": 39}","{""T3L:root_pra"": 63, ""T3L:root_sad"": 24, ""T3L:root_spr"": 39}"
805855,IN13A020,False,4,3,True,"{""T1R:knee_extensor"": 45, ""T1R:knee_flexor"": 11, ""T1R:root_promotor"": 104, ""T1R:root_sar"": 20}","{""T1R:knee_extensor"": 28, ""T1R:knee_flexor"": 11, ""T1R:root_promotor"": 88}"
805868,IN03B060,False,2,2,True,"{""wing_b1"": 19, ""wing_b2"": 28}","{""wing_b1"": 19, ""wing_b2"": 28}"
805870,IN08B040,False,2,1,False,"{""T1L:root_promotor"": 26, ""T1R:root_promotor"": 22}","{""T1L:root_promotor"": 26}"
805873,IN03A066,False,2,2,True,"{""T1R:root_pra"": 214, ""T1R:root_spr"": 41}","{""T1R:root_pra"": 76, ""T1R:root_spr"": 41}"
805880,IN03A047,False,2,2,True,"{""T2L:root_pra"": 147, ""T2L:root_spr"": 248}","{""T2L:root_pra"": 147, ""T2L:root_spr"": 248}"
805884,IN03B060,False,2,2,True,"{""wing_b1"": 29, ""wing_b2"": 25}","{""wing_b1"": 29, ""wing_b2"": 25}"
805897,IN13A030,False,2,2,True,"{""T3R:root_pra"": 12, ""T3R:root_sar"": 18}","{""T3R:root_pra"": 12, ""T3R:root_sar"": 18}"
805904,IN06B047,False,2,2,True,"{""wing_b1"": 151, ""wing_b2"": 126}","{""wing_b1"": 151, ""wing_b2"": 126}"
805906,IN01A040,False,2,2,True,"{""T1L:knee_flexor"": 30, ""T1L:root_sar"": 10}","{""T1L:knee_flexor"": 30, ""T1L:root_sar"": 10}"
805918,IN03A048,False,2,2,True,"{""T3R:root_pra"": 265, ""T3R:root_spr"": 125}","{""T3R:root_pra"": 265, ""T3R:root_spr"": 125}"
805925,IN12B023,False,5,4,True,"{""T2L:knee_extensor"": 37, ""T2L:knee_flexor"": 14, ""T2L:root_sad"": 37, ""T2L:root_sar"": 28, ""T2L:root_spr"": 43}","{""T2L:knee_extensor"": 37, ""T2L:knee_flexor"": 14, ""T2L:root_sar"": 28, ""T2L:root_spr"": 43}"
805936,IN08A024,False,2,2,True,"{""T3R:root_pra"": 60, ""T3R:root_sad"": 16}","{""T3R:root_pra"": 60, ""T3R:root_sad"": 16}"
805940,IN04B076,False,2,2,True,"{""T3R:root_pra"": 56, ""T3R:root_sad"": 10}","{""T3R:root_pra"": 56, ""T3R:root_sad"": 10}"
805942,IN03A053,False,2,2,True,"{""T3L:root_pra"": 23, ""T3L:root_spr"": 117}","{""T3L:root_pra"": 23, ""T3L:root_spr"": 33}"
805964,IN06B077,False,2,2,True,"{""wing_b1"": 30, ""wing_b2"": 40}","{""wing_b1"": 30, ""wing_b2"": 40}"
805969,IN04B025,False,2,2,True,"{""T3L:knee_flexor"": 11, ""T3L:root_sar"": 19}","{""T3L:knee_flexor"": 11, ""T3L:root_sar"": 19}"
805971,IN03A036,False,2,2,True,"{""T3R:root_pra"": 12, ""T3R:root_spr"": 295}","{""T3R:root_pra"": 12, ""T3R:root_spr"": 295}"
805991,IN16B075_e,False,2,2,True,"{""T2L:knee_extensor"": 74, ""T2L:knee_flexor"": 19}","{""T2L:knee_extensor"": 49, ""T2L:knee_flexor"": 19}"
805997,IN03A053,False,2,2,True,"{""T3L:root_pra"": 35, ""T3L:root_spr"": 136}","{""T3L:root_pra"": 35, ""T3L:root_spr"": 40}"
806013,INXXX284,False,2,2,True,"{""T3R:root_pra"": 91, ""T3R:root_spr"": 10}","{""T3R:root_pra"": 91, ""T3R:root_spr"": 10}"
806036,IN04B013,False,3,3,True,"{""T1L:knee_flexor"": 19, ""T1L:root_promotor"": 11, ""T1L:root_sar"": 78}","{""T1L:knee_flexor"": 19, ""T1L:root_promotor"": 11, ""T1L:root_sar"": 78}"
806046,IN17A033,False,2,2,True,"{""wing_b1"": 167, ""wing_b2"": 201}","{""wing_b1"": 167, ""wing_b2"": 201}"
806054,IN03A068,False,2,2,True,"{""T3R:knee_flexor"": 21, ""T3R:root_pra"": 119}","{""T3R:knee_flexor"": 21, ""T3R:root_pra"": 119}"
806089,IN03A038,False,2,2,True,"{""T2R:knee_flexor"": 77, ""T2R:root_pra"": 14}","{""T2R:knee_flexor"": 77, ""T2R:root_pra"": 14}"
806090,IN04B017,False,2,1,False,"{""T2R:root_pra"": 19, ""T2R:root_sar"": 25}","{""T2R:root_pra"": 19}"
806116,IN11A031,False,2,2,True,"{""wing_b1"": 40, ""wing_b2"": 75}","{""wing_b1"": 40, ""wing_b2"": 75}"
806141,IN03A068,False,2,2,True,"{""T3R:knee_flexor"": 43, ""T3R:root_pra"": 78}","{""T3R:knee_flexor"": 43, ""T3R:root_pra"": 78}"
806154,IN04B094,False,3,2,True,"{""T1L:knee_extensor"": 22, ""T1L:knee_flexor"": 52, ""T1L:root_promotor"": 130}","{""T1L:knee_flexor"": 52, ""T1L:root_promotor"": 130}"
806162,IN04B032,False,2,2,True,"{""T3R:knee_flexor"": 13, ""T3R:root_sar"": 27}","{""T3R:knee_flexor"": 13, ""T3R:root_sar"": 27}"
806170,IN12B024_a,False,2,2,True,"{""T1L:knee_flexor"": 33, ""T1L:root_spr"": 29}","{""T1L:knee_flexor"": 33, ""T1L:root_spr"": 29}"
806176,IN03A039,False,2,2,True,"{""T1L:knee_flexor"": 63, ""T1L:root_spr"": 34}","{""T1L:knee_flexor"": 63, ""T1L:root_spr"": 34}"
806218,IN11A003,False,2,2,True,"{""T3R:root_pra"": 14, ""T3R:root_sar"": 30}","{""T3R:root_pra"": 14, ""T3R:root_sar"": 30}"
806225,IN20A.22A036,False,2,2,True,"{""T1L:knee_extensor"": 64, ""T1L:root_promotor"": 74}","{""T1L:knee_extensor"": 27, ""T1L:root_promotor"": 74}"
806241,IN04B069,False,3,3,True,"{""T1L:knee_extensor"": 128, ""T1L:knee_flexor"": 13, ""T1L:root_promotor"": 18}","{""T1L:knee_extensor"": 22, ""T1L:knee_flexor"": 13, ""T1L:root_promotor"": 18}"
806245,IN06B047,False,2,2,True,"{""wing_b1"": 157, ""wing_b2"": 160}","{""wing_b1"": 157, ""wing_b2"": 160}"
806268,IN03A077,False,2,1,False,"{""T3L:root_pra"": 11, ""T3L:root_spr"": 33}","{""T3L:root_pra"": 11}"
806269,SNppxx,False,2,2,True,"{""T2R:root_sar"": 17, ""T2R:root_spr"": 10}","{""T2R:root_sar"": 17, ""T2R:root_spr"": 10}"
806274,IN03A054,False,2,1,False,"{""T1L:knee_extensor"": 11, ""T1L:knee_flexor"": 19}","{""T1L:knee_flexor"": 19}"
806300,IN08B038,False,2,2,True,"{""T1R:root_promotor"": 10, ""T2L:root_pra"": 16}","{""T1R:root_promotor"": 10, ""T2L:root_pra"": 16}"
806304,IN04B081,False,2,2,True,"{""T2R:root_sad"": 18, ""T2R:root_sar"": 204}","{""T2R:root_sad"": 18, ""T2R:root_sar"": 108}"
806325,IN08A034,False,2,2,True,"{""T1L:root_pra"": 176, ""T1L:root_spr"": 42}","{""T1L:root_pra"": 176, ""T1L:root_spr"": 42}"
806338,IN12B030,False,2,2,True,"{""T2L:knee_flexor"": 23, ""T2L:root_spr"": 10}","{""T2L:knee_flexor"": 23, ""T2L:root_spr"": 10}"
806341,IN03A065,False,2,2,True,"{""T1R:root_pra"": 25, ""T1R:root_spr"": 11}","{""T1R:root_pra"": 25, ""T1R:root_spr"": 11}"
806356,IN04B063,False,2,2,True,"{""T3R:knee_extensor"": 95, ""T3R:root_pra"": 27}","{""T3R:knee_extensor"": 95, ""T3R:root_pra"": 27}"
806368,IN04B031,False,2,2,True,"{""T1L:knee_extensor"": 321, ""T1L:root_promotor"": 33}","{""T1L:knee_extensor"": 131, ""T1L:root_promotor"": 33}"
806370,IN01A038,False,3,3,True,"{""T1R:knee_extensor"": 21, ""T1R:root_pra"": 67, ""T1R:root_promotor"": 28}","{""T1R:knee_extensor"": 21, ""T1R:root_pra"": 43, ""T1R:root_promotor"": 28}"
806382,IN13A040,False,2,2,True,"{""T3R:knee_extensor"": 12, ""T3R:root_sar"": 10}","{""T3R:knee_extensor"": 12, ""T3R:root_sar"": 10}"
806387,IN12B040,False,5,4,True,"{""T2L:knee_extensor"": 46, ""T2L:knee_flexor"": 24, ""T2L:root_sad"": 25, ""T2L:root_sar"": 17, ""T2L:root_spr"": 31}","{""T2L:knee_extensor"": 46, ""T2L:knee_flexor"": 24, ""T2L:root_sar"": 17, ""T2L:root_spr"": 31}"
806390,IN04B076,False,2,2,True,"{""T3R:root_pra"": 42, ""T3R:root_sad"": 11}","{""T3R:root_pra"": 42, ""T3R:root_sad"": 11}"
806392,IN03A058,False,2,2,True,"{""T2L:root_pra"": 110, ""T2L:root_spr"": 195}","{""T2L:root_pra"": 110, ""T2L:root_spr"": 195}"
806401,IN04B078,False,2,2,True,"{""T3R:knee_extensor"": 17, ""T3R:root_sar"": 13}","{""T3R:knee_extensor"": 17, ""T3R:root_sar"": 13}"
806416,IN04B013,False,2,2,True,"{""T1L:knee_flexor"": 17, ""T1L:root_sar"": 56}","{""T1L:knee_flexor"": 17, ""T1L:root_sar"": 56}"
806422,IN03A073,False,2,2,True,"{""T2L:knee_flexor"": 40, ""T2L:root_pra"": 14}","{""T2L:knee_flexor"": 40, ""T2L:root_pra"": 14}"
806440,IN18B038,False,2,2,True,"{""T2L:root_pra"": 76, ""T2L:root_spr"": 14}","{""T2L:root_pra"": 76, ""T2L:root_spr"": 14}"
806444,IN04B077,False,2,2,True,"{""T2L:root_pra"": 42, ""T2L:root_sar"": 11}","{""T2L:root_pra"": 42, ""T2L:root_sar"": 11}"
806455,IN13A068,False,2,2,True,"{""T3L:root_pra"": 68, ""T3L:root_sar"": 15}","{""T3L:root_pra"": 58, ""T3L:root_sar"": 15}"
806469,IN03A071,False,3,3,True,"{""T2L:knee_flexor"": 63, ""T2L:root_pra"": 14, ""T2L:root_sar"": 22}","{""T2L:knee_flexor"": 63, ""T2L:root_pra"": 14, ""T2L:root_sar"": 22}"
806486,IN03A046,False,3,3,True,"{""T1L:knee_flexor"": 64, ""T1L:root_sar"": 18, ""T1L:root_spr"": 39}","{""T1L:knee_flexor"": 64, ""T1L:root_sar"": 18, ""T1L:root_spr"": 39}"
806487,IN12A053_c,False,2,1,False,"{""T1R:root_promotor"": 11, ""wing_b2"": 45}","{""wing_b2"": 45}"
806491,SNpp51,False,2,2,True,"{""T3R:knee_flexor"": 23, ""T3R:root_pra"": 31}","{""T3R:knee_flexor"": 23, ""T3R:root_pra"": 31}"
806503,IN03A032,False,3,2,True,"{""T2R:knee_extensor"": 27, ""T2R:root_pra"": 58, ""T2R:root_spr"": 43}","{""T2R:knee_extensor"": 27, ""T2R:root_pra"": 58}"
806507,IN13A026,False,2,2,True,"{""T3R:knee_extensor"": 67, ""T3R:root_sar"": 41}","{""T3R:knee_extensor"": 67, ""T3R:root_sar"": 41}"
806516,IN03A069,False,2,2,True,"{""T1R:root_pra"": 27, ""T1R:root_promotor"": 91}","{""T1R:root_pra"": 27, ""T1R:root_promotor"": 46}"
806519,IN06B038,False,2,2,True,"{""wing_b1"": 219, ""wing_b2"": 158}","{""wing_b1"": 219, ""wing_b2"": 158}"
806523,IN03A071,False,3,2,True,"{""T2L:root_pra"": 102, ""T2L:root_sad"": 22, ""T2L:root_spr"": 25}","{""T2L:root_pra"": 102, ""T2L:root_spr"": 25}"
806555,IN08B058,False,3,3,True,"{""T1L:root_pra"": 25, ""T2L:root_spr"": 26, ""T3L:root_spr"": 10}","{""T1L:root_pra"": 25, ""T2L:root_spr"": 26, ""T3L:root_spr"": 10}"
806580,IN13A053,False,2,2,True,"{""T3L:root_pra"": 29, ""T3L:root_spr"": 232}","{""T3L:root_pra"": 29, ""T3L:root_spr"": 74}"
806582,IN04B078,False,2,2,True,"{""T1L:knee_extensor"": 62, ""T1L:knee_flexor"": 10}","{""T1L:knee_extensor"": 22, ""T1L:knee_flexor"": 10}"
806584,IN03A075,False,2,1,False,"{""T1L:root_pra"": 190, ""T1L:root_spr"": 87}","{""T1L:root_pra"": 190}"
806605,IN16B061,False,2,2,True,"{""T1L:knee_extensor"": 33, ""T1L:root_spr"": 41}","{""T1L:knee_extensor"": 21, ""T1L:root_spr"": 41}"
806608,IN03A058,False,3,3,True,"{""T2L:knee_extensor"": 42, ""T2L:root_pra"": 31, ""T2L:root_spr"": 111}","{""T2L:knee_extensor"": 23, ""T2L:root_pra"": 31, ""T2L:root_spr"": 111}"
806613,IN04B053,False,2,1,False,"{""T1L:knee_extensor"": 62, ""T1L:root_promotor"": 16}","{""T1L:root_promotor"": 16}"
806631,IN03A058,False,3,2,True,"{""T2L:knee_extensor"": 19, ""T2L:root_pra"": 63, ""T2L:root_spr"": 127}","{""T2L:root_pra"": 63, ""T2L:root_spr"": 127}"
806633,IN04B046,False,2,2,True,"{""T2R:root_pra"": 13, ""T2R:root_sar"": 35}","{""T2R:root_pra"": 13, ""T2R:root_sar"": 25}"
806650,IN08A047,False,2,2,True,"{""T3L:root_pra"": 59, ""T3L:root_spr"": 457}","{""T3L:root_pra"": 59, ""T3L:root_spr"": 142}"
806673,IN08B072,False,4,4,True,"{""T2L:root_pra"": 19, ""T2L:root_spr"": 25, ""T3L:root_pra"": 14, ""T3L:root_spr"": 47}","{""T2L:root_pra"": 19, ""T2L:root_spr"": 25, ""T3L:root_pra"": 14, ""T3L:root_spr"": 11}"
806674,IN03A071,False,2,2,True,"{""T2R:knee_flexor"": 66, ""T2R:root_pra"": 37}","{""T2R:knee_flexor"": 47, ""T2R:root_pra"": 37}"
806684,IN04B063,False,2,2,True,"{""T3R:knee_extensor"": 51, ""T3R:root_pra"": 75}","{""T3R:knee_extensor"": 51, ""T3R:root_pra"": 75}"
806690,IN08B058,False,2,2,True,"{""T1R:root_pra"": 31, ""T2R:root_spr"": 69}","{""T1R:root_pra"": 14, ""T2R:root_spr"": 23}"
806701,IN03A037,False,2,2,True,"{""T3R:knee_extensor"": 13, ""T3R:root_spr"": 55}","{""T3R:knee_extensor"": 13, ""T3R:root_spr"": 55}"
806708,IN11A021,False,2,2,True,"{""wing_b1"": 103, ""wing_b2"": 30}","{""wing_b1"": 103, ""wing_b2"": 30}"
806715,IN03A066,False,2,2,True,"{""T1L:root_pra"": 234, ""T1L:root_spr"": 110}","{""T1L:root_pra"": 234, ""T1L:root_spr"": 24}"
806726,IN08A037,False,2,2,True,"{""T3L:root_pra"": 64, ""T3L:root_spr"": 318}","{""T3L:root_pra"": 50, ""T3L:root_spr"": 128}"
806743,IN04B076,False,2,2,True,"{""T3L:root_pra"": 47, ""T3L:root_sad"": 12}","{""T3L:root_pra"": 47, ""T3L:root_sad"": 12}"
806748,IN08B076,False,4,4,True,"{""T2L:root_pra"": 15, ""T2L:root_spr"": 47, ""T3L:root_pra"": 31, ""T3L:root_spr"": 71}","{""T2L:root_pra"": 15, ""T2L:root_spr"": 47, ""T3L:root_pra"": 31, ""T3L:root_spr"": 39}"
806759,IN03A046,False,2,2,True,"{""T1L:root_pra"": 77, ""T1L:root_spr"": 60}","{""T1L:root_pra"": 77, ""T1L:root_spr"": 60}"
806762,IN16B064,False,2,2,True,"{""T1L:knee_extensor"": 114, ""T1L:root_promotor"": 35}","{""T1L:knee_extensor"": 38, ""T1L:root_promotor"": 35}"
806763,IN03A078,False,3,3,True,"{""T3L:root_pra"": 41, ""T3L:root_sad"": 21, ""T3L:root_spr"": 94}","{""T3L:root_pra"": 31, ""T3L:root_sad"": 21, ""T3L:root_spr"": 68}"
806781,IN04B086,False,2,1,False,"{""T1L:knee_extensor"": 10, ""T1L:root_promotor"": 196}","{""T1L:root_promotor"": 196}"
806785,IN13A054,False,2,2,True,"{""T2L:root_pra"": 151, ""T2L:root_spr"": 128}","{""T2L:root_pra"": 151, ""T2L:root_spr"": 128}"
806804,IN03A078,False,2,2,True,"{""T2L:knee_extensor"": 10, ""T2L:root_spr"": 54}","{""T2L:knee_extensor"": 10, ""T2L:root_spr"": 54}"
806816,IN11A037_a,False,2,2,True,"{""wing_b1"": 146, ""wing_b2"": 76}","{""wing_b1"": 146, ""wing_b2"": 76}"
806820,IN21A049,False,2,2,True,"{""T3L:knee_flexor"": 45, ""T3L:root_sar"": 85}","{""T3L:knee_flexor"": 45, ""T3L:root_sar"": 85}"
806830,IN04B102,False,2,2,True,"{""T1L:root_sar"": 12, ""T1L:root_spr"": 10}","{""T1L:root_sar"": 12, ""T1L:root_spr"": 10}"
806849,IN16B038,False,2,2,True,"{""T1R:root_promotor"": 32, ""T1R:root_sar"": 150}","{""T1R:root_promotor"": 10, ""T1R:root_sar"": 40}"
806862,IN03A081,False,3,3,True,"{""T2L:knee_extensor"": 17, ""T2L:root_pra"": 11, ""T2L:root_spr"": 90}","{""T2L:knee_extensor"": 17, ""T2L:root_pra"": 11, ""T2L:root_spr"": 90}"
806884,IN04B074,False,2,2,True,"{""T2R:root_sad"": 16, ""T2R:root_sar"": 293}","{""T2R:root_sad"": 16, ""T2R:root_sar"": 164}"
806922,IN03A058,False,3,3,True,"{""T2R:knee_extensor"": 13, ""T2R:root_pra"": 117, ""T2R:root_spr"": 142}","{""T2R:knee_extensor"": 13, ""T2R:root_pra"": 117, ""T2R:root_spr"": 24}"
806955,IN11A019,False,3,3,True,"{""T2L:root_sar"": 15, ""wing_b1"": 70, ""wing_b2"": 79}","{""T2L:root_sar"": 15, ""wing_b1"": 70, ""wing_b2"": 79}"
806965,IN04B078,False,2,1,False,"{""T1L:knee_extensor"": 24, ""T1L:knee_flexor"": 10}","{""T1L:knee_flexor"": 10}"
806974,IN07B086,False,2,2,True,"{""wing_b1"": 28, ""wing_b2"": 45}","{""wing_b1"": 28, ""wing_b2"": 45}"
807009,IN03A026_c,False,4,4,True,"{""T3R:knee_extensor"": 11, ""T3R:root_pra"": 125, ""T3R:root_sad"": 27, ""T3R:root_spr"": 34}","{""T3R:knee_extensor"": 11, ""T3R:root_pra"": 125, ""T3R:root_sad"": 27, ""T3R:root_spr"": 34}"
807013,IN13A050,False,2,1,False,"{""T1R:root_promotor"": 29, ""T1R:root_sar"": 81}","{""T1R:root_sar"": 15}"
807017,IN11A021,False,2,2,True,"{""wing_b1"": 111, ""wing_b2"": 73}","{""wing_b1"": 111, ""wing_b2"": 73}"
807022,IN04B076,False,2,2,True,"{""T3R:root_pra"": 65, ""T3R:root_sad"": 10}","{""T3R:root_pra"": 65, ""T3R:root_sad"": 10}"
807027,IN03A081,False,3,3,True,"{""T3L:root_pra"": 45, ""T3L:root_sad"": 20, ""T3L:root_spr"": 131}","{""T3L:root_pra"": 45, ""T3L:root_sad"": 20, ""T3L:root_spr"": 88}"
807038,IN03A045,False,2,2,True,"{""T1R:knee_extensor"": 14, ""T1R:root_promotor"": 123}","{""T1R:knee_extensor"": 14, ""T1R:root_promotor"": 62}"
807069,IN08A026,False,2,2,True,"{""T1L:root_pra"": 114, ""T1L:root_spr"": 191}","{""T1L:root_pra"": 114, ""T1L:root_spr"": 165}"
807100,IN03B072,False,2,2,True,"{""wing_b1"": 124, ""wing_b2"": 23}","{""wing_b1"": 124, ""wing_b2"": 23}"
807103,IN04B028,False,2,2,True,"{""T1L:root_promotor"": 10, ""T1R:root_promotor"": 85}","{""T1L:root_promotor"": 10, ""T1R:root_promotor"": 39}"
807112,IN16B075_f,False,2,1,False,"{""T2R:knee_extensor"": 80, ""T2R:knee_flexor"": 14}","{""T2R:knee_extensor"": 51}"
807114,IN16B075_f,False,2,2,True,"{""T2L:knee_extensor"": 116, ""T2L:knee_flexor"": 20}","{""T2L:knee_extensor"": 60, ""T2L:knee_flexor"": 20}"
807131,IN03A083,False,3,2,True,"{""T3L:root_pra"": 36, ""T3L:root_sad"": 30, ""T3L:root_spr"": 13}","{""T3L:root_pra"": 36, ""T3L:root_sad"": 30}"
807133,IN08A026,False,2,2,True,"{""T2L:root_pra"": 204, ""T2L:root_spr"": 268}","{""T2L:root_pra"": 204, ""T2L:root_spr"": 268}"
807139,IN18B044,False,3,3,True,"{""T2L:root_pra"": 35, ""T2L:root_spr"": 15, ""T3L:root_pra"": 12}","{""T2L:root_pra"": 35, ""T2L:root_spr"": 15, ""T3L:root_pra"": 12}"
807150,IN08B054,False,2,2,True,"{""T2L:knee_flexor"": 36, ""T3L:knee_flexor"": 31}","{""T2L:knee_flexor"": 36, ""T3L:knee_flexor"": 31}"
807162,IN04B015,False,3,3,True,"{""T1L:root_promotor"": 138, ""T1L:root_sad"": 12, ""T1L:root_sar"": 138}","{""T1L:root_promotor"": 138, ""T1L:root_sad"": 12, ""T1L:root_sar"": 138}"
807167,IN03A068,False,2,2,True,"{""T3L:knee_flexor"": 12, ""T3L:root_pra"": 32}","{""T3L:knee_flexor"": 12, ""T3L:root_pra"": 32}"
807180,IN03A078,False,3,3,True,"{""T3R:root_pra"": 82, ""T3R:root_sad"": 15, ""T3R:root_spr"": 32}","{""T3R:root_pra"": 82, ""T3R:root_sad"": 15, ""T3R:root_spr"": 32}"
807183,IN12B023,False,2,1,False,"{""T1R:root_pra"": 22, ""T1R:root_promotor"": 47}","{""T1R:root_promotor"": 47}"
807213,IN08A022,False,2,2,True,"{""T3L:root_pra"": 133, ""T3L:root_sad"": 83}","{""T3L:root_pra"": 114, ""T3L:root_sad"": 83}"
807226,IN03A047,False,2,2,True,"{""T2R:root_pra"": 82, ""T2R:root_spr"": 205}","{""T2R:root_pra"": 82, ""T2R:root_spr"": 79}"
807228,IN11A037_b,False,2,2,True,"{""wing_b1"": 87, ""wing_b2"": 71}","{""wing_b1"": 87, ""wing_b2"": 71}"
807262,IN07B086,False,2,2,True,"{""wing_b1"": 68, ""wing_b2"": 45}","{""wing_b1"": 68, ""wing_b2"": 45}"
807289,IN03A072,False,2,1,False,"{""T1L:knee_extensor"": 18, ""T1L:knee_flexor"": 50}","{""T1L:knee_flexor"": 50}"
807298,IN13A033,False,2,2,True,"{""T2L:knee_extensor"": 76, ""T2L:root_sar"": 19}","{""T2L:knee_extensor"": 28, ""T2L:root_sar"": 19}"
807299,IN03A060,False,3,2,True,"{""T2L:knee_extensor"": 29, ""T2L:root_pra"": 26, ""T2L:root_spr"": 39}","{""T2L:root_pra"": 26, ""T2L:root_spr"": 39}"
807302,IN08A037,False,2,2,True,"{""T3R:root_pra"": 210, ""T3R:root_spr"": 54}","{""T3R:root_pra"": 210, ""T3R:root_spr"": 54}"
807330,IN06A022,False,2,2,True,"{""wing_b1"": 92, ""wing_b2"": 96}","{""wing_b1"": 92, ""wing_b2"": 96}"
807331,IN13A053,False,3,3,True,"{""T3L:root_pra"": 48, ""T3L:root_sad"": 15, ""T3L:root_spr"": 139}","{""T3L:root_pra"": 48, ""T3L:root_sad"": 15, ""T3L:root_spr"": 18}"
807334,IN17A049,False,2,2,True,"{""wing_b1"": 144, ""wing_b2"": 188}","{""wing_b1"": 144, ""wing_b2"": 188}"
807341,SNpp37,False,2,2,True,"{""wing_b1"": 25, ""wing_b2"": 31}","{""wing_b1"": 25, ""wing_b2"": 31}"
807349,IN08A031,False,2,2,True,"{""T2L:root_pra"": 69, ""T2L:root_spr"": 155}","{""T2L:root_pra"": 69, ""T2L:root_spr"": 155}"
807353,IN12B023,False,4,4,True,"{""T2R:root_pra"": 12, ""T2R:root_sad"": 34, ""T2R:root_sar"": 25, ""T2R:root_spr"": 16}","{""T2R:root_pra"": 12, ""T2R:root_sad"": 34, ""T2R:root_sar"": 25, ""T2R:root_spr"": 16}"
807366,IN08A037,False,2,2,True,"{""T3R:root_pra"": 129, ""T3R:root_spr"": 184}","{""T3R:root_pra"": 129, ""T3R:root_spr"": 184}"
807398,IN06B038,False,2,2,True,"{""wing_b1"": 167, ""wing_b2"": 79}","{""wing_b1"": 167, ""wing_b2"": 79}"
807400,"IN11A015,IN11A027",False,2,2,True,"{""T3R:knee_flexor"": 41, ""T3R:root_spr"": 50}","{""T3R:knee_flexor"": 41, ""T3R:root_spr"": 50}"
807405,IN08A037,False,2,2,True,"{""T3R:root_pra"": 163, ""T3R:root_spr"": 46}","{""T3R:root_pra"": 163, ""T3R:root_spr"": 46}"
807416,IN07B086,False,3,3,True,"{""T3L:knee_extensor"": 12, ""wing_b1"": 58, ""wing_b2"": 34}","{""T3L:knee_extensor"": 12, ""wing_b1"": 58, ""wing_b2"": 34}"
807434,IN08A047,False,2,2,True,"{""T3R:root_pra"": 45, ""T3R:root_spr"": 391}","{""T3R:root_pra"": 45, ""T3R:root_spr"": 391}"
807451,IN03A091,False,2,2,True,"{""T2R:root_pra"": 10, ""T2R:root_spr"": 126}","{""T2R:root_pra"": 10, ""T2R:root_spr"": 50}"
807484,IN04B063,False,2,2,True,"{""T3L:knee_extensor"": 12, ""T3L:root_pra"": 27}","{""T3L:knee_extensor"": 12, ""T3L:root_pra"": 27}"
807496,IN04B088,False,2,2,True,"{""T3R:knee_extensor"": 16, ""T3R:root_pra"": 60}","{""T3R:knee_extensor"": 16, ""T3R:root_pra"": 60}"
807503,IN13A027,False,2,2,True,"{""T1R:knee_extensor"": 26, ""T1R:root_promotor"": 177}","{""T1R:knee_extensor"": 11, ""T1R:root_promotor"": 125}"
807508,IN13A054,False,2,2,True,"{""T2L:root_pra"": 67, ""T2L:root_spr"": 105}","{""T2L:root_pra"": 67, ""T2L:root_spr"": 105}"
807520,IN20A.22A030,False,2,2,True,"{""T3R:knee_flexor"": 19, ""T3R:root_sar"": 10}","{""T3R:knee_flexor"": 19, ""T3R:root_sar"": 10}"
807522,IN08B092,False,2,2,True,"{""T3L:root_pra"": 15, ""T3L:root_spr"": 15}","{""T3L:root_pra"": 15, ""T3L:root_spr"": 15}"
807529,IN06B087,False,2,2,True,"{""wing_b1"": 71, ""wing_b2"": 46}","{""wing_b1"": 71, ""wing_b2"": 46}"
807544,IN03A046,False,2,2,True,"{""T1L:root_pra"": 84, ""T1L:root_spr"": 75}","{""T1L:root_pra"": 84, ""T1L:root_spr"": 75}"
807556,IN21A049,False,2,2,True,"{""T3R:knee_flexor"": 41, ""T3R:root_sar"": 35}","{""T3R:knee_flexor"": 41, ""T3R:root_sar"": 35}"
807557,IN08A028,False,2,2,True,"{""T3R:root_pra"": 21, ""T3R:root_sar"": 22}","{""T3R:root_pra"": 21, ""T3R:root_sar"": 22}"
807558,GFC3,False,2,2,True,"{""T3L:knee_flexor"": 23, ""T3L:root_spr"": 62}","{""T3L:knee_flexor"": 23, ""T3L:root_spr"": 13}"
807580,IN07B086,False,2,2,True,"{""wing_b1"": 59, ""wing_b2"": 38}","{""wing_b1"": 59, ""wing_b2"": 38}"
807589,IN03A073,False,2,2,True,"{""T2R:knee_flexor"": 17, ""T2R:root_pra"": 10}","{""T2R:knee_flexor"": 17, ""T2R:root_pra"": 10}"
807593,IN13A062,False,2,2,True,"{""T2L:root_pra"": 296, ""T2L:root_spr"": 56}","{""T2L:root_pra"": 296, ""T2L:root_spr"": 56}"
807619,"IN11A015,IN11A027",False,2,2,True,"{""T3L:knee_flexor"": 17, ""T3L:root_spr"": 34}","{""T3L:knee_flexor"": 17, ""T3L:root_spr"": 22}"
807658,IN03A077,False,2,1,False,"{""T3L:root_sad"": 11, ""T3L:root_spr"": 36}","{""T3L:root_sad"": 11}"
807660,IN03B061,False,2,2,True,"{""wing_b1"": 71, ""wing_b2"": 40}","{""wing_b1"": 71, ""wing_b2"": 40}"
807674,IN20A.22A051,False,2,2,True,"{""T3R:root_pra"": 10, ""T3R:root_sar"": 28}","{""T3R:root_pra"": 10, ""T3R:root_sar"": 28}"
807685,IN08A032,False,2,2,True,"{""T2L:root_pra"": 123, ""T2L:root_spr"": 90}","{""T2L:root_pra"": 123, ""T2L:root_spr"": 90}"
807700,IN03A069,False,2,2,True,"{""T1L:knee_extensor"": 66, ""T1L:root_promotor"": 85}","{""T1L:knee_extensor"": 13, ""T1L:root_promotor"": 85}"
807726,IN03A060,False,2,1,False,"{""T2R:knee_extensor"": 31, ""T2R:root_spr"": 73}","{""T2R:knee_extensor"": 31}"
807756,,False,2,2,True,"{""wing_b1"": 42, ""wing_b2"": 51}","{""wing_b1"": 42, ""wing_b2"": 51}"
807774,IN13A042,False,2,2,True,"{""T3R:knee_extensor"": 127, ""T3R:root_pra"": 56}","{""T3R:knee_extensor"": 127, ""T3R:root_pra"": 56}"
807791,IN03A071,False,2,2,True,"{""T2R:knee_flexor"": 10, ""T2R:root_pra"": 13}","{""T2R:knee_flexor"": 10, ""T2R:root_pra"": 13}"
807793,IN08B092,False,2,1,False,"{""T2R:root_spr"": 19, ""T3R:root_pra"": 36}","{""T3R:root_pra"": 36}"
807800,IN20A.22A012,False,2,1,False,"{""T1R:root_promotor"": 23, ""T1R:root_sar"": 10}","{""T1R:root_promotor"": 23}"
807807,IN03A090,False,3,3,True,"{""T2L:knee_extensor"": 46, ""T2L:root_pra"": 20, ""T2L:root_spr"": 155}","{""T2L:knee_extensor"": 23, ""T2L:root_pra"": 20, ""T2L:root_spr"": 155}"
807808,IN12B023,False,2,2,True,"{""T3L:root_sar"": 23, ""T3L:root_spr"": 23}","{""T3L:root_sar"": 23, ""T3L:root_spr"": 23}"
807826,IN13A041,False,2,2,True,"{""T1L:root_promotor"": 173, ""T1L:root_sar"": 23}","{""T1L:root_promotor"": 173, ""T1L:root_sar"": 23}"
807827,IN13A032,False,2,1,False,"{""T2R:knee_flexor"": 16, ""T2R:root_sar"": 12}","{""T2R:knee_flexor"": 16}"
807833,GFC3,False,2,2,True,"{""T3R:knee_flexor"": 16, ""T3R:root_spr"": 91}","{""T3R:knee_flexor"": 16, ""T3R:root_spr"": 91}"
807848,IN08A047,False,2,2,True,"{""T3R:root_pra"": 66, ""T3R:root_spr"": 460}","{""T3R:root_pra"": 66, ""T3R:root_spr"": 460}"
807849,IN04B052,False,2,2,True,"{""T3R:knee_flexor"": 15, ""T3R:root_pra"": 38}","{""T3R:knee_flexor"": 15, ""T3R:root_pra"": 38}"
807851,IN06A042,False,2,2,True,"{""wing_b1"": 50, ""wing_b2"": 38}","{""wing_b1"": 50, ""wing_b2"": 38}"
807857,IN03A071,False,2,2,True,"{""T2L:root_pra"": 77, ""T2L:root_spr"": 12}","{""T2L:root_pra"": 77, ""T2L:root_spr"": 12}"
807861,IN08A021,False,2,2,True,"{""T1L:root_promotor"": 222, ""T1L:root_sar"": 12}","{""T1L:root_promotor"": 222, ""T1L:root_sar"": 12}"
807865,IN08A043,False,2,2,True,"{""T3L:root_pra"": 122, ""T3L:root_spr"": 272}","{""T3L:root_pra"": 122, ""T3L:root_spr"": 110}"
807869,IN18B041,False,2,2,True,"{""wing_b1"": 90, ""wing_b2"": 84}","{""wing_b1"": 90, ""wing_b2"": 84}"
807875,IN03A071,False,2,2,True,"{""T2R:knee_flexor"": 17, ""T2R:root_pra"": 12}","{""T2R:knee_flexor"": 17, ""T2R:root_pra"": 12}"
807892,IN08A037,False,2,2,True,"{""T3L:root_pra"": 117, ""T3L:root_spr"": 100}","{""T3L:root_pra"": 99, ""T3L:root_spr"": 34}"
807895,IN08A045,False,2,2,True,"{""T3R:root_pra"": 75, ""T3R:root_sad"": 14}","{""T3R:root_pra"": 75, ""T3R:root_sad"": 14}"
807909,IN08A037,False,2,2,True,"{""T3L:root_pra"": 69, ""T3L:root_spr"": 162}","{""T3L:root_pra"": 69, ""T3L:root_spr"": 53}"
807928,IN03A071,False,2,2,True,"{""T2R:root_pra"": 55, ""T2R:root_sad"": 36}","{""T2R:root_pra"": 55, ""T2R:root_sad"": 36}"
807931,SNpp51,False,2,2,True,"{""T2L:knee_flexor"": 36, ""T2L:root_pra"": 19}","{""T2L:knee_flexor"": 36, ""T2L:root_pra"": 19}"
807939,IN08B090,False,3,3,True,"{""T2L:root_pra"": 12, ""T2L:root_spr"": 15, ""T3L:root_pra"": 17}","{""T2L:root_pra"": 12, ""T2L:root_spr"": 15, ""T3L:root_pra"": 17}"
807940,IN18B048,False,4,4,True,"{""T3L:root_sad"": 17, ""T3L:root_sar"": 35, ""T3R:knee_extensor"": 10, ""T3R:root_sar"": 13}","{""T3L:root_sad"": 17, ""T3L:root_sar"": 35, ""T3R:knee_extensor"": 10, ""T3R:root_sar"": 13}"
807956,IN16B064,False,2,2,True,"{""T1L:knee_extensor"": 92, ""T1L:root_promotor"": 46}","{""T1L:knee_extensor"": 33, ""T1L:root_promotor"": 46}"
807966,IN06B087,False,2,2,True,"{""wing_b1"": 78, ""wing_b2"": 67}","{""wing_b1"": 78, ""wing_b2"": 67}"
807977,IN08A031,False,2,2,True,"{""T2R:root_pra"": 80, ""T2R:root_spr"": 172}","{""T2R:root_pra"": 80, ""T2R:root_spr"": 19}"
807981,IN20A.22A021,False,2,2,True,"{""T2L:knee_flexor"": 44, ""T2L:root_sar"": 16}","{""T2L:knee_flexor"": 44, ""T2L:root_sar"": 16}"
807982,IN04B010,False,3,3,True,"{""T1L:knee_flexor"": 20, ""T1L:root_promotor"": 17, ""T1L:root_sar"": 45}","{""T1L:knee_flexor"": 20, ""T1L:root_promotor"": 17, ""T1L:root_sar"": 45}"
807988,IN03A079,False,3,2,True,"{""T2R:knee_extensor"": 63, ""T2R:root_pra"": 24, ""T2R:root_spr"": 72}","{""T2R:knee_extensor"": 63, ""T2R:root_pra"": 24}"
807994,IN08A032,False,2,2,True,"{""T2L:root_pra"": 103, ""T2L:root_spr"": 170}","{""T2L:root_pra"": 103, ""T2L:root_spr"": 170}"
807996,IN20A.22A009,False,2,2,True,"{""T1R:knee_flexor"": 15, ""T1R:root_sar"": 28}","{""T1R:knee_flexor"": 15, ""T1R:root_sar"": 12}"
807999,SNpp37,False,2,2,True,"{""wing_b1"": 55, ""wing_b2"": 37}","{""wing_b1"": 55, ""wing_b2"": 37}"
808017,IN03A051,False,3,3,True,"{""T1R:knee_flexor"": 12, ""T1R:root_promotor"": 14, ""T1R:root_sar"": 133}","{""T1R:knee_flexor"": 12, ""T1R:root_promotor"": 14, ""T1R:root_sar"": 38}"
808020,IN03A071,False,2,2,True,"{""T2L:knee_flexor"": 19, ""T2L:root_pra"": 25}","{""T2L:knee_flexor"": 19, ""T2L:root_pra"": 25}"
808044,IN07B086,False,2,2,True,"{""wing_b1"": 67, ""wing_b2"": 63}","{""wing_b1"": 67, ""wing_b2"": 63}"
808063,IN20A.22A021,False,2,2,True,"{""T2L:knee_flexor"": 52, ""T2L:root_sar"": 17}","{""T2L:knee_flexor"": 52, ""T2L:root_sar"": 17}"
808067,IN16B105,False,2,2,True,"{""T3L:knee_extensor"": 17, ""T3L:root_pra"": 36}","{""T3L:knee_extensor"": 17, ""T3L:root_pra"": 36}"
808077,SNpp50,False,2,1,False,"{""T2L:knee_extensor"": 13, ""T2L:root_spr"": 14}","{""T2L:root_spr"": 14}"
808081,IN11A031,False,2,2,True,"{""wing_b1"": 28, ""wing_b2"": 40}","{""wing_b1"": 28, ""wing_b2"": 40}"
808086,IN03A066,False,2,2,True,"{""T1R:root_pra"": 141, ""T1R:root_spr"": 62}","{""T1R:root_pra"": 68, ""T1R:root_spr"": 62}"
808088,IN11A019,False,2,2,True,"{""wing_b1"": 86, ""wing_b2"": 53}","{""wing_b1"": 86, ""wing_b2"": 53}"
808117,IN01A042,False,2,2,True,"{""T3L:root_pra"": 33, ""T3R:root_pra"": 115}","{""T3L:root_pra"": 33, ""T3R:root_pra"": 115}"
808124,IN08A043,False,2,2,True,"{""T3R:root_pra"": 133, ""T3R:root_spr"": 380}","{""T3R:root_pra"": 133, ""T3R:root_spr"": 380}"
808140,IN20A.22A015,False,2,2,True,"{""T1L:knee_extensor"": 54, ""T1L:root_promotor"": 127}","{""T1L:knee_extensor"": 29, ""T1L:root_promotor"": 127}"
808156,IN11A037_b,False,2,2,True,"{""wing_b1"": 70, ""wing_b2"": 61}","{""wing_b1"": 70, ""wing_b2"": 61}"
808158,IN12B020,False,2,1,False,"{""T1L:root_pra"": 11, ""T1L:root_spr"": 12}","{""T1L:root_pra"": 11}"
808180,IN06A042,False,2,2,True,"{""wing_b1"": 64, ""wing_b2"": 27}","{""wing_b1"": 64, ""wing_b2"": 27}"
808187,IN07B086,False,2,2,True,"{""wing_b1"": 65, ""wing_b2"": 61}","{""wing_b1"": 65, ""wing_b2"": 61}"
808192,IN16B108,False,2,2,True,"{""T3R:knee_extensor"": 11, ""T3R:root_pra"": 15}","{""T3R:knee_extensor"": 11, ""T3R:root_pra"": 15}"
808202,IN08A043,False,3,3,True,"{""T3L:root_pra"": 221, ""T3L:root_sad"": 73, ""T3L:root_spr"": 44}","{""T3L:root_pra"": 186, ""T3L:root_sad"": 73, ""T3L:root_spr"": 44}"
808219,IN16B083,False,2,2,True,"{""T2L:knee_extensor"": 42, ""T2L:root_pra"": 145}","{""T2L:knee_extensor"": 30, ""T2L:root_pra"": 145}"
808235,IN03B060,False,2,2,True,"{""wing_b1"": 16, ""wing_b2"": 17}","{""wing_b1"": 16, ""wing_b2"": 17}"
808237,IN06A042,False,2,2,True,"{""wing_b1"": 59, ""wing_b2"": 19}","{""wing_b1"": 59, ""wing_b2"": 19}"
808247,IN07B045,False,3,2,True,"{""T1L:root_promotor"": 10, ""T2L:root_pra"": 10, ""T3L:root_spr"": 22}","{""T1L:root_promotor"": 10, ""T2L:root_pra"": 10}"
808270,IN03A081,False,2,2,True,"{""T1R:root_pra"": 71, ""T1R:root_spr"": 14}","{""T1R:root_pra"": 47, ""T1R:root_spr"": 14}"
808274,IN03A090,False,2,2,True,"{""T2R:knee_extensor"": 34, ""T2R:root_spr"": 159}","{""T2R:knee_extensor"": 16, ""T2R:root_spr"": 18}"
808283,IN03A062_c,False,2,2,True,"{""T1R:knee_flexor"": 25, ""T1R:root_spr"": 21}","{""T1R:knee_flexor"": 25, ""T1R:root_spr"": 21}"
808289,IN01A023,False,4,4,True,"{""T3R:knee_extensor"": 11, ""T3R:root_pra"": 515, ""T3R:root_sad"": 16, ""T3R:root_spr"": 266}","{""T3R:knee_extensor"": 11, ""T3R:root_pra"": 515, ""T3R:root_sad"": 16, ""T3R:root_spr"": 266}"
808293,IN13B074,False,2,2,True,"{""T3L:knee_extensor"": 14, ""T3L:root_sar"": 90}","{""T3L:knee_extensor"": 14, ""T3L:root_sar"": 90}"
808307,IN20A.22A011,False,2,1,False,"{""T1L:knee_extensor"": 12, ""T1L:knee_flexor"": 20}","{""T1L:knee_flexor"": 20}"
808308,IN13A074,False,3,3,True,"{""T3L:knee_extensor"": 77, ""T3L:root_pra"": 57, ""T3L:root_sar"": 10}","{""T3L:knee_extensor"": 77, ""T3L:root_pra"": 57, ""T3L:root_sar"": 10}"
808311,IN08A026,False,2,2,True,"{""T2R:root_pra"": 128, ""T2R:root_spr"": 476}","{""T2R:root_pra"": 128, ""T2R:root_spr"": 149}"
808318,IN03A052,False,2,2,True,"{""T2L:root_pra"": 11, ""T2L:root_sar"": 33}","{""T2L:root_pra"": 11, ""T2L:root_sar"": 33}"
808322,IN03A079,False,3,2,True,"{""T2L:knee_extensor"": 64, ""T2L:root_pra"": 26, ""T2L:root_spr"": 38}","{""T2L:root_pra"": 26, ""T2L:root_spr"": 38}"
808342,IN08A031,False,2,2,True,"{""T2L:root_pra"": 59, ""T2L:root_spr"": 190}","{""T2L:root_pra"": 59, ""T2L:root_spr"": 190}"
808347,IN20A.22A015,False,2,2,True,"{""T1L:knee_extensor"": 38, ""T1L:root_promotor"": 122}","{""T1L:knee_extensor"": 21, ""T1L:root_promotor"": 122}"
808352,IN08A026,False,2,2,True,"{""T2L:root_pra"": 132, ""T2L:root_spr"": 466}","{""T2L:root_pra"": 132, ""T2L:root_spr"": 466}"
808366,IN07B086,False,2,2,True,"{""wing_b1"": 14, ""wing_b2"": 34}","{""wing_b1"": 14, ""wing_b2"": 34}"
808380,SNpp45,False,2,1,False,"{""T3L:root_sad"": 12, ""T3L:root_spr"": 37}","{""T3L:root_sad"": 12}"
808383,IN03B060,False,2,2,True,"{""wing_b1"": 26, ""wing_b2"": 29}","{""wing_b1"": 26, ""wing_b2"": 29}"
808387,IN08A026,False,2,2,True,"{""T2L:root_pra"": 101, ""T2L:root_spr"": 391}","{""T2L:root_pra"": 101, ""T2L:root_spr"": 391}"
808420,IN20A.22A022,False,2,2,True,"{""T2L:knee_extensor"": 17, ""T2L:root_pra"": 12}","{""T2L:knee_extensor"": 17, ""T2L:root_pra"": 12}"
808423,IN03A093,False,2,2,True,"{""T2R:root_pra"": 13, ""T2R:root_sad"": 32}","{""T2R:root_pra"": 13, ""T2R:root_sad"": 32}"
808434,IN06A042,False,2,2,True,"{""wing_b1"": 61, ""wing_b2"": 60}","{""wing_b1"": 61, ""wing_b2"": 60}"
808449,IN18B044,False,3,2,True,"{""T2R:root_pra"": 21, ""T2R:root_spr"": 10, ""T3R:root_pra"": 13}","{""T2R:root_pra"": 21, ""T3R:root_pra"": 13}"
808450,IN03B060,False,2,2,True,"{""wing_b1"": 14, ""wing_b2"": 20}","{""wing_b1"": 14, ""wing_b2"": 20}"
808465,IN13A052,False,2,2,True,"{""T2L:root_pra"": 52, ""T2L:root_spr"": 74}","{""T2L:root_pra"": 52, ""T2L:root_spr"": 74}"
808482,SNpp28,False,2,2,True,"{""wing_b1"": 96, ""wing_b2"": 41}","{""wing_b1"": 96, ""wing_b2"": 41}"
808491,SNpp50,False,2,1,False,"{""T2L:knee_extensor"": 23, ""T2L:root_spr"": 18}","{""T2L:root_spr"": 18}"
808496,IN03B071,False,2,2,True,"{""wing_b1"": 24, ""wing_b2"": 11}","{""wing_b1"": 24, ""wing_b2"": 11}"
808506,IN16B070,False,2,2,True,"{""T1L:knee_flexor"": 96, ""T1L:root_promotor"": 12}","{""T1L:knee_flexor"": 79, ""T1L:root_promotor"": 12}"
808511,IN04B015,False,3,3,True,"{""T1L:root_promotor"": 156, ""T1L:root_sad"": 11, ""T1L:root_sar"": 107}","{""T1L:root_promotor"": 156, ""T1L:root_sad"": 11, ""T1L:root_sar"": 107}"
808540,IN04B071,False,2,2,True,"{""T2R:knee_flexor"": 45, ""T2R:root_pra"": 11}","{""T2R:knee_flexor"": 27, ""T2R:root_pra"": 11}"
808549,IN08A023,False,2,2,True,"{""T2L:root_pra"": 89, ""T2L:root_spr"": 83}","{""T2L:root_pra"": 89, ""T2L:root_spr"": 83}"
808556,IN16B097,False,2,1,False,"{""T2L:knee_extensor"": 14, ""T2L:root_sar"": 99}","{""T2L:root_sar"": 99}"
808575,IN16B056,False,2,1,False,"{""T1L:root_sar"": 59, ""T1R:root_sar"": 10}","{""T1L:root_sar"": 59}"
808584,IN03A081,False,2,1,False,"{""T1L:root_pra"": 101, ""T1L:root_spr"": 41}","{""T1L:root_pra"": 101}"
808648,IN08A031,False,2,2,True,"{""T2L:root_pra"": 112, ""T2L:root_spr"": 157}","{""T2L:root_pra"": 112, ""T2L:root_spr"": 157}"
808652,IN04B048,False,2,2,True,"{""T3L:knee_flexor"": 69, ""T3L:root_sar"": 10}","{""T3L:knee_flexor"": 69, ""T3L:root_sar"": 10}"
808659,IN02A035,False,2,2,True,"{""T2R:root_sar"": 11, ""T3R:root_sar"": 25}","{""T2R:root_sar"": 11, ""T3R:root_sar"": 25}"
808667,IN01A071,False,2,2,True,"{""T3L:knee_extensor"": 14, ""T3L:root_pra"": 18}","{""T3L:knee_extensor"": 14, ""T3L:root_pra"": 18}"
808698,IN08A032,False,2,2,True,"{""T2L:root_pra"": 151, ""T2L:root_spr"": 156}","{""T2L:root_pra"": 151, ""T2L:root_spr"": 156}"
808702,IN06A086,False,2,2,True,"{""wing_b1"": 19, ""wing_b2"": 55}","{""wing_b1"": 19, ""wing_b2"": 55}"
808723,IN08A032,False,2,2,True,"{""T2R:root_pra"": 141, ""T2R:root_spr"": 143}","{""T2R:root_pra"": 141, ""T2R:root_spr"": 54}"
808746,IN16B099,False,2,2,True,"{""wing_b1"": 26, ""wing_b2"": 71}","{""wing_b1"": 26, ""wing_b2"": 71}"
808750,IN17A079,False,2,2,True,"{""T1L:root_promotor"": 47, ""T1L:root_sar"": 25}","{""T1L:root_promotor"": 47, ""T1L:root_sar"": 25}"
808768,IN03B062,False,2,2,True,"{""wing_b1"": 14, ""wing_b2"": 20}","{""wing_b1"": 14, ""wing_b2"": 20}"
808770,IN16B099,False,2,2,True,"{""wing_b1"": 18, ""wing_b2"": 43}","{""wing_b1"": 18, ""wing_b2"": 43}"
808789,IN04B071,False,2,1,False,"{""T2R:knee_extensor"": 14, ""T2R:root_pra"": 30}","{""T2R:root_pra"": 30}"
808810,IN16B075_f,False,2,1,False,"{""T2R:knee_extensor"": 105, ""T2R:knee_flexor"": 11}","{""T2R:knee_extensor"": 58}"
808838,IN04B068,False,2,2,True,"{""T3R:knee_extensor"": 13, ""T3R:root_pra"": 31}","{""T3R:knee_extensor"": 13, ""T3R:root_pra"": 31}"
808839,IN16B083,False,3,2,True,"{""T1L:knee_extensor"": 20, ""T1L:knee_flexor"": 38, ""T1L:root_promotor"": 14}","{""T1L:knee_flexor"": 38, ""T1L:root_promotor"": 14}"
808857,IN13A027,False,2,1,False,"{""T1R:knee_extensor"": 16, ""T1R:root_promotor"": 159}","{""T1R:root_promotor"": 111}"
808872,IN16B077,False,2,2,True,"{""T3L:knee_extensor"": 57, ""T3L:root_pra"": 10}","{""T3L:knee_extensor"": 57, ""T3L:root_pra"": 10}"
808873,IN07B080,False,2,1,False,"{""T2R:knee_flexor"": 17, ""T2R:root_sar"": 18}","{""T2R:knee_flexor"": 17}"
808880,IN03B060,False,2,2,True,"{""wing_b1"": 10, ""wing_b2"": 34}","{""wing_b1"": 10, ""wing_b2"": 34}"
808886,IN03A077,False,3,3,True,"{""T3R:root_pra"": 16, ""T3R:root_sad"": 10, ""T3R:root_spr"": 41}","{""T3R:root_pra"": 16, ""T3R:root_sad"": 10, ""T3R:root_spr"": 41}"
808900,IN08A026,False,2,2,True,"{""T2L:root_pra"": 173, ""T2L:root_spr"": 234}","{""T2L:root_pra"": 173, ""T2L:root_spr"": 234}"
808930,IN16B083,False,2,2,True,"{""T2L:knee_extensor"": 88, ""T2L:root_pra"": 35}","{""T2L:knee_extensor"": 52, ""T2L:root_pra"": 35}"
808935,IN06A042,False,2,2,True,"{""wing_b1"": 72, ""wing_b2"": 24}","{""wing_b1"": 72, ""wing_b2"": 24}"
808947,IN13A042,False,2,2,True,"{""T3L:knee_extensor"": 94, ""T3L:root_pra"": 43}","{""T3L:knee_extensor"": 94, ""T3L:root_pra"": 43}"
808955,IN07B092_a,False,2,2,True,"{""T3L:knee_extensor"": 10, ""wing_b2"": 24}","{""T3L:knee_extensor"": 10, ""wing_b2"": 24}"
808964,IN16B063,False,2,2,True,"{""wing_b1"": 23, ""wing_b2"": 81}","{""wing_b1"": 23, ""wing_b2"": 81}"
808985,IN08A031,False,2,2,True,"{""T2R:root_pra"": 56, ""T2R:root_spr"": 190}","{""T2R:root_pra"": 56, ""T2R:root_spr"": 16}"
809007,IN08A023,False,2,2,True,"{""T2L:root_pra"": 35, ""T2L:root_spr"": 33}","{""T2L:root_pra"": 35, ""T2L:root_spr"": 33}"
809016,IN08A026,False,2,2,True,"{""T2R:root_pra"": 109, ""T2R:root_spr"": 331}","{""T2R:root_pra"": 109, ""T2R:root_spr"": 99}"
809036,IN03A046,False,2,2,True,"{""T1R:root_pra"": 89, ""T1R:root_spr"": 11}","{""T1R:root_pra"": 60, ""T1R:root_spr"": 11}"
809049,IN16B083,False,2,2,True,"{""T2R:knee_extensor"": 109, ""T2R:root_pra"": 10}","{""T2R:knee_extensor"": 58, ""T2R:root_pra"": 10}"
809059,IN11A028,False,2,2,True,"{""wing_b1"": 36, ""wing_b2"": 145}","{""wing_b1"": 36, ""wing_b2"": 145}"
809077,IN16B097,False,2,2,True,"{""T3L:knee_extensor"": 12, ""T3L:root_sar"": 17}","{""T3L:knee_extensor"": 12, ""T3L:root_sar"": 17}"
809101,IN18B048,False,3,3,True,"{""T3L:root_sar"": 18, ""T3R:knee_extensor"": 18, ""T3R:root_sar"": 32}","{""T3L:root_sar"": 18, ""T3R:knee_extensor"": 18, ""T3R:root_sar"": 32}"
809104,IN20A.22A021,False,2,2,True,"{""T2R:knee_flexor"": 24, ""T2R:root_sar"": 13}","{""T2R:knee_flexor"": 24, ""T2R:root_sar"": 13}"
809106,IN06A057,False,2,2,True,"{""wing_b1"": 30, ""wing_b2"": 24}","{""wing_b1"": 30, ""wing_b2"": 24}"
809123,IN04B090,False,2,1,False,"{""T2R:root_pra"": 11, ""T2R:root_spr"": 11}","{""T2R:root_pra"": 11}"
809137,IN04B041,False,2,1,False,"{""T1R:root_pra"": 10, ""T1R:root_sar"": 18}","{""T1R:root_sar"": 18}"
809140,IN06A086,False,2,2,True,"{""wing_b1"": 28, ""wing_b2"": 74}","{""wing_b1"": 28, ""wing_b2"": 74}"
809153,IN16B061,False,3,3,True,"{""T1L:knee_flexor"": 58, ""T1L:root_sad"": 10, ""T1L:root_spr"": 19}","{""T1L:knee_flexor"": 58, ""T1L:root_sad"": 10, ""T1L:root_spr"": 19}"
809166,IN11A037_a,False,2,2,True,"{""wing_b1"": 65, ""wing_b2"": 100}","{""wing_b1"": 65, ""wing_b2"": 100}"
809167,IN18B038,False,2,1,False,"{""T2R:root_pra"": 16, ""T2R:root_spr"": 30}","{""T2R:root_pra"": 16}"
809183,IN08A031,False,2,1,False,"{""T2R:root_pra"": 71, ""T2R:root_spr"": 128}","{""T2R:root_pra"": 71}"
809197,SNpp37,False,2,2,True,"{""wing_b1"": 28, ""wing_b2"": 62}","{""wing_b1"": 28, ""wing_b2"": 62}"
809199,IN12A050_b,False,2,2,True,"{""wing_b1"": 133, ""wing_b2"": 57}","{""wing_b1"": 133, ""wing_b2"": 57}"
809220,IN20A.22A036,False,2,1,False,"{""T1R:knee_extensor"": 38, ""T1R:root_promotor"": 117}","{""T1R:root_promotor"": 63}"
809234,IN08A047,False,2,2,True,"{""T3L:root_pra"": 30, ""T3L:root_spr"": 484}","{""T3L:root_pra"": 30, ""T3L:root_spr"": 163}"
809236,IN03A046,False,2,2,True,"{""T1L:root_pra"": 60, ""T1L:root_spr"": 83}","{""T1L:root_pra"": 60, ""T1L:root_spr"": 83}"
809261,IN04B041,False,2,2,True,"{""T1L:root_pra"": 66, ""T1L:root_sar"": 13}","{""T1L:root_pra"": 66, ""T1L:root_sar"": 13}"
809272,IN12A050_b,False,2,2,True,"{""wing_b1"": 141, ""wing_b2"": 59}","{""wing_b1"": 141, ""wing_b2"": 59}"
809279,,False,2,2,True,"{""T3R:root_pra"": 12, ""T3R:root_sar"": 13}","{""T3R:root_pra"": 12, ""T3R:root_sar"": 13}"
809291,IN07B080,False,2,1,False,"{""T2R:knee_flexor"": 11, ""T2R:root_sar"": 13}","{""T2R:knee_flexor"": 11}"
809293,SNpp28,False,2,2,True,"{""wing_b1"": 62, ""wing_b2"": 35}","{""wing_b1"": 62, ""wing_b2"": 35}"
809322,IN16B105,False,2,2,True,"{""T3R:knee_extensor"": 17, ""T3R:root_pra"": 50}","{""T3R:knee_extensor"": 17, ""T3R:root_pra"": 50}"
809323,IN08A044,False,3,3,True,"{""T3L:root_pra"": 74, ""T3L:root_sad"": 25, ""T3L:root_spr"": 23}","{""T3L:root_pra"": 74, ""T3L:root_sad"": 25, ""T3L:root_spr"": 13}"
809325,IN03A069,False,2,2,True,"{""T1R:root_pra"": 29, ""T1R:root_promotor"": 56}","{""T1R:root_pra"": 29, ""T1R:root_promotor"": 20}"
809328,IN11A021,False,2,2,True,"{""wing_b1"": 94, ""wing_b2"": 36}","{""wing_b1"": 94, ""wing_b2"": 36}"
809330,SNpp28,False,2,2,True,"{""wing_b1"": 50, ""wing_b2"": 24}","{""wing_b1"": 50, ""wing_b2"": 24}"
809333,IN20A.22A067,False,2,2,True,"{""T1L:knee_flexor"": 27, ""T1L:root_sar"": 36}","{""T1L:knee_flexor"": 27, ""T1L:root_sar"": 36}"
809334,IN03B066,False,2,2,True,"{""wing_b1"": 117, ""wing_b2"": 65}","{""wing_b1"": 117, ""wing_b2"": 65}"
809369,IN07B086,False,2,2,True,"{""wing_b1"": 10, ""wing_b2"": 31}","{""wing_b1"": 10, ""wing_b2"": 31}"
809393,IN13A068,False,3,3,True,"{""T3R:root_pra"": 107, ""T3R:root_sad"": 38, ""T3R:root_spr"": 10}","{""T3R:root_pra"": 107, ""T3R:root_sad"": 38, ""T3R:root_spr"": 10}"
809394,IN16B070,False,2,1,False,"{""T1R:root_sar"": 11, ""T1R:root_spr"": 10}","{""T1R:root_spr"": 10}"
809395,IN01A042,False,3,3,True,"{""T3L:root_pra"": 92, ""T3R:knee_extensor"": 52, ""T3R:root_pra"": 48}","{""T3L:root_pra"": 92, ""T3R:knee_extensor"": 52, ""T3R:root_pra"": 48}"
809399,IN03B063,False,2,2,True,"{""wing_b1"": 87, ""wing_b2"": 76}","{""wing_b1"": 87, ""wing_b2"": 76}"
809427,IN08A032,False,2,2,True,"{""T2R:root_pra"": 156, ""T2R:root_spr"": 219}","{""T2R:root_pra"": 156, ""T2R:root_spr"": 87}"
809434,IN03B060,False,2,2,True,"{""wing_b1"": 15, ""wing_b2"": 21}","{""wing_b1"": 15, ""wing_b2"": 21}"
809440,IN08A026,False,2,2,True,"{""T2L:root_pra"": 124, ""T2L:root_spr"": 88}","{""T2L:root_pra"": 124, ""T2L:root_spr"": 88}"
809452,IN01A063_a,False,2,2,True,"{""T1L:knee_extensor"": 129, ""T1L:root_promotor"": 18}","{""T1L:knee_extensor"": 80, ""T1L:root_promotor"": 18}"
809464,IN19B054,False,2,1,False,"{""T1L:knee_extensor"": 16, ""T1L:root_promotor"": 10}","{""T1L:root_promotor"": 10}"
809471,IN16B105,False,2,2,True,"{""T3R:knee_extensor"": 44, ""T3R:root_pra"": 56}","{""T3R:knee_extensor"": 44, ""T3R:root_pra"": 56}"
809481,IN08A039,False,2,2,True,"{""T2L:root_pra"": 320, ""T2L:root_spr"": 81}","{""T2L:root_pra"": 320, ""T2L:root_spr"": 81}"
809496,IN11A028,False,2,2,True,"{""wing_b1"": 37, ""wing_b2"": 124}","{""wing_b1"": 37, ""wing_b2"": 124}"
809553,IN06A086,False,2,2,True,"{""wing_b1"": 31, ""wing_b2"": 51}","{""wing_b1"": 31, ""wing_b2"": 51}"
809555,IN06A032,False,2,2,True,"{""wing_b1"": 64, ""wing_b2"": 30}","{""wing_b1"": 64, ""wing_b2"": 30}"
809563,IN08A043,False,2,2,True,"{""T3R:root_pra"": 201, ""T3R:root_spr"": 91}","{""T3R:root_pra"": 201, ""T3R:root_spr"": 91}"
809596,IN13A042,False,2,2,True,"{""T1R:knee_extensor"": 43, ""T1R:root_promotor"": 156}","{""T1R:knee_extensor"": 11, ""T1R:root_promotor"": 93}"
809598,IN08A026,False,2,2,True,"{""T2R:root_pra"": 102, ""T2R:root_spr"": 250}","{""T2R:root_pra"": 102, ""T2R:root_spr"": 75}"
809603,IN06A042,False,2,2,True,"{""wing_b1"": 51, ""wing_b2"": 40}","{""wing_b1"": 51, ""wing_b2"": 40}"
809620,IN08A030,False,2,2,True,"{""T1L:root_pra"": 258, ""T1L:root_spr"": 71}","{""T1L:root_pra"": 258, ""T1L:root_spr"": 71}"
809630,SNpp28,False,2,2,True,"{""wing_b1"": 74, ""wing_b2"": 34}","{""wing_b1"": 74, ""wing_b2"": 34}"
809640,IN16B095,False,2,1,False,"{""T2L:knee_extensor"": 18, ""T2L:root_pra"": 134}","{""T2L:root_pra"": 134}"
809647,IN03A039,False,3,3,True,"{""T1R:knee_flexor"": 33, ""T1R:root_sar"": 10, ""T1R:root_spr"": 20}","{""T1R:knee_flexor"": 33, ""T1R:root_sar"": 10, ""T1R:root_spr"": 20}"
809650,IN06A022,False,2,2,True,"{""wing_b1"": 81, ""wing_b2"": 81}","{""wing_b1"": 81, ""wing_b2"": 81}"
809672,IN12A050_a,False,2,2,True,"{""wing_b1"": 77, ""wing_b2"": 73}","{""wing_b1"": 77, ""wing_b2"": 73}"
809683,IN08B090,False,2,1,False,"{""T2R:root_spr"": 17, ""T3R:root_pra"": 17}","{""T3R:root_pra"": 17}"
809685,IN03B066,False,2,2,True,"{""wing_b1"": 98, ""wing_b2"": 35}","{""wing_b1"": 98, ""wing_b2"": 35}"
809701,IN08A026,False,2,2,True,"{""T2R:root_pra"": 162, ""T2R:root_spr"": 147}","{""T2R:root_pra"": 162, ""T2R:root_spr"": 26}"
809716,IN16B105,False,2,1,False,"{""T3L:knee_flexor"": 10, ""T3L:root_pra"": 35}","{""T3L:root_pra"": 35}"
809751,IN13B074,False,2,2,True,"{""T3R:knee_extensor"": 28, ""T3R:root_sar"": 47}","{""T3R:knee_extensor"": 28, ""T3R:root_sar"": 47}"
809759,"IN20A.22A049,IN20A.22A067",False,2,2,True,"{""T1L:knee_flexor"": 29, ""T1L:root_sar"": 24}","{""T1L:knee_flexor"": 29, ""T1L:root_sar"": 24}"
809765,IN04B081,False,3,3,True,"{""T1L:root_promotor"": 38, ""T1L:root_sad"": 10, ""T1L:root_sar"": 124}","{""T1L:root_promotor"": 38, ""T1L:root_sad"": 10, ""T1L:root_sar"": 124}"
809777,IN16B090,False,2,2,True,"{""T2L:knee_extensor"": 127, ""T2L:knee_flexor"": 19}","{""T2L:knee_extensor"": 55, ""T2L:knee_flexor"": 19}"
809788,IN08A043,False,2,2,True,"{""T3L:root_pra"": 166, ""T3L:root_spr"": 51}","{""T3L:root_pra"": 166, ""T3L:root_spr"": 39}"
809809,IN16B061,False,2,1,False,"{""T1R:knee_extensor"": 11, ""T1R:root_spr"": 32}","{""T1R:root_spr"": 32}"
809815,IN03A069,False,2,2,True,"{""T1R:knee_extensor"": 10, ""T1R:root_promotor"": 24}","{""T1R:knee_extensor"": 10, ""T1R:root_promotor"": 13}"
809847,IN01A064,False,3,3,True,"{""T3R:knee_extensor"": 89, ""T3R:root_pra"": 31, ""T3R:root_sar"": 21}","{""T3R:knee_extensor"": 89, ""T3R:root_pra"": 31, ""T3R:root_sar"": 21}"
809850,IN16B083,False,3,2,True,"{""T2R:knee_extensor"": 35, ""T2R:root_pra"": 81, ""T2R:root_spr"": 12}","{""T2R:knee_extensor"": 12, ""T2R:root_pra"": 81}"
809853,SNpp38,False,2,2,True,"{""wing_b1"": 20, ""wing_b2"": 12}","{""wing_b1"": 20, ""wing_b2"": 12}"
809854,IN08A027,False,2,1,False,"{""T2R:root_pra"": 13, ""T2R:root_spr"": 19}","{""T2R:root_pra"": 13}"
809872,IN08A023,False,2,1,False,"{""T2R:root_pra"": 17, ""T2R:root_spr"": 37}","{""T2R:root_pra"": 17}"
809898,SNpp38,False,2,2,True,"{""wing_b1"": 34, ""wing_b2"": 14}","{""wing_b1"": 34, ""wing_b2"": 14}"
809905,SNpp28,False,2,2,True,"{""wing_b1"": 63, ""wing_b2"": 37}","{""wing_b1"": 63, ""wing_b2"": 37}"
809923,IN04B110,False,2,2,True,"{""T3L:root_pra"": 37, ""T3L:root_sar"": 20}","{""T3L:root_pra"": 37, ""T3L:root_sar"": 20}"
809930,SNpp28,False,2,2,True,"{""wing_b1"": 70, ""wing_b2"": 32}","{""wing_b1"": 70, ""wing_b2"": 32}"
809939,IN03B066,False,2,2,True,"{""wing_b1"": 90, ""wing_b2"": 45}","{""wing_b1"": 90, ""wing_b2"": 45}"
809949,IN08A043,False,3,3,True,"{""T3R:root_pra"": 295, ""T3R:root_sad"": 41, ""T3R:root_spr"": 39}","{""T3R:root_pra"": 295, ""T3R:root_sad"": 41, ""T3R:root_spr"": 39}"
809968,IN03A039,False,2,2,True,"{""T1R:knee_flexor"": 15, ""T1R:root_spr"": 30}","{""T1R:knee_flexor"": 15, ""T1R:root_spr"": 30}"
809981,IN18B041,False,2,2,True,"{""wing_b1"": 104, ""wing_b2"": 71}","{""wing_b1"": 104, ""wing_b2"": 71}"
809993,IN08B072,False,4,3,True,"{""T2R:root_pra"": 15, ""T2R:root_spr"": 27, ""T3R:root_pra"": 37, ""T3R:root_spr"": 13}","{""T2R:root_pra"": 15, ""T3R:root_pra"": 37, ""T3R:root_spr"": 13}"
810010,SNpp28,False,2,2,True,"{""wing_b1"": 55, ""wing_b2"": 42}","{""wing_b1"": 55, ""wing_b2"": 42}"
810034,IN08A032,False,2,2,True,"{""T2R:root_pra"": 135, ""T2R:root_spr"": 127}","{""T2R:root_pra"": 135, ""T2R:root_spr"": 36}"
810039,SNpp28,False,2,2,True,"{""wing_b1"": 75, ""wing_b2"": 41}","{""wing_b1"": 75, ""wing_b2"": 41}"
810046,IN04B081,False,3,3,True,"{""T1L:root_promotor"": 25, ""T1L:root_sad"": 18, ""T1L:root_sar"": 100}","{""T1L:root_promotor"": 25, ""T1L:root_sad"": 18, ""T1L:root_sar"": 100}"
810066,IN04B081,False,2,2,True,"{""T2R:root_sad"": 13, ""T2R:root_sar"": 159}","{""T2R:root_sad"": 13, ""T2R:root_sar"": 98}"
810101,IN08A026,False,2,2,True,"{""T2R:root_pra"": 118, ""T2R:root_spr"": 288}","{""T2R:root_pra"": 118, ""T2R:root_spr"": 98}"
810103,IN16B090,False,2,2,True,"{""T2L:knee_extensor"": 66, ""T2L:knee_flexor"": 13}","{""T2L:knee_extensor"": 18, ""T2L:knee_flexor"": 13}"
810128,IN07B073_a,False,2,1,False,"{""T2R:root_pra"": 12, ""T2R:root_spr"": 16}","{""T2R:root_pra"": 12}"
810134,IN08A027,False,2,2,True,"{""T2L:root_pra"": 11, ""T2L:root_spr"": 12}","{""T2L:root_pra"": 11, ""T2L:root_spr"": 12}"
810137,SNpp28,False,2,2,True,"{""wing_b1"": 64, ""wing_b2"": 29}","{""wing_b1"": 64, ""wing_b2"": 29}"
810140,IN06A022,False,2,2,True,"{""wing_b1"": 95, ""wing_b2"": 85}","{""wing_b1"": 95, ""wing_b2"": 85}"
810147,IN08A028,False,2,2,True,"{""T3R:root_pra"": 24, ""T3R:root_sar"": 15}","{""T3R:root_pra"": 24, ""T3R:root_sar"": 15}"
810155,IN08B092,False,3,3,True,"{""T2L:root_spr"": 19, ""T3L:root_pra"": 28, ""T3L:root_spr"": 47}","{""T2L:root_spr"": 19, ""T3L:root_pra"": 28, ""T3L:root_spr"": 18}"
810162,IN08A023,False,2,2,True,"{""T2L:root_pra"": 24, ""T2L:root_spr"": 47}","{""T2L:root_pra"": 24, ""T2L:root_spr"": 47}"
810217,SNpp28,False,2,2,True,"{""wing_b1"": 75, ""wing_b2"": 31}","{""wing_b1"": 75, ""wing_b2"": 31}"
810226,IN06B087,False,2,2,True,"{""wing_b1"": 125, ""wing_b2"": 61}","{""wing_b1"": 125, ""wing_b2"": 61}"
810257,IN08A049,False,2,2,True,"{""T2L:root_pra"": 52, ""T2L:root_spr"": 36}","{""T2L:root_pra"": 52, ""T2L:root_spr"": 36}"
810277,IN08A023,False,2,1,False,"{""T2R:root_pra"": 55, ""T2R:root_spr"": 91}","{""T2R:root_pra"": 55}"
810288,IN03A085,False,2,2,True,"{""T1L:root_pra"": 36, ""T1L:root_spr"": 30}","{""T1L:root_pra"": 36, ""T1L:root_spr"": 30}"
810311,SNpp28,False,2,2,True,"{""wing_b1"": 48, ""wing_b2"": 22}","{""wing_b1"": 48, ""wing_b2"": 22}"
810325,IN03A051,False,2,2,True,"{""T1R:root_promotor"": 18, ""T1R:root_sar"": 76}","{""T1R:root_promotor"": 18, ""T1R:root_sar"": 20}"
810328,IN08A045,False,2,2,True,"{""T3L:root_pra"": 10, ""T3L:root_spr"": 60}","{""T3L:root_pra"": 10, ""T3L:root_spr"": 23}"
810333,IN06A022,False,2,2,True,"{""wing_b1"": 110, ""wing_b2"": 89}","{""wing_b1"": 110, ""wing_b2"": 89}"
810337,"IN08A026,IN08A033",False,2,2,True,"{""T2L:root_pra"": 88, ""T2L:root_spr"": 78}","{""T2L:root_pra"": 88, ""T2L:root_spr"": 78}"
810353,IN03B066,False,2,2,True,"{""wing_b1"": 57, ""wing_b2"": 26}","{""wing_b1"": 57, ""wing_b2"": 26}"
810359,IN06A086,False,2,2,True,"{""wing_b1"": 25, ""wing_b2"": 78}","{""wing_b1"": 25, ""wing_b2"": 78}"
810381,IN12A058,False,2,2,True,"{""wing_b1"": 28, ""wing_b2"": 30}","{""wing_b1"": 28, ""wing_b2"": 30}"
810397,IN08A043,False,3,3,True,"{""T3R:root_pra"": 214, ""T3R:root_sad"": 31, ""T3R:root_spr"": 23}","{""T3R:root_pra"": 214, ""T3R:root_sad"": 31, ""T3R:root_spr"": 23}"
810408,IN16B064,False,2,2,True,"{""T1R:knee_extensor"": 62, ""T1R:root_promotor"": 25}","{""T1R:knee_extensor"": 35, ""T1R:root_promotor"": 12}"
810417,IN16B099,False,2,2,True,"{""wing_b1"": 21, ""wing_b2"": 93}","{""wing_b1"": 21, ""wing_b2"": 93}"
810435,SNpp34,False,2,2,True,"{""wing_b1"": 35, ""wing_b2"": 12}","{""wing_b1"": 35, ""wing_b2"": 12}"
810441,IN12A050_b,False,2,2,True,"{""wing_b1"": 164, ""wing_b2"": 82}","{""wing_b1"": 164, ""wing_b2"": 82}"
810472,IN03B066,False,2,2,True,"{""wing_b1"": 76, ""wing_b2"": 43}","{""wing_b1"": 76, ""wing_b2"": 43}"
810485,IN08A043,False,3,3,True,"{""T3L:root_pra"": 168, ""T3L:root_sad"": 20, ""T3L:root_spr"": 42}","{""T3L:root_pra"": 131, ""T3L:root_sad"": 20, ""T3L:root_spr"": 42}"
810486,IN03B060,False,2,2,True,"{""wing_b1"": 24, ""wing_b2"": 23}","{""wing_b1"": 24, ""wing_b2"": 23}"
810529,IN08A034,False,2,2,True,"{""T1R:root_pra"": 100, ""T1R:root_spr"": 13}","{""T1R:root_pra"": 50, ""T1R:root_spr"": 13}"
810530,IN03B063,False,2,2,True,"{""wing_b1"": 171, ""wing_b2"": 93}","{""wing_b1"": 171, ""wing_b2"": 93}"
810542,IN06A022,False,2,2,True,"{""wing_b1"": 91, ""wing_b2"": 98}","{""wing_b1"": 91, ""wing_b2"": 98}"
810570,IN03B062,False,2,2,True,"{""wing_b1"": 31, ""wing_b2"": 30}","{""wing_b1"": 31, ""wing_b2"": 30}"
810623,IN03A085,False,2,2,True,"{""T1R:root_pra"": 34, ""T1R:root_spr"": 11}","{""T1R:root_pra"": 34, ""T1R:root_spr"": 11}"
810658,IN20A.22A028,False,2,2,True,"{""T3R:root_pra"": 23, ""T3R:root_sar"": 25}","{""T3R:root_pra"": 23, ""T3R:root_sar"": 25}"
810668,IN16B094,False,2,1,False,"{""T1R:knee_extensor"": 14, ""T1R:root_spr"": 20}","{""T1R:root_spr"": 20}"
810676,IN03B072,False,2,2,True,"{""wing_b1"": 132, ""wing_b2"": 40}","{""wing_b1"": 132, ""wing_b2"": 40}"
810712,IN16B118,False,2,1,False,"{""T3L:root_pra"": 16, ""T3L:root_spr"": 13}","{""T3L:root_pra"": 16}"
810743,IN03B066,False,2,2,True,"{""wing_b1"": 63, ""wing_b2"": 33}","{""wing_b1"": 63, ""wing_b2"": 33}"
810745,SNpp28,False,2,2,True,"{""wing_b1"": 46, ""wing_b2"": 27}","{""wing_b1"": 46, ""wing_b2"": 27}"
810753,IN13A063,False,2,2,True,"{""T1R:knee_extensor"": 56, ""T1R:root_promotor"": 62}","{""T1R:knee_extensor"": 14, ""T1R:root_promotor"": 31}"
810761,IN13A068,False,3,3,True,"{""T3R:root_pra"": 107, ""T3R:root_sad"": 11, ""T3R:root_sar"": 31}","{""T3R:root_pra"": 107, ""T3R:root_sad"": 11, ""T3R:root_sar"": 31}"
810763,IN03A049,False,2,2,True,"{""T1R:knee_extensor"": 15, ""T1R:root_promotor"": 50}","{""T1R:knee_extensor"": 15, ""T1R:root_promotor"": 39}"
810813,IN04B015,False,2,2,True,"{""T1L:root_promotor"": 117, ""T1L:root_sar"": 29}","{""T1L:root_promotor"": 117, ""T1L:root_sar"": 29}"
810818,IN06A022,False,2,2,True,"{""wing_b1"": 79, ""wing_b2"": 74}","{""wing_b1"": 79, ""wing_b2"": 74}"
810837,"IN08A026,IN08A033",False,2,2,True,"{""T2L:root_pra"": 86, ""T2L:root_spr"": 21}","{""T2L:root_pra"": 86, ""T2L:root_spr"": 21}"
810838,IN12B040,False,3,3,True,"{""T3R:knee_extensor"": 73, ""T3R:root_pra"": 19, ""T3R:root_spr"": 76}","{""T3R:knee_extensor"": 73, ""T3R:root_pra"": 19, ""T3R:root_spr"": 76}"
810855,IN06A022,False,2,2,True,"{""wing_b1"": 86, ""wing_b2"": 60}","{""wing_b1"": 86, ""wing_b2"": 60}"
810857,IN04B081,False,2,2,True,"{""T1L:root_sad"": 12, ""T1L:root_sar"": 102}","{""T1L:root_sad"": 12, ""T1L:root_sar"": 102}"
810861,IN03A045,False,2,1,False,"{""T1L:knee_extensor"": 50, ""T1L:root_promotor"": 241}","{""T1L:root_promotor"": 241}"
810883,IN04B015,False,2,2,True,"{""T1R:root_promotor"": 107, ""T1R:root_sar"": 129}","{""T1R:root_promotor"": 64, ""T1R:root_sar"": 52}"
810944,IN06B087,False,2,2,True,"{""wing_b1"": 85, ""wing_b2"": 68}","{""wing_b1"": 85, ""wing_b2"": 68}"
810948,SNppxx,False,2,2,True,"{""T2R:root_pra"": 13, ""T2R:root_sar"": 202}","{""T2R:root_pra"": 13, ""T2R:root_sar"": 92}"
810992,IN03B066,False,2,2,True,"{""wing_b1"": 119, ""wing_b2"": 46}","{""wing_b1"": 119, ""wing_b2"": 46}"
810997,IN01A040,False,2,2,True,"{""T1L:knee_flexor"": 70, ""T1L:root_sar"": 25}","{""T1L:knee_flexor"": 70, ""T1L:root_sar"": 25}"
810999,IN08A039,False,2,2,True,"{""T2L:root_pra"": 253, ""T2L:root_spr"": 34}","{""T2L:root_pra"": 253, ""T2L:root_spr"": 34}"
811006,IN04B015,False,2,2,True,"{""T1R:root_promotor"": 104, ""T1R:root_sar"": 135}","{""T1R:root_promotor"": 57, ""T1R:root_sar"": 53}"
811025,IN13B084,False,2,2,True,"{""T2L:knee_extensor"": 24, ""T2L:root_sar"": 17}","{""T2L:knee_extensor"": 24, ""T2L:root_sar"": 17}"
811026,IN03B066,False,2,2,True,"{""wing_b1"": 82, ""wing_b2"": 35}","{""wing_b1"": 82, ""wing_b2"": 35}"
811040,IN12A050_a,False,2,2,True,"{""wing_b1"": 85, ""wing_b2"": 47}","{""wing_b1"": 85, ""wing_b2"": 47}"
811064,IN08A028,False,2,2,True,"{""T3R:root_pra"": 14, ""T3R:root_sar"": 22}","{""T3R:root_pra"": 14, ""T3R:root_sar"": 22}"
811073,IN06A022,False,2,2,True,"{""wing_b1"": 106, ""wing_b2"": 79}","{""wing_b1"": 106, ""wing_b2"": 79}"
811096,IN03A085,False,2,2,True,"{""T1L:root_pra"": 39, ""T1L:root_spr"": 24}","{""T1L:root_pra"": 39, ""T1L:root_spr"": 24}"
811115,IN08A030,False,2,2,True,"{""T1R:root_pra"": 220, ""T1R:root_spr"": 18}","{""T1R:root_pra"": 123, ""T1R:root_spr"": 18}"
811128,IN12B051,False,2,1,False,"{""T3L:root_spr"": 10, ""T3R:root_spr"": 44}","{""T3R:root_spr"": 44}"
811141,IN08B082,False,2,1,False,"{""T2R:root_spr"": 15, ""T3R:root_spr"": 12}","{""T3R:root_spr"": 12}"
811145,SNpp45,False,2,2,True,"{""T2R:root_pra"": 10, ""T2R:root_spr"": 14}","{""T2R:root_pra"": 10, ""T2R:root_spr"": 14}"
811153,IN20A.22A013,False,2,1,False,"{""T1R:root_promotor"": 16, ""T1R:root_sar"": 13}","{""T1R:root_promotor"": 16}"
811156,IN08A042,False,2,2,True,"{""T3R:root_pra"": 17, ""T3R:root_sar"": 10}","{""T3R:root_pra"": 17, ""T3R:root_sar"": 10}"
811175,GFC1,False,6,5,True,"{""T1L:knee_flexor"": 19, ""T1L:root_sar"": 19, ""T2L:knee_flexor"": 19, ""T2L:root_sar"": 11, ""T2L:root_spr"": 11, ""T3L:root_spr"": 10}","{""T1L:knee_flexor"": 19, ""T1L:root_sar"": 19, ""T2L:knee_flexor"": 19, ""T2L:root_sar"": 11, ""T2L:root_spr"": 11}"
811197,SNpp52,False,3,3,True,"{""T1R:root_promotor"": 21, ""T1R:root_sar"": 32, ""T1R:root_spr"": 58}","{""T1R:root_promotor"": 21, ""T1R:root_sar"": 15, ""T1R:root_spr"": 58}"
811206,,False,2,2,True,"{""T3L:knee_extensor"": 33, ""T3L:root_sar"": 17}","{""T3L:knee_extensor"": 33, ""T3L:root_sar"": 17}"
811211,IN03B061,False,2,2,True,"{""wing_b1"": 27, ""wing_b2"": 22}","{""wing_b1"": 27, ""wing_b2"": 22}"
811214,IN03A065,False,3,2,True,"{""T1L:knee_extensor"": 10, ""T1L:root_pra"": 26, ""T1L:root_spr"": 19}","{""T1L:root_pra"": 26, ""T1L:root_spr"": 19}"
811226,IN08A026,False,2,2,True,"{""T2R:root_pra"": 139, ""T2R:root_spr"": 105}","{""T2R:root_pra"": 139, ""T2R:root_spr"": 17}"
811238,IN03B061,False,2,2,True,"{""wing_b1"": 43, ""wing_b2"": 22}","{""wing_b1"": 43, ""wing_b2"": 22}"
811252,IN06A022,False,2,2,True,"{""wing_b1"": 66, ""wing_b2"": 70}","{""wing_b1"": 66, ""wing_b2"": 70}"
811267,IN16B082,False,2,1,False,"{""T1L:knee_extensor"": 10, ""T1L:root_promotor"": 24}","{""T1L:root_promotor"": 24}"
811281,IN12A050_b,False,2,2,True,"{""wing_b1"": 105, ""wing_b2"": 63}","{""wing_b1"": 105, ""wing_b2"": 63}"
811288,IN03A051,False,2,2,True,"{""T1L:root_promotor"": 13, ""T1L:root_sar"": 113}","{""T1L:root_promotor"": 13, ""T1L:root_sar"": 113}"
811324,IN16B091,False,2,2,True,"{""T1L:knee_extensor"": 79, ""T1L:root_promotor"": 35}","{""T1L:knee_extensor"": 24, ""T1L:root_promotor"": 35}"
811332,IN12B051,False,2,2,True,"{""T3L:root_spr"": 29, ""T3R:root_spr"": 16}","{""T3L:root_spr"": 18, ""T3R:root_spr"": 16}"
811352,IN03B061,False,2,2,True,"{""wing_b1"": 25, ""wing_b2"": 13}","{""wing_b1"": 25, ""wing_b2"": 13}"
811364,IN03B060,False,2,2,True,"{""wing_b1"": 17, ""wing_b2"": 39}","{""wing_b1"": 17, ""wing_b2"": 39}"
811402,IN16B077,False,2,1,False,"{""T1L:knee_extensor"": 65, ""T2L:knee_extensor"": 10}","{""T1L:knee_extensor"": 18}"
811403,IN03A069,False,2,1,False,"{""T1R:knee_extensor"": 11, ""T1R:root_promotor"": 48}","{""T1R:root_promotor"": 29}"
811411,IN16B097,False,2,2,True,"{""T1L:root_promotor"": 14, ""T1L:root_sar"": 37}","{""T1L:root_promotor"": 14, ""T1L:root_sar"": 37}"
811412,IN03B060,False,2,2,True,"{""wing_b1"": 19, ""wing_b2"": 36}","{""wing_b1"": 19, ""wing_b2"": 36}"
811421,IN01A071,False,2,2,True,"{""T3R:knee_extensor"": 17, ""T3R:root_sar"": 21}","{""T3R:knee_extensor"": 17, ""T3R:root_sar"": 21}"
811441,IN16B075,False,2,2,True,"{""T1R:knee_extensor"": 39, ""T1R:root_promotor"": 12}","{""T1R:knee_extensor"": 27, ""T1R:root_promotor"": 12}"
811454,IN13A068,False,2,2,True,"{""T3R:root_pra"": 173, ""T3R:root_sad"": 22}","{""T3R:root_pra"": 173, ""T3R:root_sad"": 22}"
811455,IN20A.22A028,False,2,1,False,"{""T1R:root_sar"": 20, ""T1R:root_spr"": 19}","{""T1R:root_spr"": 19}"
811482,IN03B061,False,2,2,True,"{""wing_b1"": 47, ""wing_b2"": 25}","{""wing_b1"": 47, ""wing_b2"": 25}"
811503,IN13A065,False,2,2,True,"{""T2L:root_pra"": 81, ""T2L:root_sar"": 28}","{""T2L:root_pra"": 81, ""T2L:root_sar"": 28}"
811522,IN08B082,False,2,2,True,"{""T3L:root_pra"": 10, ""T3L:root_spr"": 31}","{""T3L:root_pra"": 10, ""T3L:root_spr"": 21}"
811549,IN06A124,False,2,2,True,"{""wing_b1"": 28, ""wing_b2"": 32}","{""wing_b1"": 28, ""wing_b2"": 32}"
811560,IN16B099,False,2,2,True,"{""wing_b1"": 17, ""wing_b2"": 59}","{""wing_b1"": 17, ""wing_b2"": 59}"
811598,IN06A124,False,2,2,True,"{""wing_b1"": 14, ""wing_b2"": 13}","{""wing_b1"": 14, ""wing_b2"": 13}"
811646,IN16B091,False,2,2,True,"{""T1L:knee_extensor"": 122, ""T1L:root_promotor"": 50}","{""T1L:knee_extensor"": 41, ""T1L:root_promotor"": 50}"
811648,IN16B077,False,2,2,True,"{""T1R:knee_extensor"": 41, ""T2R:knee_extensor"": 16}","{""T1R:knee_extensor"": 18, ""T2R:knee_extensor"": 16}"
811669,IN08B076,False,3,3,True,"{""T2R:root_spr"": 79, ""T3R:root_pra"": 38, ""T3R:root_spr"": 61}","{""T2R:root_spr"": 32, ""T3R:root_pra"": 38, ""T3R:root_spr"": 61}"
811679,IN13B093,False,2,2,True,"{""T1L:root_sad"": 13, ""T1L:root_sar"": 11}","{""T1L:root_sad"": 13, ""T1L:root_sar"": 11}"
811726,IN08A026,False,2,2,True,"{""T2L:root_pra"": 189, ""T2L:root_spr"": 13}","{""T2L:root_pra"": 189, ""T2L:root_spr"": 13}"
811741,SNpp52,False,3,3,True,"{""T1L:root_pra"": 56, ""T1L:root_sad"": 14, ""T1L:root_spr"": 23}","{""T1L:root_pra"": 56, ""T1L:root_sad"": 14, ""T1L:root_spr"": 23}"
811757,IN03A065,False,2,2,True,"{""T1R:root_pra"": 57, ""T1R:root_spr"": 14}","{""T1R:root_pra"": 39, ""T1R:root_spr"": 14}"
811775,IN06A124,False,2,2,True,"{""wing_b1"": 19, ""wing_b2"": 16}","{""wing_b1"": 19, ""wing_b2"": 16}"
811839,IN08A026,False,2,2,True,"{""T2L:root_pra"": 210, ""T2L:root_spr"": 11}","{""T2L:root_pra"": 210, ""T2L:root_spr"": 11}"
811865,"IN08A026,IN08A033",False,2,2,True,"{""T2R:root_pra"": 85, ""T2R:root_spr"": 37}","{""T2R:root_pra"": 85, ""T2R:root_spr"": 13}"
811870,IN08B092,False,3,2,True,"{""T2R:root_spr"": 21, ""T3R:root_pra"": 16, ""T3R:root_spr"": 18}","{""T3R:root_pra"": 16, ""T3R:root_spr"": 18}"
811875,SNpp34,False,2,2,True,"{""wing_b1"": 23, ""wing_b2"": 13}","{""wing_b1"": 23, ""wing_b2"": 13}"
811896,IN16B099,False,2,2,True,"{""wing_b1"": 20, ""wing_b2"": 78}","{""wing_b1"": 20, ""wing_b2"": 78}"
811943,SApp,False,2,2,True,"{""wing_b1"": 12, ""wing_b2"": 13}","{""wing_b1"": 12, ""wing_b2"": 13}"
811964,IN18B048,False,4,4,True,"{""T3L:root_sad"": 26, ""T3L:root_sar"": 22, ""T3R:root_sad"": 10, ""T3R:root_sar"": 15}","{""T3L:root_sad"": 26, ""T3L:root_sar"": 22, ""T3R:root_sad"": 10, ""T3R:root_sar"": 15}"
812004,IN03A051,False,2,2,True,"{""T1R:root_promotor"": 16, ""T1R:root_sar"": 79}","{""T1R:root_promotor"": 16, ""T1R:root_sar"": 35}"
812036,IN03A084,False,2,1,False,"{""T1L:root_pra"": 34, ""T1L:root_spr"": 37}","{""T1L:root_pra"": 34}"
812084,IN06B028,False,11,9,True,"{""T1L:knee_extensor"": 15, ""T1L:root_promotor"": 11, ""T1R:knee_extensor"": 15, ""T1R:root_promotor"": 22, ""T2L:knee_extensor"": 14, ""T2L:root_sad"": 13, ""T2L:root_sar"": 26, ""T2R:root_sar"": 22, ""T3R:knee_extensor"": 13, ""T3R:root_pra"": 11, ""T3R:root_sar"": 31}","{""T1L:root_promotor"": 11, ""T1R:knee_extensor"": 15, ""T1R:root_promotor"": 22, ""T2L:knee_extensor"": 14, ""T2L:root_sar"": 26, ""T2R:root_sar"": 22, ""T3R:knee_extensor"": 13, ""T3R:root_pra"": 11, ""T3R:root_sar"": 31}"
812085,IN06A057,False,2,2,True,"{""wing_b1"": 21, ""wing_b2"": 17}","{""wing_b1"": 21, ""wing_b2"": 17}"
812136,IN03B060,False,2,2,True,"{""wing_b1"": 33, ""wing_b2"": 34}","{""wing_b1"": 33, ""wing_b2"": 34}"
812153,IN13A068,False,2,2,True,"{""T3R:root_pra"": 186, ""T3R:root_sad"": 17}","{""T3R:root_pra"": 186, ""T3R:root_sad"": 17}"
812166,IN13B089,False,2,2,True,"{""T3R:knee_extensor"": 54, ""T3R:root_sar"": 13}","{""T3R:knee_extensor"": 54, ""T3R:root_sar"": 13}"
812173,IN06A022,False,2,2,True,"{""wing_b1"": 73, ""wing_b2"": 74}","{""wing_b1"": 73, ""wing_b2"": 74}"
812181,IN08A034,False,2,2,True,"{""T1R:root_pra"": 82, ""T1R:root_spr"": 11}","{""T1R:root_pra"": 35, ""T1R:root_spr"": 11}"
812184,IN03B060,False,2,2,True,"{""wing_b1"": 11, ""wing_b2"": 34}","{""wing_b1"": 11, ""wing_b2"": 34}"
812201,IN03B066,False,2,2,True,"{""wing_b1"": 61, ""wing_b2"": 29}","{""wing_b1"": 61, ""wing_b2"": 29}"
812228,SNpp41,False,2,2,True,"{""T3R:knee_extensor"": 19, ""T3R:root_pra"": 12}","{""T3R:knee_extensor"": 19, ""T3R:root_pra"": 12}"
812241,IN16B061,False,2,1,False,"{""T1R:knee_extensor"": 19, ""T1R:root_spr"": 47}","{""T1R:root_spr"": 47}"
812272,IN03B060,False,2,2,True,"{""wing_b1"": 20, ""wing_b2"": 24}","{""wing_b1"": 20, ""wing_b2"": 24}"
812297,GFC4,False,2,1,False,"{""T1R:knee_flexor"": 20, ""T1R:root_sar"": 25}","{""T1R:knee_flexor"": 20}"
812309,IN06B047,False,2,2,True,"{""wing_b1"": 53, ""wing_b2"": 73}","{""wing_b1"": 53, ""wing_b2"": 73}"
812323,IN13A068,False,2,2,True,"{""T3L:root_pra"": 101, ""T3L:root_sad"": 38}","{""T3L:root_pra"": 101, ""T3L:root_sad"": 38}"
812330,IN19A032,False,5,4,True,"{""T1R:root_sar"": 16, ""T2R:root_sar"": 41, ""T3R:root_sar"": 53, ""T3R:root_spr"": 27, ""wing_b2"": 50}","{""T2R:root_sar"": 41, ""T3R:root_sar"": 53, ""T3R:root_spr"": 27, ""wing_b2"": 50}"
812344,IN01A064,False,3,3,True,"{""T3L:knee_extensor"": 24, ""T3L:root_pra"": 16, ""T3L:root_sar"": 24}","{""T3L:knee_extensor"": 24, ""T3L:root_pra"": 16, ""T3L:root_sar"": 24}"
812412,IN08A034,False,2,2,True,"{""T1L:root_pra"": 127, ""T1L:root_spr"": 17}","{""T1L:root_pra"": 127, ""T1L:root_spr"": 17}"
812451,IN03B063,False,2,2,True,"{""wing_b1"": 102, ""wing_b2"": 58}","{""wing_b1"": 102, ""wing_b2"": 58}"
812465,IN03A066,False,2,2,True,"{""T1L:root_pra"": 157, ""T1L:root_spr"": 67}","{""T1L:root_pra"": 157, ""T1L:root_spr"": 22}"
812476,IN03B072,False,2,2,True,"{""wing_b1"": 125, ""wing_b2"": 26}","{""wing_b1"": 125, ""wing_b2"": 26}"
812482,IN06A127,False,2,2,True,"{""wing_b1"": 15, ""wing_b2"": 63}","{""wing_b1"": 15, ""wing_b2"": 63}"
812519,IN13A068,False,2,2,True,"{""T3L:root_pra"": 115, ""T3L:root_sad"": 16}","{""T3L:root_pra"": 100, ""T3L:root_sad"": 16}"
812563,IN16B097,False,2,2,True,"{""T1R:root_promotor"": 18, ""T1R:root_sar"": 71}","{""T1R:root_promotor"": 18, ""T1R:root_sar"": 18}"
812596,SApp,False,2,2,True,"{""wing_b1"": 14, ""wing_b2"": 23}","{""wing_b1"": 14, ""wing_b2"": 23}"
812612,IN03B072,False,2,2,True,"{""wing_b1"": 109, ""wing_b2"": 34}","{""wing_b1"": 109, ""wing_b2"": 34}"
812616,IN13A062,False,2,2,True,"{""T2L:root_pra"": 140, ""T2L:root_spr"": 11}","{""T2L:root_pra"": 140, ""T2L:root_spr"": 11}"
812620,IN13A037,False,2,1,False,"{""T1R:root_promotor"": 79, ""T1R:root_sar"": 44}","{""T1R:root_promotor"": 27}"
812644,IN06A022,False,2,2,True,"{""wing_b1"": 100, ""wing_b2"": 74}","{""wing_b1"": 100, ""wing_b2"": 74}"
812668,IN20A.22A026,False,2,2,True,"{""T1L:root_sar"": 85, ""T1L:root_spr"": 11}","{""T1L:root_sar"": 85, ""T1L:root_spr"": 11}"
812672,IN12B050,False,2,1,False,"{""T2L:root_spr"": 21, ""T2R:root_spr"": 21}","{""T2L:root_spr"": 21}"
812720,IN08A034,False,2,2,True,"{""T1L:root_pra"": 121, ""T1L:root_spr"": 31}","{""T1L:root_pra"": 121, ""T1L:root_spr"": 31}"
812753,IN08A043,False,2,2,True,"{""T2L:root_pra"": 292, ""T2L:root_spr"": 10}","{""T2L:root_pra"": 292, ""T2L:root_spr"": 10}"
812777,IN20A.22A023,False,2,2,True,"{""T1L:knee_flexor"": 53, ""T1L:root_promotor"": 44}","{""T1L:knee_flexor"": 53, ""T1L:root_promotor"": 44}"
812799,IN12B050,False,2,2,True,"{""T2L:root_spr"": 18, ""T2R:root_spr"": 57}","{""T2L:root_spr"": 18, ""T2R:root_spr"": 18}"
812818,IN12B045,False,2,2,True,"{""T2L:root_spr"": 26, ""T2R:root_spr"": 35}","{""T2L:root_spr"": 26, ""T2R:root_spr"": 13}"
812837,IN08A034,False,2,2,True,"{""T1R:root_pra"": 137, ""T1R:root_spr"": 10}","{""T1R:root_pra"": 72, ""T1R:root_spr"": 10}"
812852,IN08A034,False,2,2,True,"{""T1R:root_pra"": 99, ""T1R:root_spr"": 32}","{""T1R:root_pra"": 63, ""T1R:root_spr"": 32}"
812935,SNpp37,False,2,2,True,"{""wing_b1"": 17, ""wing_b2"": 27}","{""wing_b1"": 17, ""wing_b2"": 27}"
812944,IN08A049,False,2,2,True,"{""T2R:root_pra"": 63, ""T2R:root_spr"": 84}","{""T2R:root_pra"": 63, ""T2R:root_spr"": 16}"
812945,IN16B061,False,3,3,True,"{""T1L:knee_flexor"": 10, ""T1L:root_sad"": 13, ""T1L:root_spr"": 30}","{""T1L:knee_flexor"": 10, ""T1L:root_sad"": 13, ""T1L:root_spr"": 30}"
812963,GFC4,False,2,2,True,"{""T1L:knee_flexor"": 18, ""T1L:root_sar"": 20}","{""T1L:knee_flexor"": 18, ""T1L:root_sar"": 20}"
813018,IN04B081,False,2,1,False,"{""T1R:root_promotor"": 10, ""T1R:root_sar"": 103}","{""T1R:root_sar"": 49}"
813029,IN03A084,False,3,2,True,"{""T1L:knee_extensor"": 32, ""T1L:knee_flexor"": 10, ""T1L:root_promotor"": 19}","{""T1L:knee_flexor"": 10, ""T1L:root_promotor"": 19}"
813080,IN08A044,False,3,3,True,"{""T3R:root_pra"": 102, ""T3R:root_sad"": 11, ""T3R:root_spr"": 16}","{""T3R:root_pra"": 102, ""T3R:root_sad"": 11, ""T3R:root_spr"": 16}"
813083,SNpp45,False,2,2,True,"{""T1L:root_pra"": 59, ""T1L:root_spr"": 36}","{""T1L:root_pra"": 59, ""T1L:root_spr"": 17}"
813087,IN08A026,False,2,2,True,"{""T2R:root_pra"": 138, ""T2R:root_spr"": 30}","{""T2R:root_pra"": 138, ""T2R:root_spr"": 30}"
813142,IN03B060,False,2,2,True,"{""wing_b1"": 17, ""wing_b2"": 40}","{""wing_b1"": 17, ""wing_b2"": 40}"
813147,SNpp41,False,3,3,True,"{""T3R:knee_extensor"": 17, ""T3R:root_pra"": 10, ""T3R:root_sar"": 10}","{""T3R:knee_extensor"": 17, ""T3R:root_pra"": 10, ""T3R:root_sar"": 10}"
813150,IN12B045,False,2,2,True,"{""T2L:root_spr"": 25, ""T2R:root_spr"": 77}","{""T2L:root_spr"": 25, ""T2R:root_spr"": 32}"
813153,IN11A031,False,2,2,True,"{""wing_b1"": 30, ""wing_b2"": 74}","{""wing_b1"": 30, ""wing_b2"": 74}"
813199,IN08A026,False,2,2,True,"{""T2R:root_pra"": 80, ""T2R:root_spr"": 59}","{""T2R:root_pra"": 80, ""T2R:root_spr"": 19}"
813247,IN03B063,False,2,2,True,"{""wing_b1"": 90, ""wing_b2"": 63}","{""wing_b1"": 90, ""wing_b2"": 63}"
813257,IN13A068,False,2,2,True,"{""T3R:root_pra"": 129, ""T3R:root_sad"": 55}","{""T3R:root_pra"": 129, ""T3R:root_sad"": 55}"
813286,SNpp50,False,2,2,True,"{""T3R:knee_extensor"": 14, ""T3R:knee_flexor"": 10}","{""T3R:knee_extensor"": 14, ""T3R:knee_flexor"": 10}"
813311,IN08A030,False,2,2,True,"{""T1L:root_pra"": 84, ""T1L:root_spr"": 102}","{""T1L:root_pra"": 84, ""T1L:root_spr"": 28}"
813323,IN08A039,False,2,2,True,"{""T2R:root_pra"": 135, ""T2R:root_spr"": 37}","{""T2R:root_pra"": 135, ""T2R:root_spr"": 19}"
813433,IN13A068,False,2,2,True,"{""T3L:root_pra"": 114, ""T3L:root_sad"": 26}","{""T3L:root_pra"": 94, ""T3L:root_sad"": 26}"
813442,IN08A036,False,2,2,True,"{""T1L:root_pra"": 22, ""T1L:root_spr"": 85}","{""T1L:root_pra"": 22, ""T1L:root_spr"": 85}"
813452,IN01A082,False,2,2,True,"{""T3R:root_pra"": 42, ""T3R:root_spr"": 11}","{""T3R:root_pra"": 42, ""T3R:root_spr"": 11}"
813538,IN03A055,False,3,3,True,"{""T3R:root_pra"": 52, ""T3R:root_sad"": 11, ""T3R:root_sar"": 16}","{""T3R:root_pra"": 52, ""T3R:root_sad"": 11, ""T3R:root_sar"": 16}"
813606,IN03B060,False,2,2,True,"{""wing_b1"": 24, ""wing_b2"": 18}","{""wing_b1"": 24, ""wing_b2"": 18}"
813632,IN20A.22A026,False,2,2,True,"{""T1R:root_sar"": 53, ""T1R:root_spr"": 11}","{""T1R:root_sar"": 20, ""T1R:root_spr"": 11}"
813684,IN08B054,False,2,1,False,"{""T3L:knee_flexor"": 17, ""T3L:root_spr"": 10}","{""T3L:knee_flexor"": 17}"
813697,IN13B075,False,3,3,True,"{""T1L:knee_flexor"": 11, ""T1L:root_promotor"": 61, ""T1L:root_sar"": 30}","{""T1L:knee_flexor"": 11, ""T1L:root_promotor"": 61, ""T1L:root_sar"": 30}"
813787,IN13B084,False,2,2,True,"{""T2R:knee_extensor"": 34, ""T2R:root_sar"": 47}","{""T2R:knee_extensor"": 34, ""T2R:root_sar"": 13}"
813790,IN03B060,False,2,2,True,"{""wing_b1"": 12, ""wing_b2"": 30}","{""wing_b1"": 12, ""wing_b2"": 30}"
813823,IN03A066,False,2,2,True,"{""T1R:root_pra"": 96, ""T1R:root_spr"": 30}","{""T1R:root_pra"": 39, ""T1R:root_spr"": 30}"
813841,"IN06A126,IN06A137",False,2,2,True,"{""wing_b1"": 45, ""wing_b2"": 37}","{""wing_b1"": 45, ""wing_b2"": 37}"
813849,IN03B060,False,2,2,True,"{""wing_b1"": 20, ""wing_b2"": 17}","{""wing_b1"": 20, ""wing_b2"": 17}"
813867,IN08A045,False,2,2,True,"{""T3L:root_pra"": 13, ""T3L:root_spr"": 64}","{""T3L:root_pra"": 13, ""T3L:root_spr"": 23}"
813931,IN03A051,False,2,2,True,"{""T1L:knee_flexor"": 13, ""T1L:root_sar"": 74}","{""T1L:knee_flexor"": 13, ""T1L:root_sar"": 74}"
813943,IN13A068,False,2,2,True,"{""T3L:root_pra"": 93, ""T3L:root_sad"": 37}","{""T3L:root_pra"": 93, ""T3L:root_sad"": 37}"
813959,SNpp28,False,2,2,True,"{""wing_b1"": 62, ""wing_b2"": 21}","{""wing_b1"": 62, ""wing_b2"": 21}"
813987,IN13A065,False,2,2,True,"{""T2R:root_pra"": 89, ""T2R:root_sar"": 15}","{""T2R:root_pra"": 89, ""T2R:root_sar"": 15}"
813989,SNpp34,False,2,2,True,"{""wing_b1"": 16, ""wing_b2"": 10}","{""wing_b1"": 16, ""wing_b2"": 10}"
814079,IN08B082,False,3,2,True,"{""T2R:root_spr"": 12, ""T3R:root_pra"": 12, ""T3R:root_spr"": 20}","{""T3R:root_pra"": 12, ""T3R:root_spr"": 20}"
814156,IN08A030,False,2,2,True,"{""T1L:root_pra"": 54, ""T1L:root_spr"": 106}","{""T1L:root_pra"": 54, ""T1L:root_spr"": 85}"
814200,IN08A049,False,2,2,True,"{""T1L:root_pra"": 26, ""T1L:root_spr"": 52}","{""T1L:root_pra"": 26, ""T1L:root_spr"": 21}"
814234,IN03B060,False,2,2,True,"{""wing_b1"": 13, ""wing_b2"": 26}","{""wing_b1"": 13, ""wing_b2"": 26}"
814314,IN03B072,False,2,2,True,"{""wing_b1"": 120, ""wing_b2"": 18}","{""wing_b1"": 120, ""wing_b2"": 18}"
814321,IN03B072,False,2,2,True,"{""wing_b1"": 124, ""wing_b2"": 20}","{""wing_b1"": 124, ""wing_b2"": 20}"
814411,IN08A026,False,2,2,True,"{""T1L:root_pra"": 72, ""T1L:root_spr"": 96}","{""T1L:root_pra"": 72, ""T1L:root_spr"": 96}"
814436,IN03B072,False,2,2,True,"{""wing_b1"": 93, ""wing_b2"": 25}","{""wing_b1"": 93, ""wing_b2"": 25}"
814451,IN20A.22A008,False,4,3,True,"{""T1R:knee_flexor"": 20, ""T1R:root_sad"": 12, ""T1R:root_sar"": 23, ""T1R:root_spr"": 12}","{""T1R:knee_flexor"": 20, ""T1R:root_sad"": 12, ""T1R:root_spr"": 12}"
814465,IN11A031,False,2,2,True,"{""wing_b1"": 29, ""wing_b2"": 57}","{""wing_b1"": 29, ""wing_b2"": 57}"
814501,SNpp25,False,2,2,True,"{""wing_b1"": 27, ""wing_b2"": 16}","{""wing_b1"": 27, ""wing_b2"": 16}"
814521,IN03B060,False,2,2,True,"{""wing_b1"": 21, ""wing_b2"": 10}","{""wing_b1"": 21, ""wing_b2"": 10}"
814530,IN06A124,False,2,2,True,"{""wing_b1"": 30, ""wing_b2"": 14}","{""wing_b1"": 30, ""wing_b2"": 14}"
814583,IN03B063,False,2,2,True,"{""wing_b1"": 54, ""wing_b2"": 52}","{""wing_b1"": 54, ""wing_b2"": 52}"
814616,IN08A047,False,2,2,True,"{""T3R:root_sad"": 10, ""T3R:root_spr"": 197}","{""T3R:root_sad"": 10, ""T3R:root_spr"": 197}"
814625,IN19A005,False,2,2,True,"{""T3R:knee_extensor"": 601, ""T3R:root_sar"": 10}","{""T3R:knee_extensor"": 601, ""T3R:root_sar"": 10}"
814667,IN03B060,False,2,2,True,"{""wing_b1"": 23, ""wing_b2"": 10}","{""wing_b1"": 23, ""wing_b2"": 10}"
814690,IN03B072,False,2,2,True,"{""wing_b1"": 77, ""wing_b2"": 22}","{""wing_b1"": 77, ""wing_b2"": 22}"
814711,IN03B061,False,2,2,True,"{""wing_b1"": 37, ""wing_b2"": 16}","{""wing_b1"": 37, ""wing_b2"": 16}"
814714,IN06B087,False,2,2,True,"{""wing_b1"": 61, ""wing_b2"": 42}","{""wing_b1"": 61, ""wing_b2"": 42}"
814784,IN20A.22A007,False,2,2,True,"{""T1L:knee_extensor"": 122, ""T1L:root_promotor"": 16}","{""T1L:knee_extensor"": 34, ""T1L:root_promotor"": 16}"
814852,IN03B063,False,2,2,True,"{""wing_b1"": 70, ""wing_b2"": 48}","{""wing_b1"": 70, ""wing_b2"": 48}"
815005,IN06B087,False,2,2,True,"{""wing_b1"": 55, ""wing_b2"": 44}","{""wing_b1"": 55, ""wing_b2"": 44}"
815121,IN13B098,False,2,2,True,"{""T3R:knee_flexor"": 11, ""T3R:root_sar"": 14}","{""T3R:knee_flexor"": 11, ""T3R:root_sar"": 14}"
815168,SNppxx,False,2,2,True,"{""T3L:root_pra"": 12, ""T3L:root_sar"": 17}","{""T3L:root_pra"": 12, ""T3L:root_sar"": 17}"
815201,IN03B073,False,2,2,True,"{""wing_b1"": 10, ""wing_b2"": 18}","{""wing_b1"": 10, ""wing_b2"": 18}"
815250,SNtaxx,False,2,2,True,"{""T3L:root_pra"": 11, ""T3L:root_sar"": 15}","{""T3L:root_pra"": 11, ""T3L:root_sar"": 15}"
815288,IN01A082,False,2,2,True,"{""T3R:knee_extensor"": 27, ""T3R:root_pra"": 45}","{""T3R:knee_extensor"": 27, ""T3R:root_pra"": 45}"
815436,IN03B072,False,2,2,True,"{""wing_b1"": 101, ""wing_b2"": 25}","{""wing_b1"": 101, ""wing_b2"": 25}"
815509,SNpp34,False,2,2,True,"{""wing_b1"": 24, ""wing_b2"": 11}","{""wing_b1"": 24, ""wing_b2"": 11}"
815542,IN01A082,False,2,1,False,"{""T3L:root_pra"": 31, ""T3L:root_spr"": 10}","{""T3L:root_pra"": 31}"
815564,IN11A043,False,2,2,True,"{""T3L:root_pra"": 14, ""T3L:root_spr"": 15}","{""T3L:root_pra"": 14, ""T3L:root_spr"": 15}"
815782,IN04B026,False,2,2,True,"{""T1R:root_promotor"": 13, ""T1R:root_sar"": 24}","{""T1R:root_promotor"": 13, ""T1R:root_sar"": 13}"
815819,IN20A.22A088,False,2,2,True,"{""T3R:root_pra"": 20, ""T3R:root_sar"": 10}","{""T3R:root_pra"": 20, ""T3R:root_sar"": 10}"
815843,SNpp51,False,2,2,True,"{""T1L:knee_flexor"": 21, ""T1L:root_promotor"": 32}","{""T1L:knee_flexor"": 21, ""T1L:root_promotor"": 32}"
815847,IN03B072,False,2,2,True,"{""wing_b1"": 100, ""wing_b2"": 15}","{""wing_b1"": 100, ""wing_b2"": 15}"
815965,"IN06A126,IN06A137",False,2,2,True,"{""wing_b1"": 32, ""wing_b2"": 26}","{""wing_b1"": 32, ""wing_b2"": 26}"
816013,IN04B066,False,2,2,True,"{""T1L:knee_extensor"": 61, ""T1L:knee_flexor"": 10}","{""T1L:knee_extensor"": 14, ""T1L:knee_flexor"": 10}"
816014,"IN06A126,IN06A137",False,2,2,True,"{""wing_b1"": 34, ""wing_b2"": 17}","{""wing_b1"": 34, ""wing_b2"": 17}"
816119,IN16B061,False,3,3,True,"{""T1R:root_sad"": 15, ""T1R:root_sar"": 17, ""T1R:root_spr"": 50}","{""T1R:root_sad"": 15, ""T1R:root_sar"": 17, ""T1R:root_spr"": 50}"
816120,"IN06A126,IN06A137",False,2,2,True,"{""wing_b1"": 16, ""wing_b2"": 19}","{""wing_b1"": 16, ""wing_b2"": 19}"
816201,IN01A038,False,2,2,True,"{""T3L:knee_extensor"": 31, ""T3L:root_pra"": 14}","{""T3L:knee_extensor"": 31, ""T3L:root_pra"": 14}"
816366,SNppxx,False,2,2,True,"{""T3R:root_pra"": 39, ""T3R:root_sar"": 26}","{""T3R:root_pra"": 39, ""T3R:root_sar"": 26}"
816375,IN08A026,False,2,2,True,"{""T2R:root_pra"": 181, ""T2R:root_spr"": 18}","{""T2R:root_pra"": 181, ""T2R:root_spr"": 18}"
816551,IN03A077,False,3,3,True,"{""T3R:knee_extensor"": 21, ""T3R:root_pra"": 51, ""T3R:root_spr"": 30}","{""T3R:knee_extensor"": 21, ""T3R:root_pra"": 51, ""T3R:root_spr"": 30}"
816607,IN08A036,False,2,2,True,"{""T1L:root_pra"": 24, ""T1L:root_spr"": 40}","{""T1L:root_pra"": 24, ""T1L:root_spr"": 24}"
816930,IN13B075,False,2,1,False,"{""T1R:knee_extensor"": 14, ""T1R:root_promotor"": 65}","{""T1R:root_promotor"": 28}"
817005,IN03B072,False,2,2,True,"{""wing_b1"": 69, ""wing_b2"": 11}","{""wing_b1"": 69, ""wing_b2"": 11}"
817067,IN01A071,False,2,2,True,"{""T3R:knee_extensor"": 55, ""T3R:root_pra"": 10}","{""T3R:knee_extensor"": 55, ""T3R:root_pra"": 10}"
817167,IN03B062,False,2,2,True,"{""wing_b1"": 13, ""wing_b2"": 39}","{""wing_b1"": 13, ""wing_b2"": 39}"
817279,IN03B066,False,2,2,True,"{""wing_b1"": 49, ""wing_b2"": 19}","{""wing_b1"": 49, ""wing_b2"": 19}"
817316,SApp,False,2,2,True,"{""wing_b1"": 15, ""wing_b2"": 11}","{""wing_b1"": 15, ""wing_b2"": 11}"
817407,IN12B092,False,2,2,True,"{""T1R:knee_extensor"": 23, ""T1R:root_promotor"": 39}","{""T1R:knee_extensor"": 23, ""T1R:root_promotor"": 39}"
817750,IN08B082,False,3,3,True,"{""T2L:root_spr"": 14, ""T3L:root_pra"": 26, ""T3L:root_spr"": 41}","{""T2L:root_spr"": 14, ""T3L:root_pra"": 13, ""T3L:root_spr"": 25}"
817769,IN13A045,False,2,1,False,"{""T1L:knee_extensor"": 63, ""T1L:knee_flexor"": 10}","{""T1L:knee_flexor"": 10}"
817794,"IN06A126,IN06A137",False,2,2,True,"{""wing_b1"": 25, ""wing_b2"": 11}","{""wing_b1"": 25, ""wing_b2"": 11}"
817800,IN03A051,False,2,2,True,"{""T1L:knee_flexor"": 42, ""T1L:root_sar"": 80}","{""T1L:knee_flexor"": 42, ""T1L:root_sar"": 80}"
817836,IN03B066,False,2,2,True,"{""wing_b1"": 46, ""wing_b2"": 21}","{""wing_b1"": 46, ""wing_b2"": 21}"
817898,"IN06A126,IN06A137",False,2,2,True,"{""wing_b1"": 34, ""wing_b2"": 15}","{""wing_b1"": 34, ""wing_b2"": 15}"
817904,IN03B066,False,2,2,True,"{""wing_b1"": 58, ""wing_b2"": 10}","{""wing_b1"": 58, ""wing_b2"": 10}"
818418,,False,3,3,True,"{""T3R:knee_extensor"": 19, ""T3R:root_pra"": 16, ""T3R:root_spr"": 41}","{""T3R:knee_extensor"": 19, ""T3R:root_pra"": 16, ""T3R:root_spr"": 41}"
818434,IN03A077,False,3,3,True,"{""T3R:knee_extensor"": 27, ""T3R:root_pra"": 61, ""T3R:root_spr"": 50}","{""T3R:knee_extensor"": 27, ""T3R:root_pra"": 61, ""T3R:root_spr"": 50}"
818539,SNtaxx,False,2,2,True,"{""T3R:root_pra"": 24, ""T3R:root_sar"": 16}","{""T3R:root_pra"": 24, ""T3R:root_sar"": 16}"
818690,IN20A.22A005,False,3,3,True,"{""T1L:knee_extensor"": 97, ""T1L:knee_flexor"": 15, ""T1L:root_pra"": 15}","{""T1L:knee_extensor"": 40, ""T1L:knee_flexor"": 15, ""T1L:root_pra"": 15}"
818930,SNpp51,False,2,2,True,"{""T3R:knee_flexor"": 12, ""T3R:root_pra"": 12}","{""T3R:knee_flexor"": 12, ""T3R:root_pra"": 12}"
819097,SNtaxx,False,2,2,True,"{""T3L:root_pra"": 13, ""T3L:root_sar"": 10}","{""T3L:root_pra"": 13, ""T3L:root_sar"": 10}"
819236,IN16B099,False,2,2,True,"{""wing_b1"": 30, ""wing_b2"": 59}","{""wing_b1"": 30, ""wing_b2"": 59}"
819255,SNpp53,False,2,2,True,"{""T2L:knee_flexor"": 10, ""T3R:knee_flexor"": 11}","{""T2L:knee_flexor"": 10, ""T3R:knee_flexor"": 11}"
819327,SNtaxx,False,2,2,True,"{""T3R:root_pra"": 25, ""T3R:root_sar"": 27}","{""T3R:root_pra"": 25, ""T3R:root_sar"": 27}"
819524,SNpp41,False,2,2,True,"{""T3R:knee_extensor"": 14, ""T3R:root_pra"": 11}","{""T3R:knee_extensor"": 14, ""T3R:root_pra"": 11}"
819536,SNpp45,False,2,2,True,"{""T1R:root_pra"": 56, ""T1R:root_spr"": 25}","{""T1R:root_pra"": 27, ""T1R:root_spr"": 25}"
819660,"IN06A126,IN06A137",False,2,2,True,"{""wing_b1"": 41, ""wing_b2"": 20}","{""wing_b1"": 41, ""wing_b2"": 20}"
819822,SNpp50,False,2,1,False,"{""T2L:knee_extensor"": 30, ""T2L:root_spr"": 14}","{""T2L:root_spr"": 14}"
819826,SNtaxx,False,2,2,True,"{""T3L:root_pra"": 21, ""T3L:root_sar"": 17}","{""T3L:root_pra"": 21, ""T3L:root_sar"": 17}"
820742,IN01A064,False,2,2,True,"{""T3L:knee_extensor"": 14, ""T3L:root_sar"": 20}","{""T3L:knee_extensor"": 14, ""T3L:root_sar"": 20}"
820881,IN21A004,False,2,2,True,"{""T3L:knee_flexor"": 735, ""T3L:root_sar"": 17}","{""T3L:knee_flexor"": 666, ""T3L:root_sar"": 17}"
821189,IN13B091,False,2,1,False,"{""T1L:knee_extensor"": 16, ""T1L:root_promotor"": 19}","{""T1L:root_promotor"": 19}"
822044,IN08A049,False,2,2,True,"{""T1R:root_pra"": 17, ""T1R:root_spr"": 12}","{""T1R:root_pra"": 17, ""T1R:root_spr"": 12}"
822331,IN01A082,False,2,2,True,"{""T3R:knee_extensor"": 19, ""T3R:root_pra"": 42}","{""T3R:knee_extensor"": 19, ""T3R:root_pra"": 42}"
822417,IN03B066,False,2,2,True,"{""wing_b1"": 46, ""wing_b2"": 10}","{""wing_b1"": 46, ""wing_b2"": 10}"
822749,IN03A037,False,2,2,True,"{""T3R:root_sar"": 13, ""T3R:root_spr"": 25}","{""T3R:root_sar"": 13, ""T3R:root_spr"": 25}"
823180,IN01A064,False,3,3,True,"{""T3R:knee_extensor"": 78, ""T3R:root_pra"": 17, ""T3R:root_sar"": 35}","{""T3R:knee_extensor"": 78, ""T3R:root_pra"": 17, ""T3R:root_sar"": 35}"
828321,SNpp52,False,2,2,True,"{""T1L:root_promotor"": 13, ""T1L:root_spr"": 24}","{""T1L:root_promotor"": 13, ""T1L:root_spr"": 24}"
829716,IN11A019,False,3,2,True,"{""T2R:root_sar"": 17, ""wing_b1"": 63, ""wing_b2"": 54}","{""wing_b1"": 63, ""wing_b2"": 54}"
842821,IN12B091,False,2,2,True,"{""T2R:root_sar"": 11, ""T2R:root_spr"": 10}","{""T2R:root_sar"": 11, ""T2R:root_spr"": 10}"
848741,SNppxx,False,2,2,True,"{""T2L:root_pra"": 14, ""T2L:root_sar"": 167}","{""T2L:root_pra"": 14, ""T2L:root_sar"": 167}"
852122,,False,3,3,True,"{""T1L:knee_flexor"": 596, ""T1L:root_sar"": 58, ""T1L:root_spr"": 12}","{""T1L:knee_flexor"": 596, ""T1L:root_sar"": 58, ""T1L:root_spr"": 12}"
852904,SNtaxx,False,2,2,True,"{""T3R:root_pra"": 32, ""T3R:root_sar"": 18}","{""T3R:root_pra"": 32, ""T3R:root_sar"": 18}"
855012,IN12B023,False,2,2,True,"{""T3R:knee_extensor"": 22, ""T3R:root_spr"": 11}","{""T3R:knee_extensor"": 22, ""T3R:root_spr"": 11}"
858510,IN16B099,False,2,2,True,"{""wing_b1"": 24, ""wing_b2"": 66}","{""wing_b1"": 24, ""wing_b2"": 66}"
902276,IN21A017,False,3,3,True,"{""T2L:knee_extensor"": 46, ""T2L:root_pra"": 96, ""T2L:root_spr"": 503}","{""T2L:knee_extensor"": 24, ""T2L:root_pra"": 96, ""T2L:root_spr"": 503}"
902278,IN09A010,False,2,2,True,"{""T2L:root_pra"": 24, ""T2L:root_spr"": 440}","{""T2L:root_pra"": 24, ""T2L:root_spr"": 440}"
902284,IN20A.22A009,False,3,3,True,"{""T1L:knee_flexor"": 40, ""T1L:root_sar"": 31, ""T1L:root_spr"": 12}","{""T1L:knee_flexor"": 40, ""T1L:root_sar"": 31, ""T1L:root_spr"": 12}"
902422,IN04B032,False,2,1,False,"{""T3R:knee_flexor"": 10, ""T3R:root_sar"": 13}","{""T3R:root_sar"": 13}"
902423,IN01A025,False,3,3,True,"{""T3L:knee_extensor"": 48, ""T3L:root_pra"": 11, ""T3L:root_sar"": 143}","{""T3L:knee_extensor"": 48, ""T3L:root_pra"": 11, ""T3L:root_sar"": 143}"
902427,IN19A013,True,4,4,True,"{""T2L:knee_extensor"": 10, ""T2L:knee_flexor"": 11, ""T2L:root_pra"": 742, ""T2L:root_spr"": 968}","{""T2L:knee_extensor"": 10, ""T2L:knee_flexor"": 11, ""T2L:root_pra"": 742, ""T2L:root_spr"": 968}"
902431,IN03A065,False,2,2,True,"{""T1L:root_pra"": 39, ""T1L:root_spr"": 35}","{""T1L:root_pra"": 39, ""T1L:root_spr"": 35}"
902437,IN01A012,False,2,2,True,"{""T3R:root_pra"": 23, ""T3R:root_spr"": 13}","{""T3R:root_pra"": 23, ""T3R:root_spr"": 13}"
902438,IN03A071,False,2,2,True,"{""T2L:knee_flexor"": 67, ""T2L:root_pra"": 17}","{""T2L:knee_flexor"": 67, ""T2L:root_pra"": 17}"
902439,IN03A007,False,3,2,True,"{""T2R:knee_flexor"": 47, ""T2R:root_pra"": 102, ""T2R:root_sar"": 34}","{""T2R:root_pra"": 102, ""T2R:root_sar"": 34}"
902459,IN03A037,False,3,3,True,"{""T3L:knee_extensor"": 19, ""T3L:root_pra"": 80, ""T3L:root_spr"": 96}","{""T3L:knee_extensor"": 19, ""T3L:root_pra"": 80, ""T3L:root_spr"": 31}"
902476,INXXX023,False,2,2,True,"{""T2L:root_sar"": 20, ""T3L:root_sar"": 19}","{""T2L:root_sar"": 20, ""T3L:root_sar"": 19}"
902480,IN20A.22A008,False,4,4,True,"{""T1L:knee_flexor"": 72, ""T1L:root_promotor"": 38, ""T1L:root_sad"": 44, ""T1L:root_sar"": 52}","{""T1L:knee_flexor"": 72, ""T1L:root_promotor"": 38, ""T1L:root_sad"": 44, ""T1L:root_sar"": 52}"
902483,IN09A003,False,2,2,True,"{""T2L:knee_flexor"": 134, ""T2L:root_sar"": 33}","{""T2L:knee_flexor"": 134, ""T2L:root_sar"": 33}"
902500,IN19A022,False,2,2,True,"{""T1R:root_pra"": 301, ""T1R:root_spr"": 118}","{""T1R:root_pra"": 207, ""T1R:root_spr"": 118}"
902504,IN01A015,False,3,3,True,"{""T3R:knee_extensor"": 44, ""T3R:root_pra"": 277, ""T3R:root_spr"": 276}","{""T3R:knee_extensor"": 44, ""T3R:root_pra"": 277, ""T3R:root_spr"": 276}"
902512,IN07B006,False,2,2,True,"{""T3R:knee_flexor"": 16, ""T3R:root_pra"": 47}","{""T3R:knee_flexor"": 16, ""T3R:root_pra"": 47}"
902513,IN03A068,False,2,2,True,"{""T3L:knee_flexor"": 81, ""T3L:root_pra"": 25}","{""T3L:knee_flexor"": 81, ""T3L:root_pra"": 25}"
902519,IN08A019,False,2,1,False,"{""T1L:root_pra"": 29, ""T1L:root_spr"": 49}","{""T1L:root_pra"": 29}"
902520,INXXX464,False,3,3,True,"{""T3R:knee_extensor"": 115, ""T3R:root_pra"": 185, ""T3R:root_spr"": 194}","{""T3R:knee_extensor"": 115, ""T3R:root_pra"": 185, ""T3R:root_spr"": 194}"
902532,IN03A091,False,2,2,True,"{""T2L:knee_extensor"": 20, ""T2L:root_spr"": 158}","{""T2L:knee_extensor"": 20, ""T2L:root_spr"": 158}"
902551,IN03A004,False,2,1,False,"{""T2R:knee_flexor"": 391, ""T2R:root_spr"": 44}","{""T2R:knee_flexor"": 355}"
902556,IN04B100,False,2,2,True,"{""T3R:knee_extensor"": 14, ""T3R:root_spr"": 14}","{""T3R:knee_extensor"": 14, ""T3R:root_spr"": 14}"
902614,IN21A005,False,3,3,True,"{""T2R:knee_extensor"": 90, ""T2R:root_pra"": 162, ""T2R:root_spr"": 86}","{""T2R:knee_extensor"": 67, ""T2R:root_pra"": 162, ""T2R:root_spr"": 28}"
902619,IN01A025,False,2,2,True,"{""T1R:knee_extensor"": 28, ""T1R:root_promotor"": 174}","{""T1R:knee_extensor"": 11, ""T1R:root_promotor"": 129}"
902667,IN16B016,False,5,4,True,"{""T2L:knee_flexor"": 48, ""T2L:root_pra"": 179, ""T2L:root_sad"": 48, ""T2L:root_sar"": 94, ""T2L:root_spr"": 303}","{""T2L:knee_flexor"": 48, ""T2L:root_pra"": 179, ""T2L:root_sar"": 94, ""T2L:root_spr"": 303}"
902668,IN04B011,False,2,2,True,"{""T2L:knee_extensor"": 132, ""T2L:root_sar"": 62}","{""T2L:knee_extensor"": 62, ""T2L:root_sar"": 62}"
902679,IN17A007,False,3,3,True,"{""T1L:root_sad"": 18, ""T1L:root_sar"": 39, ""T2L:root_sar"": 11}","{""T1L:root_sad"": 18, ""T1L:root_sar"": 39, ""T2L:root_sar"": 11}"
902712,IN20A.22A010,False,2,2,True,"{""T3L:knee_flexor"": 105, ""T3L:root_sar"": 16}","{""T3L:knee_flexor"": 105, ""T3L:root_sar"": 16}"
902758,IN03B031,False,2,2,True,"{""T3L:root_pra"": 11, ""T3L:root_sad"": 17}","{""T3L:root_pra"": 11, ""T3L:root_sad"": 17}"
902779,IN20A.22A049,False,2,2,True,"{""T2L:knee_flexor"": 10, ""T2L:root_sar"": 10}","{""T2L:knee_flexor"": 10, ""T2L:root_sar"": 10}"
902796,INXXX066,False,2,2,True,"{""T3R:root_pra"": 28, ""T3R:root_sar"": 11}","{""T3R:root_pra"": 28, ""T3R:root_sar"": 11}"
902806,IN16B113,False,2,2,True,"{""T2L:root_pra"": 115, ""T2L:root_spr"": 14}","{""T2L:root_pra"": 115, ""T2L:root_spr"": 14}"
902859,IN16B038,False,2,2,True,"{""T1L:root_promotor"": 27, ""T1L:root_sar"": 152}","{""T1L:root_promotor"": 27, ""T1L:root_sar"": 152}"
902860,IN13A027,False,3,3,True,"{""T1L:knee_extensor"": 59, ""T1L:root_promotor"": 172, ""T1L:root_sar"": 23}","{""T1L:knee_extensor"": 29, ""T1L:root_promotor"": 172, ""T1L:root_sar"": 23}"
902880,IN03B019,False,3,3,True,"{""T1L:knee_flexor"": 44, ""T1L:root_pra"": 11, ""T1L:root_sar"": 12}","{""T1L:knee_flexor"": 44, ""T1L:root_pra"": 11, ""T1L:root_sar"": 12}"
902894,IN03A091,False,2,2,True,"{""T2L:root_pra"": 11, ""T2L:root_spr"": 159}","{""T2L:root_pra"": 11, ""T2L:root_spr"": 159}"
902963,IN03A026_c,False,4,4,True,"{""T3R:knee_extensor"": 11, ""T3R:root_pra"": 176, ""T3R:root_sad"": 18, ""T3R:root_spr"": 91}","{""T3R:knee_extensor"": 11, ""T3R:root_pra"": 176, ""T3R:root_sad"": 18, ""T3R:root_spr"": 91}"
903022,IN03A060,False,3,3,True,"{""T2L:knee_extensor"": 50, ""T2L:root_pra"": 134, ""T2L:root_spr"": 115}","{""T2L:knee_extensor"": 17, ""T2L:root_pra"": 134, ""T2L:root_spr"": 115}"
903054,IN03A053,False,3,3,True,"{""T3R:knee_extensor"": 19, ""T3R:root_pra"": 38, ""T3R:root_spr"": 159}","{""T3R:knee_extensor"": 19, ""T3R:root_pra"": 38, ""T3R:root_spr"": 159}"
903075,IN04B081,False,2,2,True,"{""T1R:root_promotor"": 58, ""T1R:root_sar"": 142}","{""T1R:root_promotor"": 31, ""T1R:root_sar"": 63}"
903079,IN01A018,False,2,2,True,"{""T1R:root_pra"": 320, ""T1R:root_spr"": 50}","{""T1R:root_pra"": 142, ""T1R:root_spr"": 50}"
903091,IN03A037,False,4,4,True,"{""T3R:knee_extensor"": 66, ""T3R:root_pra"": 23, ""T3R:root_sar"": 25, ""T3R:root_spr"": 18}","{""T3R:knee_extensor"": 66, ""T3R:root_pra"": 23, ""T3R:root_sar"": 25, ""T3R:root_spr"": 18}"
903093,IN04B080,False,3,3,True,"{""T3R:root_pra"": 10, ""T3R:root_sar"": 33, ""T3R:root_spr"": 27}","{""T3R:root_pra"": 10, ""T3R:root_sar"": 33, ""T3R:root_spr"": 27}"
903106,IN13A020,False,3,3,True,"{""T1L:knee_extensor"": 115, ""T1L:root_promotor"": 143, ""T1L:root_sar"": 33}","{""T1L:knee_extensor"": 17, ""T1L:root_promotor"": 143, ""T1L:root_sar"": 33}"
903115,IN03B066,False,2,2,True,"{""wing_b1"": 62, ""wing_b2"": 25}","{""wing_b1"": 62, ""wing_b2"": 25}"
903125,IN01A038,False,3,3,True,"{""T1R:knee_extensor"": 16, ""T1R:root_pra"": 53, ""T1R:root_promotor"": 53}","{""T1R:knee_extensor"": 16, ""T1R:root_pra"": 37, ""T1R:root_promotor"": 31}"
903136,IN03A075,False,2,1,False,"{""T1L:root_pra"": 68, ""T1L:root_spr"": 88}","{""T1L:root_pra"": 68}"
903140,INXXX114,False,2,2,True,"{""T3R:root_pra"": 60, ""T3R:root_spr"": 24}","{""T3R:root_pra"": 60, ""T3R:root_spr"": 24}"
903189,IN13B010,False,2,2,True,"{""T2L:root_pra"": 33, ""T2L:root_spr"": 47}","{""T2L:root_pra"": 33, ""T2L:root_spr"": 47}"
903207,IN13A026,False,2,2,True,"{""T3L:knee_extensor"": 47, ""T3L:root_sar"": 89}","{""T3L:knee_extensor"": 47, ""T3L:root_sar"": 89}"
903216,INXXX466,False,3,3,True,"{""T1R:knee_extensor"": 74, ""T1R:root_pra"": 26, ""T1R:root_promotor"": 222}","{""T1R:knee_extensor"": 23, ""T1R:root_pra"": 26, ""T1R:root_promotor"": 82}"
903217,IN20A.22A006,False,2,1,False,"{""T1L:knee_extensor"": 15, ""T1L:root_promotor"": 18}","{""T1L:root_promotor"": 18}"
903238,IN20A.22A033,False,2,2,True,"{""T2L:knee_extensor"": 14, ""T2L:root_sar"": 29}","{""T2L:knee_extensor"": 14, ""T2L:root_sar"": 29}"
903264,IN12B012,False,2,2,True,"{""T3R:knee_extensor"": 11, ""T3R:root_sar"": 23}","{""T3R:knee_extensor"": 11, ""T3R:root_sar"": 23}"
903284,IN04B015,False,3,3,True,"{""T1L:root_promotor"": 151, ""T1L:root_sad"": 15, ""T1L:root_sar"": 137}","{""T1L:root_promotor"": 151, ""T1L:root_sad"": 15, ""T1L:root_sar"": 137}"
903285,IN03A007,False,2,2,True,"{""T1R:knee_flexor"": 15, ""T1R:root_promotor"": 74}","{""T1R:knee_flexor"": 15, ""T1R:root_promotor"": 60}"
903300,IN19B011,False,4,4,True,"{""T2L:knee_flexor"": 11, ""T2L:root_sar"": 49, ""T3L:knee_flexor"": 14, ""T3L:root_sar"": 32}","{""T2L:knee_flexor"": 11, ""T2L:root_sar"": 49, ""T3L:knee_flexor"": 14, ""T3L:root_sar"": 32}"
903308,IN02A011,False,2,2,True,"{""T1L:root_pra"": 12, ""T2L:root_spr"": 102}","{""T1L:root_pra"": 12, ""T2L:root_spr"": 102}"
903366,IN16B016,False,6,6,True,"{""T1L:knee_flexor"": 196, ""T1L:root_pra"": 216, ""T1L:root_promotor"": 94, ""T1L:root_sad"": 39, ""T1L:root_sar"": 94, ""T1L:root_spr"": 75}","{""T1L:knee_flexor"": 196, ""T1L:root_pra"": 216, ""T1L:root_promotor"": 94, ""T1L:root_sad"": 39, ""T1L:root_sar"": 94, ""T1L:root_spr"": 36}"
903400,IN18B020,False,3,3,True,"{""T3L:knee_extensor"": 24, ""wing_b1"": 57, ""wing_b2"": 132}","{""T3L:knee_extensor"": 24, ""wing_b1"": 57, ""wing_b2"": 132}"
903429,IN12A001,False,6,6,True,"{""T2R:knee_extensor"": 159, ""T2R:root_pra"": 51, ""T2R:root_sad"": 12, ""T2R:root_sar"": 277, ""T3R:knee_extensor"": 22, ""T3R:root_sar"": 133}","{""T2R:knee_extensor"": 126, ""T2R:root_pra"": 51, ""T2R:root_sad"": 12, ""T2R:root_sar"": 198, ""T3R:knee_extensor"": 22, ""T3R:root_sar"": 133}"
903442,,False,2,1,False,"{""T1L:knee_extensor"": 52, ""T1L:knee_flexor"": 31}","{""T1L:knee_flexor"": 31}"
903457,IN17A019,False,2,2,True,"{""T1L:knee_flexor"": 29, ""T1L:root_pra"": 10}","{""T1L:knee_flexor"": 29, ""T1L:root_pra"": 10}"
903459,IN03A033,False,3,3,True,"{""T2L:knee_flexor"": 10, ""T2L:root_pra"": 132, ""T2L:root_spr"": 150}","{""T2L:knee_flexor"": 10, ""T2L:root_pra"": 132, ""T2L:root_spr"": 150}"
903461,IN17A020,False,2,2,True,"{""T1L:knee_flexor"": 13, ""wing_b2"": 54}","{""T1L:knee_flexor"": 13, ""wing_b2"": 54}"
903463,IN21A017,False,3,3,True,"{""T3L:root_pra"": 306, ""T3L:root_sad"": 39, ""T3L:root_spr"": 52}","{""T3L:root_pra"": 275, ""T3L:root_sad"": 39, ""T3L:root_spr"": 33}"
903497,IN20A.22A008,False,2,1,False,"{""T2L:knee_extensor"": 30, ""T2L:root_pra"": 59}","{""T2L:root_pra"": 59}"
903516,IN13A068,False,2,2,True,"{""T3R:root_pra"": 148, ""T3R:root_sad"": 41}","{""T3R:root_pra"": 148, ""T3R:root_sad"": 41}"
903519,IN21A018,False,2,1,False,"{""T2R:knee_flexor"": 74, ""T2R:root_sad"": 16}","{""T2R:root_sad"": 16}"
903520,IN21A017,False,3,3,True,"{""T2R:knee_extensor"": 27, ""T2R:root_pra"": 66, ""T2R:root_spr"": 585}","{""T2R:knee_extensor"": 27, ""T2R:root_pra"": 66, ""T2R:root_spr"": 146}"
903521,IN08A032,False,2,2,True,"{""T2R:root_pra"": 76, ""T2R:root_spr"": 69}","{""T2R:root_pra"": 76, ""T2R:root_spr"": 11}"
903523,IN21A005,False,3,3,True,"{""T2L:knee_extensor"": 95, ""T2L:root_pra"": 173, ""T2L:root_spr"": 138}","{""T2L:knee_extensor"": 47, ""T2L:root_pra"": 173, ""T2L:root_spr"": 138}"
903536,IN03A068,False,2,2,True,"{""T3L:knee_flexor"": 68, ""T3L:root_pra"": 63}","{""T3L:knee_flexor"": 68, ""T3L:root_pra"": 63}"
903545,IN16B016,False,6,5,True,"{""T1R:knee_flexor"": 60, ""T1R:root_pra"": 133, ""T1R:root_promotor"": 86, ""T1R:root_sad"": 20, ""T1R:root_sar"": 110, ""T1R:root_spr"": 124}","{""T1R:knee_flexor"": 50, ""T1R:root_promotor"": 86, ""T1R:root_sad"": 20, ""T1R:root_sar"": 110, ""T1R:root_spr"": 124}"
903549,IN03A060,False,3,2,True,"{""T2R:knee_extensor"": 62, ""T2R:root_pra"": 26, ""T2R:root_spr"": 67}","{""T2R:knee_extensor"": 62, ""T2R:root_pra"": 26}"
903551,IN04B047,False,3,2,True,"{""T1L:knee_extensor"": 14, ""T1L:root_pra"": 58, ""T1L:root_promotor"": 238}","{""T1L:root_pra"": 58, ""T1L:root_promotor"": 238}"
903570,IN09A010,False,2,2,True,"{""T1L:root_pra"": 289, ""T1L:root_spr"": 74}","{""T1L:root_pra"": 289, ""T1L:root_spr"": 57}"
903572,IN19B003,False,3,2,True,"{""T1R:knee_extensor"": 93, ""T1R:root_promotor"": 230, ""T1R:root_sar"": 58}","{""T1R:knee_extensor"": 45, ""T1R:root_promotor"": 138}"
903573,IN13A006,False,4,4,True,"{""T1R:knee_extensor"": 182, ""T1R:knee_flexor"": 19, ""T1R:root_pra"": 34, ""T1R:root_spr"": 22}","{""T1R:knee_extensor"": 80, ""T1R:knee_flexor"": 19, ""T1R:root_pra"": 23, ""T1R:root_spr"": 22}"
903574,IN19A012,False,3,1,False,"{""T1R:root_promotor"": 12, ""T2R:knee_flexor"": 132, ""T2R:root_spr"": 45}","{""T2R:knee_flexor"": 82}"
903590,IN11A021,False,2,2,True,"{""wing_b1"": 32, ""wing_b2"": 11}","{""wing_b1"": 32, ""wing_b2"": 11}"
903602,IN19A003,False,2,2,True,"{""T1L:root_pra"": 578, ""T1L:root_spr"": 538}","{""T1L:root_pra"": 578, ""T1L:root_spr"": 364}"
903631,IN20A.22A009,False,3,3,True,"{""T1R:knee_flexor"": 16, ""T1R:root_sar"": 44, ""T1R:root_spr"": 10}","{""T1R:knee_flexor"": 16, ""T1R:root_sar"": 21, ""T1R:root_spr"": 10}"
903633,IN13A033,False,2,2,True,"{""T2R:knee_extensor"": 43, ""T2R:root_sar"": 55}","{""T2R:knee_extensor"": 43, ""T2R:root_sar"": 23}"
903653,IN19B003,False,3,3,True,"{""T2L:knee_extensor"": 179, ""T2L:root_sar"": 180, ""T2L:root_spr"": 11}","{""T2L:knee_extensor"": 95, ""T2L:root_sar"": 180, ""T2L:root_spr"": 11}"
903665,IN09A010,False,3,3,True,"{""T3R:root_pra"": 270, ""T3R:root_sad"": 18, ""T3R:root_spr"": 739}","{""T3R:root_pra"": 270, ""T3R:root_sad"": 18, ""T3R:root_spr"": 739}"
903712,IN03A068,False,2,2,True,"{""T3L:knee_flexor"": 80, ""T3L:root_pra"": 23}","{""T3L:knee_flexor"": 80, ""T3L:root_pra"": 23}"
903758,IN16B115,False,2,1,False,"{""T1L:knee_extensor"": 14, ""T1L:root_promotor"": 14}","{""T1L:root_promotor"": 14}"
903760,INXXX096,False,5,4,True,"{""T1L:root_pra"": 111, ""T1L:root_spr"": 87, ""T2L:root_pra"": 30, ""T2L:root_spr"": 121, ""T3L:root_spr"": 23}","{""T1L:root_pra"": 111, ""T1L:root_spr"": 45, ""T2L:root_pra"": 30, ""T2L:root_spr"": 121}"
903819,IN08B001,False,12,11,True,"{""T1L:knee_extensor"": 14, ""T1L:root_pra"": 16, ""T1L:root_promotor"": 102, ""T1L:root_spr"": 10, ""T2L:knee_extensor"": 68, ""T2L:root_pra"": 72, ""T2L:root_sad"": 10, ""T2L:root_spr"": 98, ""T3L:knee_extensor"": 12, ""T3L:root_pra"": 18, ""T3L:root_sar"": 35, ""T3L:root_spr"": 110}","{""T1L:knee_extensor"": 14, ""T1L:root_pra"": 16, ""T1L:root_promotor"": 102, ""T1L:root_spr"": 10, ""T2L:knee_extensor"": 32, ""T2L:root_pra"": 72, ""T2L:root_spr"": 98, ""T3L:knee_extensor"": 12, ""T3L:root_pra"": 18, ""T3L:root_sar"": 35, ""T3L:root_spr"": 15}"
903833,IN04B019,False,2,2,True,"{""T1L:knee_extensor"": 46, ""T1L:root_promotor"": 242}","{""T1L:knee_extensor"": 13, ""T1L:root_promotor"": 242}"
903834,IN13A005,False,2,2,True,"{""T1L:knee_flexor"": 103, ""T1L:root_promotor"": 60}","{""T1L:knee_flexor"": 103, ""T1L:root_promotor"": 60}"
903840,IN04B037,False,3,3,True,"{""T1L:knee_extensor"": 210, ""T1L:knee_flexor"": 14, ""T1L:root_promotor"": 243}","{""T1L:knee_extensor"": 62, ""T1L:knee_flexor"": 14, ""T1L:root_promotor"": 243}"
903855,IN08B004,False,5,5,True,"{""T1L:root_sar"": 12, ""T2L:knee_extensor"": 35, ""T2L:knee_flexor"": 17, ""T2L:root_spr"": 12, ""T3L:knee_flexor"": 43}","{""T1L:root_sar"": 12, ""T2L:knee_extensor"": 10, ""T2L:knee_flexor"": 17, ""T2L:root_spr"": 12, ""T3L:knee_flexor"": 43}"
903906,,False,3,3,True,"{""T3R:knee_extensor"": 14, ""T3R:root_pra"": 111, ""T3R:root_sad"": 33}","{""T3R:knee_extensor"": 14, ""T3R:root_pra"": 111, ""T3R:root_sad"": 33}"
903980,IN03A054,False,2,2,True,"{""T2L:root_pra"": 49, ""T2L:root_spr"": 11}","{""T2L:root_pra"": 49, ""T2L:root_spr"": 11}"
903990,IN01A012,False,2,2,True,"{""T3L:root_pra"": 15, ""T3L:root_spr"": 26}","{""T3L:root_pra"": 15, ""T3L:root_spr"": 14}"
904022,IN19B010,False,2,1,False,"{""T1L:root_spr"": 14, ""T3L:root_spr"": 10}","{""T1L:root_spr"": 14}"
904032,IN17A049,False,2,2,True,"{""wing_b1"": 167, ""wing_b2"": 120}","{""wing_b1"": 167, ""wing_b2"": 120}"
904033,IN17A055,False,2,2,True,"{""wing_b1"": 134, ""wing_b2"": 58}","{""wing_b1"": 134, ""wing_b2"": 58}"
904075,IN12B023,False,2,2,True,"{""T3R:knee_extensor"": 77, ""T3R:root_spr"": 19}","{""T3R:knee_extensor"": 77, ""T3R:root_spr"": 19}"
904085,IN13A019,False,2,2,True,"{""T1R:root_promotor"": 84, ""T1R:root_sar"": 42}","{""T1R:root_promotor"": 64, ""T1R:root_sar"": 11}"
904107,IN04B088,False,2,2,True,"{""T3L:root_pra"": 99, ""T3L:root_sar"": 13}","{""T3L:root_pra"": 99, ""T3L:root_sar"": 13}"
904118,IN01A042,False,5,5,True,"{""T3L:root_pra"": 71, ""T3L:root_sad"": 10, ""T3R:knee_extensor"": 19, ""T3R:root_pra"": 85, ""T3R:root_sar"": 10}","{""T3L:root_pra"": 71, ""T3L:root_sad"": 10, ""T3R:knee_extensor"": 19, ""T3R:root_pra"": 85, ""T3R:root_sar"": 10}"
904126,IN11A005,False,2,1,False,"{""T1R:knee_extensor"": 21, ""T1R:root_promotor"": 52}","{""T1R:root_promotor"": 15}"
904167,IN13B080,False,2,1,False,"{""T3R:knee_flexor"": 17, ""T3R:root_sar"": 24}","{""T3R:root_sar"": 24}"
904181,IN03A037,False,3,3,True,"{""T3R:knee_extensor"": 42, ""T3R:root_pra"": 38, ""T3R:root_spr"": 68}","{""T3R:knee_extensor"": 42, ""T3R:root_pra"": 38, ""T3R:root_spr"": 68}"
904234,IN20A.22A008,False,5,4,True,"{""T1R:knee_flexor"": 17, ""T1R:root_promotor"": 11, ""T1R:root_sad"": 20, ""T1R:root_sar"": 42, ""T1R:root_spr"": 21}","{""T1R:knee_flexor"": 17, ""T1R:root_sad"": 20, ""T1R:root_sar"": 13, ""T1R:root_spr"": 21}"
904245,IN07B016,False,3,3,True,"{""T2L:knee_flexor"": 69, ""T2L:root_sar"": 20, ""T3L:knee_flexor"": 64}","{""T2L:knee_flexor"": 69, ""T2L:root_sar"": 20, ""T3L:knee_flexor"": 46}"
904246,IN12B018,False,3,3,True,"{""T1L:knee_flexor"": 10, ""T1R:knee_flexor"": 37, ""T1R:root_spr"": 12}","{""T1L:knee_flexor"": 10, ""T1R:knee_flexor"": 26, ""T1R:root_spr"": 12}"
904247,IN03A033,False,2,2,True,"{""T2R:root_pra"": 33, ""T2R:root_spr"": 136}","{""T2R:root_pra"": 33, ""T2R:root_spr"": 11}"
904262,IN13A018,False,2,1,False,"{""T2R:knee_flexor"": 10, ""T2R:root_sar"": 88}","{""T2R:root_sar"": 73}"
904271,IN12B012,False,2,2,True,"{""T3L:knee_extensor"": 43, ""T3L:root_sar"": 42}","{""T3L:knee_extensor"": 43, ""T3L:root_sar"": 42}"
904286,IN21A022,False,2,2,True,"{""T1R:knee_flexor"": 43, ""T1R:root_sar"": 23}","{""T1R:knee_flexor"": 43, ""T1R:root_sar"": 23}"
904322,IN03A071,False,2,2,True,"{""T2L:knee_flexor"": 99, ""T2L:root_pra"": 75}","{""T2L:knee_flexor"": 99, ""T2L:root_pra"": 75}"
904323,IN16B065,False,2,2,True,"{""T2L:knee_extensor"": 83, ""T2L:knee_flexor"": 40}","{""T2L:knee_extensor"": 47, ""T2L:knee_flexor"": 40}"
904363,IN17A058,False,2,2,True,"{""T3R:knee_flexor"": 109, ""T3R:root_sar"": 15}","{""T3R:knee_flexor"": 97, ""T3R:root_sar"": 15}"
904426,IN01A040,False,2,1,False,"{""T1R:knee_flexor"": 20, ""T1R:root_sar"": 16}","{""T1R:knee_flexor"": 20}"
904525,IN09A010,False,2,2,True,"{""T2R:root_pra"": 52, ""T2R:root_spr"": 410}","{""T2R:root_pra"": 52, ""T2R:root_spr"": 68}"
904565,IN03A046,False,2,2,True,"{""T1L:root_pra"": 98, ""T1L:root_spr"": 43}","{""T1L:root_pra"": 98, ""T1L:root_spr"": 43}"
904587,IN07B001,False,4,3,True,"{""T2L:root_spr"": 54, ""T3L:knee_flexor"": 20, ""T3L:root_spr"": 113, ""T3R:root_spr"": 23}","{""T2L:root_spr"": 54, ""T3L:root_spr"": 65, ""T3R:root_spr"": 23}"
904589,IN08A005,False,3,3,True,"{""T1R:knee_extensor"": 87, ""T1R:root_pra"": 10, ""T1R:root_promotor"": 240}","{""T1R:knee_extensor"": 60, ""T1R:root_pra"": 10, ""T1R:root_promotor"": 186}"
904594,IN04B094,False,2,2,True,"{""T1R:root_pra"": 10, ""T1R:root_promotor"": 94}","{""T1R:root_pra"": 10, ""T1R:root_promotor"": 80}"
904628,IN03A063,False,4,2,True,"{""T2R:knee_extensor"": 53, ""T2R:knee_flexor"": 15, ""T2R:root_pra"": 75, ""T2R:root_spr"": 32}","{""T2R:knee_extensor"": 53, ""T2R:root_pra"": 75}"
904655,INXXX122,False,2,2,True,"{""T2L:root_sar"": 43, ""T3L:root_sar"": 46}","{""T2L:root_sar"": 43, ""T3L:root_sar"": 46}"
904673,IN20A.22A007,False,2,2,True,"{""T3L:knee_extensor"": 78, ""T3L:root_sar"": 38}","{""T3L:knee_extensor"": 78, ""T3L:root_sar"": 38}"
904675,INXXX089,False,2,2,True,"{""T1R:root_pra"": 11, ""T1R:root_promotor"": 184}","{""T1R:root_pra"": 11, ""T1R:root_promotor"": 121}"
904676,IN13A035,False,2,1,False,"{""T1R:root_promotor"": 144, ""T1R:root_sar"": 12}","{""T1R:root_promotor"": 101}"
904685,IN13A001,False,2,2,True,"{""T2L:knee_flexor"": 172, ""T2L:root_sar"": 19}","{""T2L:knee_flexor"": 172, ""T2L:root_sar"": 19}"
904707,IN13A006,False,5,5,True,"{""T1L:knee_extensor"": 367, ""T1L:knee_flexor"": 19, ""T1L:root_pra"": 29, ""T1L:root_promotor"": 23, ""T1L:root_spr"": 52}","{""T1L:knee_extensor"": 133, ""T1L:knee_flexor"": 19, ""T1L:root_pra"": 29, ""T1L:root_promotor"": 23, ""T1L:root_spr"": 52}"
904720,IN03A060,False,2,1,False,"{""T2R:root_pra"": 45, ""T2R:root_spr"": 183}","{""T2R:root_pra"": 45}"
904736,IN13A009,False,2,2,True,"{""T2L:knee_flexor"": 156, ""T2L:root_sar"": 19}","{""T2L:knee_flexor"": 156, ""T2L:root_sar"": 19}"
904743,IN21A010,False,4,4,True,"{""T2R:knee_extensor"": 28, ""T2R:root_pra"": 77, ""T2R:root_sad"": 153, ""T2R:root_spr"": 98}","{""T2R:knee_extensor"": 28, ""T2R:root_pra"": 77, ""T2R:root_sad"": 153, ""T2R:root_spr"": 14}"
904748,IN16B075_h,False,2,2,True,"{""T1R:knee_extensor"": 29, ""T1R:root_promotor"": 14}","{""T1R:knee_extensor"": 18, ""T1R:root_promotor"": 14}"
904756,IN18B021,False,2,2,True,"{""T3R:root_pra"": 44, ""T3R:root_sar"": 14}","{""T3R:root_pra"": 44, ""T3R:root_sar"": 14}"
904764,IN17A044,False,3,1,False,"{""T2R:root_pra"": 35, ""T2R:root_sar"": 10, ""T2R:root_spr"": 21}","{""T2R:root_pra"": 35}"
904779,SNpp45,False,2,2,True,"{""T1L:root_pra"": 70, ""T1L:root_spr"": 60}","{""T1L:root_pra"": 70, ""T1L:root_spr"": 31}"
904800,INXXX023,False,2,2,True,"{""T2R:root_sar"": 34, ""T3R:root_sar"": 11}","{""T2R:root_sar"": 34, ""T3R:root_sar"": 11}"
904813,IN19B033,False,5,4,True,"{""T2L:knee_extensor"": 21, ""T2L:root_sar"": 11, ""T3L:root_sar"": 26, ""wing_b1"": 61, ""wing_b2"": 42}","{""T2L:root_sar"": 11, ""T3L:root_sar"": 26, ""wing_b1"": 61, ""wing_b2"": 42}"
904826,IN17A052,False,3,2,True,"{""T1L:knee_extensor"": 29, ""T1L:root_promotor"": 66, ""T1L:root_sar"": 296}","{""T1L:root_promotor"": 66, ""T1L:root_sar"": 296}"
904831,IN01A030,False,3,3,True,"{""T1L:knee_flexor"": 137, ""T1L:root_sad"": 11, ""T1L:root_sar"": 24}","{""T1L:knee_flexor"": 137, ""T1L:root_sad"": 11, ""T1L:root_sar"": 24}"
904844,IN18B005,False,4,4,True,"{""T1R:knee_flexor"": 11, ""T1R:root_sar"": 23, ""T2R:knee_flexor"": 80, ""T3R:knee_flexor"": 36}","{""T1R:knee_flexor"": 11, ""T1R:root_sar"": 10, ""T2R:knee_flexor"": 58, ""T3R:knee_flexor"": 20}"
904854,IN13A002,False,2,1,False,"{""T1R:knee_flexor"": 78, ""T1R:root_sar"": 18}","{""T1R:knee_flexor"": 78}"
904865,IN20A.22A009,False,3,3,True,"{""T1R:knee_flexor"": 22, ""T1R:root_sar"": 79, ""T1R:root_spr"": 12}","{""T1R:knee_flexor"": 22, ""T1R:root_sar"": 35, ""T1R:root_spr"": 12}"
904900,IN03A044,False,4,4,True,"{""T2R:knee_extensor"": 32, ""T2R:root_pra"": 87, ""T2R:root_spr"": 124, ""wing_b2"": 11}","{""T2R:knee_extensor"": 21, ""T2R:root_pra"": 87, ""T2R:root_spr"": 37, ""wing_b2"": 11}"
904914,IN03B072,False,2,2,True,"{""wing_b1"": 124, ""wing_b2"": 42}","{""wing_b1"": 124, ""wing_b2"": 42}"
904915,IN18B020,False,2,2,True,"{""wing_b1"": 66, ""wing_b2"": 19}","{""wing_b1"": 66, ""wing_b2"": 19}"
904928,IN03A081,False,3,3,True,"{""T3R:root_pra"": 76, ""T3R:root_sad"": 16, ""T3R:root_spr"": 47}","{""T3R:root_pra"": 76, ""T3R:root_sad"": 16, ""T3R:root_spr"": 47}"
904933,IN11A028,False,2,2,True,"{""wing_b1"": 124, ""wing_b2"": 123}","{""wing_b1"": 124, ""wing_b2"": 123}"
904957,IN11A028,False,2,2,True,"{""wing_b1"": 135, ""wing_b2"": 124}","{""wing_b1"": 135, ""wing_b2"": 124}"
904975,IN03A047,False,2,2,True,"{""T2R:root_pra"": 114, ""T2R:root_spr"": 293}","{""T2R:root_pra"": 114, ""T2R:root_spr"": 128}"
904979,IN04B068,False,3,2,True,"{""T3L:knee_extensor"": 114, ""T3L:root_pra"": 64, ""T3L:root_spr"": 15}","{""T3L:knee_extensor"": 114, ""T3L:root_pra"": 64}"
904989,IN08A003,False,4,4,True,"{""T1L:knee_flexor"": 16, ""T1L:root_promotor"": 55, ""T1L:root_sad"": 15, ""T1L:root_sar"": 83}","{""T1L:knee_flexor"": 16, ""T1L:root_promotor"": 55, ""T1L:root_sad"": 15, ""T1L:root_sar"": 83}"
905010,IN03A047,False,2,2,True,"{""T2R:root_pra"": 75, ""T2R:root_spr"": 253}","{""T2R:root_pra"": 75, ""T2R:root_spr"": 96}"
905023,IN04B011,False,2,2,True,"{""T2R:knee_extensor"": 78, ""T2R:root_sar"": 74}","{""T2R:knee_extensor"": 61, ""T2R:root_sar"": 18}"
905025,IN19B004,False,3,3,True,"{""T3R:knee_extensor"": 52, ""T3R:root_pra"": 19, ""T3R:root_sar"": 62}","{""T3R:knee_extensor"": 52, ""T3R:root_pra"": 19, ""T3R:root_sar"": 62}"
905046,IN08A030,False,2,2,True,"{""T1R:root_pra"": 229, ""T1R:root_spr"": 52}","{""T1R:root_pra"": 129, ""T1R:root_spr"": 52}"
905047,IN08A026,False,2,2,True,"{""T1R:root_pra"": 141, ""T1R:root_spr"": 94}","{""T1R:root_pra"": 73, ""T1R:root_spr"": 94}"
905062,,False,2,1,False,"{""T1L:knee_extensor"": 61, ""T1L:knee_flexor"": 52}","{""T1L:knee_flexor"": 52}"
905063,IN20A.22A012,False,2,2,True,"{""T1L:knee_flexor"": 12, ""T1L:root_promotor"": 38}","{""T1L:knee_flexor"": 12, ""T1L:root_promotor"": 38}"
905078,IN21A012,False,2,2,True,"{""T3L:root_sad"": 13, ""T3L:root_spr"": 864}","{""T3L:root_sad"": 13, ""T3L:root_spr"": 192}"
905079,IN20A.22A028,False,2,2,True,"{""T3L:root_pra"": 22, ""T3L:root_sar"": 21}","{""T3L:root_pra"": 22, ""T3L:root_sar"": 21}"
905080,IN04B013,False,3,3,True,"{""T1R:root_promotor"": 55, ""T1R:root_sad"": 10, ""T1R:root_sar"": 108}","{""T1R:root_promotor"": 33, ""T1R:root_sad"": 10, ""T1R:root_sar"": 26}"
905088,IN20A.22A028,False,2,2,True,"{""T3R:root_pra"": 16, ""T3R:root_sar"": 11}","{""T3R:root_pra"": 16, ""T3R:root_sar"": 11}"
905090,IN03A025,False,2,2,True,"{""T3R:knee_extensor"": 27, ""T3R:root_spr"": 29}","{""T3R:knee_extensor"": 27, ""T3R:root_spr"": 29}"
905119,IN04B094,False,3,2,True,"{""T1L:knee_extensor"": 61, ""T1L:knee_flexor"": 13, ""T1L:root_promotor"": 94}","{""T1L:knee_flexor"": 13, ""T1L:root_promotor"": 94}"
905123,IN04B091,False,2,2,True,"{""T1L:knee_flexor"": 52, ""T1L:root_promotor"": 72}","{""T1L:knee_flexor"": 52, ""T1L:root_promotor"": 72}"
905139,IN18B031,False,4,3,True,"{""T2L:root_pra"": 44, ""T2R:knee_flexor"": 15, ""T2R:root_pra"": 60, ""T2R:root_sar"": 14}","{""T2L:root_pra"": 44, ""T2R:knee_flexor"": 15, ""T2R:root_pra"": 60}"
905156,IN00A022,False,2,2,True,"{""wing_b1"": 23, ""wing_b2"": 51}","{""wing_b1"": 23, ""wing_b2"": 51}"
905167,IN08A005,False,3,3,True,"{""T1L:knee_extensor"": 190, ""T1L:root_pra"": 25, ""T1L:root_promotor"": 277}","{""T1L:knee_extensor"": 17, ""T1L:root_pra"": 25, ""T1L:root_promotor"": 277}"
905204,IN13A054,False,2,2,True,"{""T2R:root_pra"": 110, ""T2R:root_spr"": 130}","{""T2R:root_pra"": 110, ""T2R:root_spr"": 13}"
905206,IN03A039,False,2,1,False,"{""T2R:knee_flexor"": 71, ""T2R:root_spr"": 13}","{""T2R:knee_flexor"": 71}"
905217,IN04B011,False,4,4,True,"{""T2L:knee_extensor"": 104, ""T2L:knee_flexor"": 25, ""T2L:root_pra"": 16, ""T2L:root_sar"": 74}","{""T2L:knee_extensor"": 31, ""T2L:knee_flexor"": 25, ""T2L:root_pra"": 16, ""T2L:root_sar"": 74}"
905222,IN03A059,False,2,2,True,"{""T3R:knee_extensor"": 23, ""T3R:root_spr"": 22}","{""T3R:knee_extensor"": 23, ""T3R:root_spr"": 22}"
905223,IN13A042,False,2,2,True,"{""T1L:knee_extensor"": 88, ""T1L:root_promotor"": 134}","{""T1L:knee_extensor"": 29, ""T1L:root_promotor"": 134}"
905232,IN03A071,False,3,3,True,"{""T2R:root_pra"": 74, ""T2R:root_sad"": 23, ""T2R:root_spr"": 34}","{""T2R:root_pra"": 74, ""T2R:root_sad"": 23, ""T2R:root_spr"": 16}"
905250,IN00A022,False,2,2,True,"{""wing_b1"": 75, ""wing_b2"": 66}","{""wing_b1"": 75, ""wing_b2"": 66}"
905266,IN04B053,False,3,2,True,"{""T1R:knee_extensor"": 18, ""T1R:root_promotor"": 19, ""T1R:root_sar"": 16}","{""T1R:knee_extensor"": 18, ""T1R:root_promotor"": 19}"
905299,IN03A044,False,3,3,True,"{""T2L:knee_extensor"": 72, ""T2L:root_pra"": 186, ""T2L:root_spr"": 145}","{""T2L:knee_extensor"": 38, ""T2L:root_pra"": 186, ""T2L:root_spr"": 145}"
905302,IN03A045,False,3,2,True,"{""T2R:knee_extensor"": 20, ""T2R:root_pra"": 67, ""T2R:root_sar"": 41}","{""T2R:knee_extensor"": 20, ""T2R:root_pra"": 67}"
905303,IN27X014,False,2,2,True,"{""wing_b1"": 81, ""wing_b2"": 61}","{""wing_b1"": 81, ""wing_b2"": 61}"
905310,IN16B041,False,2,2,True,"{""T1L:knee_flexor"": 28, ""T1L:root_pra"": 10}","{""T1L:knee_flexor"": 28, ""T1L:root_pra"": 10}"
905415,IN07B006,False,6,5,True,"{""T1R:root_pra"": 42, ""T1R:root_promotor"": 25, ""T2R:root_pra"": 74, ""T2R:root_spr"": 403, ""T3R:root_pra"": 99, ""T3R:root_spr"": 371}","{""T1R:root_pra"": 42, ""T2R:root_pra"": 74, ""T2R:root_spr"": 69, ""T3R:root_pra"": 99, ""T3R:root_spr"": 371}"
905425,INXXX425,False,2,2,True,"{""T3L:root_pra"": 48, ""T3L:root_sar"": 18}","{""T3L:root_pra"": 48, ""T3L:root_sar"": 18}"
905447,IN18B014,False,2,0,False,"{""T1R:root_sar"": 48, ""T2R:root_sar"": 70}",{}
905496,IN21A006,False,3,3,True,"{""T1L:knee_flexor"": 141, ""T1L:root_sad"": 12, ""T1L:root_sar"": 166}","{""T1L:knee_flexor"": 141, ""T1L:root_sad"": 12, ""T1L:root_sar"": 166}"
905500,IN03A036,False,3,3,True,"{""T3R:knee_extensor"": 14, ""T3R:root_pra"": 67, ""T3R:root_spr"": 324}","{""T3R:knee_extensor"": 14, ""T3R:root_pra"": 67, ""T3R:root_spr"": 324}"
905501,IN17A044,False,2,2,True,"{""T3R:knee_flexor"": 40, ""T3R:root_spr"": 11}","{""T3R:knee_flexor"": 40, ""T3R:root_spr"": 11}"
905506,IN17A019,False,2,1,False,"{""T1R:root_sar"": 19, ""T1R:root_spr"": 10}","{""T1R:root_spr"": 10}"
905514,IN14B006,False,2,2,True,"{""T3L:root_pra"": 163, ""T3L:root_spr"": 253}","{""T3L:root_pra"": 147, ""T3L:root_spr"": 79}"
905528,AN27X019,False,2,2,True,"{""wing_b1"": 49, ""wing_b2"": 17}","{""wing_b1"": 49, ""wing_b2"": 17}"
905550,IN03A028,False,3,3,True,"{""T1L:knee_flexor"": 61, ""T1L:root_pra"": 11, ""T1L:root_promotor"": 200}","{""T1L:knee_flexor"": 61, ""T1L:root_pra"": 11, ""T1L:root_promotor"": 200}"
905557,INXXX122,False,3,3,True,"{""T2R:root_sar"": 109, ""T3R:root_pra"": 16, ""T3R:root_sar"": 155}","{""T2R:root_sar"": 93, ""T3R:root_pra"": 16, ""T3R:root_sar"": 155}"
905572,IN12A015,False,2,1,False,"{""T1R:root_promotor"": 17, ""wing_b2"": 50}","{""wing_b2"": 50}"
905597,IN13A054,False,2,2,True,"{""T3L:root_pra"": 60, ""T3L:root_spr"": 182}","{""T3L:root_pra"": 60, ""T3L:root_spr"": 25}"
905610,IN12B040,False,3,3,True,"{""T2R:knee_extensor"": 81, ""T2R:root_sar"": 16, ""T2R:root_spr"": 40}","{""T2R:knee_extensor"": 48, ""T2R:root_sar"": 16, ""T2R:root_spr"": 12}"
905616,IN06A113,False,2,2,True,"{""wing_b1"": 28, ""wing_b2"": 22}","{""wing_b1"": 28, ""wing_b2"": 22}"
905618,IN21A021,False,2,2,True,"{""T3R:knee_flexor"": 45, ""T3R:root_spr"": 122}","{""T3R:knee_flexor"": 45, ""T3R:root_spr"": 122}"
905631,IN20A.22A009,False,3,3,True,"{""T1R:knee_flexor"": 18, ""T1R:root_sar"": 53, ""T1R:root_spr"": 13}","{""T1R:knee_flexor"": 18, ""T1R:root_sar"": 26, ""T1R:root_spr"": 13}"
905658,IN20A.22A007,False,2,2,True,"{""T1R:knee_extensor"": 61, ""T1R:root_promotor"": 21}","{""T1R:knee_extensor"": 14, ""T1R:root_promotor"": 21}"
905700,IN12A013,False,2,2,True,"{""T2L:root_sar"": 12, ""T3L:root_sar"": 11}","{""T2L:root_sar"": 12, ""T3L:root_sar"": 11}"
905711,IN03A078,False,2,1,False,"{""T1L:root_pra"": 61, ""T1L:root_spr"": 44}","{""T1L:root_pra"": 61}"
905714,IN21A017,False,2,2,True,"{""T3L:root_pra"": 305, ""T3L:root_spr"": 523}","{""T3L:root_pra"": 220, ""T3L:root_spr"": 170}"
905729,IN03A013,False,2,2,True,"{""T1R:root_promotor"": 126, ""T1R:root_sar"": 341}","{""T1R:root_promotor"": 75, ""T1R:root_sar"": 167}"
905731,IN04B090,False,2,1,False,"{""T2L:knee_extensor"": 18, ""T2L:root_pra"": 28}","{""T2L:root_pra"": 28}"
905810,IN04B080,False,2,2,True,"{""T3L:root_sar"": 10, ""T3L:root_spr"": 49}","{""T3L:root_sar"": 10, ""T3L:root_spr"": 36}"
905812,IN12B024_a,False,2,2,True,"{""T3R:knee_flexor"": 86, ""T3R:root_spr"": 10}","{""T3R:knee_flexor"": 49, ""T3R:root_spr"": 10}"
905861,IN21A035,False,2,2,True,"{""T1L:knee_flexor"": 26, ""T1L:root_sar"": 12}","{""T1L:knee_flexor"": 26, ""T1L:root_sar"": 12}"
905868,IN20A.22A042,False,2,1,False,"{""T1L:root_sar"": 14, ""T1L:root_spr"": 10}","{""T1L:root_sar"": 14}"
905887,IN20A.22A007,False,3,3,True,"{""T1L:knee_extensor"": 129, ""T1L:root_pra"": 16, ""T1L:root_promotor"": 44}","{""T1L:knee_extensor"": 36, ""T1L:root_pra"": 16, ""T1L:root_promotor"": 44}"
905896,IN21A009,False,2,1,False,"{""T2R:root_pra"": 18, ""T2R:root_spr"": 11}","{""T2R:root_pra"": 18}"
905910,IN19A013,False,3,3,True,"{""T1L:knee_flexor"": 15, ""T1L:root_pra"": 311, ""T1L:root_spr"": 581}","{""T1L:knee_flexor"": 15, ""T1L:root_pra"": 311, ""T1L:root_spr"": 311}"
905938,IN17A041,False,2,2,True,"{""T2L:root_pra"": 432, ""T2L:root_spr"": 394}","{""T2L:root_pra"": 432, ""T2L:root_spr"": 394}"
905943,IN03A018,False,2,2,True,"{""T1L:root_promotor"": 35, ""T1R:root_promotor"": 172}","{""T1L:root_promotor"": 35, ""T1R:root_promotor"": 124}"
905968,IN04B013,False,2,2,True,"{""T1R:root_promotor"": 56, ""T1R:root_sar"": 86}","{""T1R:root_promotor"": 35, ""T1R:root_sar"": 18}"
905969,IN04B026,False,2,2,True,"{""T1R:root_promotor"": 21, ""T1R:root_sar"": 44}","{""T1R:root_promotor"": 21, ""T1R:root_sar"": 14}"
905972,IN17A061,False,2,2,True,"{""T1L:knee_extensor"": 49, ""T1L:root_promotor"": 92}","{""T1L:knee_extensor"": 31, ""T1L:root_promotor"": 92}"
905977,IN03A042,False,4,4,True,"{""T3R:knee_extensor"": 18, ""T3R:root_pra"": 568, ""T3R:root_sad"": 22, ""T3R:root_spr"": 221}","{""T3R:knee_extensor"": 18, ""T3R:root_pra"": 568, ""T3R:root_sad"": 22, ""T3R:root_spr"": 221}"
905990,IN20A.22A011,False,2,1,False,"{""T1L:knee_extensor"": 10, ""T1L:knee_flexor"": 12}","{""T1L:knee_flexor"": 12}"
905995,IN04B027,False,2,1,False,"{""T2R:knee_extensor"": 54, ""T2R:root_sar"": 15}","{""T2R:knee_extensor"": 39}"
906015,IN03A030,False,3,1,False,"{""T2R:knee_extensor"": 12, ""T2R:root_pra"": 28, ""T2R:root_spr"": 34}","{""T2R:root_pra"": 28}"
906184,IN20A.22A035,False,2,2,True,"{""T1L:knee_extensor"": 72, ""T1L:root_promotor"": 33}","{""T1L:knee_extensor"": 28, ""T1L:root_promotor"": 33}"
906275,IN13A063,False,2,2,True,"{""T1L:knee_extensor"": 115, ""T1L:root_promotor"": 57}","{""T1L:knee_extensor"": 39, ""T1L:root_promotor"": 57}"
906284,IN20A.22A006,False,2,1,False,"{""T1L:knee_extensor"": 13, ""T1L:root_promotor"": 34}","{""T1L:root_promotor"": 34}"
906300,IN18B050,False,3,3,True,"{""T3L:root_sad"": 10, ""T3L:root_sar"": 14, ""T3R:root_sar"": 45}","{""T3L:root_sad"": 10, ""T3L:root_sar"": 14, ""T3R:root_sar"": 45}"
906353,IN16B075_h,False,2,2,True,"{""T1L:knee_extensor"": 90, ""T1L:root_promotor"": 11}","{""T1L:knee_extensor"": 28, ""T1L:root_promotor"": 11}"
906354,IN16B061,False,2,2,True,"{""T1L:knee_extensor"": 23, ""T1L:root_spr"": 14}","{""T1L:knee_extensor"": 13, ""T1L:root_spr"": 14}"
906376,IN13A020,False,2,2,True,"{""T2R:knee_extensor"": 46, ""T2R:root_sar"": 90}","{""T2R:knee_extensor"": 31, ""T2R:root_sar"": 32}"
906377,SNppxx,False,2,2,True,"{""T3R:root_pra"": 19, ""T3R:root_sar"": 137}","{""T3R:root_pra"": 19, ""T3R:root_sar"": 137}"
906384,IN04B054_a,False,2,2,True,"{""T3L:root_sad"": 13, ""T3L:root_sar"": 31}","{""T3L:root_sad"": 13, ""T3L:root_sar"": 31}"
906414,IN03A070,False,2,2,True,"{""T3R:root_pra"": 144, ""T3R:root_sar"": 17}","{""T3R:root_pra"": 144, ""T3R:root_sar"": 17}"
906521,IN19B109,False,2,1,False,"{""T1L:knee_flexor"": 22, ""T1L:root_spr"": 11}","{""T1L:knee_flexor"": 22}"
906624,IN19A037,False,3,3,True,"{""T3R:root_pra"": 370, ""T3R:root_sad"": 93, ""T3R:root_spr"": 309}","{""T3R:root_pra"": 370, ""T3R:root_sad"": 93, ""T3R:root_spr"": 309}"
906632,IN11A003,False,2,2,True,"{""T3R:root_pra"": 26, ""T3R:root_sar"": 36}","{""T3R:root_pra"": 26, ""T3R:root_sar"": 36}"
906700,IN01A082,False,2,2,True,"{""T3R:knee_extensor"": 42, ""T3R:root_pra"": 46}","{""T3R:knee_extensor"": 42, ""T3R:root_pra"": 46}"
906718,IN13A068,False,2,2,True,"{""T3L:root_pra"": 89, ""T3L:root_sad"": 37}","{""T3L:root_pra"": 89, ""T3L:root_sad"": 37}"
906750,IN20A.22A004,False,4,4,True,"{""T1L:knee_extensor"": 174, ""T1L:knee_flexor"": 24, ""T1L:root_pra"": 22, ""T1L:root_spr"": 10}","{""T1L:knee_extensor"": 47, ""T1L:knee_flexor"": 24, ""T1L:root_pra"": 22, ""T1L:root_spr"": 10}"
906999,IN18B046,False,3,2,True,"{""T2L:knee_extensor"": 10, ""T2L:root_pra"": 17, ""T3L:root_sar"": 17}","{""T2L:root_pra"": 17, ""T3L:root_sar"": 17}"
907045,IN20A.22A036,False,2,2,True,"{""T1R:knee_extensor"": 45, ""T1R:root_promotor"": 106}","{""T1R:knee_extensor"": 10, ""T1R:root_promotor"": 53}"
907197,IN20A.22A012,False,5,4,True,"{""T1L:knee_extensor"": 27, ""T1L:knee_flexor"": 26, ""T1L:root_pra"": 18, ""T1L:root_promotor"": 21, ""T1L:root_spr"": 12}","{""T1L:knee_flexor"": 26, ""T1L:root_pra"": 18, ""T1L:root_promotor"": 21, ""T1L:root_spr"": 12}"
907257,IN20A.22A015,False,2,1,False,"{""T1R:knee_extensor"": 45, ""T1R:root_promotor"": 126}","{""T1R:root_promotor"": 72}"
907259,IN16B083,False,2,2,True,"{""T1R:knee_extensor"": 13, ""T1R:root_promotor"": 32}","{""T1R:knee_extensor"": 13, ""T1R:root_promotor"": 17}"
907363,IN03A051,False,2,2,True,"{""T1L:knee_flexor"": 13, ""T1L:root_sar"": 107}","{""T1L:knee_flexor"": 13, ""T1L:root_sar"": 107}"
907373,IN20A.22A012,False,2,2,True,"{""T1L:root_promotor"": 55, ""T1L:root_sar"": 25}","{""T1L:root_promotor"": 55, ""T1L:root_sar"": 25}"
907380,IN13A054,False,2,2,True,"{""T2R:root_pra"": 63, ""T2R:root_spr"": 135}","{""T2R:root_pra"": 63, ""T2R:root_spr"": 17}"
907394,IN20A.22A035,False,2,2,True,"{""T1R:knee_extensor"": 38, ""T1R:root_promotor"": 26}","{""T1R:knee_extensor"": 16, ""T1R:root_promotor"": 15}"
907479,IN20A.22A015,False,2,2,True,"{""T1L:knee_extensor"": 60, ""T1L:root_promotor"": 135}","{""T1L:knee_extensor"": 23, ""T1L:root_promotor"": 135}"
907485,IN12A013,False,2,2,True,"{""T2R:root_sar"": 16, ""T3R:root_sar"": 23}","{""T2R:root_sar"": 16, ""T3R:root_sar"": 23}"
907487,IN03A044,False,3,3,True,"{""T2R:knee_extensor"": 42, ""T2R:root_pra"": 200, ""T2R:root_spr"": 125}","{""T2R:knee_extensor"": 26, ""T2R:root_pra"": 200, ""T2R:root_spr"": 60}"
907582,IN20A.22A015,False,2,1,False,"{""T1R:knee_extensor"": 30, ""T1R:root_promotor"": 122}","{""T1R:root_promotor"": 68}"
907594,IN18B039,False,3,3,True,"{""T3L:knee_extensor"": 12, ""wing_b1"": 27, ""wing_b2"": 114}","{""T3L:knee_extensor"": 12, ""wing_b1"": 27, ""wing_b2"": 114}"
907602,IN03B061,False,2,2,True,"{""wing_b1"": 35, ""wing_b2"": 12}","{""wing_b1"": 35, ""wing_b2"": 12}"
907782,IN20A.22A013,False,3,3,True,"{""T1L:knee_flexor"": 22, ""T1L:root_promotor"": 48, ""T1L:root_sar"": 12}","{""T1L:knee_flexor"": 22, ""T1L:root_promotor"": 48, ""T1L:root_sar"": 12}"
907791,IN08A026,False,2,2,True,"{""T1R:root_pra"": 95, ""T1R:root_spr"": 75}","{""T1R:root_pra"": 53, ""T1R:root_spr"": 75}"
907850,IN08A034,False,2,2,True,"{""T1L:root_pra"": 150, ""T1L:root_spr"": 22}","{""T1L:root_pra"": 150, ""T1L:root_spr"": 22}"
907935,IN03A054,False,3,2,True,"{""T2R:knee_extensor"": 13, ""T2R:root_pra"": 50, ""T2R:root_spr"": 34}","{""T2R:knee_extensor"": 13, ""T2R:root_pra"": 50}"
907967,IN06A086,False,2,2,True,"{""wing_b1"": 15, ""wing_b2"": 64}","{""wing_b1"": 15, ""wing_b2"": 64}"
907973,IN08B042,False,2,1,False,"{""T1L:root_sar"": 57, ""T2R:root_sar"": 13}","{""T1L:root_sar"": 57}"
908011,IN20A.22A043,False,2,2,True,"{""T2L:knee_extensor"": 44, ""T2L:root_pra"": 11}","{""T2L:knee_extensor"": 26, ""T2L:root_pra"": 11}"
908018,IN03A024,False,3,3,True,"{""T1R:root_pra"": 71, ""T1R:root_sad"": 17, ""T1R:root_spr"": 81}","{""T1R:root_pra"": 14, ""T1R:root_sad"": 17, ""T1R:root_spr"": 81}"
908023,IN03A032,False,3,2,True,"{""T2R:knee_extensor"": 19, ""T2R:root_pra"": 168, ""T2R:root_spr"": 55}","{""T2R:knee_extensor"": 19, ""T2R:root_pra"": 168}"
908029,IN03A093,False,2,2,True,"{""T2R:root_pra"": 18, ""T2R:root_sad"": 18}","{""T2R:root_pra"": 18, ""T2R:root_sad"": 18}"
908037,SNpp38,False,2,2,True,"{""wing_b1"": 18, ""wing_b2"": 14}","{""wing_b1"": 18, ""wing_b2"": 14}"
908038,IN16B064,False,2,2,True,"{""T1R:knee_extensor"": 51, ""T1R:root_promotor"": 25}","{""T1R:knee_extensor"": 31, ""T1R:root_promotor"": 25}"
908080,IN08B040,False,2,1,False,"{""T1L:root_promotor"": 72, ""T1R:root_promotor"": 11}","{""T1L:root_promotor"": 72}"
908087,IN20A.22A009,False,2,2,True,"{""T1R:knee_flexor"": 13, ""T1R:root_sar"": 24}","{""T1R:knee_flexor"": 13, ""T1R:root_sar"": 12}"
908144,IN03A023,False,3,3,True,"{""T1R:knee_flexor"": 20, ""T1R:root_pra"": 28, ""T1R:root_spr"": 32}","{""T1R:knee_flexor"": 20, ""T1R:root_pra"": 28, ""T1R:root_spr"": 32}"
908157,IN03A049,False,2,2,True,"{""T1L:knee_extensor"": 67, ""T1L:root_promotor"": 113}","{""T1L:knee_extensor"": 14, ""T1L:root_promotor"": 113}"
908177,SNpp45,False,2,2,True,"{""T1L:root_pra"": 72, ""T1L:root_spr"": 79}","{""T1L:root_pra"": 72, ""T1L:root_spr"": 44}"
908269,IN20A.22A008,False,4,4,True,"{""T1L:knee_flexor"": 64, ""T1L:root_promotor"": 13, ""T1L:root_sad"": 32, ""T1L:root_sar"": 53}","{""T1L:knee_flexor"": 64, ""T1L:root_promotor"": 13, ""T1L:root_sad"": 32, ""T1L:root_sar"": 53}"
908279,IN03A059,False,2,2,True,"{""T3R:knee_extensor"": 23, ""T3R:root_spr"": 69}","{""T3R:knee_extensor"": 23, ""T3R:root_spr"": 69}"
908315,IN03A045,False,2,1,False,"{""T1R:root_promotor"": 121, ""T1R:root_sar"": 11}","{""T1R:root_promotor"": 88}"
908318,IN03A046,False,2,2,True,"{""T1L:root_pra"": 95, ""T1L:root_spr"": 58}","{""T1L:root_pra"": 95, ""T1L:root_spr"": 58}"
908323,IN20A.22A010,False,2,2,True,"{""T3L:knee_flexor"": 151, ""T3L:root_sar"": 16}","{""T3L:knee_flexor"": 151, ""T3L:root_sar"": 16}"
908343,IN03A071,False,4,2,True,"{""T2R:knee_flexor"": 12, ""T2R:root_pra"": 85, ""T2R:root_sad"": 25, ""T2R:root_spr"": 38}","{""T2R:root_pra"": 85, ""T2R:root_sad"": 25}"
908370,IN04B064,False,3,3,True,"{""T3R:knee_extensor"": 20, ""T3R:root_sar"": 14, ""T3R:root_spr"": 10}","{""T3R:knee_extensor"": 20, ""T3R:root_sar"": 14, ""T3R:root_spr"": 10}"
908380,IN13A035,False,2,2,True,"{""T1L:root_promotor"": 154, ""T1L:root_sar"": 11}","{""T1L:root_promotor"": 154, ""T1L:root_sar"": 11}"
908389,IN20A.22A004,False,3,3,True,"{""T1R:knee_extensor"": 86, ""T1R:knee_flexor"": 20, ""T1R:root_pra"": 12}","{""T1R:knee_extensor"": 35, ""T1R:knee_flexor"": 20, ""T1R:root_pra"": 12}"
908466,GFC1,False,6,5,True,"{""T1R:knee_flexor"": 36, ""T1R:root_sar"": 13, ""T2R:knee_flexor"": 23, ""T2R:root_pra"": 16, ""T3R:knee_flexor"": 22, ""T3R:root_spr"": 65}","{""T1R:knee_flexor"": 36, ""T2R:knee_flexor"": 23, ""T2R:root_pra"": 16, ""T3R:knee_flexor"": 22, ""T3R:root_spr"": 65}"
908470,"IN20A.22A049,IN20A.22A067",False,2,2,True,"{""T1L:knee_flexor"": 16, ""T1L:root_sar"": 34}","{""T1L:knee_flexor"": 16, ""T1L:root_sar"": 34}"
908485,IN04B091,False,2,2,True,"{""T1L:knee_flexor"": 35, ""T1L:root_promotor"": 10}","{""T1L:knee_flexor"": 35, ""T1L:root_promotor"": 10}"
908559,IN20A.22A016,False,2,2,True,"{""T1R:knee_flexor"": 14, ""T1R:root_sar"": 16}","{""T1R:knee_flexor"": 14, ""T1R:root_sar"": 16}"
908594,IN17A061,False,3,2,True,"{""T1R:knee_extensor"": 33, ""T1R:root_pra"": 17, ""T1R:root_promotor"": 111}","{""T1R:root_pra"": 17, ""T1R:root_promotor"": 49}"
908597,IN03A053,False,3,3,True,"{""T3R:knee_extensor"": 20, ""T3R:root_pra"": 20, ""T3R:root_spr"": 190}","{""T3R:knee_extensor"": 20, ""T3R:root_pra"": 20, ""T3R:root_spr"": 190}"
908604,IN13A062,False,2,1,False,"{""T2R:root_pra"": 218, ""T2R:root_spr"": 44}","{""T2R:root_pra"": 218}"
908620,IN08A030,False,2,2,True,"{""T1L:root_pra"": 68, ""T1L:root_spr"": 66}","{""T1L:root_pra"": 68, ""T1L:root_spr"": 66}"
908649,IN01A040,False,2,2,True,"{""T1L:knee_flexor"": 49, ""T1L:root_promotor"": 22}","{""T1L:knee_flexor"": 49, ""T1L:root_promotor"": 22}"
908689,IN03A091,False,2,2,True,"{""T2L:root_pra"": 16, ""T2L:root_spr"": 183}","{""T2L:root_pra"": 16, ""T2L:root_spr"": 183}"
908717,IN12B092,False,3,2,True,"{""T1L:knee_extensor"": 15, ""T1L:root_pra"": 19, ""T1L:root_promotor"": 44}","{""T1L:root_pra"": 19, ""T1L:root_promotor"": 44}"
908786,IN03A039,False,2,1,False,"{""T2R:knee_flexor"": 89, ""T2R:root_spr"": 41}","{""T2R:knee_flexor"": 89}"
908856,IN06B038,False,2,2,True,"{""wing_b1"": 89, ""wing_b2"": 37}","{""wing_b1"": 89, ""wing_b2"": 37}"
908872,IN20A.22A028,False,2,2,True,"{""T3L:root_pra"": 23, ""T3L:root_sar"": 27}","{""T3L:root_pra"": 23, ""T3L:root_sar"": 27}"
908979,IN03A087,False,2,2,True,"{""T1R:root_promotor"": 10, ""T1R:root_sar"": 67}","{""T1R:root_promotor"": 10, ""T1R:root_sar"": 26}"
909002,IN03A051,False,2,2,True,"{""T1L:knee_flexor"": 21, ""T1L:root_sar"": 62}","{""T1L:knee_flexor"": 21, ""T1L:root_sar"": 62}"
909034,IN03A071,False,2,2,True,"{""T2L:knee_flexor"": 95, ""T2L:root_pra"": 20}","{""T2L:knee_flexor"": 95, ""T2L:root_pra"": 20}"
909042,SNpp53,False,2,2,True,"{""T2L:knee_flexor"": 10, ""T3R:knee_flexor"": 18}","{""T2L:knee_flexor"": 10, ""T3R:knee_flexor"": 18}"
909052,IN21A049,False,2,1,False,"{""T2R:knee_flexor"": 18, ""T2R:root_sar"": 95}","{""T2R:knee_flexor"": 18}"
909056,IN04B031,False,2,2,True,"{""T1L:knee_extensor"": 205, ""T1L:root_promotor"": 11}","{""T1L:knee_extensor"": 75, ""T1L:root_promotor"": 11}"
909125,IN04B094,False,2,2,True,"{""T1R:knee_extensor"": 15, ""T1R:root_promotor"": 41}","{""T1R:knee_extensor"": 15, ""T1R:root_promotor"": 41}"
909180,IN03A091,False,2,2,True,"{""T2R:root_pra"": 10, ""T2R:root_spr"": 221}","{""T2R:root_pra"": 10, ""T2R:root_spr"": 72}"
909186,IN03A037,False,3,3,True,"{""T3R:root_pra"": 89, ""T3R:root_sar"": 20, ""T3R:root_spr"": 12}","{""T3R:root_pra"": 89, ""T3R:root_sar"": 20, ""T3R:root_spr"": 12}"
909214,IN04B071,False,2,2,True,"{""T2L:knee_extensor"": 32, ""T2L:root_pra"": 42}","{""T2L:knee_extensor"": 32, ""T2L:root_pra"": 42}"
909253,IN04B072,False,2,2,True,"{""T1L:knee_extensor"": 123, ""T1L:root_promotor"": 24}","{""T1L:knee_extensor"": 11, ""T1L:root_promotor"": 24}"
909324,IN03A080,False,2,1,False,"{""T1L:root_pra"": 133, ""T1L:root_spr"": 41}","{""T1L:root_pra"": 133}"
909409,IN13A035,False,2,1,False,"{""T1R:root_promotor"": 117, ""T1R:root_sar"": 12}","{""T1R:root_promotor"": 85}"
909441,IN08B062,False,2,1,False,"{""T2L:root_sar"": 11, ""T2R:root_sar"": 12}","{""T2L:root_sar"": 11}"
909522,IN20A.22A036,False,2,2,True,"{""T1R:knee_extensor"": 42, ""T1R:root_promotor"": 25}","{""T1R:knee_extensor"": 16, ""T1R:root_promotor"": 15}"
909662,IN03A081,False,3,3,True,"{""T3R:root_pra"": 33, ""T3R:root_sad"": 18, ""T3R:root_spr"": 148}","{""T3R:root_pra"": 33, ""T3R:root_sad"": 18, ""T3R:root_spr"": 148}"
909716,IN06A022,False,2,2,True,"{""wing_b1"": 87, ""wing_b2"": 105}","{""wing_b1"": 87, ""wing_b2"": 105}"
909839,IN16B082,False,2,2,True,"{""T2L:root_pra"": 14, ""T2L:root_sar"": 13}","{""T2L:root_pra"": 14, ""T2L:root_sar"": 13}"
909853,SNpp28,False,2,2,True,"{""wing_b1"": 74, ""wing_b2"": 31}","{""wing_b1"": 74, ""wing_b2"": 31}"
909901,IN13A053,False,3,3,True,"{""T3R:root_pra"": 74, ""T3R:root_sad"": 20, ""T3R:root_spr"": 159}","{""T3R:root_pra"": 74, ""T3R:root_sad"": 20, ""T3R:root_spr"": 159}"
910018,IN04B019,False,2,2,True,"{""T1R:knee_extensor"": 35, ""T1R:root_promotor"": 220}","{""T1R:knee_extensor"": 18, ""T1R:root_promotor"": 129}"
910022,IN04B015,False,2,2,True,"{""T1R:root_promotor"": 121, ""T1R:root_sar"": 82}","{""T1R:root_promotor"": 81, ""T1R:root_sar"": 35}"
910116,IN14A031,False,2,2,True,"{""T2L:knee_flexor"": 27, ""T2L:root_pra"": 11}","{""T2L:knee_flexor"": 27, ""T2L:root_pra"": 11}"
910148,IN03A081,False,3,3,True,"{""T3L:root_pra"": 10, ""T3L:root_sad"": 20, ""T3L:root_spr"": 193}","{""T3L:root_pra"": 10, ""T3L:root_sad"": 20, ""T3L:root_spr"": 92}"
910183,IN03A065,False,2,2,True,"{""T1L:root_pra"": 37, ""T1L:root_spr"": 32}","{""T1L:root_pra"": 37, ""T1L:root_spr"": 32}"
910238,IN12A035,False,2,2,True,"{""wing_b1"": 33, ""wing_b2"": 45}","{""wing_b1"": 33, ""wing_b2"": 45}"
910328,IN16B091,False,2,2,True,"{""T1R:knee_extensor"": 43, ""T1R:root_promotor"": 37}","{""T1R:knee_extensor"": 14, ""T1R:root_promotor"": 16}"
910535,SNpp37,False,2,2,True,"{""wing_b1"": 10, ""wing_b2"": 36}","{""wing_b1"": 10, ""wing_b2"": 36}"
910609,SNpp28,False,2,2,True,"{""wing_b1"": 77, ""wing_b2"": 49}","{""wing_b1"": 77, ""wing_b2"": 49}"
910612,IN16B063,False,2,2,True,"{""wing_b1"": 29, ""wing_b2"": 80}","{""wing_b1"": 29, ""wing_b2"": 80}"
910617,IN17A079,False,2,1,False,"{""T1R:root_promotor"": 66, ""T1R:root_sar"": 21}","{""T1R:root_promotor"": 39}"
911108,IN03A087,False,2,2,True,"{""T1R:root_promotor"": 13, ""T1R:root_sar"": 24}","{""T1R:root_promotor"": 13, ""T1R:root_sar"": 10}"
911200,IN03B060,False,2,2,True,"{""wing_b1"": 15, ""wing_b2"": 37}","{""wing_b1"": 15, ""wing_b2"": 37}"
911202,IN13A068,False,2,2,True,"{""T3L:root_pra"": 99, ""T3L:root_sad"": 12}","{""T3L:root_pra"": 78, ""T3L:root_sad"": 12}"
911567,IN03B066,False,2,2,True,"{""wing_b1"": 99, ""wing_b2"": 41}","{""wing_b1"": 99, ""wing_b2"": 41}"
911607,IN08A026,False,2,2,True,"{""T1L:root_pra"": 226, ""T1L:root_spr"": 135}","{""T1L:root_pra"": 226, ""T1L:root_spr"": 102}"
911812,IN03B060,False,2,2,True,"{""wing_b1"": 24, ""wing_b2"": 17}","{""wing_b1"": 24, ""wing_b2"": 17}"
911832,IN03B061,False,2,2,True,"{""wing_b1"": 25, ""wing_b2"": 15}","{""wing_b1"": 25, ""wing_b2"": 15}"
911845,IN06B047,False,2,2,True,"{""wing_b1"": 70, ""wing_b2"": 45}","{""wing_b1"": 70, ""wing_b2"": 45}"
911878,IN20A.22A018,False,2,2,True,"{""T1R:knee_extensor"": 19, ""T1R:root_sar"": 12}","{""T1R:knee_extensor"": 19, ""T1R:root_sar"": 12}"
911967,IN01A002,False,3,3,True,"{""T2L:root_pra"": 29, ""T2R:root_pra"": 24, ""T3L:root_spr"": 42}","{""T2L:root_pra"": 29, ""T2R:root_pra"": 24, ""T3L:root_spr"": 24}"
912045,IN12B024_b,False,2,2,True,"{""T1R:knee_flexor"": 50, ""T1R:root_sar"": 13}","{""T1R:knee_flexor"": 50, ""T1R:root_sar"": 13}"
912055,dMS5,False,2,2,True,"{""T3L:root_sar"": 10, ""wing_b2"": 37}","{""T3L:root_sar"": 10, ""wing_b2"": 37}"
912063,IN12B012,False,3,0,False,"{""T1R:knee_extensor"": 11, ""T1R:root_promotor"": 18, ""T1R:root_sar"": 25}",{}
912067,IN18B048,True,4,4,True,"{""T3L:root_sad"": 21, ""T3L:root_sar"": 18, ""T3R:root_sad"": 18, ""T3R:root_sar"": 19}","{""T3L:root_sad"": 21, ""T3L:root_sar"": 18, ""T3R:root_sad"": 18, ""T3R:root_sar"": 19}"
912079,IN01A012,False,2,2,True,"{""T1R:root_promotor"": 23, ""T1R:root_spr"": 12}","{""T1R:root_promotor"": 11, ""T1R:root_spr"": 12}"
912122,IN13B006,False,2,2,True,"{""T3L:root_pra"": 10, ""T3L:root_sar"": 18}","{""T3L:root_pra"": 10, ""T3L:root_sar"": 18}"
912300,IN03B061,False,2,2,True,"{""wing_b1"": 32, ""wing_b2"": 22}","{""wing_b1"": 32, ""wing_b2"": 22}"
912500,IN03B060,False,2,2,True,"{""wing_b1"": 29, ""wing_b2"": 28}","{""wing_b1"": 29, ""wing_b2"": 28}"
912503,IN18B050,False,3,3,True,"{""T3L:root_sar"": 28, ""T3R:knee_extensor"": 10, ""T3R:root_sar"": 22}","{""T3L:root_sar"": 28, ""T3R:knee_extensor"": 10, ""T3R:root_sar"": 22}"
912554,IN13A020,False,2,2,True,"{""T2R:knee_extensor"": 59, ""T2R:root_sar"": 127}","{""T2R:knee_extensor"": 35, ""T2R:root_sar"": 88}"
912620,IN03B066,False,2,2,True,"{""wing_b1"": 68, ""wing_b2"": 17}","{""wing_b1"": 68, ""wing_b2"": 17}"
912649,IN03B060,False,2,2,True,"{""wing_b1"": 16, ""wing_b2"": 16}","{""wing_b1"": 16, ""wing_b2"": 16}"
912708,SNpp28,False,2,2,True,"{""wing_b1"": 58, ""wing_b2"": 33}","{""wing_b1"": 58, ""wing_b2"": 33}"
912774,IN08A030,False,2,2,True,"{""T1R:root_pra"": 76, ""T1R:root_spr"": 25}","{""T1R:root_pra"": 58, ""T1R:root_spr"": 25}"
913253,IN08A026,False,2,2,True,"{""T1R:root_pra"": 66, ""T1R:root_spr"": 71}","{""T1R:root_pra"": 46, ""T1R:root_spr"": 71}"
913338,IN03B067,False,2,2,True,"{""wing_b1"": 29, ""wing_b2"": 25}","{""wing_b1"": 29, ""wing_b2"": 25}"
913461,IN04B038,False,3,2,True,"{""T1R:knee_extensor"": 12, ""T1R:root_promotor"": 77, ""T1R:root_sar"": 11}","{""T1R:knee_extensor"": 12, ""T1R:root_promotor"": 60}"
913724,IN21A006,False,2,2,True,"{""T1R:knee_flexor"": 10, ""T1R:root_sar"": 197}","{""T1R:knee_flexor"": 10, ""T1R:root_sar"": 78}"
914279,IN13B074,False,2,1,False,"{""T1R:root_promotor"": 54, ""T1R:root_sar"": 24}","{""T1R:root_promotor"": 23}"
915065,IN04B015,False,2,1,False,"{""T1R:root_promotor"": 87, ""T1R:root_sar"": 21}","{""T1R:root_promotor"": 60}"
919485,IN06A032,False,2,2,True,"{""wing_b1"": 36, ""wing_b2"": 40}","{""wing_b1"": 36, ""wing_b2"": 40}"
919576,IN17A016,False,3,2,True,"{""T1R:knee_flexor"": 32, ""T1R:root_promotor"": 15, ""T1R:root_sar"": 20}","{""T1R:knee_flexor"": 32, ""T1R:root_promotor"": 15}"
923228,IN01A020,False,3,3,True,"{""T2L:knee_extensor"": 138, ""T2L:root_pra"": 51, ""T2L:root_spr"": 244}","{""T2L:knee_extensor"": 106, ""T2L:root_pra"": 51, ""T2L:root_spr"": 244}"
924883,IN11B012,False,2,2,True,"{""wing_b1"": 127, ""wing_b2"": 101}","{""wing_b1"": 127, ""wing_b2"": 101}"
925137,IN13A050,False,2,2,True,"{""T1L:root_promotor"": 14, ""T1L:root_sar"": 138}","{""T1L:root_promotor"": 14, ""T1L:root_sar"": 138}"
925306,IN03A058,False,3,3,True,"{""T2R:knee_extensor"": 34, ""T2R:root_pra"": 21, ""T2R:root_spr"": 125}","{""T2R:knee_extensor"": 34, ""T2R:root_pra"": 21, ""T2R:root_spr"": 27}"
926154,IN19A011,False,2,2,True,"{""T3R:knee_extensor"": 120, ""T3R:root_sar"": 45}","{""T3R:knee_extensor"": 120, ""T3R:root_sar"": 45}"
926518,IN12B015,False,2,2,True,"{""wing_b1"": 37, ""wing_b2"": 58}","{""wing_b1"": 37, ""wing_b2"": 58}"
926519,IN12B045,False,2,2,True,"{""T2L:root_spr"": 46, ""T2R:root_spr"": 33}","{""T2L:root_spr"": 46, ""T2R:root_spr"": 17}"
926839,IN12A027,False,3,2,True,"{""T1L:root_pra"": 18, ""T2L:root_pra"": 66, ""T2R:root_spr"": 10}","{""T1L:root_pra"": 18, ""T2L:root_pra"": 66}"
928024,IN06B047,False,2,2,True,"{""wing_b1"": 92, ""wing_b2"": 171}","{""wing_b1"": 92, ""wing_b2"": 171}"
928257,AN08B031,False,2,2,True,"{""T1L:root_promotor"": 28, ""T1R:root_promotor"": 51}","{""T1L:root_promotor"": 28, ""T1R:root_promotor"": 33}"
928267,INXXX307,False,2,2,True,"{""T3R:root_pra"": 10, ""T3R:root_sar"": 18}","{""T3R:root_pra"": 10, ""T3R:root_sar"": 18}"
928274,INXXX003,False,2,1,False,"{""T2L:root_sad"": 12, ""T2R:root_sad"": 17}","{""T2R:root_sad"": 17}"
928294,IN11A005,False,2,0,False,"{""T1R:knee_extensor"": 24, ""T1R:root_promotor"": 12}",{}
928813,IN03A047,False,2,2,True,"{""T2L:root_pra"": 110, ""T2L:root_spr"": 310}","{""T2L:root_pra"": 110, ""T2L:root_spr"": 310}"
929100,IN20A.22A036,False,2,2,True,"{""T1L:knee_extensor"": 67, ""T1L:root_promotor"": 108}","{""T1L:knee_extensor"": 37, ""T1L:root_promotor"": 108}"
929469,IN03A068,False,2,2,True,"{""T3R:knee_flexor"": 52, ""T3R:root_pra"": 94}","{""T3R:knee_flexor"": 52, ""T3R:root_pra"": 94}"
929612,INXXX464,False,3,3,True,"{""T3L:knee_extensor"": 38, ""T3L:root_pra"": 89, ""T3L:root_spr"": 293}","{""T3L:knee_extensor"": 38, ""T3L:root_pra"": 89, ""T3L:root_spr"": 84}"
930010,IN03A069,False,3,2,True,"{""T1L:knee_extensor"": 50, ""T1L:root_pra"": 10, ""T1L:root_promotor"": 94}","{""T1L:root_pra"": 10, ""T1L:root_promotor"": 94}"
930012,IN21A003,False,3,3,True,"{""T1L:knee_flexor"": 78, ""T1L:root_pra"": 62, ""T1L:root_sad"": 18}","{""T1L:knee_flexor"": 78, ""T1L:root_pra"": 62, ""T1L:root_sad"": 18}"
931203,IN08A007,False,2,2,True,"{""T1L:knee_extensor"": 456, ""T1L:root_promotor"": 104}","{""T1L:knee_extensor"": 170, ""T1L:root_promotor"": 104}"
931656,w-cHIN,False,2,2,True,"{""wing_b1"": 12, ""wing_b2"": 14}","{""wing_b1"": 12, ""wing_b2"": 14}"
932493,IN08B003,False,2,2,True,"{""wing_b1"": 107, ""wing_b2"": 179}","{""wing_b1"": 107, ""wing_b2"": 179}"
933241,IN01A031,False,3,3,True,"{""T3R:knee_extensor"": 11, ""T3R:root_pra"": 16, ""T3R:root_spr"": 24}","{""T3R:knee_extensor"": 11, ""T3R:root_pra"": 16, ""T3R:root_spr"": 24}"
933278,IN03B061,False,2,2,True,"{""wing_b1"": 42, ""wing_b2"": 10}","{""wing_b1"": 42, ""wing_b2"": 10}"
933307,IN12A027,False,5,4,True,"{""T2L:root_pra"": 29, ""T2L:root_spr"": 12, ""T2R:root_pra"": 59, ""T2R:root_spr"": 11, ""T3R:root_pra"": 30}","{""T2L:root_pra"": 29, ""T2L:root_spr"": 12, ""T2R:root_pra"": 59, ""T3R:root_pra"": 30}"
933316,IN16B082,False,2,1,False,"{""T1R:root_promotor"": 25, ""T1R:root_sar"": 12}","{""T1R:root_promotor"": 12}"
933394,IN03A071,False,2,2,True,"{""T2R:knee_flexor"": 58, ""T2R:root_pra"": 34}","{""T2R:knee_flexor"": 33, ""T2R:root_pra"": 34}"
933397,IN03B072,False,2,2,True,"{""wing_b1"": 117, ""wing_b2"": 23}","{""wing_b1"": 117, ""wing_b2"": 23}"
934092,IN19A016,False,2,2,True,"{""T1L:root_pra"": 336, ""T1L:root_spr"": 370}","{""T1L:root_pra"": 336, ""T1L:root_spr"": 230}"
934591,IN07B009,False,2,2,True,"{""T2L:root_spr"": 32, ""T3L:root_pra"": 10}","{""T2L:root_spr"": 32, ""T3L:root_pra"": 10}"
934752,IN21A007,False,2,2,True,"{""T2L:knee_flexor"": 72, ""T2L:root_spr"": 29}","{""T2L:knee_flexor"": 72, ""T2L:root_spr"": 29}"
934876,IN08A026,False,2,2,True,"{""T1L:root_pra"": 197, ""T1L:root_spr"": 273}","{""T1L:root_pra"": 197, ""T1L:root_spr"": 179}"
935352,IN03A066,False,2,2,True,"{""T1R:root_pra"": 104, ""T1R:root_spr"": 19}","{""T1R:root_pra"": 60, ""T1R:root_spr"": 19}"
935383,SNpp51,False,2,2,True,"{""T1L:knee_flexor"": 23, ""T1L:root_promotor"": 26}","{""T1L:knee_flexor"": 23, ""T1L:root_promotor"": 26}"
935417,IN16B091,False,2,2,True,"{""T1L:knee_extensor"": 24, ""T1L:root_promotor"": 28}","{""T1L:knee_extensor"": 14, ""T1L:root_promotor"": 28}"
935508,IN16B091,False,2,2,True,"{""T1R:knee_extensor"": 77, ""T1R:root_promotor"": 34}","{""T1R:knee_extensor"": 37, ""T1R:root_promotor"": 13}"
935536,IN20A.22A036,False,2,2,True,"{""T1R:knee_extensor"": 49, ""T1R:root_promotor"": 51}","{""T1R:knee_extensor"": 13, ""T1R:root_promotor"": 32}"
935988,IN11A019,False,3,3,True,"{""T2L:root_sar"": 14, ""wing_b1"": 56, ""wing_b2"": 65}","{""T2L:root_sar"": 14, ""wing_b1"": 56, ""wing_b2"": 65}"
936035,IN20A.22A005,False,4,4,True,"{""T2L:knee_extensor"": 245, ""T2L:knee_flexor"": 41, ""T2L:root_sar"": 24, ""T2L:root_spr"": 10}","{""T2L:knee_extensor"": 140, ""T2L:knee_flexor"": 41, ""T2L:root_sar"": 24, ""T2L:root_spr"": 10}"
936263,IN06A137,False,2,2,True,"{""wing_b1"": 30, ""wing_b2"": 31}","{""wing_b1"": 30, ""wing_b2"": 31}"
936795,IN13B064,False,2,2,True,"{""T3R:knee_extensor"": 10, ""T3R:root_sar"": 13}","{""T3R:knee_extensor"": 10, ""T3R:root_sar"": 13}"
936868,IN12A009,False,2,1,False,"{""T3L:root_spr"": 21, ""wing_b2"": 115}","{""wing_b2"": 115}"
937495,IN08A030,False,2,2,True,"{""T1L:root_pra"": 103, ""T1L:root_spr"": 114}","{""T1L:root_pra"": 103, ""T1L:root_spr"": 50}"
939795,IN13A045,False,2,2,True,"{""T1R:knee_extensor"": 58, ""T1R:root_promotor"": 14}","{""T1R:knee_extensor"": 34, ""T1R:root_promotor"": 14}"
940079,IN16B090,False,2,1,False,"{""T2R:knee_extensor"": 19, ""T2R:root_sar"": 10}","{""T2R:knee_extensor"": 19}"
940353,IN16B113,False,2,1,False,"{""T2R:root_pra"": 78, ""T2R:root_spr"": 10}","{""T2R:root_pra"": 78}"
940360,IN16B083,False,2,2,True,"{""T1R:knee_extensor"": 15, ""T1R:root_promotor"": 29}","{""T1R:knee_extensor"": 15, ""T1R:root_promotor"": 19}"
940393,IN20A.22A088,False,2,2,True,"{""T3R:root_pra"": 14, ""T3R:root_sar"": 22}","{""T3R:root_pra"": 14, ""T3R:root_sar"": 22}"
940467,IN19A016,False,2,2,True,"{""T3L:root_pra"": 320, ""T3L:root_spr"": 568}","{""T3L:root_pra"": 258, ""T3L:root_spr"": 321}"
940591,IN04B085,False,2,2,True,"{""T1R:root_sad"": 13, ""T1R:root_spr"": 18}","{""T1R:root_sad"": 13, ""T1R:root_spr"": 18}"
940699,IN04B011,False,2,2,True,"{""T2R:knee_extensor"": 66, ""T2R:root_sar"": 97}","{""T2R:knee_extensor"": 55, ""T2R:root_sar"": 22}"
940769,IN03A037,False,4,4,True,"{""T3L:knee_extensor"": 28, ""T3L:root_pra"": 119, ""T3L:root_sad"": 15, ""T3L:root_sar"": 67}","{""T3L:knee_extensor"": 28, ""T3L:root_pra"": 101, ""T3L:root_sad"": 15, ""T3L:root_sar"": 67}"
941298,IN21A016,False,3,3,True,"{""T1L:knee_flexor"": 26, ""T1L:root_sar"": 52, ""T1L:root_spr"": 12}","{""T1L:knee_flexor"": 26, ""T1L:root_sar"": 52, ""T1L:root_spr"": 12}"
942770,IN20A.22A007,False,2,2,True,"{""T2L:knee_extensor"": 248, ""T2L:root_pra"": 25}","{""T2L:knee_extensor"": 100, ""T2L:root_pra"": 25}"
944269,IN04B100,False,2,2,True,"{""T1L:root_pra"": 43, ""T1L:root_spr"": 114}","{""T1L:root_pra"": 43, ""T1L:root_spr"": 98}"
946718,DNge106,False,2,2,True,"{""T2L:root_sar"": 44, ""T3L:root_sar"": 25}","{""T2L:root_sar"": 44, ""T3L:root_sar"": 25}"
946770,,False,2,2,True,"{""T2L:root_spr"": 13, ""T2R:root_spr"": 46}","{""T2L:root_spr"": 13, ""T2R:root_spr"": 18}"
953893,AN07B045,False,3,2,True,"{""T1R:root_spr"": 12, ""T2R:root_pra"": 37, ""T2R:root_spr"": 11}","{""T1R:root_spr"": 12, ""T2R:root_pra"": 37}"
954994,,False,3,3,True,"{""T2L:knee_extensor"": 22, ""T2L:root_pra"": 58, ""T2L:root_spr"": 44}","{""T2L:knee_extensor"": 22, ""T2L:root_pra"": 58, ""T2L:root_spr"": 44}"
955927,,False,2,2,True,"{""T3R:root_pra"": 140, ""T3R:root_spr"": 33}","{""T3R:root_pra"": 140, ""T3R:root_spr"": 33}"
956674,,False,2,2,True,"{""T3R:root_pra"": 26, ""T3R:root_spr"": 24}","{""T3R:root_pra"": 26, ""T3R:root_spr"": 24}"
956675,,False,4,4,True,"{""T3R:knee_extensor"": 43, ""T3R:root_pra"": 106, ""T3R:root_sad"": 29, ""T3R:root_sar"": 31}","{""T3R:knee_extensor"": 43, ""T3R:root_pra"": 106, ""T3R:root_sad"": 29, ""T3R:root_sar"": 31}"
956907,,False,3,2,True,"{""T1R:knee_extensor"": 47, ""T1R:root_pra"": 15, ""T1R:root_promotor"": 97}","{""T1R:root_pra"": 15, ""T1R:root_promotor"": 56}"
957368,,False,2,2,True,"{""T2L:root_spr"": 48, ""T2R:root_spr"": 43}","{""T2L:root_spr"": 48, ""T2R:root_spr"": 22}"
397041555,AN19B051,False,2,2,True,"{""T2L:knee_flexor"": 38, ""T3L:knee_flexor"": 27}","{""T2L:knee_flexor"": 38, ""T3L:knee_flexor"": 27}"
581519998,SApp01,False,2,2,True,"{""wing_b1"": 28, ""wing_b2"": 13}","{""wing_b1"": 28, ""wing_b2"": 13}"
1050112921,IN03A059,False,3,3,True,"{""T3R:knee_extensor"": 31, ""T3R:root_pra"": 13, ""T3R:root_spr"": 86}","{""T3R:knee_extensor"": 31, ""T3R:root_pra"": 13, ""T3R:root_spr"": 86}"
1050138510,IN12B040,False,2,2,True,"{""T1R:knee_extensor"": 45, ""T1R:root_promotor"": 74}","{""T1R:knee_extensor"": 25, ""T1R:root_promotor"": 52}"
1050379364,AN19B014,False,5,5,True,"{""T1L:root_pra"": 99, ""T1L:root_spr"": 22, ""T2L:root_pra"": 42, ""T2L:root_spr"": 91, ""T3L:root_spr"": 21}","{""T1L:root_pra"": 99, ""T1L:root_spr"": 11, ""T2L:root_pra"": 42, ""T2L:root_spr"": 91, ""T3L:root_spr"": 21}"
1050441863,IN20A.22A005,False,3,2,True,"{""T1R:knee_extensor"": 83, ""T1R:root_pra"": 19, ""T1R:root_sar"": 14}","{""T1R:knee_extensor"": 46, ""T1R:root_pra"": 19}"
1050591428,IN20A.22A007,False,2,1,False,"{""T1R:knee_extensor"": 41, ""T1R:root_promotor"": 23}","{""T1R:root_promotor"": 23}"
1050938168,IN06B035,False,3,3,True,"{""T2L:root_sar"": 61, ""T2R:root_sar"": 49, ""wing_b1"": 25}","{""T2L:root_sar"": 61, ""T2R:root_sar"": 16, ""wing_b1"": 25}"
1051045520,IN12B040,False,2,2,True,"{""T1L:knee_extensor"": 55, ""T1L:root_promotor"": 43}","{""T1L:knee_extensor"": 10, ""T1L:root_promotor"": 43}"
1051358866,IN16B045,False,2,2,True,"{""T1L:root_sad"": 12, ""T1L:root_sar"": 10}","{""T1L:root_sad"": 12, ""T1L:root_sar"": 10}"
1051645871,IN20A.22A012,False,4,3,True,"{""T1L:knee_extensor"": 12, ""T1L:knee_flexor"": 10, ""T1L:root_pra"": 20, ""T1L:root_promotor"": 14}","{""T1L:knee_flexor"": 10, ""T1L:root_pra"": 20, ""T1L:root_promotor"": 14}"
1053526057,IN13B098,False,2,2,True,"{""T1L:knee_flexor"": 10, ""T1L:root_sar"": 13}","{""T1L:knee_flexor"": 10, ""T1L:root_sar"": 13}"
1057576230,IN09A003,False,2,2,True,"{""T1R:knee_flexor"": 70, ""T1R:root_promotor"": 10}","{""T1R:knee_flexor"": 70, ""T1R:root_promotor"": 10}"
1068560359,IN19A019,False,3,1,False,"{""T2R:knee_extensor"": 16, ""T2R:root_pra"": 11, ""T2R:root_spr"": 30}","{""T2R:root_pra"": 11}"
1110706007,SNpp45,False,2,2,True,"{""T1L:root_pra"": 107, ""T1L:root_spr"": 88}","{""T1L:root_pra"": 107, ""T1L:root_spr"": 43}"
