dataset,versioned_body_id,bodyId,type,instance,leg_position_from_subclass,subclass,somaSide,rootSide,somaNeuromere,exitNerve,superclass,mancBodyid,mancType,mancSerial,mcnsSerial,serialMotif,matchingNotes,status,statusLabel,leg,joint,anatomical_action,action_source,muscle_label_available,action_known,muscle_identity_evidence,legacy_targets,legacy_match_count,physiological_action_in_this_cell_measured
male-cns:v1.0,male-cns:v1.0:806599,806599,Acc. ti flexor MN,Acc. ti flexor MN_L,front,fl,L,,T1,ProLN,vnc_motor,101043,Acc. ti flexor MN,,,,,Traced,Reviewed,T1L,femur-tibia,flexion,Azevedo 2024 Appendix A1 pp3-4; A13-A14 pp34-37,True,True,current_MaleCNS_type_annotation; T1_cross_volume_target; T2_T3_serial_homology,Acc. ti flexor,1,False
male-cns:v1.0,male-cns:v1.0:815246,815246,Acc. ti flexor MN,Acc. ti flexor MN_L,front,fl,L,,T1,ProLN,vnc_motor,17885,Acc. ti flexor MN,,,,,Traced,Reviewed,T1L,femur-tibia,flexion,Azevedo 2024 Appendix A1 pp3-4; A13-A14 pp34-37,True,True,current_MaleCNS_type_annotation; T1_cross_volume_target; T2_T3_serial_homology,Acc. ti flexor,1,False
male-cns:v1.0,male-cns:v1.0:816215,816215,Acc. ti flexor MN,Acc. ti flexor MN_L,front,fl,L,,T1,ProLN,vnc_motor,18412,Acc. ti flexor MN,,,,,Traced,Reviewed,T1L,femur-tibia,flexion,Azevedo 2024 Appendix A1 pp3-4; A13-A14 pp34-37,True,True,current_MaleCNS_type_annotation; T1_cross_volume_target; T2_T3_serial_homology,Acc. ti flexor,1,False
male-cns:v1.0,male-cns:v1.0:816404,816404,Acc. ti flexor MN,Acc. ti flexor MN_L,front,fl,L,,T1,ProLN,vnc_motor,23698,Acc. ti flexor MN,,,,,Traced,Reviewed,T1L,femur-tibia,flexion,Azevedo 2024 Appendix A1 pp3-4; A13-A14 pp34-37,True,True,current_MaleCNS_type_annotation; T1_cross_volume_target; T2_T3_serial_homology,Acc. ti flexor,1,False
male-cns:v1.0,male-cns:v1.0:817283,817283,Acc. ti flexor MN,Acc. ti flexor MN_L,front,fl,L,,T1,ProLN,vnc_motor,15023,Acc. ti flexor MN,,,,,Traced,Reviewed,T1L,femur-tibia,flexion,Azevedo 2024 Appendix A1 pp3-4; A13-A14 pp34-37,True,True,current_MaleCNS_type_annotation; T1_cross_volume_target; T2_T3_serial_homology,Acc. ti flexor,1,False
male-cns:v1.0,male-cns:v1.0:819869,819869,Acc. ti flexor MN,Acc. ti flexor MN_L,front,fl,L,,T1,ProLN,vnc_motor,13397,Acc. ti flexor MN,12761.0,809670.0,,,Traced,Reviewed,T1L,femur-tibia,flexion,Azevedo 2024 Appendix A1 pp3-4; A13-A14 pp34-37,True,True,current_MaleCNS_type_annotation; T1_cross_volume_target; T2_T3_serial_homology,Acc. ti flexor,1,False
male-cns:v1.0,male-cns:v1.0:825516,825516,Acc. ti flexor MN,Acc. ti flexor MN_L,front,fl,L,,T1,ProLN,vnc_motor,29554,Acc. ti flexor MN,,,,,Traced,Reviewed,T1L,femur-tibia,flexion,Azevedo 2024 Appendix A1 pp3-4; A13-A14 pp34-37,True,True,current_MaleCNS_type_annotation; T1_cross_volume_target; T2_T3_serial_homology,Ta depressor,1,False
male-cns:v1.0,male-cns:v1.0:867630,867630,Acc. ti flexor MN,Acc. ti flexor MN_L,front,fl,L,,T1,ProLN,vnc_motor,13156,Acc. ti flexor MN,,,,,Traced,Reviewed,T1L,femur-tibia,flexion,Azevedo 2024 Appendix A1 pp3-4; A13-A14 pp34-37,True,True,current_MaleCNS_type_annotation; T1_cross_volume_target; T2_T3_serial_homology,ltm,1,False
male-cns:v1.0,male-cns:v1.0:903298,903298,Acc. ti flexor MN,Acc. ti flexor MN_L,front,fl,L,,T1,ProLN,vnc_motor,16632,Acc. ti flexor MN,,,,,Traced,Reviewed,T1L,femur-tibia,flexion,Azevedo 2024 Appendix A1 pp3-4; A13-A14 pp34-37,True,True,current_MaleCNS_type_annotation; T1_cross_volume_target; T2_T3_serial_homology,Acc. ti flexor,1,False
male-cns:v1.0,male-cns:v1.0:1050115387,1050115387,Acc. ti flexor MN,Acc. ti flexor MN_L,front,fl,L,,T1,ProLN,vnc_motor,15791,Acc. ti flexor MN,,,,,Traced,Reviewed,T1L,femur-tibia,flexion,Azevedo 2024 Appendix A1 pp3-4; A13-A14 pp34-37,True,True,current_MaleCNS_type_annotation; T1_cross_volume_target; T2_T3_serial_homology,Acc. ti flexor,1,False
male-cns:v1.0,male-cns:v1.0:821291,821291,Acc. tr flexor MN,Acc. tr flexor MN_L,front,fl,L,,T1,ProLN,vnc_motor,25475,Acc. tr flexor MN,,,,,Traced,Reviewed,T1L,coxa-trochanter,flexion,Azevedo 2024 Appendix A1 p3; A9 pp27-28,True,True,current_MaleCNS_type_annotation; T1_cross_volume_target; T2_T3_serial_homology,Acc. tr flexor,1,False
male-cns:v1.0,male-cns:v1.0:909618,909618,Acc. tr flexor MN,Acc. tr flexor MN_L,front,fl,L,,T1,ProLN,vnc_motor,26588,Acc. tr flexor MN,14783.0,810720.0,,,Traced,Prelim Roughly traced,T1L,coxa-trochanter,flexion,Azevedo 2024 Appendix A1 p3; A9 pp27-28,True,True,current_MaleCNS_type_annotation; T1_cross_volume_target; T2_T3_serial_homology,Acc. tr flexor,1,False
male-cns:v1.0,male-cns:v1.0:911134,911134,Acc. tr flexor MN,Acc. tr flexor MN_L,front,fl,L,,T1,ProLN,vnc_motor,23048,Acc. tr flexor MN,14783.0,810720.0,,,Traced,Reviewed,T1L,coxa-trochanter,flexion,Azevedo 2024 Appendix A1 p3; A9 pp27-28,True,True,current_MaleCNS_type_annotation; T1_cross_volume_target; T2_T3_serial_homology,Acc. tr flexor,1,False
male-cns:v1.0,male-cns:v1.0:804941,804941,Fe reductor MN,Fe reductor MN_L,front,fl,L,,T1,ProLN,vnc_motor,156857,Fe reductor MN,,,,,Traced,Reviewed,T1L,trochanter-femur,unknown,Azevedo 2024 Appendix A1 p3; A10 pp29-30,True,False,current_MaleCNS_type_annotation; T1_cross_volume_target; T2_T3_serial_homology,Fe reductor,1,False
male-cns:v1.0,male-cns:v1.0:805598,805598,Fe reductor MN,Fe reductor MN_L,front,fl,L,,T1,ProLN,vnc_motor,21944,Fe reductor MN,,,,,Traced,Reviewed,T1L,trochanter-femur,unknown,Azevedo 2024 Appendix A1 p3; A10 pp29-30,True,False,current_MaleCNS_type_annotation; T1_cross_volume_target; T2_T3_serial_homology,Fe reductor,1,False
male-cns:v1.0,male-cns:v1.0:812111,812111,Fe reductor MN,Fe reductor MN_L,front,fl,L,,T1,ProLN,vnc_motor,13920,Fe reductor MN,,,,,Traced,Reviewed,T1L,trochanter-femur,unknown,Azevedo 2024 Appendix A1 p3; A10 pp29-30,True,False,current_MaleCNS_type_annotation; T1_cross_volume_target; T2_T3_serial_homology,Fe reductor,1,False
male-cns:v1.0,male-cns:v1.0:814163,814163,Fe reductor MN,Fe reductor MN_L,front,fl,L,,T1,ProLN,vnc_motor,14949,Fe reductor MN,14949.0,,,,Traced,Reviewed,T1L,trochanter-femur,unknown,Azevedo 2024 Appendix A1 p3; A10 pp29-30,True,False,current_MaleCNS_type_annotation; T1_cross_volume_target; T2_T3_serial_homology,Fe reductor,1,False
male-cns:v1.0,male-cns:v1.0:802509,802509,Pleural remotor/abductor MN,Pleural remotor/abductor MN_L,front,fl,L,,T1,ProAN,vnc_motor,12096,Pleural remotor/abductor MN,12096.0,800776.0,,,Traced,Reviewed,T1L,thorax-coxa,coxa_posterior_and_lateral_movement,Azevedo 2024 Appendix A1 p2; A4 pp18-19,True,True,current_MaleCNS_type_annotation; T1_cross_volume_target; T2_T3_serial_homology,Pleural remotor/abductor,1,False
male-cns:v1.0,male-cns:v1.0:803803,803803,Pleural remotor/abductor MN,Pleural remotor/abductor MN_L,front,fl,L,,T1,ProAN,vnc_motor,13628,Pleural remotor/abductor MN,13628.0,800541.0,,,Traced,Reviewed,T1L,thorax-coxa,coxa_posterior_and_lateral_movement,Azevedo 2024 Appendix A1 p2; A4 pp18-19,True,True,current_MaleCNS_type_annotation; T1_cross_volume_target; T2_T3_serial_homology,Pleural remotor/abductor,1,False
male-cns:v1.0,male-cns:v1.0:813480,813480,Sternal adductor MN,Sternal adductor MN_L,front,fl,L,,T1,ProAN,vnc_motor,155853,Sternal adductor MN,13817.0,,,,Traced,Reviewed,T1L,thorax-coxa,coxa_medial_movement,Azevedo 2024 Appendix A1 p3; A3 p17,True,True,current_MaleCNS_type_annotation; T1_cross_volume_target; T2_T3_serial_homology,Sternal adductor,1,False
male-cns:v1.0,male-cns:v1.0:806923,806923,Sternal anterior rotator MN,Sternal anterior rotator MN_L,front,fl,L,,T1,VProN,vnc_motor,26566,Sternal anterior rotator MN,,,,,Traced,Reviewed,T1L,thorax-coxa,coxa_anterior_movement,Azevedo 2024 Appendix A1 p3; A3 p17,True,True,current_MaleCNS_type_annotation; T1_cross_volume_target; T2_T3_serial_homology,Sternal anterior rotator,1,False
male-cns:v1.0,male-cns:v1.0:919509,919509,Sternal anterior rotator MN,Sternal anterior rotator MN_L,front,fl,L,,T1,VProN,vnc_motor,17176,Sternal anterior rotator MN,,,,,Traced,Reviewed,T1L,thorax-coxa,coxa_anterior_movement,Azevedo 2024 Appendix A1 p3; A3 p17,True,True,current_MaleCNS_type_annotation; T1_cross_volume_target; T2_T3_serial_homology,Sternal anterior rotator,1,False
male-cns:v1.0,male-cns:v1.0:801915,801915,Sternal posterior rotator MN,Sternal posterior rotator MN_L,front,fl,L,,T1,ProAN,vnc_motor,19667,Sternal posterior rotator MN,11400.0,800962.0,,,Traced,Reviewed,T1L,thorax-coxa,coxa_posterior_movement_or_axial_rotation,Azevedo 2024 Appendix A1 p3; A4 pp18-19,True,True,current_MaleCNS_type_annotation; T1_cross_volume_target; T2_T3_serial_homology,Sternal posterior rotator,1,False
male-cns:v1.0,male-cns:v1.0:804851,804851,Sternal posterior rotator MN,Sternal posterior rotator MN_L,front,fl,L,,T1,ProAN,vnc_motor,17546,Sternal posterior rotator MN,11529.0,804851.0,,,Traced,Reviewed,T1L,thorax-coxa,coxa_posterior_movement_or_axial_rotation,Azevedo 2024 Appendix A1 p3; A4 pp18-19,True,True,current_MaleCNS_type_annotation; T1_cross_volume_target; T2_T3_serial_homology,,0,False
male-cns:v1.0,male-cns:v1.0:808640,808640,Sternal posterior rotator MN,Sternal posterior rotator MN_L,front,fl,L,,T1,ProAN,vnc_motor,29689,Sternal posterior rotator MN,11400.0,800962.0,,,Traced,Reviewed,T1L,thorax-coxa,coxa_posterior_movement_or_axial_rotation,Azevedo 2024 Appendix A1 p3; A4 pp18-19,True,True,current_MaleCNS_type_annotation; T1_cross_volume_target; T2_T3_serial_homology,Sternal posterior rotator,1,False
male-cns:v1.0,male-cns:v1.0:1050335829,1050335829,Sternal posterior rotator MN,Sternal posterior rotator MN_L,front,fl,L,,T1,ProAN,vnc_motor,,Sternal posterior rotator MN,21241.0,,,,Traced,Reviewed,T1L,thorax-coxa,coxa_posterior_movement_or_axial_rotation,Azevedo 2024 Appendix A1 p3; A4 pp18-19,True,True,current_MaleCNS_type_annotation; T1_cross_volume_target; T2_T3_serial_homology,,0,False
male-cns:v1.0,male-cns:v1.0:801685,801685,Sternotrochanter MN,Sternotrochanter MN_L,front,fl,L,,T1,VProN,vnc_motor,100515,Sternotrochanter MN,13069.0,801375.0,,,Traced,Reviewed,T1L,coxa-trochanter,extension,Azevedo 2024 Appendix A1 p3; A6 pp22-23,True,True,current_MaleCNS_type_annotation; T1_cross_volume_target; T2_T3_serial_homology,Sternotrochanter,1,False
male-cns:v1.0,male-cns:v1.0:802361,802361,Sternotrochanter MN,Sternotrochanter MN_L,front,fl,L,,T1,VProN,vnc_motor,18579,Sternotrochanter MN,18006.0,800504.0,,,Traced,Reviewed,T1L,coxa-trochanter,extension,Azevedo 2024 Appendix A1 p3; A6 pp22-23,True,True,current_MaleCNS_type_annotation; T1_cross_volume_target; T2_T3_serial_homology,Sternotrochanter,1,False
male-cns:v1.0,male-cns:v1.0:817655,817655,Ta depressor MN,Ta depressor MN_L,front,fl,L,,T1,ProLN,vnc_motor,,Ta depressor MN,,,,,Traced,Reviewed,T1L,tibia-tarsus,extension_push_from_substrate,Azevedo 2024 Appendix A1 p4; A17 pp41-42,True,True,current_MaleCNS_type_annotation; T1_cross_volume_target; T2_T3_serial_homology,,0,False
male-cns:v1.0,male-cns:v1.0:819278,819278,Ta depressor MN,Ta depressor MN_L,front,fl,L,,T1,ProLN,vnc_motor,18554,Ta depressor MN,,,,,Traced,Reviewed,T1L,tibia-tarsus,extension_push_from_substrate,Azevedo 2024 Appendix A1 p4; A17 pp41-42,True,True,current_MaleCNS_type_annotation; T1_cross_volume_target; T2_T3_serial_homology,Acc. ti flexor,1,False
male-cns:v1.0,male-cns:v1.0:1050403926,1050403926,Ta depressor MN,Ta depressor MN_L,front,fl,L,,T1,ProLN,vnc_motor,15023,Ta depressor MN,,,,,Traced,Reviewed,T1L,tibia-tarsus,extension_push_from_substrate,Azevedo 2024 Appendix A1 p4; A17 pp41-42,True,True,current_MaleCNS_type_annotation; T1_cross_volume_target; T2_T3_serial_homology,Acc. ti flexor,1,False
male-cns:v1.0,male-cns:v1.0:1050660827,1050660827,Ta depressor MN,Ta depressor MN_L,front,fl,L,,T1,ProLN,vnc_motor,166374,Ta depressor MN,,,,,Traced,Reviewed,T1L,tibia-tarsus,extension_push_from_substrate,Azevedo 2024 Appendix A1 p4; A17 pp41-42,True,True,current_MaleCNS_type_annotation; T1_cross_volume_target; T2_T3_serial_homology,Acc. ti flexor,1,False
male-cns:v1.0,male-cns:v1.0:1051062549,1051062549,Ta depressor MN,Ta depressor MN_L,front,fl,L,,T1,ProLN,vnc_motor,,Ta depressor MN,,,,,Traced,Reviewed,T1L,tibia-tarsus,extension_push_from_substrate,Azevedo 2024 Appendix A1 p4; A17 pp41-42,True,True,current_MaleCNS_type_annotation; T1_cross_volume_target; T2_T3_serial_homology,,0,False
male-cns:v1.0,male-cns:v1.0:810541,810541,Ta levator MN,Ta levator MN_L,front,fl,L,,T1,ProLN,vnc_motor,22358,Ta levator MN,,,,,Traced,Reviewed,T1L,tibia-tarsus,flexion_toward_substrate,Azevedo 2024 Appendix A1 p4; A17 pp41-42,True,True,current_MaleCNS_type_annotation; T1_cross_volume_target; T2_T3_serial_homology,Ta levator,1,False
male-cns:v1.0,male-cns:v1.0:1050111955,1050111955,Ta levator MN,Ta levator MN_L,front,fl,L,,T1,ProLN,vnc_motor,25674,Ta levator MN,13036.0,,,,Traced,Reviewed,T1L,tibia-tarsus,flexion_toward_substrate,Azevedo 2024 Appendix A1 p4; A17 pp41-42,True,True,current_MaleCNS_type_annotation; T1_cross_volume_target; T2_T3_serial_homology,Ta depressor,1,False
male-cns:v1.0,male-cns:v1.0:800061,800061,Tergopleural/Pleural promotor MN,Tergopleural/Pleural promotor MN_L,front,fl,L,,T1,DProN,vnc_motor,12686,Tergopleural/Pleural promotor MN,,,,,Traced,Reviewed,T1L,thorax-coxa,coxa_anterior_movement,Azevedo 2024 Appendix A1 p2; A2 pp15-16,True,True,current_MaleCNS_type_annotation; T1_cross_volume_target; T2_T3_serial_homology,Tergopleural/Pleural promotor,1,False
male-cns:v1.0,male-cns:v1.0:801173,801173,Tergopleural/Pleural promotor MN,Tergopleural/Pleural promotor MN_L,front,fl,L,,T1,DProN,vnc_motor,19319,Tergopleural/Pleural promotor MN,,,,,Traced,Reviewed,T1L,thorax-coxa,coxa_anterior_movement,Azevedo 2024 Appendix A1 p2; A2 pp15-16,True,True,current_MaleCNS_type_annotation; T1_cross_volume_target; T2_T3_serial_homology,Tergopleural/Pleural promotor,1,False
male-cns:v1.0,male-cns:v1.0:807281,807281,Tergopleural/Pleural promotor MN,Tergopleural/Pleural promotor MN_L,front,fl,L,,T1,DProN,vnc_motor,12396,Tergopleural/Pleural promotor MN,,,,,Traced,Reviewed,T1L,thorax-coxa,coxa_anterior_movement,Azevedo 2024 Appendix A1 p2; A2 pp15-16,True,True,current_MaleCNS_type_annotation; T1_cross_volume_target; T2_T3_serial_homology,Tergopleural/Pleural promotor,1,False
male-cns:v1.0,male-cns:v1.0:934091,934091,Tergopleural/Pleural promotor MN,Tergopleural/Pleural promotor MN_L,front,fl,L,,T1,DProN,vnc_motor,13490,Tergopleural/Pleural promotor MN,,,,,Traced,Reviewed,T1L,thorax-coxa,coxa_anterior_movement,Azevedo 2024 Appendix A1 p2; A2 pp15-16,True,True,current_MaleCNS_type_annotation; T1_cross_volume_target; T2_T3_serial_homology,Tergopleural/Pleural promotor,1,False
male-cns:v1.0,male-cns:v1.0:802552,802552,Tergotr. MN,Tergotr. MN_L,front,fl,L,,T1,VProN,vnc_motor,19652,Tergotr. MN,,,,,Traced,Reviewed,T1L,coxa-trochanter,extension,Azevedo 2024 Appendix A1 p3; A5 pp20-21,True,True,current_MaleCNS_type_annotation; T1_cross_volume_target; T2_T3_serial_homology,Tergotr.,1,False
male-cns:v1.0,male-cns:v1.0:803237,803237,Tergotr. MN,Tergotr. MN_L,front,fl,L,,T1,VProN,vnc_motor,166309,Tergotr. MN,13434.0,,,,Traced,Reviewed,T1L,coxa-trochanter,extension,Azevedo 2024 Appendix A1 p3; A5 pp20-21,True,True,current_MaleCNS_type_annotation; T1_cross_volume_target; T2_T3_serial_homology,Tergotr.,1,False
male-cns:v1.0,male-cns:v1.0:804465,804465,Tergotr. MN,Tergotr. MN_L,front,fl,L,,T1,VProN,vnc_motor,21753,Tergotr. MN,,,,,Traced,Reviewed,T1L,coxa-trochanter,extension,Azevedo 2024 Appendix A1 p3; A5 pp20-21,True,True,current_MaleCNS_type_annotation; T1_cross_volume_target; T2_T3_serial_homology,Tergotr.,1,False
male-cns:v1.0,male-cns:v1.0:805741,805741,Tergotr. MN,Tergotr. MN_L,front,fl,L,,T1,VProN,vnc_motor,155633,Tergotr. MN,,,,,Traced,Reviewed,T1L,coxa-trochanter,extension,Azevedo 2024 Appendix A1 p3; A5 pp20-21,True,True,current_MaleCNS_type_annotation; T1_cross_volume_target; T2_T3_serial_homology,Tergotr.,1,False
male-cns:v1.0,male-cns:v1.0:800636,800636,Ti extensor MN,Ti extensor MN_L,front,fl,L,,T1,ProLN,vnc_motor,12704,Ti extensor MN,10737.0,800621.0,,,Traced,Reviewed,T1L,femur-tibia,extension,Azevedo 2024 Appendix A1 p3; A11 p31,True,True,current_MaleCNS_type_annotation; T1_cross_volume_target; T2_T3_serial_homology,Ti extensor,1,False
male-cns:v1.0,male-cns:v1.0:815344,815344,Ti extensor MN,Ti extensor MN_L,front,fl,L,,T1,ProLN,vnc_motor,10256,Ti extensor MN,10347.0,800158.0,,,Traced,Reviewed,T1L,femur-tibia,extension,Azevedo 2024 Appendix A1 p3; A11 p31,True,True,current_MaleCNS_type_annotation; T1_cross_volume_target; T2_T3_serial_homology,,0,False
male-cns:v1.0,male-cns:v1.0:807165,807165,Ti flexor MN,Ti flexor MN_L,front,fl,L,,T1,ProLN,vnc_motor,12134,Ti flexor MN,,,,,Traced,Reviewed,T1L,femur-tibia,flexion,Azevedo 2024 Appendix A1 p3; A12 pp32-33,True,True,current_MaleCNS_type_annotation; T1_cross_volume_target; T2_T3_serial_homology,Ti flexor,1,False
male-cns:v1.0,male-cns:v1.0:809912,809912,Ti flexor MN,Ti flexor MN_L,front,fl,L,,T1,ProLN,vnc_motor,17133,Ti flexor MN,,,,,Traced,Reviewed,T1L,femur-tibia,flexion,Azevedo 2024 Appendix A1 p3; A12 pp32-33,True,True,current_MaleCNS_type_annotation; T1_cross_volume_target; T2_T3_serial_homology,Ti flexor,1,False
male-cns:v1.0,male-cns:v1.0:818057,818057,Ti flexor MN,Ti flexor MN_L,front,fl,L,,T1,ProLN,vnc_motor,15321,Ti flexor MN,,,,,Traced,Reviewed,T1L,femur-tibia,flexion,Azevedo 2024 Appendix A1 p3; A12 pp32-33,True,True,current_MaleCNS_type_annotation; T1_cross_volume_target; T2_T3_serial_homology,Ti flexor,1,False
male-cns:v1.0,male-cns:v1.0:819384,819384,Ti flexor MN,Ti flexor MN_L,front,fl,L,,T1,ProLN,vnc_motor,17885,Ti flexor MN,,,,,Traced,Reviewed,T1L,femur-tibia,flexion,Azevedo 2024 Appendix A1 p3; A12 pp32-33,True,True,current_MaleCNS_type_annotation; T1_cross_volume_target; T2_T3_serial_homology,Acc. ti flexor,1,False
male-cns:v1.0,male-cns:v1.0:909831,909831,Ti flexor MN,Ti flexor MN_L,front,fl,L,,T1,ProLN,vnc_motor,14798,Ti flexor MN,,,,,Traced,Reviewed,T1L,femur-tibia,flexion,Azevedo 2024 Appendix A1 p3; A12 pp32-33,True,True,current_MaleCNS_type_annotation; T1_cross_volume_target; T2_T3_serial_homology,Ti flexor,1,False
male-cns:v1.0,male-cns:v1.0:803412,803412,Tr extensor MN,Tr extensor MN_L,front,fl,L,,T1,ProAN,vnc_motor,11657,Tr extensor MN,10866.0,803412.0,,,Traced,Reviewed,T1L,coxa-trochanter,extension,Azevedo 2024 Appendix A1 p3; A6 pp22-23,True,True,current_MaleCNS_type_annotation; T1_cross_volume_target; T2_T3_serial_homology,Ti extensor,1,False
male-cns:v1.0,male-cns:v1.0:807906,807906,Tr extensor MN,Tr extensor MN_L,front,fl,L,,T1,ProLN,vnc_motor,19929,Tr extensor MN,17930.0,807906.0,,,Traced,Reviewed,T1L,coxa-trochanter,extension,Azevedo 2024 Appendix A1 p3; A6 pp22-23,True,True,current_MaleCNS_type_annotation; T1_cross_volume_target; T2_T3_serial_homology,Tr extensor,1,False
male-cns:v1.0,male-cns:v1.0:810639,810639,Tr flexor MN,Tr flexor MN_L,front,fl,L,,T1,VProN,vnc_motor,19771,Tr flexor MN,,,,,Traced,Reviewed,T1L,coxa-trochanter,flexion,Azevedo 2024 Appendix A1 p3; A7-A8 pp24-26,True,True,current_MaleCNS_type_annotation; T1_cross_volume_target; T2_T3_serial_homology,Tr flexor,1,False
male-cns:v1.0,male-cns:v1.0:814489,814489,Tr flexor MN,Tr flexor MN_L,front,fl,L,,T1,ProAN,vnc_motor,163686,Tr flexor MN,,,,,Traced,Reviewed,T1L,coxa-trochanter,flexion,Azevedo 2024 Appendix A1 p3; A7-A8 pp24-26,True,True,current_MaleCNS_type_annotation; T1_cross_volume_target; T2_T3_serial_homology,Tr flexor,1,False
male-cns:v1.0,male-cns:v1.0:818389,818389,Tr flexor MN,Tr flexor MN_L,front,fl,L,,T1,ProAN,vnc_motor,23299,Tr flexor MN,,,,,Traced,Reviewed,T1L,coxa-trochanter,flexion,Azevedo 2024 Appendix A1 p3; A7-A8 pp24-26,True,True,current_MaleCNS_type_annotation; T1_cross_volume_target; T2_T3_serial_homology,Tr flexor,1,False
male-cns:v1.0,male-cns:v1.0:823168,823168,Tr flexor MN,Tr flexor MN_L,front,fl,L,,T1,VProN,vnc_motor,16963,Tr flexor MN,,,,,Traced,Reviewed,T1L,coxa-trochanter,flexion,Azevedo 2024 Appendix A1 p3; A7-A8 pp24-26,True,True,current_MaleCNS_type_annotation; T1_cross_volume_target; T2_T3_serial_homology,Tr flexor,1,False
male-cns:v1.0,male-cns:v1.0:823281,823281,Tr flexor MN,Tr flexor MN_L,front,fl,L,,T1,VProN,vnc_motor,153142,Tr flexor MN,,,,,Traced,Reviewed,T1L,coxa-trochanter,flexion,Azevedo 2024 Appendix A1 p3; A7-A8 pp24-26,True,True,current_MaleCNS_type_annotation; T1_cross_volume_target; T2_T3_serial_homology,Tr flexor,1,False
male-cns:v1.0,male-cns:v1.0:828939,828939,Tr flexor MN,Tr flexor MN_L,front,fl,L,,T1,ProLN,vnc_motor,17226,Tr flexor MN,,,,,Traced,Reviewed,T1L,coxa-trochanter,flexion,Azevedo 2024 Appendix A1 p3; A7-A8 pp24-26,True,True,current_MaleCNS_type_annotation; T1_cross_volume_target; T2_T3_serial_homology,Tr flexor,1,False
male-cns:v1.0,male-cns:v1.0:1051367796,1051367796,Tr flexor MN,Tr flexor MN_L,front,fl,L,,T1,ProAN,vnc_motor,158694,Tr flexor MN,,,,,Traced,Reviewed,T1L,coxa-trochanter,flexion,Azevedo 2024 Appendix A1 p3; A7-A8 pp24-26,True,True,current_MaleCNS_type_annotation; T1_cross_volume_target; T2_T3_serial_homology,Tr flexor,1,False
male-cns:v1.0,male-cns:v1.0:1051670893,1051670893,Tr flexor MN,Tr flexor MN_L,front,fl,L,,T1,ProAN,vnc_motor,26613,Tr flexor MN,,,,,Traced,Reviewed,T1L,coxa-trochanter,flexion,Azevedo 2024 Appendix A1 p3; A7-A8 pp24-26,True,True,current_MaleCNS_type_annotation; T1_cross_volume_target; T2_T3_serial_homology,Tr flexor,1,False
male-cns:v1.0,male-cns:v1.0:822092,822092,ltm MN,ltm MN_L,front,fl,L,,T1,ProLN,vnc_motor,24139,ltm MN,23016.0,,,,Traced,Reviewed,T1L,long_tendon,long_tendon_pull_muscle1_or2_unresolved,Azevedo 2024 Appendix A1 p4; A15-A16 pp38-40,True,True,current_MaleCNS_type_annotation; T1_cross_volume_target; T2_T3_serial_homology,ltm,1,False
male-cns:v1.0,male-cns:v1.0:822274,822274,ltm MN,ltm MN_L,front,fl,L,,T1,ProLN,vnc_motor,14069,ltm MN,11786.0,822274.0,,,Traced,Reviewed,T1L,long_tendon,long_tendon_pull_muscle1_or2_unresolved,Azevedo 2024 Appendix A1 p4; A15-A16 pp38-40,True,True,current_MaleCNS_type_annotation; T1_cross_volume_target; T2_T3_serial_homology,ltm,1,False
male-cns:v1.0,male-cns:v1.0:910334,910334,ltm MN,ltm MN_L,front,fl,L,,T1,ProLN,vnc_motor,47642,ltm MN,23016.0,,,,Traced,Reviewed,T1L,long_tendon,long_tendon_pull_muscle1_or2_unresolved,Azevedo 2024 Appendix A1 p4; A15-A16 pp38-40,True,True,current_MaleCNS_type_annotation; T1_cross_volume_target; T2_T3_serial_homology,ltm,1,False
male-cns:v1.0,male-cns:v1.0:911453,911453,ltm MN,ltm MN_L,front,fl,L,,T1,ProLN,vnc_motor,173560,ltm MN,,,,,Traced,Reviewed,T1L,long_tendon,long_tendon_pull_muscle1_or2_unresolved,Azevedo 2024 Appendix A1 p4; A15-A16 pp38-40,True,True,current_MaleCNS_type_annotation; T1_cross_volume_target; T2_T3_serial_homology,Tr extensor,1,False
male-cns:v1.0,male-cns:v1.0:818553,818553,ltm1-tibia MN,ltm1-tibia MN_L,front,fl,L,,T1,ProLN,vnc_motor,13952,ltm1-tibia MN,10811.0,804741.0,,,Traced,Reviewed,T1L,long_tendon,long_tendon_pull_tibia_muscle,Azevedo 2024 Appendix A1 p4; A15-A16 pp38-40,True,True,current_MaleCNS_type_annotation; T1_cross_volume_target; T2_T3_serial_homology,ltm1-tibia,1,False
male-cns:v1.0,male-cns:v1.0:822047,822047,ltm1-tibia MN,ltm1-tibia MN_L,front,fl,L,,T1,ProLN,vnc_motor,19092,ltm1-tibia MN,13241.0,858248.0,,,Traced,Reviewed,T1L,long_tendon,long_tendon_pull_tibia_muscle,Azevedo 2024 Appendix A1 p4; A15-A16 pp38-40,True,True,current_MaleCNS_type_annotation; T1_cross_volume_target; T2_T3_serial_homology,ltm,1,False
male-cns:v1.0,male-cns:v1.0:805309,805309,ltm2-femur MN,ltm2-femur MN_L,front,fl,L,,T1,ProLN,vnc_motor,20612,ltm2-femur MN,,,,,Traced,Reviewed,T1L,long_tendon,long_tendon_pull_femur_muscle,Azevedo 2024 Appendix A1 p4; A15-A16 pp38-40,True,True,current_MaleCNS_type_annotation; T1_cross_volume_target; T2_T3_serial_homology,ltm1-tibia,1,False
male-cns:v1.0,male-cns:v1.0:1050615112,1050615112,ltm2-femur MN,ltm2-femur MN_L,front,fl,L,,T1,ProLN,vnc_motor,15818,ltm2-femur MN,14343.0,815498.0,,,Traced,Reviewed,T1L,long_tendon,long_tendon_pull_femur_muscle,Azevedo 2024 Appendix A1 p4; A15-A16 pp38-40,True,True,current_MaleCNS_type_annotation; T1_cross_volume_target; T2_T3_serial_homology,ltm2-femur,1,False
male-cns:v1.0,male-cns:v1.0:1050340850,1050340850,,,front,fl,R,,T1,ProLN,vnc_motor,16658,,,,,,Traced,Reviewed,T1R,unknown,unknown,no_named_muscle_type,False,False,unresolved_current_type,ltm,1,False
male-cns:v1.0,male-cns:v1.0:1052407897,1052407897,,,front,fl,R,,T1,ProLN,vnc_motor,16203,,,,,,Traced,Reviewed,T1R,unknown,unknown,no_named_muscle_type,False,False,unresolved_current_type,,0,False
male-cns:v1.0,male-cns:v1.0:817509,817509,Acc. ti flexor MN,Acc. ti flexor MN_R,front,fl,R,,T1,ProLN,vnc_motor,12761,Acc. ti flexor MN,12761.0,809670.0,,,Traced,Reviewed,T1R,femur-tibia,flexion,Azevedo 2024 Appendix A1 pp3-4; A13-A14 pp34-37,True,True,current_MaleCNS_type_annotation; T1_cross_volume_target; T2_T3_serial_homology,Acc. ti flexor,1,False
male-cns:v1.0,male-cns:v1.0:833140,833140,Acc. ti flexor MN,Acc. ti flexor MN_R,front,fl,R,,T1,ProLN,vnc_motor,16897,Acc. ti flexor MN,,,,,Traced,Reviewed,T1R,femur-tibia,flexion,Azevedo 2024 Appendix A1 pp3-4; A13-A14 pp34-37,True,True,current_MaleCNS_type_annotation; T1_cross_volume_target; T2_T3_serial_homology,Ta depressor,1,False
male-cns:v1.0,male-cns:v1.0:837745,837745,Acc. ti flexor MN,Acc. ti flexor MN_R,front,fl,R,,T1,ProLN,vnc_motor,15367,Acc. ti flexor MN,,,,,Traced,Reviewed,T1R,femur-tibia,flexion,Azevedo 2024 Appendix A1 pp3-4; A13-A14 pp34-37,True,True,current_MaleCNS_type_annotation; T1_cross_volume_target; T2_T3_serial_homology,Acc. ti flexor,1,False
male-cns:v1.0,male-cns:v1.0:909713,909713,Acc. ti flexor MN,Acc. ti flexor MN_R,front,fl,R,,T1,ProLN,vnc_motor,16492,Acc. ti flexor MN,,,,,Traced,Reviewed,T1R,femur-tibia,flexion,Azevedo 2024 Appendix A1 pp3-4; A13-A14 pp34-37,True,True,current_MaleCNS_type_annotation; T1_cross_volume_target; T2_T3_serial_homology,Ta depressor,1,False
male-cns:v1.0,male-cns:v1.0:1050005026,1050005026,Acc. ti flexor MN,Acc. ti flexor MN_R,front,fl,R,,T1,ProLN,vnc_motor,154804,Acc. ti flexor MN,,,,,Traced,Reviewed,T1R,femur-tibia,flexion,Azevedo 2024 Appendix A1 pp3-4; A13-A14 pp34-37,True,True,current_MaleCNS_type_annotation; T1_cross_volume_target; T2_T3_serial_homology,Ta depressor,1,False
male-cns:v1.0,male-cns:v1.0:1050091581,1050091581,Acc. ti flexor MN,Acc. ti flexor MN_R,front,fl,R,,T1,ProLN,vnc_motor,18963,Acc. ti flexor MN,,,,,Traced,Reviewed,T1R,femur-tibia,flexion,Azevedo 2024 Appendix A1 pp3-4; A13-A14 pp34-37,True,True,current_MaleCNS_type_annotation; T1_cross_volume_target; T2_T3_serial_homology,Acc. ti flexor,1,False
male-cns:v1.0,male-cns:v1.0:1050126678,1050126678,Acc. ti flexor MN,Acc. ti flexor MN_R,front,fl,R,,T1,ProLN,vnc_motor,14824,Acc. ti flexor MN,,,,,Traced,Reviewed,T1R,femur-tibia,flexion,Azevedo 2024 Appendix A1 pp3-4; A13-A14 pp34-37,True,True,current_MaleCNS_type_annotation; T1_cross_volume_target; T2_T3_serial_homology,Acc. ti flexor,1,False
male-cns:v1.0,male-cns:v1.0:1050156705,1050156705,Acc. ti flexor MN,Acc. ti flexor MN_R,front,fl,R,,T1,ProLN,vnc_motor,19048,Acc. ti flexor MN,,,,,Traced,Reviewed,T1R,femur-tibia,flexion,Azevedo 2024 Appendix A1 pp3-4; A13-A14 pp34-37,True,True,current_MaleCNS_type_annotation; T1_cross_volume_target; T2_T3_serial_homology,Acc. ti flexor,1,False
male-cns:v1.0,male-cns:v1.0:1050268065,1050268065,Acc. ti flexor MN,Acc. ti flexor MN_R,front,fl,R,,T1,ProLN,vnc_motor,20605,Acc. ti flexor MN,,,,,Traced,Reviewed,T1R,femur-tibia,flexion,Azevedo 2024 Appendix A1 pp3-4; A13-A14 pp34-37,True,True,current_MaleCNS_type_annotation; T1_cross_volume_target; T2_T3_serial_homology,Acc. ti flexor,1,False
male-cns:v1.0,male-cns:v1.0:807873,807873,Acc. tr flexor MN,Acc. tr flexor MN_R,front,fl,R,,T1,ProAN,vnc_motor,16400,Acc. tr flexor MN,,,,,Traced,Reviewed,T1R,coxa-trochanter,flexion,Azevedo 2024 Appendix A1 p3; A9 pp27-28,True,True,current_MaleCNS_type_annotation; T1_cross_volume_target; T2_T3_serial_homology,Acc. tr flexor,1,False
male-cns:v1.0,male-cns:v1.0:1050306082,1050306082,Acc. tr flexor MN,Acc. tr flexor MN_R,front,fl,R,,T1,ProLN,vnc_motor,13563,Acc. tr flexor MN,,,,,Traced,Reviewed,T1R,coxa-trochanter,flexion,Azevedo 2024 Appendix A1 p3; A9 pp27-28,True,True,current_MaleCNS_type_annotation; T1_cross_volume_target; T2_T3_serial_homology,Ti flexor,1,False
male-cns:v1.0,male-cns:v1.0:1050349786,1050349786,Acc. tr flexor MN,Acc. tr flexor MN_R,front,fl,R,,T1,ProLN,vnc_motor,22729,Acc. tr flexor MN,,,,,Traced,Reviewed,T1R,coxa-trochanter,flexion,Azevedo 2024 Appendix A1 p3; A9 pp27-28,True,True,current_MaleCNS_type_annotation; T1_cross_volume_target; T2_T3_serial_homology,Acc. tr flexor,1,False
male-cns:v1.0,male-cns:v1.0:803830,803830,Fe reductor MN,Fe reductor MN_R,front,fl,R,,T1,ProLN,vnc_motor,24050,Fe reductor MN,14949.0,,,,Traced,Reviewed,T1R,trochanter-femur,unknown,Azevedo 2024 Appendix A1 p3; A10 pp29-30,True,False,current_MaleCNS_type_annotation; T1_cross_volume_target; T2_T3_serial_homology,Fe reductor,1,False
male-cns:v1.0,male-cns:v1.0:806898,806898,Fe reductor MN,Fe reductor MN_R,front,fl,R,,T1,ProLN,vnc_motor,18983,Fe reductor MN,,,,,Traced,Reviewed,T1R,trochanter-femur,unknown,Azevedo 2024 Appendix A1 p3; A10 pp29-30,True,False,current_MaleCNS_type_annotation; T1_cross_volume_target; T2_T3_serial_homology,Fe reductor,1,False
male-cns:v1.0,male-cns:v1.0:811652,811652,Fe reductor MN,Fe reductor MN_R,front,fl,R,,T1,ProLN,vnc_motor,11226,Fe reductor MN,,,,,Traced,Prelim Roughly traced,T1R,trochanter-femur,unknown,Azevedo 2024 Appendix A1 p3; A10 pp29-30,True,False,current_MaleCNS_type_annotation; T1_cross_volume_target; T2_T3_serial_homology,Fe reductor,1,False
male-cns:v1.0,male-cns:v1.0:813566,813566,Fe reductor MN,Fe reductor MN_R,front,fl,R,,T1,ProLN,vnc_motor,12891,Fe reductor MN,,,,,Traced,Reviewed,T1R,trochanter-femur,unknown,Azevedo 2024 Appendix A1 p3; A10 pp29-30,True,False,current_MaleCNS_type_annotation; T1_cross_volume_target; T2_T3_serial_homology,Fe reductor,1,False
male-cns:v1.0,male-cns:v1.0:817595,817595,Fe reductor MN,Fe reductor MN_R,front,fl,R,,T1,VProN,vnc_motor,29484,Fe reductor MN,28884.0,,,,Traced,Reviewed,T1R,trochanter-femur,unknown,Azevedo 2024 Appendix A1 p3; A10 pp29-30,True,False,current_MaleCNS_type_annotation; T1_cross_volume_target; T2_T3_serial_homology,Fe reductor,1,False
male-cns:v1.0,male-cns:v1.0:835074,835074,Fe reductor MN,Fe reductor MN_R,front,fl,R,,T1,VProN,vnc_motor,28884,Fe reductor MN,28884.0,,,,Traced,Reviewed,T1R,trochanter-femur,unknown,Azevedo 2024 Appendix A1 p3; A10 pp29-30,True,False,current_MaleCNS_type_annotation; T1_cross_volume_target; T2_T3_serial_homology,Fe reductor,1,False
male-cns:v1.0,male-cns:v1.0:803314,803314,Pleural remotor/abductor MN,Pleural remotor/abductor MN_R,front,fl,R,,T1,ProAN,vnc_motor,16419,Pleural remotor/abductor MN,12096.0,800776.0,,,Traced,Reviewed,T1R,thorax-coxa,coxa_posterior_and_lateral_movement,Azevedo 2024 Appendix A1 p2; A4 pp18-19,True,True,current_MaleCNS_type_annotation; T1_cross_volume_target; T2_T3_serial_homology,Pleural remotor/abductor,1,False
male-cns:v1.0,male-cns:v1.0:805313,805313,Pleural remotor/abductor MN,Pleural remotor/abductor MN_R,front,fl,R,,T1,ProAN,vnc_motor,21241,Pleural remotor/abductor MN,13628.0,800541.0,,,Traced,Reviewed,T1R,thorax-coxa,coxa_posterior_and_lateral_movement,Azevedo 2024 Appendix A1 p2; A4 pp18-19,True,True,current_MaleCNS_type_annotation; T1_cross_volume_target; T2_T3_serial_homology,Sternal posterior rotator,1,False
male-cns:v1.0,male-cns:v1.0:815854,815854,Sternal adductor MN,Sternal adductor MN_R,front,fl,R,,T1,ProAN,vnc_motor,21718,Sternal adductor MN,13817.0,,,,Traced,Reviewed,T1R,thorax-coxa,coxa_medial_movement,Azevedo 2024 Appendix A1 p3; A3 p17,True,True,current_MaleCNS_type_annotation; T1_cross_volume_target; T2_T3_serial_homology,Sternal adductor,1,False
male-cns:v1.0,male-cns:v1.0:801469,801469,Sternal anterior rotator MN,Sternal anterior rotator MN_R,front,fl,R,,T1,VProN,vnc_motor,16209,Sternal anterior rotator MN,,,,,Traced,Reviewed,T1R,thorax-coxa,coxa_anterior_movement,Azevedo 2024 Appendix A1 p3; A3 p17,True,True,current_MaleCNS_type_annotation; T1_cross_volume_target; T2_T3_serial_homology,,0,False
male-cns:v1.0,male-cns:v1.0:801918,801918,Sternal anterior rotator MN,Sternal anterior rotator MN_R,front,fl,R,,T1,VProN,vnc_motor,13300,Sternal anterior rotator MN,,,,,Traced,Reviewed,T1R,thorax-coxa,coxa_anterior_movement,Azevedo 2024 Appendix A1 p3; A3 p17,True,True,current_MaleCNS_type_annotation; T1_cross_volume_target; T2_T3_serial_homology,Sternal anterior rotator,1,False
male-cns:v1.0,male-cns:v1.0:805410,805410,Sternal posterior rotator MN,Sternal posterior rotator MN_R,front,fl,R,,T1,ProAN,vnc_motor,13942,Sternal posterior rotator MN,11400.0,800962.0,,,Traced,Reviewed,T1R,thorax-coxa,coxa_posterior_movement_or_axial_rotation,Azevedo 2024 Appendix A1 p3; A4 pp18-19,True,True,current_MaleCNS_type_annotation; T1_cross_volume_target; T2_T3_serial_homology,Sternal posterior rotator,1,False
male-cns:v1.0,male-cns:v1.0:808011,808011,Sternal posterior rotator MN,Sternal posterior rotator MN_R,front,fl,R,,T1,ProAN,vnc_motor,21241,Sternal posterior rotator MN,21241.0,,,,Traced,Reviewed,T1R,thorax-coxa,coxa_posterior_movement_or_axial_rotation,Azevedo 2024 Appendix A1 p3; A4 pp18-19,True,True,current_MaleCNS_type_annotation; T1_cross_volume_target; T2_T3_serial_homology,Sternal posterior rotator,1,False
male-cns:v1.0,male-cns:v1.0:801079,801079,Sternotrochanter MN,Sternotrochanter MN_R,front,fl,R,,T1,VProN,vnc_motor,18440,Sternotrochanter MN,18006.0,800504.0,,,Traced,Reviewed,T1R,coxa-trochanter,extension,Azevedo 2024 Appendix A1 p3; A6 pp22-23,True,True,current_MaleCNS_type_annotation; T1_cross_volume_target; T2_T3_serial_homology,Tr flexor,1,False
male-cns:v1.0,male-cns:v1.0:803698,803698,Sternotrochanter MN,Sternotrochanter MN_R,front,fl,R,,T1,VProN,vnc_motor,13819,Sternotrochanter MN,13069.0,801375.0,,,Traced,Reviewed,T1R,coxa-trochanter,extension,Azevedo 2024 Appendix A1 p3; A6 pp22-23,True,True,current_MaleCNS_type_annotation; T1_cross_volume_target; T2_T3_serial_homology,Acc. ti flexor,1,False
male-cns:v1.0,male-cns:v1.0:825721,825721,Ta depressor MN,Ta depressor MN_R,front,fl,R,,T1,ProLN,vnc_motor,15434,Ta depressor MN,,,,,Traced,Reviewed,T1R,tibia-tarsus,extension_push_from_substrate,Azevedo 2024 Appendix A1 p4; A17 pp41-42,True,True,current_MaleCNS_type_annotation; T1_cross_volume_target; T2_T3_serial_homology,Ta depressor,1,False
male-cns:v1.0,male-cns:v1.0:1050248133,1050248133,Ta depressor MN,Ta depressor MN_R,front,fl,R,,T1,ProLN,vnc_motor,20373,Ta depressor MN,,,,,Traced,Reviewed,T1R,tibia-tarsus,extension_push_from_substrate,Azevedo 2024 Appendix A1 p4; A17 pp41-42,True,True,current_MaleCNS_type_annotation; T1_cross_volume_target; T2_T3_serial_homology,Acc. ti flexor,1,False
male-cns:v1.0,male-cns:v1.0:1050380236,1050380236,Ta depressor MN,Ta depressor MN_R,front,fl,R,,T1,ProLN,vnc_motor,26658,Ta depressor MN,,,,,Traced,Reviewed,T1R,tibia-tarsus,extension_push_from_substrate,Azevedo 2024 Appendix A1 p4; A17 pp41-42,True,True,current_MaleCNS_type_annotation; T1_cross_volume_target; T2_T3_serial_homology,Acc. ti flexor,1,False
male-cns:v1.0,male-cns:v1.0:1050815462,1050815462,Ta depressor MN,Ta depressor MN_R,front,fl,R,,T1,ProLN,vnc_motor,26777,Ta depressor MN,,,,,Traced,Reviewed,T1R,tibia-tarsus,extension_push_from_substrate,Azevedo 2024 Appendix A1 p4; A17 pp41-42,True,True,current_MaleCNS_type_annotation; T1_cross_volume_target; T2_T3_serial_homology,Acc. ti flexor,1,False
male-cns:v1.0,male-cns:v1.0:817210,817210,Ta levator MN,Ta levator MN_R,front,fl,R,,T1,ProLN,vnc_motor,16346,Ta levator MN,,,,,Traced,Reviewed,T1R,tibia-tarsus,flexion_toward_substrate,Azevedo 2024 Appendix A1 p4; A17 pp41-42,True,True,current_MaleCNS_type_annotation; T1_cross_volume_target; T2_T3_serial_homology,Ta levator,1,False
male-cns:v1.0,male-cns:v1.0:820110,820110,Ta levator MN,Ta levator MN_R,front,fl,R,,T1,ProLN,vnc_motor,19751,Ta levator MN,13036.0,,,,Traced,Reviewed,T1R,tibia-tarsus,flexion_toward_substrate,Azevedo 2024 Appendix A1 p4; A17 pp41-42,True,True,current_MaleCNS_type_annotation; T1_cross_volume_target; T2_T3_serial_homology,Ta levator,1,False
male-cns:v1.0,male-cns:v1.0:820896,820896,Ta levator MN,Ta levator MN_R,front,fl,R,,T1,ProLN,vnc_motor,15446,Ta levator MN,,,,,Traced,Reviewed,T1R,tibia-tarsus,flexion_toward_substrate,Azevedo 2024 Appendix A1 p4; A17 pp41-42,True,True,current_MaleCNS_type_annotation; T1_cross_volume_target; T2_T3_serial_homology,Ta levator,1,False
male-cns:v1.0,male-cns:v1.0:801824,801824,Tergopleural/Pleural promotor MN,Tergopleural/Pleural promotor MN_R,front,fl,R,,T1,DProN,vnc_motor,11706,Tergopleural/Pleural promotor MN,,,,,Traced,Reviewed,T1R,thorax-coxa,coxa_anterior_movement,Azevedo 2024 Appendix A1 p2; A2 pp15-16,True,True,current_MaleCNS_type_annotation; T1_cross_volume_target; T2_T3_serial_homology,Ti extensor,1,False
male-cns:v1.0,male-cns:v1.0:802072,802072,Tergopleural/Pleural promotor MN,Tergopleural/Pleural promotor MN_R,front,fl,R,,T1,DProN,vnc_motor,12628,Tergopleural/Pleural promotor MN,,,,,Traced,Reviewed,T1R,thorax-coxa,coxa_anterior_movement,Azevedo 2024 Appendix A1 p2; A2 pp15-16,True,True,current_MaleCNS_type_annotation; T1_cross_volume_target; T2_T3_serial_homology,Tergopleural/Pleural promotor,1,False
male-cns:v1.0,male-cns:v1.0:805745,805745,Tergopleural/Pleural promotor MN,Tergopleural/Pleural promotor MN_R,front,fl,R,,T1,DProN,vnc_motor,20386,Tergopleural/Pleural promotor MN,,,,,Traced,Reviewed,T1R,thorax-coxa,coxa_anterior_movement,Azevedo 2024 Appendix A1 p2; A2 pp15-16,True,True,current_MaleCNS_type_annotation; T1_cross_volume_target; T2_T3_serial_homology,Tergopleural/Pleural promotor,1,False
male-cns:v1.0,male-cns:v1.0:810535,810535,Tergopleural/Pleural promotor MN,Tergopleural/Pleural promotor MN_R,front,fl,R,,T1,DProN,vnc_motor,13464,Tergopleural/Pleural promotor MN,,,,,Traced,Reviewed,T1R,thorax-coxa,coxa_anterior_movement,Azevedo 2024 Appendix A1 p2; A2 pp15-16,True,True,current_MaleCNS_type_annotation; T1_cross_volume_target; T2_T3_serial_homology,Tergopleural/Pleural promotor,1,False
male-cns:v1.0,male-cns:v1.0:804866,804866,Tergotr. MN,Tergotr. MN_R,front,fl,R,,T1,VProN,vnc_motor,19443,Tergotr. MN,,,,,Traced,Reviewed,T1R,coxa-trochanter,extension,Azevedo 2024 Appendix A1 p3; A5 pp20-21,True,True,current_MaleCNS_type_annotation; T1_cross_volume_target; T2_T3_serial_homology,Tergotr.,1,False
male-cns:v1.0,male-cns:v1.0:817347,817347,Tergotr. MN,Tergotr. MN_R,front,fl,R,,T1,VProN,vnc_motor,23553,Tergotr. MN,13434.0,,,,Traced,Reviewed,T1R,coxa-trochanter,extension,Azevedo 2024 Appendix A1 p3; A5 pp20-21,True,True,current_MaleCNS_type_annotation; T1_cross_volume_target; T2_T3_serial_homology,Tergotr.,1,False
male-cns:v1.0,male-cns:v1.0:909521,909521,Tergotr. MN,Tergotr. MN_R,front,fl,R,,T1,VProN,vnc_motor,37234,Tergotr. MN,,,,,Traced,Reviewed,T1R,coxa-trochanter,extension,Azevedo 2024 Appendix A1 p3; A5 pp20-21,True,True,current_MaleCNS_type_annotation; T1_cross_volume_target; T2_T3_serial_homology,,0,False
male-cns:v1.0,male-cns:v1.0:924716,924716,Tergotr. MN,Tergotr. MN_R,front,fl,R,,T1,VProN,vnc_motor,,Tergotr. MN,,,,,Traced,Reviewed,T1R,coxa-trochanter,extension,Azevedo 2024 Appendix A1 p3; A5 pp20-21,True,True,current_MaleCNS_type_annotation; T1_cross_volume_target; T2_T3_serial_homology,,0,False
male-cns:v1.0,male-cns:v1.0:804257,804257,Ti extensor MN,Ti extensor MN_R,front,fl,R,,T1,ProLN,vnc_motor,13115,Ti extensor MN,10347.0,800158.0,,,Traced,Reviewed,T1R,femur-tibia,extension,Azevedo 2024 Appendix A1 p3; A11 p31,True,True,current_MaleCNS_type_annotation; T1_cross_volume_target; T2_T3_serial_homology,Ti extensor,1,False
male-cns:v1.0,male-cns:v1.0:815678,815678,Ti extensor MN,Ti extensor MN_R,front,fl,R,,T1,ProLN,vnc_motor,22126,Ti extensor MN,10737.0,800621.0,,,Traced,Reviewed,T1R,femur-tibia,extension,Azevedo 2024 Appendix A1 p3; A11 p31,True,True,current_MaleCNS_type_annotation; T1_cross_volume_target; T2_T3_serial_homology,Tergotr.,1,False
male-cns:v1.0,male-cns:v1.0:810098,810098,Ti flexor MN,Ti flexor MN_R,front,fl,R,,T1,ProLN,vnc_motor,14848,Ti flexor MN,,,,,Traced,Reviewed,T1R,femur-tibia,flexion,Azevedo 2024 Appendix A1 p3; A12 pp32-33,True,True,current_MaleCNS_type_annotation; T1_cross_volume_target; T2_T3_serial_homology,Ti flexor,1,False
male-cns:v1.0,male-cns:v1.0:821635,821635,Ti flexor MN,Ti flexor MN_R,front,fl,R,,T1,ProLN,vnc_motor,13399,Ti flexor MN,,,,,Traced,Reviewed,T1R,femur-tibia,flexion,Azevedo 2024 Appendix A1 p3; A12 pp32-33,True,True,current_MaleCNS_type_annotation; T1_cross_volume_target; T2_T3_serial_homology,Ti flexor,1,False
male-cns:v1.0,male-cns:v1.0:827188,827188,Ti flexor MN,Ti flexor MN_R,front,fl,R,,T1,ProLN,vnc_motor,,Ti flexor MN,,,,,Traced,Reviewed,T1R,femur-tibia,flexion,Azevedo 2024 Appendix A1 p3; A12 pp32-33,True,True,current_MaleCNS_type_annotation; T1_cross_volume_target; T2_T3_serial_homology,,0,False
male-cns:v1.0,male-cns:v1.0:1050031705,1050031705,Ti flexor MN,Ti flexor MN_R,front,fl,R,,T1,ProLN,vnc_motor,,Ti flexor MN,,,,,Traced,Reviewed,T1R,femur-tibia,flexion,Azevedo 2024 Appendix A1 p3; A12 pp32-33,True,True,current_MaleCNS_type_annotation; T1_cross_volume_target; T2_T3_serial_homology,,0,False
male-cns:v1.0,male-cns:v1.0:1050189039,1050189039,Ti flexor MN,Ti flexor MN_R,front,fl,R,,T1,ProLN,vnc_motor,13283,Ti flexor MN,,,,,Traced,Reviewed,T1R,femur-tibia,flexion,Azevedo 2024 Appendix A1 p3; A12 pp32-33,True,True,current_MaleCNS_type_annotation; T1_cross_volume_target; T2_T3_serial_homology,Ti flexor,1,False
male-cns:v1.0,male-cns:v1.0:818842,818842,Tr extensor MN,Tr extensor MN_R,front,fl,R,,T1,ProLN,vnc_motor,27028,Tr extensor MN,17930.0,807906.0,,,Traced,Reviewed,T1R,coxa-trochanter,extension,Azevedo 2024 Appendix A1 p3; A6 pp22-23,True,True,current_MaleCNS_type_annotation; T1_cross_volume_target; T2_T3_serial_homology,Tr extensor,1,False
male-cns:v1.0,male-cns:v1.0:838321,838321,Tr extensor MN,Tr extensor MN_R,front,fl,R,,T1,ProAN,vnc_motor,14536,Tr extensor MN,10866.0,803412.0,,,Traced,Reviewed,T1R,coxa-trochanter,extension,Azevedo 2024 Appendix A1 p3; A6 pp22-23,True,True,current_MaleCNS_type_annotation; T1_cross_volume_target; T2_T3_serial_homology,Tr extensor,1,False
male-cns:v1.0,male-cns:v1.0:816648,816648,Tr flexor MN,Tr flexor MN_R,front,fl,R,,T1,ProAN,vnc_motor,39951,Tr flexor MN,,,,,Traced,Reviewed,T1R,coxa-trochanter,flexion,Azevedo 2024 Appendix A1 p3; A7-A8 pp24-26,True,True,current_MaleCNS_type_annotation; T1_cross_volume_target; T2_T3_serial_homology,,0,False
male-cns:v1.0,male-cns:v1.0:817640,817640,Tr flexor MN,Tr flexor MN_R,front,fl,R,,T1,ProAN,vnc_motor,14783,Tr flexor MN,,,,,Traced,Reviewed,T1R,coxa-trochanter,flexion,Azevedo 2024 Appendix A1 p3; A7-A8 pp24-26,True,True,current_MaleCNS_type_annotation; T1_cross_volume_target; T2_T3_serial_homology,Acc. tr flexor,1,False
male-cns:v1.0,male-cns:v1.0:818719,818719,Tr flexor MN,Tr flexor MN_R,front,fl,R,,T1,ProAN,vnc_motor,41353,Tr flexor MN,,,,,Traced,Reviewed,T1R,coxa-trochanter,flexion,Azevedo 2024 Appendix A1 p3; A7-A8 pp24-26,True,True,current_MaleCNS_type_annotation; T1_cross_volume_target; T2_T3_serial_homology,Tr flexor,1,False
male-cns:v1.0,male-cns:v1.0:820130,820130,Tr flexor MN,Tr flexor MN_R,front,fl,R,,T1,ProAN,vnc_motor,41933,Tr flexor MN,,,,,Traced,Reviewed,T1R,coxa-trochanter,flexion,Azevedo 2024 Appendix A1 p3; A7-A8 pp24-26,True,True,current_MaleCNS_type_annotation; T1_cross_volume_target; T2_T3_serial_homology,Tr flexor,1,False
male-cns:v1.0,male-cns:v1.0:820668,820668,Tr flexor MN,Tr flexor MN_R,front,fl,R,,T1,VProN,vnc_motor,19886,Tr flexor MN,,,,,Traced,Reviewed,T1R,coxa-trochanter,flexion,Azevedo 2024 Appendix A1 p3; A7-A8 pp24-26,True,True,current_MaleCNS_type_annotation; T1_cross_volume_target; T2_T3_serial_homology,Tr flexor,1,False
male-cns:v1.0,male-cns:v1.0:903010,903010,Tr flexor MN,Tr flexor MN_R,front,fl,R,,T1,ProAN,vnc_motor,21612,Tr flexor MN,,,,,Traced,Reviewed,T1R,coxa-trochanter,flexion,Azevedo 2024 Appendix A1 p3; A7-A8 pp24-26,True,True,current_MaleCNS_type_annotation; T1_cross_volume_target; T2_T3_serial_homology,Tr flexor,1,False
male-cns:v1.0,male-cns:v1.0:914655,914655,Tr flexor MN,Tr flexor MN_R,front,fl,R,,T1,ProLN,vnc_motor,20673,Tr flexor MN,,,,,Traced,Reviewed,T1R,coxa-trochanter,flexion,Azevedo 2024 Appendix A1 p3; A7-A8 pp24-26,True,True,current_MaleCNS_type_annotation; T1_cross_volume_target; T2_T3_serial_homology,Tr flexor,1,False
male-cns:v1.0,male-cns:v1.0:860084,860084,ltm MN,ltm MN_R,front,fl,R,,T1,ProLN,vnc_motor,11786,ltm MN,11786.0,822274.0,,,Traced,Reviewed,T1R,long_tendon,long_tendon_pull_muscle1_or2_unresolved,Azevedo 2024 Appendix A1 p4; A15-A16 pp38-40,True,True,current_MaleCNS_type_annotation; T1_cross_volume_target; T2_T3_serial_homology,ltm,1,False
male-cns:v1.0,male-cns:v1.0:924189,924189,ltm MN,ltm MN_R,front,fl,R,,T1,ProLN,vnc_motor,154803,ltm MN,23016.0,,,,Traced,Reviewed,T1R,long_tendon,long_tendon_pull_muscle1_or2_unresolved,Azevedo 2024 Appendix A1 p4; A15-A16 pp38-40,True,True,current_MaleCNS_type_annotation; T1_cross_volume_target; T2_T3_serial_homology,ltm,1,False
male-cns:v1.0,male-cns:v1.0:1050013851,1050013851,ltm MN,ltm MN_R,front,fl,R,,T1,ProLN,vnc_motor,15317,ltm MN,,,,,Traced,Reviewed,T1R,long_tendon,long_tendon_pull_muscle1_or2_unresolved,Azevedo 2024 Appendix A1 p4; A15-A16 pp38-40,True,True,current_MaleCNS_type_annotation; T1_cross_volume_target; T2_T3_serial_homology,ltm2-femur,1,False
male-cns:v1.0,male-cns:v1.0:1050015101,1050015101,ltm MN,ltm MN_R,front,fl,R,,T1,ProLN,vnc_motor,27078,ltm MN,23016.0,,,,Traced,Reviewed,T1R,long_tendon,long_tendon_pull_muscle1_or2_unresolved,Azevedo 2024 Appendix A1 p4; A15-A16 pp38-40,True,True,current_MaleCNS_type_annotation; T1_cross_volume_target; T2_T3_serial_homology,ltm,1,False
male-cns:v1.0,male-cns:v1.0:1057471940,1057471940,ltm1-tibia MN,ltm1-tibia MN_R,front,fl,R,,T1,ProLN,vnc_motor,166385,ltm1-tibia MN,10811.0,804741.0,,,Traced,Reviewed,T1R,long_tendon,long_tendon_pull_tibia_muscle,Azevedo 2024 Appendix A1 p4; A15-A16 pp38-40,True,True,current_MaleCNS_type_annotation; T1_cross_volume_target; T2_T3_serial_homology,ltm1-tibia,1,False
male-cns:v1.0,male-cns:v1.0:830039,830039,ltm2-femur MN,ltm2-femur MN_R,front,fl,R,,T1,ProLN,vnc_motor,17050,ltm2-femur MN,14343.0,815498.0,,,Traced,Reviewed,T1R,long_tendon,long_tendon_pull_femur_muscle,Azevedo 2024 Appendix A1 p4; A15-A16 pp38-40,True,True,current_MaleCNS_type_annotation; T1_cross_volume_target; T2_T3_serial_homology,ltm2-femur,1,False
male-cns:v1.0,male-cns:v1.0:1050251718,1050251718,ltm2-femur MN,ltm2-femur MN_R,front,fl,R,,T1,ProLN,vnc_motor,15720,ltm2-femur MN,,,,,Traced,Reviewed,T1R,long_tendon,long_tendon_pull_femur_muscle,Azevedo 2024 Appendix A1 p4; A15-A16 pp38-40,True,True,current_MaleCNS_type_annotation; T1_cross_volume_target; T2_T3_serial_homology,ltm1-tibia,1,False
male-cns:v1.0,male-cns:v1.0:809670,809670,Acc. ti flexor MN,Acc. ti flexor MN_L,middle,ml,L,,T2,MesoLN,vnc_motor,13784,Acc. ti flexor MN,12761.0,809670.0,,,Traced,Reviewed,T2L,femur-tibia,flexion,Azevedo 2024 Appendix A1 pp3-4; A13-A14 pp34-37,True,True,current_MaleCNS_type_annotation; T1_cross_volume_target; T2_T3_serial_homology,Acc. ti flexor,1,False
male-cns:v1.0,male-cns:v1.0:819674,819674,Acc. ti flexor MN,Acc. ti flexor MN_L,middle,ml,L,,T2,MesoLN,vnc_motor,17070,Acc. ti flexor MN,,,,,Traced,Reviewed,T2L,femur-tibia,flexion,Azevedo 2024 Appendix A1 pp3-4; A13-A14 pp34-37,True,True,current_MaleCNS_type_annotation; T1_cross_volume_target; T2_T3_serial_homology,Acc. ti flexor,1,False
male-cns:v1.0,male-cns:v1.0:825485,825485,Acc. ti flexor MN,Acc. ti flexor MN_L,middle,ml,L,,T2,MesoLN,vnc_motor,14213,Acc. ti flexor MN,,,,,Traced,Reviewed,T2L,femur-tibia,flexion,Azevedo 2024 Appendix A1 pp3-4; A13-A14 pp34-37,True,True,current_MaleCNS_type_annotation; T1_cross_volume_target; T2_T3_serial_homology,,0,False
male-cns:v1.0,male-cns:v1.0:830480,830480,Acc. ti flexor MN,Acc. ti flexor MN_L,middle,ml,L,,T2,MesoLN,vnc_motor,24828,Acc. ti flexor MN,,,,,Traced,Reviewed,T2L,femur-tibia,flexion,Azevedo 2024 Appendix A1 pp3-4; A13-A14 pp34-37,True,True,current_MaleCNS_type_annotation; T1_cross_volume_target; T2_T3_serial_homology,Acc. ti flexor,1,False
male-cns:v1.0,male-cns:v1.0:908094,908094,Acc. ti flexor MN,Acc. ti flexor MN_L,middle,ml,L,,T2,MesoLN,vnc_motor,25212,Acc. ti flexor MN,12758.0,,,,Traced,Reviewed,T2L,femur-tibia,flexion,Azevedo 2024 Appendix A1 pp3-4; A13-A14 pp34-37,True,True,current_MaleCNS_type_annotation; T1_cross_volume_target; T2_T3_serial_homology,Acc. ti flexor,1,False
male-cns:v1.0,male-cns:v1.0:1051356801,1051356801,Acc. ti flexor MN,Acc. ti flexor MN_L,middle,ml,L,,T2,MesoLN,vnc_motor,21262,Acc. ti flexor MN,,,,,Traced,Reviewed,T2L,femur-tibia,flexion,Azevedo 2024 Appendix A1 pp3-4; A13-A14 pp34-37,True,True,current_MaleCNS_type_annotation; T1_cross_volume_target; T2_T3_serial_homology,Acc. ti flexor,1,False
male-cns:v1.0,male-cns:v1.0:821375,821375,Acc. tr flexor MN,Acc. tr flexor MN_L,middle,ml,L,,T2,MesoLN,vnc_motor,155216,Acc. tr flexor MN,,,,,Traced,Reviewed,T2L,coxa-trochanter,flexion,Azevedo 2024 Appendix A1 p3; A9 pp27-28,True,True,current_MaleCNS_type_annotation; T1_cross_volume_target; T2_T3_serial_homology,Acc. tr flexor,1,False
male-cns:v1.0,male-cns:v1.0:927828,927828,Acc. tr flexor MN,Acc. tr flexor MN_L,middle,ml,L,,T2,MesoLN,vnc_motor,156180,Acc. tr flexor MN,14783.0,810720.0,,,Traced,Reviewed,T2L,coxa-trochanter,flexion,Azevedo 2024 Appendix A1 p3; A9 pp27-28,True,True,current_MaleCNS_type_annotation; T1_cross_volume_target; T2_T3_serial_homology,Acc. tr flexor,1,False
male-cns:v1.0,male-cns:v1.0:804025,804025,Fe reductor MN,Fe reductor MN_L,middle,ml,L,,T2,MesoLN,vnc_motor,29187,Fe reductor MN,11226.0,,,,Traced,Reviewed,T2L,trochanter-femur,unknown,Azevedo 2024 Appendix A1 p3; A10 pp29-30,True,False,current_MaleCNS_type_annotation; T1_cross_volume_target; T2_T3_serial_homology,Fe reductor,1,False
male-cns:v1.0,male-cns:v1.0:820764,820764,Fe reductor MN,Fe reductor MN_L,middle,ml,L,,T2,MesoLN,vnc_motor,45494,Fe reductor MN,,,,,Traced,Reviewed,T2L,trochanter-femur,unknown,Azevedo 2024 Appendix A1 p3; A10 pp29-30,True,False,current_MaleCNS_type_annotation; T1_cross_volume_target; T2_T3_serial_homology,Fe reductor,1,False
male-cns:v1.0,male-cns:v1.0:1050607195,1050607195,Fe reductor MN,Fe reductor MN_L,middle,ml,L,,T2,MesoLN,vnc_motor,158681,Fe reductor MN,,,,,Traced,Reviewed,T2L,trochanter-femur,unknown,Azevedo 2024 Appendix A1 p3; A10 pp29-30,True,False,current_MaleCNS_type_annotation; T1_cross_volume_target; T2_T3_serial_homology,Fe reductor,1,False
male-cns:v1.0,male-cns:v1.0:803086,803086,MNml29,MNml29_L,middle,ml,L,,T2,MesoLN,vnc_motor,19773,MNml29,12196.0,,,,Traced,Reviewed,T2L,unknown,unknown,no_named_muscle_type,False,False,unresolved_current_type,middle leg,1,False
male-cns:v1.0,male-cns:v1.0:822185,822185,MNml77,MNml77_L,middle,ml,L,,T2,MesoLN,vnc_motor,103416,MNml77,,,,,Traced,Reviewed,T2L,unknown,unknown,no_named_muscle_type,False,False,unresolved_current_type,middle leg,1,False
male-cns:v1.0,male-cns:v1.0:895449,895449,MNml78,MNml78_L,middle,ml,L,,T2,MesoLN,vnc_motor,20551,MNml78,,,,,Traced,Reviewed,T2L,unknown,unknown,no_named_muscle_type,False,False,unresolved_current_type,middle leg,1,False
male-cns:v1.0,male-cns:v1.0:907422,907422,MNml78,MNml78_L,middle,ml,L,,T2,MesoLN,vnc_motor,25956,MNml78,,,,,Traced,Reviewed,T2L,unknown,unknown,no_named_muscle_type,False,False,unresolved_current_type,middle leg,1,False
male-cns:v1.0,male-cns:v1.0:1050119039,1050119039,MNml78,MNml78_L,middle,ml,L,,T2,MesoLN,vnc_motor,30709,MNml78,,,,,Traced,Reviewed,T2L,unknown,unknown,no_named_muscle_type,False,False,unresolved_current_type,middle leg,1,False
male-cns:v1.0,male-cns:v1.0:1050151215,1050151215,MNml78,MNml78_L,middle,ml,L,,T2,MesoLN,vnc_motor,167919,MNml78,,,,,Traced,Reviewed,T2L,unknown,unknown,no_named_muscle_type,False,False,unresolved_current_type,middle leg,1,False
male-cns:v1.0,male-cns:v1.0:821494,821494,MNml79,MNml79_L,middle,ml,L,,T2,MesoLN,vnc_motor,,MNml79,,,,,Traced,Reviewed,T2L,unknown,unknown,no_named_muscle_type,False,False,unresolved_current_type,,0,False
male-cns:v1.0,male-cns:v1.0:820632,820632,MNml80,MNml80_L,middle,ml,L,,T2,MesoLN,vnc_motor,17697,MNml80,,,,,Traced,Reviewed,T2L,unknown,unknown,no_named_muscle_type,False,False,unresolved_current_type,middle leg,1,False
male-cns:v1.0,male-cns:v1.0:822742,822742,MNml80,MNml80_L,middle,ml,L,,T2,MesoLN,vnc_motor,14775,MNml80,,,,,Traced,Reviewed,T2L,unknown,unknown,no_named_muscle_type,False,False,unresolved_current_type,Acc. ti flexor,1,False
male-cns:v1.0,male-cns:v1.0:1050046221,1050046221,MNml80,MNml80_L,middle,ml,L,,T2,MesoLN,vnc_motor,25956,MNml80,,,,,Traced,Reviewed,T2L,unknown,unknown,no_named_muscle_type,False,False,unresolved_current_type,middle leg,1,False
male-cns:v1.0,male-cns:v1.0:903508,903508,MNml81,MNml81_L,middle,ml,L,,T2,MesoLN,vnc_motor,13036,MNml81,13036.0,,,,Traced,Reviewed,T2L,unknown,unknown,no_named_muscle_type,False,False,unresolved_current_type,middle leg,1,False
male-cns:v1.0,male-cns:v1.0:803480,803480,MNml82,MNml82_L,middle,ml,L,,T2,MesoLN,vnc_motor,101909,MNml82,,,,,Traced,Reviewed,T2L,unknown,unknown,no_named_muscle_type,False,False,unresolved_current_type,middle leg,1,False
male-cns:v1.0,male-cns:v1.0:800541,800541,Pleural remotor/abductor MN,Pleural remotor/abductor MN_L,middle,ml,L,,T2,MesoLN,vnc_motor,219853,Pleural remotor/abductor MN,13628.0,800541.0,,,Traced,Reviewed,T2L,thorax-coxa,coxa_posterior_and_lateral_movement,Azevedo 2024 Appendix A1 p2; A4 pp18-19,True,True,current_MaleCNS_type_annotation; T1_cross_volume_target; T2_T3_serial_homology,Pleural remotor/abductor,1,False
male-cns:v1.0,male-cns:v1.0:902492,902492,Pleural remotor/abductor MN,Pleural remotor/abductor MN_L,middle,ml,L,,T2,MesoLN,vnc_motor,17091,Pleural remotor/abductor MN,12096.0,800776.0,,,Traced,Reviewed,T2L,thorax-coxa,coxa_posterior_and_lateral_movement,Azevedo 2024 Appendix A1 p2; A4 pp18-19,True,True,current_MaleCNS_type_annotation; T1_cross_volume_target; T2_T3_serial_homology,Pleural remotor/abductor,1,False
male-cns:v1.0,male-cns:v1.0:905421,905421,Pleural remotor/abductor MN,Pleural remotor/abductor MN_L,middle,ml,L,,T2,MesoLN,vnc_motor,21255,Pleural remotor/abductor MN,12096.0,800776.0,,,Traced,Reviewed,T2L,thorax-coxa,coxa_posterior_and_lateral_movement,Azevedo 2024 Appendix A1 p2; A4 pp18-19,True,True,current_MaleCNS_type_annotation; T1_cross_volume_target; T2_T3_serial_homology,Pleural remotor/abductor,1,False
male-cns:v1.0,male-cns:v1.0:816018,816018,Sternal adductor MN,Sternal adductor MN_L,middle,ml,L,,T2,MesoLN,vnc_motor,156233,Sternal adductor MN,13817.0,,,,Traced,Reviewed,T2L,thorax-coxa,coxa_medial_movement,Azevedo 2024 Appendix A1 p3; A3 p17,True,True,current_MaleCNS_type_annotation; T1_cross_volume_target; T2_T3_serial_homology,Tr flexor,1,False
male-cns:v1.0,male-cns:v1.0:832490,832490,Sternal anterior rotator MN,Sternal anterior rotator MN_L,middle,ml,L,,T2,MesoLN,vnc_motor,16295,Sternal anterior rotator MN,11022.0,800316.0,,,Traced,Reviewed,T2L,thorax-coxa,coxa_anterior_movement,Azevedo 2024 Appendix A1 p3; A3 p17,True,True,current_MaleCNS_type_annotation; T1_cross_volume_target; T2_T3_serial_homology,Sternal anterior rotator,1,False
male-cns:v1.0,male-cns:v1.0:903689,903689,Sternal anterior rotator MN,Sternal anterior rotator MN_L,middle,ml,L,,T2,MesoLN,vnc_motor,20119,Sternal anterior rotator MN,11022.0,800316.0,,,Traced,Reviewed,T2L,thorax-coxa,coxa_anterior_movement,Azevedo 2024 Appendix A1 p3; A3 p17,True,True,current_MaleCNS_type_annotation; T1_cross_volume_target; T2_T3_serial_homology,Sternal anterior rotator,1,False
male-cns:v1.0,male-cns:v1.0:801768,801768,Sternal posterior rotator MN,Sternal posterior rotator MN_L,middle,ml,L,,T2,MesoLN,vnc_motor,15883,Sternal posterior rotator MN,11400.0,800962.0,,,Traced,Reviewed,T2L,thorax-coxa,coxa_posterior_movement_or_axial_rotation,Azevedo 2024 Appendix A1 p3; A4 pp18-19,True,True,current_MaleCNS_type_annotation; T1_cross_volume_target; T2_T3_serial_homology,Sternal posterior rotator,1,False
male-cns:v1.0,male-cns:v1.0:803226,803226,Sternal posterior rotator MN,Sternal posterior rotator MN_L,middle,ml,L,,T2,MesoLN,vnc_motor,49886,Sternal posterior rotator MN,11400.0,800962.0,,,Traced,Reviewed,T2L,thorax-coxa,coxa_posterior_movement_or_axial_rotation,Azevedo 2024 Appendix A1 p3; A4 pp18-19,True,True,current_MaleCNS_type_annotation; T1_cross_volume_target; T2_T3_serial_homology,Sternal posterior rotator,1,False
male-cns:v1.0,male-cns:v1.0:803704,803704,Sternal posterior rotator MN,Sternal posterior rotator MN_L,middle,ml,L,,T2,MesoLN,vnc_motor,154769,Sternal posterior rotator MN,,,,,Traced,Reviewed,T2L,thorax-coxa,coxa_posterior_movement_or_axial_rotation,Azevedo 2024 Appendix A1 p3; A4 pp18-19,True,True,current_MaleCNS_type_annotation; T1_cross_volume_target; T2_T3_serial_homology,Sternal posterior rotator,1,False
male-cns:v1.0,male-cns:v1.0:1051054875,1051054875,Sternal posterior rotator MN,Sternal posterior rotator MN_L,middle,ml,L,,T2,MesoLN,vnc_motor,172408,Sternal posterior rotator MN,11529.0,804851.0,,,Traced,Reviewed,T2L,thorax-coxa,coxa_posterior_movement_or_axial_rotation,Azevedo 2024 Appendix A1 p3; A4 pp18-19,True,True,current_MaleCNS_type_annotation; T1_cross_volume_target; T2_T3_serial_homology,Sternal posterior rotator,1,False
male-cns:v1.0,male-cns:v1.0:802407,802407,Sternotrochanter MN,Sternotrochanter MN_L,middle,ml,L,,T2,MesoLN,vnc_motor,166392,Sternotrochanter MN,13069.0,801375.0,,,Traced,Reviewed,T2L,coxa-trochanter,extension,Azevedo 2024 Appendix A1 p3; A6 pp22-23,True,True,current_MaleCNS_type_annotation; T1_cross_volume_target; T2_T3_serial_homology,Sternotrochanter,1,False
male-cns:v1.0,male-cns:v1.0:904657,904657,Sternotrochanter MN,Sternotrochanter MN_L,middle,ml,L,,T2,MesoLN,vnc_motor,26132,Sternotrochanter MN,18006.0,800504.0,,,Traced,Reviewed,T2L,coxa-trochanter,extension,Azevedo 2024 Appendix A1 p3; A6 pp22-23,True,True,current_MaleCNS_type_annotation; T1_cross_volume_target; T2_T3_serial_homology,Sternotrochanter,1,False
male-cns:v1.0,male-cns:v1.0:813755,813755,Tergotr. MN,Tergotr. MN_L,middle,ml,L,,T2,MesoLN,vnc_motor,30650,Tergotr. MN,13434.0,804514.0,,,Traced,Reviewed,T2L,coxa-trochanter,extension,Azevedo 2024 Appendix A1 p3; A5 pp20-21,True,True,current_MaleCNS_type_annotation; T1_cross_volume_target; T2_T3_serial_homology,,0,False
male-cns:v1.0,male-cns:v1.0:800911,800911,Ti extensor MN,Ti extensor MN_L,middle,ml,L,,T2,MesoLN,vnc_motor,,Ti extensor MN,10737.0,800621.0,,,Traced,Reviewed,T2L,femur-tibia,extension,Azevedo 2024 Appendix A1 p3; A11 p31,True,True,current_MaleCNS_type_annotation; T1_cross_volume_target; T2_T3_serial_homology,,0,False
male-cns:v1.0,male-cns:v1.0:801234,801234,Ti extensor MN,Ti extensor MN_L,middle,ml,L,,T2,MesoLN,vnc_motor,11115,Ti extensor MN,10347.0,800158.0,,,Traced,Reviewed,T2L,femur-tibia,extension,Azevedo 2024 Appendix A1 p3; A11 p31,True,True,current_MaleCNS_type_annotation; T1_cross_volume_target; T2_T3_serial_homology,Ti extensor,1,False
male-cns:v1.0,male-cns:v1.0:802295,802295,Ti flexor MN,Ti flexor MN_L,middle,ml,L,,T2,MesoLN,vnc_motor,15623,Ti flexor MN,13192.0,,,,Traced,Reviewed,T2L,femur-tibia,flexion,Azevedo 2024 Appendix A1 p3; A12 pp32-33,True,True,current_MaleCNS_type_annotation; T1_cross_volume_target; T2_T3_serial_homology,Ti flexor,1,False
male-cns:v1.0,male-cns:v1.0:818295,818295,Ti flexor MN,Ti flexor MN_L,middle,ml,L,,T2,MesoLN,vnc_motor,16635,Ti flexor MN,,,,,Traced,Reviewed,T2L,femur-tibia,flexion,Azevedo 2024 Appendix A1 p3; A12 pp32-33,True,True,current_MaleCNS_type_annotation; T1_cross_volume_target; T2_T3_serial_homology,Ti flexor,1,False
male-cns:v1.0,male-cns:v1.0:823739,823739,Ti flexor MN,Ti flexor MN_L,middle,ml,L,,T2,MesoLN,vnc_motor,100707,Ti flexor MN,,,,,Traced,Reviewed,T2L,femur-tibia,flexion,Azevedo 2024 Appendix A1 p3; A12 pp32-33,True,True,current_MaleCNS_type_annotation; T1_cross_volume_target; T2_T3_serial_homology,Ti flexor,1,False
male-cns:v1.0,male-cns:v1.0:824041,824041,Ti flexor MN,Ti flexor MN_L,middle,ml,L,,T2,MesoLN,vnc_motor,14665,Ti flexor MN,,,,,Traced,Reviewed,T2L,femur-tibia,flexion,Azevedo 2024 Appendix A1 p3; A12 pp32-33,True,True,current_MaleCNS_type_annotation; T1_cross_volume_target; T2_T3_serial_homology,Acc. ti flexor,1,False
male-cns:v1.0,male-cns:v1.0:927808,927808,Ti flexor MN,Ti flexor MN_L,middle,ml,L,,T2,MesoLN,vnc_motor,153335,Ti flexor MN,13192.0,,,,Traced,Reviewed,T2L,femur-tibia,flexion,Azevedo 2024 Appendix A1 p3; A12 pp32-33,True,True,current_MaleCNS_type_annotation; T1_cross_volume_target; T2_T3_serial_homology,Ti flexor,1,False
male-cns:v1.0,male-cns:v1.0:805477,805477,Tr extensor MN,Tr extensor MN_L,middle,ml,L,,T2,MesoLN,vnc_motor,13904,Tr extensor MN,10866.0,803412.0,,,Traced,Reviewed,T2L,coxa-trochanter,extension,Azevedo 2024 Appendix A1 p3; A6 pp22-23,True,True,current_MaleCNS_type_annotation; T1_cross_volume_target; T2_T3_serial_homology,Tr extensor,1,False
male-cns:v1.0,male-cns:v1.0:909078,909078,Tr extensor MN,Tr extensor MN_L,middle,ml,L,,T2,MesoLN,vnc_motor,30306,Tr extensor MN,17930.0,807906.0,,,Traced,Reviewed,T2L,coxa-trochanter,extension,Azevedo 2024 Appendix A1 p3; A6 pp22-23,True,True,current_MaleCNS_type_annotation; T1_cross_volume_target; T2_T3_serial_homology,Tr extensor,1,False
male-cns:v1.0,male-cns:v1.0:800589,800589,Tr flexor MN,Tr flexor MN_L,middle,ml,L,,T2,MesoLN,vnc_motor,13817,Tr flexor MN,,,,,Traced,Reviewed,T2L,coxa-trochanter,flexion,Azevedo 2024 Appendix A1 p3; A7-A8 pp24-26,True,True,current_MaleCNS_type_annotation; T1_cross_volume_target; T2_T3_serial_homology,Sternal adductor,1,False
male-cns:v1.0,male-cns:v1.0:802232,802232,Tr flexor MN,Tr flexor MN_L,middle,ml,L,,T2,MesoLN,vnc_motor,13817,Tr flexor MN,,,,,Traced,Reviewed,T2L,coxa-trochanter,flexion,Azevedo 2024 Appendix A1 p3; A7-A8 pp24-26,True,True,current_MaleCNS_type_annotation; T1_cross_volume_target; T2_T3_serial_homology,Sternal adductor,1,False
male-cns:v1.0,male-cns:v1.0:803829,803829,Tr flexor MN,Tr flexor MN_L,middle,ml,L,,T2,MesoLN,vnc_motor,23364,Tr flexor MN,,,,,Traced,Reviewed,T2L,coxa-trochanter,flexion,Azevedo 2024 Appendix A1 p3; A7-A8 pp24-26,True,True,current_MaleCNS_type_annotation; T1_cross_volume_target; T2_T3_serial_homology,Tr flexor,1,False
male-cns:v1.0,male-cns:v1.0:903158,903158,Tr flexor MN,Tr flexor MN_L,middle,ml,L,,T2,MesoLN,vnc_motor,19704,Tr flexor MN,15006.0,,,,Traced,Reviewed,T2L,coxa-trochanter,flexion,Azevedo 2024 Appendix A1 p3; A7-A8 pp24-26,True,True,current_MaleCNS_type_annotation; T1_cross_volume_target; T2_T3_serial_homology,Tr flexor,1,False
male-cns:v1.0,male-cns:v1.0:903159,903159,Tr flexor MN,Tr flexor MN_L,middle,ml,L,,T2,MesoLN,vnc_motor,155218,Tr flexor MN,15006.0,,,,Traced,Reviewed,T2L,coxa-trochanter,flexion,Azevedo 2024 Appendix A1 p3; A7-A8 pp24-26,True,True,current_MaleCNS_type_annotation; T1_cross_volume_target; T2_T3_serial_homology,Tr flexor,1,False
male-cns:v1.0,male-cns:v1.0:903579,903579,Tr flexor MN,Tr flexor MN_L,middle,ml,L,,T2,MesoLN,vnc_motor,167442,Tr flexor MN,17137.0,,,,Traced,Reviewed,T2L,coxa-trochanter,flexion,Azevedo 2024 Appendix A1 p3; A7-A8 pp24-26,True,True,current_MaleCNS_type_annotation; T1_cross_volume_target; T2_T3_serial_homology,Tr flexor,1,False
male-cns:v1.0,male-cns:v1.0:1050669248,1050669248,Tr flexor MN,Tr flexor MN_L,middle,ml,L,,T2,MesoLN,vnc_motor,153315,Tr flexor MN,15006.0,,,,Traced,Reviewed,T2L,coxa-trochanter,flexion,Azevedo 2024 Appendix A1 p3; A7-A8 pp24-26,True,True,current_MaleCNS_type_annotation; T1_cross_volume_target; T2_T3_serial_homology,Tr flexor,1,False
male-cns:v1.0,male-cns:v1.0:813603,813603,ltm MN,ltm MN_L,middle,ml,L,,T2,MesoLN,vnc_motor,17964,ltm MN,23016.0,,,,Traced,Reviewed,T2L,long_tendon,long_tendon_pull_muscle1_or2_unresolved,Azevedo 2024 Appendix A1 p4; A15-A16 pp38-40,True,True,current_MaleCNS_type_annotation; T1_cross_volume_target; T2_T3_serial_homology,middle leg,1,False
male-cns:v1.0,male-cns:v1.0:824689,824689,ltm MN,ltm MN_L,middle,ml,L,,T2,MesoLN,vnc_motor,17419,ltm MN,,,,,Traced,Reviewed,T2L,long_tendon,long_tendon_pull_muscle1_or2_unresolved,Azevedo 2024 Appendix A1 p4; A15-A16 pp38-40,True,True,current_MaleCNS_type_annotation; T1_cross_volume_target; T2_T3_serial_homology,ltm2-femur,1,False
male-cns:v1.0,male-cns:v1.0:825681,825681,ltm MN,ltm MN_L,middle,ml,L,,T2,MesoLN,vnc_motor,15873,ltm MN,,,,,Traced,Reviewed,T2L,long_tendon,long_tendon_pull_muscle1_or2_unresolved,Azevedo 2024 Appendix A1 p4; A15-A16 pp38-40,True,True,current_MaleCNS_type_annotation; T1_cross_volume_target; T2_T3_serial_homology,ltm1-tibia,1,False
male-cns:v1.0,male-cns:v1.0:907443,907443,ltm1-tibia MN,ltm1-tibia MN_L,middle,ml,L,,T2,MesoLN,vnc_motor,101736,ltm1-tibia MN,13241.0,858248.0,,,Traced,Reviewed,T2L,long_tendon,long_tendon_pull_tibia_muscle,Azevedo 2024 Appendix A1 p4; A15-A16 pp38-40,True,True,current_MaleCNS_type_annotation; T1_cross_volume_target; T2_T3_serial_homology,ltm1-tibia,1,False
male-cns:v1.0,male-cns:v1.0:807972,807972,ltm2-femur MN,ltm2-femur MN_L,middle,ml,L,,T2,MesoLN,vnc_motor,24725,ltm2-femur MN,,,,,Traced,Reviewed,T2L,long_tendon,long_tendon_pull_femur_muscle,Azevedo 2024 Appendix A1 p4; A15-A16 pp38-40,True,True,current_MaleCNS_type_annotation; T1_cross_volume_target; T2_T3_serial_homology,ltm2-femur,1,False
male-cns:v1.0,male-cns:v1.0:826996,826996,ltm2-femur MN,ltm2-femur MN_L,middle,ml,L,,T2,MesoLN,vnc_motor,25447,ltm2-femur MN,,,,,Traced,Reviewed,T2L,long_tendon,long_tendon_pull_femur_muscle,Azevedo 2024 Appendix A1 p4; A15-A16 pp38-40,True,True,current_MaleCNS_type_annotation; T1_cross_volume_target; T2_T3_serial_homology,ltm,1,False
male-cns:v1.0,male-cns:v1.0:805568,805568,Acc. ti flexor MN,Acc. ti flexor MN_R,middle,ml,R,,T2,MesoLN,vnc_motor,24443,Acc. ti flexor MN,,,,,Traced,Reviewed,T2R,femur-tibia,flexion,Azevedo 2024 Appendix A1 pp3-4; A13-A14 pp34-37,True,True,current_MaleCNS_type_annotation; T1_cross_volume_target; T2_T3_serial_homology,Acc. ti flexor,1,False
male-cns:v1.0,male-cns:v1.0:812531,812531,Acc. ti flexor MN,Acc. ti flexor MN_R,middle,ml,R,,T2,MesoLN,vnc_motor,16495,Acc. ti flexor MN,,,,,Traced,Reviewed,T2R,femur-tibia,flexion,Azevedo 2024 Appendix A1 pp3-4; A13-A14 pp34-37,True,True,current_MaleCNS_type_annotation; T1_cross_volume_target; T2_T3_serial_homology,Acc. ti flexor,1,False
male-cns:v1.0,male-cns:v1.0:905235,905235,Acc. ti flexor MN,Acc. ti flexor MN_R,middle,ml,R,,T2,MesoLN,vnc_motor,,Acc. ti flexor MN,12758.0,,,,Traced,Reviewed,T2R,femur-tibia,flexion,Azevedo 2024 Appendix A1 pp3-4; A13-A14 pp34-37,True,True,current_MaleCNS_type_annotation; T1_cross_volume_target; T2_T3_serial_homology,,0,False
male-cns:v1.0,male-cns:v1.0:907848,907848,Acc. ti flexor MN,Acc. ti flexor MN_R,middle,ml,R,,T2,MesoLN,vnc_motor,14849,Acc. ti flexor MN,,,,,Traced,Reviewed,T2R,femur-tibia,flexion,Azevedo 2024 Appendix A1 pp3-4; A13-A14 pp34-37,True,True,current_MaleCNS_type_annotation; T1_cross_volume_target; T2_T3_serial_homology,Acc. ti flexor,1,False
male-cns:v1.0,male-cns:v1.0:909255,909255,Acc. ti flexor MN,Acc. ti flexor MN_R,middle,ml,R,,T2,MesoLN,vnc_motor,39941,Acc. ti flexor MN,12761.0,809670.0,,,Traced,Reviewed,T2R,femur-tibia,flexion,Azevedo 2024 Appendix A1 pp3-4; A13-A14 pp34-37,True,True,current_MaleCNS_type_annotation; T1_cross_volume_target; T2_T3_serial_homology,middle leg,1,False
male-cns:v1.0,male-cns:v1.0:1052521030,1052521030,Acc. ti flexor MN,Acc. ti flexor MN_R,middle,ml,R,,T2,MesoLN,vnc_motor,16017,Acc. ti flexor MN,,,,,Traced,Reviewed,T2R,femur-tibia,flexion,Azevedo 2024 Appendix A1 pp3-4; A13-A14 pp34-37,True,True,current_MaleCNS_type_annotation; T1_cross_volume_target; T2_T3_serial_homology,middle leg,1,False
male-cns:v1.0,male-cns:v1.0:810720,810720,Acc. tr flexor MN,Acc. tr flexor MN_R,middle,ml,R,,T2,MesoLN,vnc_motor,102019,Acc. tr flexor MN,14783.0,810720.0,,,Traced,Reviewed,T2R,coxa-trochanter,flexion,Azevedo 2024 Appendix A1 p3; A9 pp27-28,True,True,current_MaleCNS_type_annotation; T1_cross_volume_target; T2_T3_serial_homology,Acc. tr flexor,1,False
male-cns:v1.0,male-cns:v1.0:867926,867926,Acc. tr flexor MN,Acc. tr flexor MN_R,middle,ml,R,,T2,MesoLN,vnc_motor,218885,Acc. tr flexor MN,,,,,Traced,Reviewed,T2R,coxa-trochanter,flexion,Azevedo 2024 Appendix A1 p3; A9 pp27-28,True,True,current_MaleCNS_type_annotation; T1_cross_volume_target; T2_T3_serial_homology,Tr flexor,1,False
male-cns:v1.0,male-cns:v1.0:821769,821769,Fe reductor MN,Fe reductor MN_R,middle,ml,R,,T2,MesoLN,vnc_motor,42738,Fe reductor MN,,,,,Traced,Reviewed,T2R,trochanter-femur,unknown,Azevedo 2024 Appendix A1 p3; A10 pp29-30,True,False,current_MaleCNS_type_annotation; T1_cross_volume_target; T2_T3_serial_homology,Fe reductor,1,False
male-cns:v1.0,male-cns:v1.0:823132,823132,Fe reductor MN,Fe reductor MN_R,middle,ml,R,,T2,MesoLN,vnc_motor,35432,Fe reductor MN,,,,,Traced,Reviewed,T2R,trochanter-femur,unknown,Azevedo 2024 Appendix A1 p3; A10 pp29-30,True,False,current_MaleCNS_type_annotation; T1_cross_volume_target; T2_T3_serial_homology,Fe reductor,1,False
male-cns:v1.0,male-cns:v1.0:905145,905145,Fe reductor MN,Fe reductor MN_R,middle,ml,R,,T2,MesoLN,vnc_motor,16552,Fe reductor MN,11226.0,,,,Traced,Reviewed,T2R,trochanter-femur,unknown,Azevedo 2024 Appendix A1 p3; A10 pp29-30,True,False,current_MaleCNS_type_annotation; T1_cross_volume_target; T2_T3_serial_homology,Fe reductor,1,False
male-cns:v1.0,male-cns:v1.0:807395,807395,MNml29,MNml29_R,middle,ml,R,,T2,MesoLN,vnc_motor,104697,MNml29,12196.0,,,,Traced,Reviewed,T2R,unknown,unknown,no_named_muscle_type,False,False,unresolved_current_type,Sternal posterior rotator,1,False
male-cns:v1.0,male-cns:v1.0:1050160593,1050160593,MNml76,MNml76_R,middle,ml,R,,T2,MesoLN,vnc_motor,156505,MNml76,,,,,Traced,Reviewed,T2R,unknown,unknown,no_named_muscle_type,False,False,unresolved_current_type,middle leg,1,False
male-cns:v1.0,male-cns:v1.0:907387,907387,MNml77,MNml77_R,middle,ml,R,,T2,MesoLN,vnc_motor,30781,MNml77,,,,,Traced,Reviewed,T2R,unknown,unknown,no_named_muscle_type,False,False,unresolved_current_type,middle leg,1,False
male-cns:v1.0,male-cns:v1.0:814983,814983,MNml78,MNml78_R,middle,ml,R,,T2,MesoLN,vnc_motor,162868,MNml78,,,,,Traced,Reviewed,T2R,unknown,unknown,no_named_muscle_type,False,False,unresolved_current_type,Acc. ti flexor,1,False
male-cns:v1.0,male-cns:v1.0:817990,817990,MNml78,MNml78_R,middle,ml,R,,T2,MesoLN,vnc_motor,35950,MNml78,,,,,Traced,Reviewed,T2R,unknown,unknown,no_named_muscle_type,False,False,unresolved_current_type,middle leg,1,False
male-cns:v1.0,male-cns:v1.0:905559,905559,MNml79,MNml79_R,middle,ml,R,,T2,MesoLN,vnc_motor,32253,MNml79,,,,,Traced,Reviewed,T2R,unknown,unknown,no_named_muscle_type,False,False,unresolved_current_type,middle leg,1,False
male-cns:v1.0,male-cns:v1.0:903844,903844,MNml80,MNml80_R,middle,ml,R,,T2,MesoLN,vnc_motor,15616,MNml80,,,,,Traced,Reviewed,T2R,unknown,unknown,no_named_muscle_type,False,False,unresolved_current_type,middle leg,1,False
male-cns:v1.0,male-cns:v1.0:905236,905236,MNml80,MNml80_R,middle,ml,R,,T2,MesoLN,vnc_motor,16497,MNml80,,,,,Traced,Reviewed,T2R,unknown,unknown,no_named_muscle_type,False,False,unresolved_current_type,middle leg,1,False
male-cns:v1.0,male-cns:v1.0:1050673969,1050673969,MNml80,MNml80_R,middle,ml,R,,T2,MesoLN,vnc_motor,18664,MNml80,,,,,Traced,Reviewed,T2R,unknown,unknown,no_named_muscle_type,False,False,unresolved_current_type,Acc. ti flexor,1,False
male-cns:v1.0,male-cns:v1.0:801477,801477,MNml81,MNml81_R,middle,ml,R,,T2,MesoLN,vnc_motor,14828,MNml81,13036.0,,,,Traced,Reviewed,T2R,unknown,unknown,no_named_muscle_type,False,False,unresolved_current_type,middle leg,1,False
male-cns:v1.0,male-cns:v1.0:800230,800230,MNml82,MNml82_R,middle,ml,R,,T2,MesoLN,vnc_motor,13746,MNml82,,,,,Traced,Reviewed,T2R,unknown,unknown,no_named_muscle_type,False,False,unresolved_current_type,Acc. ti flexor,1,False
male-cns:v1.0,male-cns:v1.0:820574,820574,MNml83,MNml83_R,middle,ml,R,,T2,MesoLN,vnc_motor,200065,MNml83,,,,,Traced,Reviewed,T2R,unknown,unknown,no_named_muscle_type,False,False,unresolved_current_type,middle leg,1,False
male-cns:v1.0,male-cns:v1.0:800776,800776,Pleural remotor/abductor MN,Pleural remotor/abductor MN_R,middle,ml,R,,T2,MesoLN,vnc_motor,41482,Pleural remotor/abductor MN,12096.0,800776.0,,,Traced,Reviewed,T2R,thorax-coxa,coxa_posterior_and_lateral_movement,Azevedo 2024 Appendix A1 p2; A4 pp18-19,True,True,current_MaleCNS_type_annotation; T1_cross_volume_target; T2_T3_serial_homology,Pleural remotor/abductor,1,False
male-cns:v1.0,male-cns:v1.0:803499,803499,Pleural remotor/abductor MN,Pleural remotor/abductor MN_R,middle,ml,R,,T2,MesoLN,vnc_motor,19206,Pleural remotor/abductor MN,13628.0,800541.0,,,Traced,Reviewed,T2R,thorax-coxa,coxa_posterior_and_lateral_movement,Azevedo 2024 Appendix A1 p2; A4 pp18-19,True,True,current_MaleCNS_type_annotation; T1_cross_volume_target; T2_T3_serial_homology,Pleural remotor/abductor,1,False
male-cns:v1.0,male-cns:v1.0:902719,902719,Pleural remotor/abductor MN,Pleural remotor/abductor MN_R,middle,ml,R,,T2,MesoLN,vnc_motor,166337,Pleural remotor/abductor MN,12096.0,800776.0,,,Traced,Reviewed,T2R,thorax-coxa,coxa_posterior_and_lateral_movement,Azevedo 2024 Appendix A1 p2; A4 pp18-19,True,True,current_MaleCNS_type_annotation; T1_cross_volume_target; T2_T3_serial_homology,Pleural remotor/abductor,1,False
male-cns:v1.0,male-cns:v1.0:909371,909371,Sternal adductor MN,Sternal adductor MN_R,middle,ml,R,,T2,MesoLN,vnc_motor,171055,Sternal adductor MN,13817.0,,,,Traced,Reviewed,T2R,thorax-coxa,coxa_medial_movement,Azevedo 2024 Appendix A1 p3; A3 p17,True,True,current_MaleCNS_type_annotation; T1_cross_volume_target; T2_T3_serial_homology,Sternal adductor,1,False
male-cns:v1.0,male-cns:v1.0:801813,801813,Sternal anterior rotator MN,Sternal anterior rotator MN_R,middle,ml,R,,T2,MesoLN,vnc_motor,102786,Sternal anterior rotator MN,11022.0,800316.0,,,Traced,Reviewed,T2R,thorax-coxa,coxa_anterior_movement,Azevedo 2024 Appendix A1 p3; A3 p17,True,True,current_MaleCNS_type_annotation; T1_cross_volume_target; T2_T3_serial_homology,Sternal posterior rotator,1,False
male-cns:v1.0,male-cns:v1.0:801946,801946,Sternal anterior rotator MN,Sternal anterior rotator MN_R,middle,ml,R,,T2,MesoLN,vnc_motor,24669,Sternal anterior rotator MN,11022.0,800316.0,,,Traced,Reviewed,T2R,thorax-coxa,coxa_anterior_movement,Azevedo 2024 Appendix A1 p3; A3 p17,True,True,current_MaleCNS_type_annotation; T1_cross_volume_target; T2_T3_serial_homology,Sternal anterior rotator,1,False
male-cns:v1.0,male-cns:v1.0:800962,800962,Sternal posterior rotator MN,Sternal posterior rotator MN_R,middle,ml,R,,T2,MesoLN,vnc_motor,16035,Sternal posterior rotator MN,11400.0,800962.0,,,Traced,Reviewed,T2R,thorax-coxa,coxa_posterior_movement_or_axial_rotation,Azevedo 2024 Appendix A1 p3; A4 pp18-19,True,True,current_MaleCNS_type_annotation; T1_cross_volume_target; T2_T3_serial_homology,Sternal posterior rotator,1,False
male-cns:v1.0,male-cns:v1.0:801761,801761,Sternal posterior rotator MN,Sternal posterior rotator MN_R,middle,ml,R,,T2,MesoLN,vnc_motor,12196,Sternal posterior rotator MN,11400.0,800962.0,,,Traced,Reviewed,T2R,thorax-coxa,coxa_posterior_movement_or_axial_rotation,Azevedo 2024 Appendix A1 p3; A4 pp18-19,True,True,current_MaleCNS_type_annotation; T1_cross_volume_target; T2_T3_serial_homology,middle leg,1,False
male-cns:v1.0,male-cns:v1.0:802521,802521,Sternal posterior rotator MN,Sternal posterior rotator MN_R,middle,ml,R,,T2,MesoLN,vnc_motor,10305,Sternal posterior rotator MN,,,,,Traced,Reviewed,T2R,thorax-coxa,coxa_posterior_movement_or_axial_rotation,Azevedo 2024 Appendix A1 p3; A4 pp18-19,True,True,current_MaleCNS_type_annotation; T1_cross_volume_target; T2_T3_serial_homology,,0,False
male-cns:v1.0,male-cns:v1.0:818996,818996,Sternal posterior rotator MN,Sternal posterior rotator MN_R,middle,ml,R,,T2,MesoLN,vnc_motor,21120,Sternal posterior rotator MN,11529.0,804851.0,,,Traced,Reviewed,T2R,thorax-coxa,coxa_posterior_movement_or_axial_rotation,Azevedo 2024 Appendix A1 p3; A4 pp18-19,True,True,current_MaleCNS_type_annotation; T1_cross_volume_target; T2_T3_serial_homology,,0,False
male-cns:v1.0,male-cns:v1.0:802864,802864,Sternotrochanter MN,Sternotrochanter MN_R,middle,ml,R,,T2,MesoLN,vnc_motor,11297,Sternotrochanter MN,18006.0,800504.0,,,Traced,Reviewed,T2R,coxa-trochanter,extension,Azevedo 2024 Appendix A1 p3; A6 pp22-23,True,True,current_MaleCNS_type_annotation; T1_cross_volume_target; T2_T3_serial_homology,,0,False
male-cns:v1.0,male-cns:v1.0:856359,856359,Sternotrochanter MN,Sternotrochanter MN_R,middle,ml,R,,T2,MesoLN,vnc_motor,18716,Sternotrochanter MN,13069.0,801375.0,,,Traced,Reviewed,T2R,coxa-trochanter,extension,Azevedo 2024 Appendix A1 p3; A6 pp22-23,True,True,current_MaleCNS_type_annotation; T1_cross_volume_target; T2_T3_serial_homology,Sternotrochanter,1,False
male-cns:v1.0,male-cns:v1.0:806204,806204,Tergotr. MN,Tergotr. MN_R,middle,ml,R,,T2,MesoLN,vnc_motor,175327,Tergotr. MN,13434.0,804514.0,,,Traced,Reviewed,T2R,coxa-trochanter,extension,Azevedo 2024 Appendix A1 p3; A5 pp20-21,True,True,current_MaleCNS_type_annotation; T1_cross_volume_target; T2_T3_serial_homology,Tergotr.,1,False
male-cns:v1.0,male-cns:v1.0:830514,830514,Ti extensor MN,Ti extensor MN_R,middle,ml,R,,T2,MesoLN,vnc_motor,11489,Ti extensor MN,10737.0,800621.0,,,Traced,Reviewed,T2R,femur-tibia,extension,Azevedo 2024 Appendix A1 p3; A11 p31,True,True,current_MaleCNS_type_annotation; T1_cross_volume_target; T2_T3_serial_homology,Ti extensor,1,False
male-cns:v1.0,male-cns:v1.0:928579,928579,Ti extensor MN,Ti extensor MN_R,middle,ml,R,,T2,MesoLN,vnc_motor,,Ti extensor MN,10347.0,800158.0,,,Traced,Reviewed,T2R,femur-tibia,extension,Azevedo 2024 Appendix A1 p3; A11 p31,True,True,current_MaleCNS_type_annotation; T1_cross_volume_target; T2_T3_serial_homology,,0,False
male-cns:v1.0,male-cns:v1.0:804405,804405,Ti flexor MN,Ti flexor MN_R,middle,ml,R,,T2,MesoLN,vnc_motor,192299,Ti flexor MN,13192.0,,,,Traced,Reviewed,T2R,femur-tibia,flexion,Azevedo 2024 Appendix A1 p3; A12 pp32-33,True,True,current_MaleCNS_type_annotation; T1_cross_volume_target; T2_T3_serial_homology,Ti flexor,1,False
male-cns:v1.0,male-cns:v1.0:805010,805010,Ti flexor MN,Ti flexor MN_R,middle,ml,R,,T2,MesoLN,vnc_motor,13280,Ti flexor MN,,,,,Traced,Reviewed,T2R,femur-tibia,flexion,Azevedo 2024 Appendix A1 p3; A12 pp32-33,True,True,current_MaleCNS_type_annotation; T1_cross_volume_target; T2_T3_serial_homology,Ti flexor,1,False
male-cns:v1.0,male-cns:v1.0:816222,816222,Ti flexor MN,Ti flexor MN_R,middle,ml,R,,T2,MesoLN,vnc_motor,18448,Ti flexor MN,,,,,Traced,Reviewed,T2R,femur-tibia,flexion,Azevedo 2024 Appendix A1 p3; A12 pp32-33,True,True,current_MaleCNS_type_annotation; T1_cross_volume_target; T2_T3_serial_homology,Ti flexor,1,False
male-cns:v1.0,male-cns:v1.0:822013,822013,Ti flexor MN,Ti flexor MN_R,middle,ml,R,,T2,MesoLN,vnc_motor,162827,Ti flexor MN,,,,,Traced,Reviewed,T2R,femur-tibia,flexion,Azevedo 2024 Appendix A1 p3; A12 pp32-33,True,True,current_MaleCNS_type_annotation; T1_cross_volume_target; T2_T3_serial_homology,middle leg,1,False
male-cns:v1.0,male-cns:v1.0:903363,903363,Ti flexor MN,Ti flexor MN_R,middle,ml,R,,T2,MesoLN,vnc_motor,167438,Ti flexor MN,,,,,Traced,Reviewed,T2R,femur-tibia,flexion,Azevedo 2024 Appendix A1 p3; A12 pp32-33,True,True,current_MaleCNS_type_annotation; T1_cross_volume_target; T2_T3_serial_homology,Ti flexor,1,False
male-cns:v1.0,male-cns:v1.0:814942,814942,Tr extensor MN,Tr extensor MN_R,middle,ml,R,,T2,MesoLN,vnc_motor,17930,Tr extensor MN,17930.0,807906.0,,,Traced,Reviewed,T2R,coxa-trochanter,extension,Azevedo 2024 Appendix A1 p3; A6 pp22-23,True,True,current_MaleCNS_type_annotation; T1_cross_volume_target; T2_T3_serial_homology,Tr extensor,1,False
male-cns:v1.0,male-cns:v1.0:840530,840530,Tr extensor MN,Tr extensor MN_R,middle,ml,R,,T2,MesoLN,vnc_motor,162833,Tr extensor MN,10866.0,803412.0,,,Traced,Reviewed,T2R,coxa-trochanter,extension,Azevedo 2024 Appendix A1 p3; A6 pp22-23,True,True,current_MaleCNS_type_annotation; T1_cross_volume_target; T2_T3_serial_homology,Tr extensor,1,False
male-cns:v1.0,male-cns:v1.0:801057,801057,Tr flexor MN,Tr flexor MN_R,middle,ml,R,,T2,MesoLN,vnc_motor,15006,Tr flexor MN,15006.0,,,,Traced,Reviewed,T2R,coxa-trochanter,flexion,Azevedo 2024 Appendix A1 p3; A7-A8 pp24-26,True,True,current_MaleCNS_type_annotation; T1_cross_volume_target; T2_T3_serial_homology,Tr flexor,1,False
male-cns:v1.0,male-cns:v1.0:801058,801058,Tr flexor MN,Tr flexor MN_R,middle,ml,R,,T2,MesoLN,vnc_motor,10461,Tr flexor MN,15006.0,,,,Traced,Reviewed,T2R,coxa-trochanter,flexion,Azevedo 2024 Appendix A1 p3; A7-A8 pp24-26,True,True,current_MaleCNS_type_annotation; T1_cross_volume_target; T2_T3_serial_homology,Ti extensor,1,False
male-cns:v1.0,male-cns:v1.0:817681,817681,Tr flexor MN,Tr flexor MN_R,middle,ml,R,,T2,MesoLN,vnc_motor,157207,Tr flexor MN,,,,,Traced,Reviewed,T2R,coxa-trochanter,flexion,Azevedo 2024 Appendix A1 p3; A7-A8 pp24-26,True,True,current_MaleCNS_type_annotation; T1_cross_volume_target; T2_T3_serial_homology,Tr flexor,1,False
male-cns:v1.0,male-cns:v1.0:819203,819203,Tr flexor MN,Tr flexor MN_R,middle,ml,R,,T2,MesoLN,vnc_motor,19983,Tr flexor MN,17137.0,,,,Traced,Reviewed,T2R,coxa-trochanter,flexion,Azevedo 2024 Appendix A1 p3; A7-A8 pp24-26,True,True,current_MaleCNS_type_annotation; T1_cross_volume_target; T2_T3_serial_homology,Tr flexor,1,False
male-cns:v1.0,male-cns:v1.0:824315,824315,Tr flexor MN,Tr flexor MN_R,middle,ml,R,,T2,MesoLN,vnc_motor,171948,Tr flexor MN,15006.0,,,,Traced,Reviewed,T2R,coxa-trochanter,flexion,Azevedo 2024 Appendix A1 p3; A7-A8 pp24-26,True,True,current_MaleCNS_type_annotation; T1_cross_volume_target; T2_T3_serial_homology,Tr flexor,1,False
male-cns:v1.0,male-cns:v1.0:910095,910095,Tr flexor MN,Tr flexor MN_R,middle,ml,R,,T2,MesoLN,vnc_motor,34115,Tr flexor MN,,,,,Traced,Reviewed,T2R,coxa-trochanter,flexion,Azevedo 2024 Appendix A1 p3; A7-A8 pp24-26,True,True,current_MaleCNS_type_annotation; T1_cross_volume_target; T2_T3_serial_homology,Tr flexor,1,False
male-cns:v1.0,male-cns:v1.0:924142,924142,Tr flexor MN,Tr flexor MN_R,middle,ml,R,,T2,MesoLN,vnc_motor,158769,Tr flexor MN,,,,,Traced,Reviewed,T2R,coxa-trochanter,flexion,Azevedo 2024 Appendix A1 p3; A7-A8 pp24-26,True,True,current_MaleCNS_type_annotation; T1_cross_volume_target; T2_T3_serial_homology,Tr flexor,1,False
male-cns:v1.0,male-cns:v1.0:812872,812872,ltm MN,ltm MN_R,middle,ml,R,,T2,MesoLN,vnc_motor,26809,ltm MN,11786.0,822274.0,,,Traced,Reviewed,T2R,long_tendon,long_tendon_pull_muscle1_or2_unresolved,Azevedo 2024 Appendix A1 p4; A15-A16 pp38-40,True,True,current_MaleCNS_type_annotation; T1_cross_volume_target; T2_T3_serial_homology,ltm,1,False
male-cns:v1.0,male-cns:v1.0:824997,824997,ltm MN,ltm MN_R,middle,ml,R,,T2,MesoLN,vnc_motor,162830,ltm MN,,,,,Traced,Reviewed,T2R,long_tendon,long_tendon_pull_muscle1_or2_unresolved,Azevedo 2024 Appendix A1 p4; A15-A16 pp38-40,True,True,current_MaleCNS_type_annotation; T1_cross_volume_target; T2_T3_serial_homology,ltm1-tibia,1,False
male-cns:v1.0,male-cns:v1.0:905487,905487,ltm MN,ltm MN_R,middle,ml,R,,T2,MesoLN,vnc_motor,35735,ltm MN,23016.0,,,,Traced,Reviewed,T2R,long_tendon,long_tendon_pull_muscle1_or2_unresolved,Azevedo 2024 Appendix A1 p4; A15-A16 pp38-40,True,True,current_MaleCNS_type_annotation; T1_cross_volume_target; T2_T3_serial_homology,ltm,1,False
male-cns:v1.0,male-cns:v1.0:803523,803523,ltm1-tibia MN,ltm1-tibia MN_R,middle,ml,R,,T2,MesoLN,vnc_motor,19758,ltm1-tibia MN,13241.0,858248.0,,,Traced,Reviewed,T2R,long_tendon,long_tendon_pull_tibia_muscle,Azevedo 2024 Appendix A1 p4; A15-A16 pp38-40,True,True,current_MaleCNS_type_annotation; T1_cross_volume_target; T2_T3_serial_homology,ltm1-tibia,1,False
male-cns:v1.0,male-cns:v1.0:852673,852673,ltm2-femur MN,ltm2-femur MN_R,middle,ml,R,,T2,MesoLN,vnc_motor,13033,ltm2-femur MN,,,,,Traced,Reviewed,T2R,long_tendon,long_tendon_pull_femur_muscle,Azevedo 2024 Appendix A1 p4; A15-A16 pp38-40,True,True,current_MaleCNS_type_annotation; T1_cross_volume_target; T2_T3_serial_homology,ltm,1,False
male-cns:v1.0,male-cns:v1.0:908673,908673,ltm2-femur MN,ltm2-femur MN_R,middle,ml,R,,T2,MesoLN,vnc_motor,28532466490,ltm2-femur MN,,,,,Traced,Reviewed,T2R,long_tendon,long_tendon_pull_femur_muscle,Azevedo 2024 Appendix A1 p4; A15-A16 pp38-40,True,True,current_MaleCNS_type_annotation; T1_cross_volume_target; T2_T3_serial_homology,ltm2-femur,1,False
male-cns:v1.0,male-cns:v1.0:876504,876504,,,hind,hl,L,,T3,MetaLN,vnc_motor,,,,,,,Traced,Reviewed,T3L,unknown,unknown,no_named_muscle_type,False,False,unresolved_current_type,,0,False
male-cns:v1.0,male-cns:v1.0:1050272154,1050272154,,,hind,hl,L,,T3,MetaLN,vnc_motor,,,,,,,Traced,Reviewed,T3L,unknown,unknown,no_named_muscle_type,False,False,unresolved_current_type,,0,False
male-cns:v1.0,male-cns:v1.0:1051680335,1051680335,,,hind,hl,L,,T3,MetaLN,vnc_motor,13192,,,,,,Traced,Reviewed,T3L,unknown,unknown,no_named_muscle_type,False,False,unresolved_current_type,Ti flexor,1,False
male-cns:v1.0,male-cns:v1.0:817374,817374,Acc. ti flexor MN,Acc. ti flexor MN_L,hind,hl,L,,T3,MetaLN,vnc_motor,163009,Acc. ti flexor MN,,,,,Traced,Reviewed,T3L,femur-tibia,flexion,Azevedo 2024 Appendix A1 pp3-4; A13-A14 pp34-37,True,True,current_MaleCNS_type_annotation; T1_cross_volume_target; T2_T3_serial_homology,hind leg,1,False
male-cns:v1.0,male-cns:v1.0:829873,829873,Acc. ti flexor MN,Acc. ti flexor MN_L,hind,hl,L,,T3,MetaLN,vnc_motor,,Acc. ti flexor MN,,,,,Traced,Reviewed,T3L,femur-tibia,flexion,Azevedo 2024 Appendix A1 pp3-4; A13-A14 pp34-37,True,True,current_MaleCNS_type_annotation; T1_cross_volume_target; T2_T3_serial_homology,,0,False
male-cns:v1.0,male-cns:v1.0:843389,843389,Acc. ti flexor MN,Acc. ti flexor MN_L,hind,hl,L,,T3,MetaLN,vnc_motor,21186,Acc. ti flexor MN,,,,,Traced,Reviewed,T3L,femur-tibia,flexion,Azevedo 2024 Appendix A1 pp3-4; A13-A14 pp34-37,True,True,current_MaleCNS_type_annotation; T1_cross_volume_target; T2_T3_serial_homology,Tr flexor,1,False
male-cns:v1.0,male-cns:v1.0:934519,934519,Acc. ti flexor MN,Acc. ti flexor MN_L,hind,hl,L,,T3,MetaLN,vnc_motor,25599,Acc. ti flexor MN,,,,,Traced,Reviewed,T3L,femur-tibia,flexion,Azevedo 2024 Appendix A1 pp3-4; A13-A14 pp34-37,True,True,current_MaleCNS_type_annotation; T1_cross_volume_target; T2_T3_serial_homology,hind leg,1,False
male-cns:v1.0,male-cns:v1.0:1050003192,1050003192,Acc. ti flexor MN,Acc. ti flexor MN_L,hind,hl,L,,T3,MetaLN,vnc_motor,14226,Acc. ti flexor MN,,,,,Traced,Reviewed,T3L,femur-tibia,flexion,Azevedo 2024 Appendix A1 pp3-4; A13-A14 pp34-37,True,True,current_MaleCNS_type_annotation; T1_cross_volume_target; T2_T3_serial_homology,Acc. ti flexor,1,False
male-cns:v1.0,male-cns:v1.0:1050123559,1050123559,Acc. ti flexor MN,Acc. ti flexor MN_L,hind,hl,L,,T3,MetaLN,vnc_motor,27733,Acc. ti flexor MN,,,,,Traced,Reviewed,T3L,femur-tibia,flexion,Azevedo 2024 Appendix A1 pp3-4; A13-A14 pp34-37,True,True,current_MaleCNS_type_annotation; T1_cross_volume_target; T2_T3_serial_homology,ltm,1,False
male-cns:v1.0,male-cns:v1.0:1050233038,1050233038,Acc. ti flexor MN,Acc. ti flexor MN_L,hind,hl,L,,T3,MetaLN,vnc_motor,25885,Acc. ti flexor MN,,,,,Traced,Reviewed,T3L,femur-tibia,flexion,Azevedo 2024 Appendix A1 pp3-4; A13-A14 pp34-37,True,True,current_MaleCNS_type_annotation; T1_cross_volume_target; T2_T3_serial_homology,Acc. ti flexor,1,False
male-cns:v1.0,male-cns:v1.0:1050263576,1050263576,Acc. ti flexor MN,Acc. ti flexor MN_L,hind,hl,L,,T3,MetaLN,vnc_motor,12759,Acc. ti flexor MN,,,,,Traced,Reviewed,T3L,femur-tibia,flexion,Azevedo 2024 Appendix A1 pp3-4; A13-A14 pp34-37,True,True,current_MaleCNS_type_annotation; T1_cross_volume_target; T2_T3_serial_homology,Acc. ti flexor,1,False
male-cns:v1.0,male-cns:v1.0:809604,809604,Acc. tr flexor MN,Acc. tr flexor MN_L,hind,hl,L,,T3,MetaLN,vnc_motor,162913,Acc. tr flexor MN,,,,,Traced,Reviewed,T3L,coxa-trochanter,flexion,Azevedo 2024 Appendix A1 p3; A9 pp27-28,True,True,current_MaleCNS_type_annotation; T1_cross_volume_target; T2_T3_serial_homology,Tr flexor,1,False
male-cns:v1.0,male-cns:v1.0:821154,821154,Acc. tr flexor MN,Acc. tr flexor MN_L,hind,hl,L,,T3,MetaLN,vnc_motor,13095,Acc. tr flexor MN,,,,,Traced,Reviewed,T3L,coxa-trochanter,flexion,Azevedo 2024 Appendix A1 p3; A9 pp27-28,True,True,current_MaleCNS_type_annotation; T1_cross_volume_target; T2_T3_serial_homology,hind leg,1,False
male-cns:v1.0,male-cns:v1.0:896719,896719,Acc. tr flexor MN,Acc. tr flexor MN_L,hind,hl,L,,T3,MetaLN,vnc_motor,34004,Acc. tr flexor MN,,,,,Traced,Reviewed,T3L,coxa-trochanter,flexion,Azevedo 2024 Appendix A1 p3; A9 pp27-28,True,True,current_MaleCNS_type_annotation; T1_cross_volume_target; T2_T3_serial_homology,Acc. tr flexor,1,False
male-cns:v1.0,male-cns:v1.0:1050038433,1050038433,Acc. tr flexor MN,Acc. tr flexor MN_L,hind,hl,L,,T3,MetaLN,vnc_motor,37741,Acc. tr flexor MN,,,,,Traced,Reviewed,T3L,coxa-trochanter,flexion,Azevedo 2024 Appendix A1 p3; A9 pp27-28,True,True,current_MaleCNS_type_annotation; T1_cross_volume_target; T2_T3_serial_homology,hind leg,1,False
male-cns:v1.0,male-cns:v1.0:1050139141,1050139141,Acc. tr flexor MN,Acc. tr flexor MN_L,hind,hl,L,,T3,MetaLN,vnc_motor,22487,Acc. tr flexor MN,,,,,Traced,Reviewed,T3L,coxa-trochanter,flexion,Azevedo 2024 Appendix A1 p3; A9 pp27-28,True,True,current_MaleCNS_type_annotation; T1_cross_volume_target; T2_T3_serial_homology,Acc. tr flexor,1,False
male-cns:v1.0,male-cns:v1.0:1050239701,1050239701,Acc. tr flexor MN,Acc. tr flexor MN_L,hind,hl,L,,T3,MetaLN,vnc_motor,,Acc. tr flexor MN,,,,,Traced,Reviewed,T3L,coxa-trochanter,flexion,Azevedo 2024 Appendix A1 p3; A9 pp27-28,True,True,current_MaleCNS_type_annotation; T1_cross_volume_target; T2_T3_serial_homology,,0,False
male-cns:v1.0,male-cns:v1.0:1050730563,1050730563,Acc. tr flexor MN,Acc. tr flexor MN_L,hind,hl,L,,T3,MetaLN,vnc_motor,24668,Acc. tr flexor MN,,,,,Traced,Reviewed,T3L,coxa-trochanter,flexion,Azevedo 2024 Appendix A1 p3; A9 pp27-28,True,True,current_MaleCNS_type_annotation; T1_cross_volume_target; T2_T3_serial_homology,Tr flexor,1,False
male-cns:v1.0,male-cns:v1.0:1051236875,1051236875,Acc. tr flexor MN,Acc. tr flexor MN_L,hind,hl,L,,T3,MetaLN,vnc_motor,23117,Acc. tr flexor MN,,,,,Traced,Reviewed,T3L,coxa-trochanter,flexion,Azevedo 2024 Appendix A1 p3; A9 pp27-28,True,True,current_MaleCNS_type_annotation; T1_cross_volume_target; T2_T3_serial_homology,Tr flexor,1,False
male-cns:v1.0,male-cns:v1.0:800578,800578,Fe reductor MN,Fe reductor MN_L,hind,hl,L,,T3,MetaLN,vnc_motor,14020,Fe reductor MN,11226.0,,,,Traced,Reviewed,T3L,trochanter-femur,unknown,Azevedo 2024 Appendix A1 p3; A10 pp29-30,True,False,current_MaleCNS_type_annotation; T1_cross_volume_target; T2_T3_serial_homology,Fe reductor,1,False
male-cns:v1.0,male-cns:v1.0:820350,820350,Fe reductor MN,Fe reductor MN_L,hind,hl,L,,T3,MetaLN,vnc_motor,21665,Fe reductor MN,14949.0,,,,Traced,Reviewed,T3L,trochanter-femur,unknown,Azevedo 2024 Appendix A1 p3; A10 pp29-30,True,False,current_MaleCNS_type_annotation; T1_cross_volume_target; T2_T3_serial_homology,Fe reductor,1,False
male-cns:v1.0,male-cns:v1.0:807160,807160,MNhl01,MNhl01_L,hind,hl,L,,T3,AbN1,vnc_motor,221983,MNhl01,13214.0,807160.0,,,Traced,Reviewed,T3L,unknown,unknown,no_named_muscle_type,False,False,unresolved_current_type,hind leg,1,False
male-cns:v1.0,male-cns:v1.0:816501,816501,MNhl02,MNhl02_L,hind,hl,L,,T3,AbN1,vnc_motor,27479,MNhl02,11274.0,801267.0,,,Traced,Reviewed,T3L,unknown,unknown,no_named_muscle_type,False,False,unresolved_current_type,hind leg,1,False
male-cns:v1.0,male-cns:v1.0:804078,804078,MNhl29,MNhl29_L,hind,hl,L,,T3,MetaLN,vnc_motor,102123,MNhl29,12196.0,,,,Traced,Reviewed,T3L,unknown,unknown,no_named_muscle_type,False,False,unresolved_current_type,hind leg,1,False
male-cns:v1.0,male-cns:v1.0:802731,802731,MNhl59,MNhl59_L,hind,hl,L,,T3,MetaLN,vnc_motor,11809,MNhl59,,,,,Traced,Reviewed,T3L,unknown,unknown,no_named_muscle_type,False,False,unresolved_current_type,hind leg,1,False
male-cns:v1.0,male-cns:v1.0:1050274189,1050274189,MNhl60,MNhl60_L,hind,hl,L,,T3,MetaLN,vnc_motor,100824,MNhl60,,,,reconstruction state mcns,Traced,Reviewed,T3L,unknown,unknown,no_named_muscle_type,False,False,unresolved_current_type,hind leg,1,False
male-cns:v1.0,male-cns:v1.0:801736,801736,MNhl62,MNhl62_L,hind,hl,L,,T3,AbN1,vnc_motor,11813,MNhl62,,,,,Traced,Reviewed,T3L,unknown,unknown,no_named_muscle_type,False,False,unresolved_current_type,hind leg,1,False
male-cns:v1.0,male-cns:v1.0:822252,822252,MNhl64,MNhl64_L,hind,hl,L,,T3,MetaLN,vnc_motor,29474,MNhl64,,,,,Traced,Reviewed,T3L,unknown,unknown,no_named_muscle_type,False,False,unresolved_current_type,hind leg,1,False
male-cns:v1.0,male-cns:v1.0:936696,936696,MNhl65,MNhl65_L,hind,hl,L,,T3,MetaLN,vnc_motor,19480,MNhl65,13036.0,,,,Traced,Reviewed,T3L,unknown,unknown,no_named_muscle_type,False,False,unresolved_current_type,hind leg,1,False
male-cns:v1.0,male-cns:v1.0:1050202259,1050202259,MNhl65,MNhl65_L,hind,hl,L,,T3,MetaLN,vnc_motor,,MNhl65,13036.0,,,,Traced,Reviewed,T3L,unknown,unknown,no_named_muscle_type,False,False,unresolved_current_type,,0,False
male-cns:v1.0,male-cns:v1.0:811137,811137,MNhl87,MNhl87_L,hind,hl,L,,T3,MetaLN,vnc_motor,17761,MNhl87,,,,,Traced,Reviewed,T3L,unknown,unknown,no_named_muscle_type,False,False,unresolved_current_type,hind leg,1,False
male-cns:v1.0,male-cns:v1.0:804847,804847,MNhl88,MNhl88_L,hind,hl,L,,T3,MetaLN,vnc_motor,17905,MNhl88,,,,,Traced,Reviewed,T3L,unknown,unknown,no_named_muscle_type,False,False,unresolved_current_type,hind leg,1,False
male-cns:v1.0,male-cns:v1.0:800175,800175,Pleural remotor/abductor MN,Pleural remotor/abductor MN_L,hind,hl,L,,T3,MetaLN,vnc_motor,18286,Pleural remotor/abductor MN,,,,,Traced,Reviewed,T3L,thorax-coxa,coxa_posterior_and_lateral_movement,Azevedo 2024 Appendix A1 p2; A4 pp18-19,True,True,current_MaleCNS_type_annotation; T1_cross_volume_target; T2_T3_serial_homology,Pleural remotor/abductor,1,False
male-cns:v1.0,male-cns:v1.0:902310,902310,Pleural remotor/abductor MN,Pleural remotor/abductor MN_L,hind,hl,L,,T3,MetaLN,vnc_motor,15278,Pleural remotor/abductor MN,,,,,Traced,Reviewed,T3L,thorax-coxa,coxa_posterior_and_lateral_movement,Azevedo 2024 Appendix A1 p2; A4 pp18-19,True,True,current_MaleCNS_type_annotation; T1_cross_volume_target; T2_T3_serial_homology,Sternal posterior rotator,1,False
male-cns:v1.0,male-cns:v1.0:904184,904184,Sternal adductor MN,Sternal adductor MN_L,hind,hl,L,,T3,MetaLN,vnc_motor,29483,Sternal adductor MN,,,,,Traced,Reviewed,T3L,thorax-coxa,coxa_medial_movement,Azevedo 2024 Appendix A1 p3; A3 p17,True,True,current_MaleCNS_type_annotation; T1_cross_volume_target; T2_T3_serial_homology,Sternal adductor,1,False
male-cns:v1.0,male-cns:v1.0:801548,801548,Sternal anterior rotator MN,Sternal anterior rotator MN_L,hind,hl,L,,T3,MetaLN,vnc_motor,18471,Sternal anterior rotator MN,11022.0,800316.0,,,Traced,Reviewed,T3L,thorax-coxa,coxa_anterior_movement,Azevedo 2024 Appendix A1 p3; A3 p17,True,True,current_MaleCNS_type_annotation; T1_cross_volume_target; T2_T3_serial_homology,Sternal anterior rotator,1,False
male-cns:v1.0,male-cns:v1.0:802215,802215,Sternal anterior rotator MN,Sternal anterior rotator MN,hind,hl,L,,T3,MetaLN,vnc_motor,164741,Sternal anterior rotator MN,11022.0,800316.0,,,Traced,Reviewed,T3L,thorax-coxa,coxa_anterior_movement,Azevedo 2024 Appendix A1 p3; A3 p17,True,True,current_MaleCNS_type_annotation; T1_cross_volume_target; T2_T3_serial_homology,Sternal anterior rotator,1,False
male-cns:v1.0,male-cns:v1.0:801492,801492,Sternal posterior rotator MN,Sternal posterior rotator MN_L,hind,hl,L,,T3,MetaLN,vnc_motor,14168,Sternal posterior rotator MN,,,,,Traced,Reviewed,T3L,thorax-coxa,coxa_posterior_movement_or_axial_rotation,Azevedo 2024 Appendix A1 p3; A4 pp18-19,True,True,current_MaleCNS_type_annotation; T1_cross_volume_target; T2_T3_serial_homology,Pleural remotor/abductor,1,False
male-cns:v1.0,male-cns:v1.0:801715,801715,Sternal posterior rotator MN,Sternal posterior rotator MN_L,hind,hl,L,,T3,MetaLN,vnc_motor,18286,Sternal posterior rotator MN,,,,,Traced,Reviewed,T3L,thorax-coxa,coxa_posterior_movement_or_axial_rotation,Azevedo 2024 Appendix A1 p3; A4 pp18-19,True,True,current_MaleCNS_type_annotation; T1_cross_volume_target; T2_T3_serial_homology,Pleural remotor/abductor,1,False
male-cns:v1.0,male-cns:v1.0:802964,802964,Sternal posterior rotator MN,Sternal posterior rotator MN_L,hind,hl,L,,T3,MetaLN,vnc_motor,15278,Sternal posterior rotator MN,,,,,Traced,Reviewed,T3L,thorax-coxa,coxa_posterior_movement_or_axial_rotation,Azevedo 2024 Appendix A1 p3; A4 pp18-19,True,True,current_MaleCNS_type_annotation; T1_cross_volume_target; T2_T3_serial_homology,Sternal posterior rotator,1,False
male-cns:v1.0,male-cns:v1.0:818399,818399,Sternal posterior rotator MN,Sternal posterior rotator MN_L,hind,hl,L,,T3,MetaLN,vnc_motor,27258,Sternal posterior rotator MN,11529.0,804851.0,,,Traced,Reviewed,T3L,thorax-coxa,coxa_posterior_movement_or_axial_rotation,Azevedo 2024 Appendix A1 p3; A4 pp18-19,True,True,current_MaleCNS_type_annotation; T1_cross_volume_target; T2_T3_serial_homology,Sternal posterior rotator,1,False
male-cns:v1.0,male-cns:v1.0:800504,800504,Sternotrochanter MN,Sternotrochanter MN_L,hind,hl,L,,T3,MetaLN,vnc_motor,152642,Sternotrochanter MN,18006.0,800504.0,,,Traced,Reviewed,T3L,coxa-trochanter,extension,Azevedo 2024 Appendix A1 p3; A6 pp22-23,True,True,current_MaleCNS_type_annotation; T1_cross_volume_target; T2_T3_serial_homology,Sternotrochanter,1,False
male-cns:v1.0,male-cns:v1.0:800851,800851,Sternotrochanter MN,Sternotrochanter MN_L,hind,hl,L,,T3,MetaLN,vnc_motor,157432,Sternotrochanter MN,18006.0,800504.0,,,Traced,Reviewed,T3L,coxa-trochanter,extension,Azevedo 2024 Appendix A1 p3; A6 pp22-23,True,True,current_MaleCNS_type_annotation; T1_cross_volume_target; T2_T3_serial_homology,Sternotrochanter,1,False
male-cns:v1.0,male-cns:v1.0:828978,828978,Sternotrochanter MN,Sternotrochanter MN_L,hind,hl,L,,T3,MetaLN,vnc_motor,157503,Sternotrochanter MN,13069.0,801375.0,,,Traced,Reviewed,T3L,coxa-trochanter,extension,Azevedo 2024 Appendix A1 p3; A6 pp22-23,True,True,current_MaleCNS_type_annotation; T1_cross_volume_target; T2_T3_serial_homology,Sternotrochanter,1,False
male-cns:v1.0,male-cns:v1.0:804514,804514,Tergotr. MN,Tergotr. MN_L,hind,hl,L,,T3,AbN1,vnc_motor,159762,Tergotr. MN,13434.0,804514.0,,,Traced,Reviewed,T3L,coxa-trochanter,extension,Azevedo 2024 Appendix A1 p3; A5 pp20-21,True,True,current_MaleCNS_type_annotation; T1_cross_volume_target; T2_T3_serial_homology,Tergotr.,1,False
male-cns:v1.0,male-cns:v1.0:800621,800621,Ti extensor MN,Ti extensor MN_L,hind,hl,L,,T3,MetaLN,vnc_motor,13075,Ti extensor MN,10737.0,800621.0,,,Traced,Reviewed,T3L,femur-tibia,extension,Azevedo 2024 Appendix A1 p3; A11 p31,True,True,current_MaleCNS_type_annotation; T1_cross_volume_target; T2_T3_serial_homology,Ti extensor,1,False
male-cns:v1.0,male-cns:v1.0:812953,812953,Ti extensor MN,Ti extensor MN_L,hind,hl,L,,T3,MetaLN,vnc_motor,10347,Ti extensor MN,10347.0,800158.0,,,Traced,Reviewed,T3L,femur-tibia,extension,Azevedo 2024 Appendix A1 p3; A11 p31,True,True,current_MaleCNS_type_annotation; T1_cross_volume_target; T2_T3_serial_homology,Ti extensor,1,False
male-cns:v1.0,male-cns:v1.0:803147,803147,Ti flexor MN,Ti flexor MN_L,hind,hl,L,,T3,MetaLN,vnc_motor,176866,Ti flexor MN,,,,,Traced,Reviewed,T3L,femur-tibia,flexion,Azevedo 2024 Appendix A1 p3; A12 pp32-33,True,True,current_MaleCNS_type_annotation; T1_cross_volume_target; T2_T3_serial_homology,Acc. ti flexor,1,False
male-cns:v1.0,male-cns:v1.0:804919,804919,Ti flexor MN,Ti flexor MN_L,hind,hl,L,,T3,MetaLN,vnc_motor,176866,Ti flexor MN,10710.0,,,,Traced,Reviewed,T3L,femur-tibia,flexion,Azevedo 2024 Appendix A1 p3; A12 pp32-33,True,True,current_MaleCNS_type_annotation; T1_cross_volume_target; T2_T3_serial_homology,Acc. ti flexor,1,False
male-cns:v1.0,male-cns:v1.0:819112,819112,Ti flexor MN,Ti flexor MN_L,hind,hl,L,,T3,MetaLN,vnc_motor,15893,Ti flexor MN,,,,,Traced,Reviewed,T3L,femur-tibia,flexion,Azevedo 2024 Appendix A1 p3; A12 pp32-33,True,True,current_MaleCNS_type_annotation; T1_cross_volume_target; T2_T3_serial_homology,ltm,1,False
male-cns:v1.0,male-cns:v1.0:822945,822945,Ti flexor MN,Ti flexor MN_L,hind,hl,L,,T3,MetaLN,vnc_motor,,Ti flexor MN,,,,,Traced,Reviewed,T3L,femur-tibia,flexion,Azevedo 2024 Appendix A1 p3; A12 pp32-33,True,True,current_MaleCNS_type_annotation; T1_cross_volume_target; T2_T3_serial_homology,,0,False
male-cns:v1.0,male-cns:v1.0:908762,908762,Ti flexor MN,Ti flexor MN_L,hind,hl,L,,T3,MetaLN,vnc_motor,14468,Ti flexor MN,,,,,Traced,Reviewed,T3L,femur-tibia,flexion,Azevedo 2024 Appendix A1 p3; A12 pp32-33,True,True,current_MaleCNS_type_annotation; T1_cross_volume_target; T2_T3_serial_homology,Ti flexor,1,False
male-cns:v1.0,male-cns:v1.0:929376,929376,Ti flexor MN,Ti flexor MN_L,hind,hl,L,,T3,MetaLN,vnc_motor,14339,Ti flexor MN,,,,,Traced,Reviewed,T3L,femur-tibia,flexion,Azevedo 2024 Appendix A1 p3; A12 pp32-33,True,True,current_MaleCNS_type_annotation; T1_cross_volume_target; T2_T3_serial_homology,hind leg,1,False
male-cns:v1.0,male-cns:v1.0:1050088257,1050088257,Ti flexor MN,Ti flexor MN_L,hind,hl,L,,T3,MetaLN,vnc_motor,,Ti flexor MN,,,,,Traced,Reviewed,T3L,femur-tibia,flexion,Azevedo 2024 Appendix A1 p3; A12 pp32-33,True,True,current_MaleCNS_type_annotation; T1_cross_volume_target; T2_T3_serial_homology,,0,False
male-cns:v1.0,male-cns:v1.0:1050100010,1050100010,Ti flexor MN,Ti flexor MN_L,hind,hl,L,,T3,MetaLN,vnc_motor,12585,Ti flexor MN,,,,,Traced,Reviewed,T3L,femur-tibia,flexion,Azevedo 2024 Appendix A1 p3; A12 pp32-33,True,True,current_MaleCNS_type_annotation; T1_cross_volume_target; T2_T3_serial_homology,Ti flexor,1,False
male-cns:v1.0,male-cns:v1.0:1050166426,1050166426,Ti flexor MN,Ti flexor MN_L,hind,hl,L,,T3,MetaLN,vnc_motor,15038,Ti flexor MN,,,,,Traced,Reviewed,T3L,femur-tibia,flexion,Azevedo 2024 Appendix A1 p3; A12 pp32-33,True,True,current_MaleCNS_type_annotation; T1_cross_volume_target; T2_T3_serial_homology,Acc. ti flexor,1,False
male-cns:v1.0,male-cns:v1.0:840981,840981,Tr extensor MN,Tr extensor MN_L,hind,hl,L,,T3,MetaLN,vnc_motor,162912,Tr extensor MN,10866.0,803412.0,,,Traced,Reviewed,T3L,coxa-trochanter,extension,Azevedo 2024 Appendix A1 p3; A6 pp22-23,True,True,current_MaleCNS_type_annotation; T1_cross_volume_target; T2_T3_serial_homology,Tr extensor,1,False
male-cns:v1.0,male-cns:v1.0:1050194310,1050194310,Tr flexor MN,Tr flexor MN_L,hind,hl,L,,T3,MetaLN,vnc_motor,166171,Tr flexor MN,17137.0,,,,Traced,Reviewed,T3L,coxa-trochanter,flexion,Azevedo 2024 Appendix A1 p3; A7-A8 pp24-26,True,True,current_MaleCNS_type_annotation; T1_cross_volume_target; T2_T3_serial_homology,Tr flexor,1,False
male-cns:v1.0,male-cns:v1.0:823405,823405,ltm MN,ltm MN_L,hind,hl,L,,T3,MetaLN,vnc_motor,19074,ltm MN,,,,,Traced,Reviewed,T3L,long_tendon,long_tendon_pull_muscle1_or2_unresolved,Azevedo 2024 Appendix A1 p4; A15-A16 pp38-40,True,True,current_MaleCNS_type_annotation; T1_cross_volume_target; T2_T3_serial_homology,Acc. ti flexor,1,False
male-cns:v1.0,male-cns:v1.0:824104,824104,ltm MN,ltm MN_L,hind,hl,L,,T3,MetaLN,vnc_motor,21963,ltm MN,11786.0,822274.0,,,Traced,Reviewed,T3L,long_tendon,long_tendon_pull_muscle1_or2_unresolved,Azevedo 2024 Appendix A1 p4; A15-A16 pp38-40,True,True,current_MaleCNS_type_annotation; T1_cross_volume_target; T2_T3_serial_homology,ltm,1,False
male-cns:v1.0,male-cns:v1.0:890541,890541,ltm MN,ltm MN_L,hind,hl,L,,T3,MetaLN,vnc_motor,23016,ltm MN,,,,,Traced,Reviewed,T3L,long_tendon,long_tendon_pull_muscle1_or2_unresolved,Azevedo 2024 Appendix A1 p4; A15-A16 pp38-40,True,True,current_MaleCNS_type_annotation; T1_cross_volume_target; T2_T3_serial_homology,ltm,1,False
male-cns:v1.0,male-cns:v1.0:1050080384,1050080384,ltm MN,ltm MN_L,hind,hl,L,,T3,MetaLN,vnc_motor,14343,ltm MN,,,,,Traced,Reviewed,T3L,long_tendon,long_tendon_pull_muscle1_or2_unresolved,Azevedo 2024 Appendix A1 p4; A15-A16 pp38-40,True,True,current_MaleCNS_type_annotation; T1_cross_volume_target; T2_T3_serial_homology,ltm2-femur,1,False
male-cns:v1.0,male-cns:v1.0:858248,858248,ltm1-tibia MN,ltm1-tibia MN_L,hind,hl,L,,T3,MetaLN,vnc_motor,,ltm1-tibia MN,13241.0,858248.0,,,Traced,Reviewed,T3L,long_tendon,long_tendon_pull_tibia_muscle,Azevedo 2024 Appendix A1 p4; A15-A16 pp38-40,True,True,current_MaleCNS_type_annotation; T1_cross_volume_target; T2_T3_serial_homology,,0,False
male-cns:v1.0,male-cns:v1.0:912694,912694,ltm1-tibia MN,ltm1-tibia MN_L,hind,hl,L,,T3,MetaLN,vnc_motor,15712,ltm1-tibia MN,10811.0,804741.0,,,Traced,Reviewed,T3L,long_tendon,long_tendon_pull_tibia_muscle,Azevedo 2024 Appendix A1 p4; A15-A16 pp38-40,True,True,current_MaleCNS_type_annotation; T1_cross_volume_target; T2_T3_serial_homology,ltm1-tibia,1,False
male-cns:v1.0,male-cns:v1.0:815498,815498,ltm2-femur MN,ltm2-femur MN_L,hind,hl,L,,T3,MetaLN,vnc_motor,158889,ltm2-femur MN,14343.0,815498.0,,,Traced,Reviewed,T3L,long_tendon,long_tendon_pull_femur_muscle,Azevedo 2024 Appendix A1 p4; A15-A16 pp38-40,True,True,current_MaleCNS_type_annotation; T1_cross_volume_target; T2_T3_serial_homology,ltm2-femur,1,False
male-cns:v1.0,male-cns:v1.0:857751,857751,ltm2-femur MN,ltm2-femur MN_L,hind,hl,L,,T3,MetaLN,vnc_motor,,ltm2-femur MN,,,,,Traced,Reviewed,T3L,long_tendon,long_tendon_pull_femur_muscle,Azevedo 2024 Appendix A1 p4; A15-A16 pp38-40,True,True,current_MaleCNS_type_annotation; T1_cross_volume_target; T2_T3_serial_homology,,0,False
male-cns:v1.0,male-cns:v1.0:801932,801932,,,hind,hl,R,,T3,MetaLN,vnc_motor,12758,,,,,,Traced,Reviewed,T3R,unknown,unknown,no_named_muscle_type,False,False,unresolved_current_type,Acc. ti flexor,1,False
male-cns:v1.0,male-cns:v1.0:828238,828238,,,hind,hl,R,,T3,MetaLN,vnc_motor,,,,,,,Traced,Reviewed,T3R,unknown,unknown,no_named_muscle_type,False,False,unresolved_current_type,,0,False
male-cns:v1.0,male-cns:v1.0:852881,852881,,,hind,hl,R,,T3,MetaLN,vnc_motor,23390,,,,,,Traced,Reviewed,T3R,unknown,unknown,no_named_muscle_type,False,False,unresolved_current_type,ltm,1,False
male-cns:v1.0,male-cns:v1.0:801637,801637,Acc. ti flexor MN,Acc. ti flexor MN_R,hind,hl,R,,T3,MetaLN,vnc_motor,15550,Acc. ti flexor MN,,,,,Traced,Reviewed,T3R,femur-tibia,flexion,Azevedo 2024 Appendix A1 pp3-4; A13-A14 pp34-37,True,True,current_MaleCNS_type_annotation; T1_cross_volume_target; T2_T3_serial_homology,hind leg,1,False
male-cns:v1.0,male-cns:v1.0:813629,813629,Acc. ti flexor MN,Acc. ti flexor MN_R,hind,hl,R,,T3,MetaLN,vnc_motor,16228,Acc. ti flexor MN,,,,,Traced,Reviewed,T3R,femur-tibia,flexion,Azevedo 2024 Appendix A1 pp3-4; A13-A14 pp34-37,True,True,current_MaleCNS_type_annotation; T1_cross_volume_target; T2_T3_serial_homology,Acc. ti flexor,1,False
male-cns:v1.0,male-cns:v1.0:910296,910296,Acc. ti flexor MN,Acc. ti flexor MN_R,hind,hl,R,,T3,MetaLN,vnc_motor,19260,Acc. ti flexor MN,,,,,Traced,Reviewed,T3R,femur-tibia,flexion,Azevedo 2024 Appendix A1 pp3-4; A13-A14 pp34-37,True,True,current_MaleCNS_type_annotation; T1_cross_volume_target; T2_T3_serial_homology,Acc. ti flexor,1,False
male-cns:v1.0,male-cns:v1.0:1050032839,1050032839,Acc. ti flexor MN,Acc. ti flexor MN_R,hind,hl,R,,T3,MetaLN,vnc_motor,,Acc. ti flexor MN,,,,,Traced,Reviewed,T3R,femur-tibia,flexion,Azevedo 2024 Appendix A1 pp3-4; A13-A14 pp34-37,True,True,current_MaleCNS_type_annotation; T1_cross_volume_target; T2_T3_serial_homology,,0,False
male-cns:v1.0,male-cns:v1.0:1050160514,1050160514,Acc. ti flexor MN,Acc. ti flexor MN_R,hind,hl,R,,T3,MetaLN,vnc_motor,20593,Acc. ti flexor MN,,,,,Traced,Reviewed,T3R,femur-tibia,flexion,Azevedo 2024 Appendix A1 pp3-4; A13-A14 pp34-37,True,True,current_MaleCNS_type_annotation; T1_cross_volume_target; T2_T3_serial_homology,Acc. ti flexor,1,False
male-cns:v1.0,male-cns:v1.0:1050202461,1050202461,Acc. ti flexor MN,Acc. ti flexor MN_R,hind,hl,R,,T3,MetaLN,vnc_motor,12725,Acc. ti flexor MN,,,,,Traced,Reviewed,T3R,femur-tibia,flexion,Azevedo 2024 Appendix A1 pp3-4; A13-A14 pp34-37,True,True,current_MaleCNS_type_annotation; T1_cross_volume_target; T2_T3_serial_homology,Acc. ti flexor,1,False
male-cns:v1.0,male-cns:v1.0:1050460102,1050460102,Acc. ti flexor MN,Acc. ti flexor MN_R,hind,hl,R,,T3,MetaLN,vnc_motor,21991,Acc. ti flexor MN,,,,,Traced,Reviewed,T3R,femur-tibia,flexion,Azevedo 2024 Appendix A1 pp3-4; A13-A14 pp34-37,True,True,current_MaleCNS_type_annotation; T1_cross_volume_target; T2_T3_serial_homology,Ti flexor,1,False
male-cns:v1.0,male-cns:v1.0:1059707690,1059707690,Acc. ti flexor MN,Acc. ti flexor MN_R,hind,hl,R,,T3,MetaLN,vnc_motor,13170,Acc. ti flexor MN,,,,,Traced,Reviewed,T3R,femur-tibia,flexion,Azevedo 2024 Appendix A1 pp3-4; A13-A14 pp34-37,True,True,current_MaleCNS_type_annotation; T1_cross_volume_target; T2_T3_serial_homology,Acc. ti flexor,1,False
male-cns:v1.0,male-cns:v1.0:815958,815958,Acc. tr flexor MN,Acc. tr flexor MN_R,hind,hl,R,,T3,MetaLN,vnc_motor,17693,Acc. tr flexor MN,,,,,Traced,Reviewed,T3R,coxa-trochanter,flexion,Azevedo 2024 Appendix A1 p3; A9 pp27-28,True,True,current_MaleCNS_type_annotation; T1_cross_volume_target; T2_T3_serial_homology,Acc. tr flexor,1,False
male-cns:v1.0,male-cns:v1.0:905586,905586,Acc. tr flexor MN,Acc. tr flexor MN_R,hind,hl,R,,T3,MetaLN,vnc_motor,19613,Acc. tr flexor MN,,,,,Traced,Reviewed,T3R,coxa-trochanter,flexion,Azevedo 2024 Appendix A1 p3; A9 pp27-28,True,True,current_MaleCNS_type_annotation; T1_cross_volume_target; T2_T3_serial_homology,Acc. tr flexor,1,False
male-cns:v1.0,male-cns:v1.0:914852,914852,Acc. tr flexor MN,Acc. tr flexor MN_R,hind,hl,R,,T3,MetaLN,vnc_motor,17693,Acc. tr flexor MN,,,,,Traced,Reviewed,T3R,coxa-trochanter,flexion,Azevedo 2024 Appendix A1 p3; A9 pp27-28,True,True,current_MaleCNS_type_annotation; T1_cross_volume_target; T2_T3_serial_homology,Acc. tr flexor,1,False
male-cns:v1.0,male-cns:v1.0:1050102118,1050102118,Acc. tr flexor MN,Acc. tr flexor MN_R,hind,hl,R,,T3,MetaLN,vnc_motor,96565,Acc. tr flexor MN,,,,,Traced,Reviewed,T3R,coxa-trochanter,flexion,Azevedo 2024 Appendix A1 p3; A9 pp27-28,True,True,current_MaleCNS_type_annotation; T1_cross_volume_target; T2_T3_serial_homology,Tr flexor,1,False
male-cns:v1.0,male-cns:v1.0:801693,801693,Fe reductor MN,Fe reductor MN_R,hind,hl,R,,T3,MetaLN,vnc_motor,16633,Fe reductor MN,14949.0,,,,Traced,Reviewed,T3R,trochanter-femur,unknown,Azevedo 2024 Appendix A1 p3; A10 pp29-30,True,False,current_MaleCNS_type_annotation; T1_cross_volume_target; T2_T3_serial_homology,Fe reductor,1,False
male-cns:v1.0,male-cns:v1.0:902962,902962,Fe reductor MN,Fe reductor MN_R,hind,hl,R,,T3,MetaLN,vnc_motor,12113,Fe reductor MN,11226.0,,,,Traced,Reviewed,T3R,trochanter-femur,unknown,Azevedo 2024 Appendix A1 p3; A10 pp29-30,True,False,current_MaleCNS_type_annotation; T1_cross_volume_target; T2_T3_serial_homology,Fe reductor,1,False
male-cns:v1.0,male-cns:v1.0:905792,905792,MNhl01,MNhl01_R,hind,hl,R,,T3,AbN1,vnc_motor,15735,MNhl01,13214.0,807160.0,,,Traced,Reviewed,T3R,unknown,unknown,no_named_muscle_type,False,False,unresolved_current_type,hind leg,1,False
male-cns:v1.0,male-cns:v1.0:801267,801267,MNhl02,MNhl02_R,hind,hl,R,,T3,AbN1,vnc_motor,11274,MNhl02,11274.0,801267.0,,,Traced,Reviewed,T3R,unknown,unknown,no_named_muscle_type,False,False,unresolved_current_type,hind leg,1,False
male-cns:v1.0,male-cns:v1.0:816022,816022,MNhl29,MNhl29_R,hind,hl,R,,T3,MetaLN,vnc_motor,14649,MNhl29,12196.0,,,,Traced,Reviewed,T3R,unknown,unknown,no_named_muscle_type,False,False,unresolved_current_type,hind leg,1,False
male-cns:v1.0,male-cns:v1.0:801335,801335,MNhl59,MNhl59_R,hind,hl,R,,T3,MetaLN,vnc_motor,13543,MNhl59,,,,,Traced,Reviewed,T3R,unknown,unknown,no_named_muscle_type,False,False,unresolved_current_type,hind leg,1,False
male-cns:v1.0,male-cns:v1.0:939950,939950,MNhl60,MNhl60_R,hind,hl,R,,T3,MetaLN,vnc_motor,27205,MNhl60,,,,,Traced,Reviewed,T3R,unknown,unknown,no_named_muscle_type,False,False,unresolved_current_type,hind leg,1,False
male-cns:v1.0,male-cns:v1.0:903090,903090,MNhl62,MNhl62_R,hind,hl,R,,T3,AbN1,vnc_motor,17970,MNhl62,,,,,Traced,Reviewed,T3R,unknown,unknown,no_named_muscle_type,False,False,unresolved_current_type,hind leg,1,False
male-cns:v1.0,male-cns:v1.0:800358,800358,MNhl64,MNhl64_R,hind,hl,R,,T3,MetaLN,vnc_motor,13740,MNhl64,,,,,Traced,Reviewed,T3R,unknown,unknown,no_named_muscle_type,False,False,unresolved_current_type,hind leg,1,False
male-cns:v1.0,male-cns:v1.0:869369,869369,MNhl65,MNhl65_R,hind,hl,R,,T3,MetaLN,vnc_motor,13144,MNhl65,13036.0,,,,Traced,Reviewed,T3R,unknown,unknown,no_named_muscle_type,False,False,unresolved_current_type,hind leg,1,False
male-cns:v1.0,male-cns:v1.0:812899,812899,MNhl87,MNhl87_R,hind,hl,R,,T3,MetaLN,vnc_motor,15857,MNhl87,,,,,Traced,Reviewed,T3R,unknown,unknown,no_named_muscle_type,False,False,unresolved_current_type,hind leg,1,False
male-cns:v1.0,male-cns:v1.0:809055,809055,MNhl88,MNhl88_R,hind,hl,R,,T3,MetaLN,vnc_motor,13883,MNhl88,,,,,Traced,Reviewed,T3R,unknown,unknown,no_named_muscle_type,False,False,unresolved_current_type,hind leg,1,False
male-cns:v1.0,male-cns:v1.0:800290,800290,Pleural remotor/abductor MN,Pleural remotor/abductor MN_R,hind,hl,R,,T3,MetaLN,vnc_motor,14596,Pleural remotor/abductor MN,,,,,Traced,Reviewed,T3R,thorax-coxa,coxa_posterior_and_lateral_movement,Azevedo 2024 Appendix A1 p2; A4 pp18-19,True,True,current_MaleCNS_type_annotation; T1_cross_volume_target; T2_T3_serial_homology,Pleural remotor/abductor,1,False
male-cns:v1.0,male-cns:v1.0:800553,800553,Pleural remotor/abductor MN,Pleural remotor/abductor MN_R,hind,hl,R,,T3,MetaLN,vnc_motor,15262,Pleural remotor/abductor MN,,,,,Traced,Reviewed,T3R,thorax-coxa,coxa_posterior_and_lateral_movement,Azevedo 2024 Appendix A1 p2; A4 pp18-19,True,True,current_MaleCNS_type_annotation; T1_cross_volume_target; T2_T3_serial_homology,Pleural remotor/abductor,1,False
male-cns:v1.0,male-cns:v1.0:807854,807854,Sternal adductor MN,Sternal adductor MN_R,hind,hl,R,,T3,MetaLN,vnc_motor,20667,Sternal adductor MN,,,,,Traced,Reviewed,T3R,thorax-coxa,coxa_medial_movement,Azevedo 2024 Appendix A1 p3; A3 p17,True,True,current_MaleCNS_type_annotation; T1_cross_volume_target; T2_T3_serial_homology,Sternal adductor,1,False
male-cns:v1.0,male-cns:v1.0:800316,800316,Sternal anterior rotator MN,Sternal anterior rotator MN,hind,hl,R,,T3,MetaLN,vnc_motor,11562,Sternal anterior rotator MN,11022.0,800316.0,,,Traced,Reviewed,T3R,thorax-coxa,coxa_anterior_movement,Azevedo 2024 Appendix A1 p3; A3 p17,True,True,current_MaleCNS_type_annotation; T1_cross_volume_target; T2_T3_serial_homology,Sternal anterior rotator,1,False
male-cns:v1.0,male-cns:v1.0:906235,906235,Sternal anterior rotator MN,Sternal anterior rotator MN_R,hind,hl,R,,T3,MetaLN,vnc_motor,11022,Sternal anterior rotator MN,11022.0,800316.0,,,Traced,Reviewed,T3R,thorax-coxa,coxa_anterior_movement,Azevedo 2024 Appendix A1 p3; A3 p17,True,True,current_MaleCNS_type_annotation; T1_cross_volume_target; T2_T3_serial_homology,Sternal anterior rotator,1,False
male-cns:v1.0,male-cns:v1.0:903642,903642,Sternal posterior rotator MN,Sternal posterior rotator MN_R,hind,hl,R,,T3,MetaLN,vnc_motor,17947,Sternal posterior rotator MN,,,,,Traced,Reviewed,T3R,thorax-coxa,coxa_posterior_movement_or_axial_rotation,Azevedo 2024 Appendix A1 p3; A4 pp18-19,True,True,current_MaleCNS_type_annotation; T1_cross_volume_target; T2_T3_serial_homology,Sternal posterior rotator,1,False
male-cns:v1.0,male-cns:v1.0:903643,903643,Sternal posterior rotator MN,Sternal posterior rotator MN_R,hind,hl,R,,T3,MetaLN,vnc_motor,11400,Sternal posterior rotator MN,,,,,Traced,Reviewed,T3R,thorax-coxa,coxa_posterior_movement_or_axial_rotation,Azevedo 2024 Appendix A1 p3; A4 pp18-19,True,True,current_MaleCNS_type_annotation; T1_cross_volume_target; T2_T3_serial_homology,Sternal posterior rotator,1,False
male-cns:v1.0,male-cns:v1.0:907256,907256,Sternal posterior rotator MN,Sternal posterior rotator MN_R,hind,hl,R,,T3,MetaLN,vnc_motor,154133,Sternal posterior rotator MN,,,,,Traced,Reviewed,T3R,thorax-coxa,coxa_posterior_movement_or_axial_rotation,Azevedo 2024 Appendix A1 p3; A4 pp18-19,True,True,current_MaleCNS_type_annotation; T1_cross_volume_target; T2_T3_serial_homology,Sternal posterior rotator,1,False
male-cns:v1.0,male-cns:v1.0:1050493413,1050493413,Sternal posterior rotator MN,Sternal posterior rotator MN_R,hind,hl,R,,T3,MetaLN,vnc_motor,28219,Sternal posterior rotator MN,11529.0,804851.0,,,Traced,Prelim Roughly traced,T3R,thorax-coxa,coxa_posterior_movement_or_axial_rotation,Azevedo 2024 Appendix A1 p3; A4 pp18-19,True,True,current_MaleCNS_type_annotation; T1_cross_volume_target; T2_T3_serial_homology,Sternal posterior rotator,1,False
male-cns:v1.0,male-cns:v1.0:801090,801090,Sternotrochanter MN,Sternotrochanter MN_R,hind,hl,R,,T3,MetaLN,vnc_motor,152620,Sternotrochanter MN,18006.0,800504.0,,,Traced,Reviewed,T3R,coxa-trochanter,extension,Azevedo 2024 Appendix A1 p3; A6 pp22-23,True,True,current_MaleCNS_type_annotation; T1_cross_volume_target; T2_T3_serial_homology,Sternotrochanter,1,False
male-cns:v1.0,male-cns:v1.0:801148,801148,Sternotrochanter MN,Sternotrochanter MN_R,hind,hl,R,,T3,MetaLN,vnc_motor,152621,Sternotrochanter MN,18006.0,800504.0,,,Traced,Reviewed,T3R,coxa-trochanter,extension,Azevedo 2024 Appendix A1 p3; A6 pp22-23,True,True,current_MaleCNS_type_annotation; T1_cross_volume_target; T2_T3_serial_homology,Sternotrochanter,1,False
male-cns:v1.0,male-cns:v1.0:801375,801375,Sternotrochanter MN,Sternotrochanter MN_R,hind,hl,R,,T3,MetaLN,vnc_motor,13069,Sternotrochanter MN,13069.0,801375.0,,,Traced,Reviewed,T3R,coxa-trochanter,extension,Azevedo 2024 Appendix A1 p3; A6 pp22-23,True,True,current_MaleCNS_type_annotation; T1_cross_volume_target; T2_T3_serial_homology,Sternotrochanter,1,False
male-cns:v1.0,male-cns:v1.0:905849,905849,Tergotr. MN,Tergotr. MN_R,hind,hl,R,,T3,AbN1,vnc_motor,13434,Tergotr. MN,13434.0,804514.0,,,Traced,Reviewed,T3R,coxa-trochanter,extension,Azevedo 2024 Appendix A1 p3; A5 pp20-21,True,True,current_MaleCNS_type_annotation; T1_cross_volume_target; T2_T3_serial_homology,Tergotr.,1,False
male-cns:v1.0,male-cns:v1.0:800158,800158,Ti extensor MN,Ti extensor MN_R,hind,hl,R,,T3,MetaLN,vnc_motor,10462,Ti extensor MN,10347.0,800158.0,,,Traced,Reviewed,T3R,femur-tibia,extension,Azevedo 2024 Appendix A1 p3; A11 p31,True,True,current_MaleCNS_type_annotation; T1_cross_volume_target; T2_T3_serial_homology,Ti extensor,1,False
male-cns:v1.0,male-cns:v1.0:809935,809935,Ti extensor MN,Ti extensor MN_R,hind,hl,R,,T3,MetaLN,vnc_motor,13006,Ti extensor MN,10737.0,800621.0,,,Traced,Reviewed,T3R,femur-tibia,extension,Azevedo 2024 Appendix A1 p3; A11 p31,True,True,current_MaleCNS_type_annotation; T1_cross_volume_target; T2_T3_serial_homology,Ti extensor,1,False
male-cns:v1.0,male-cns:v1.0:803072,803072,Ti flexor MN,Ti flexor MN_R,hind,hl,R,,T3,MetaLN,vnc_motor,18491,Ti flexor MN,10710.0,,,,Traced,Reviewed,T3R,femur-tibia,flexion,Azevedo 2024 Appendix A1 p3; A12 pp32-33,True,True,current_MaleCNS_type_annotation; T1_cross_volume_target; T2_T3_serial_homology,Ti flexor,1,False
male-cns:v1.0,male-cns:v1.0:808685,808685,Ti flexor MN,Ti flexor MN_R,hind,hl,R,,T3,MetaLN,vnc_motor,13512,Ti flexor MN,,,,,Traced,Reviewed,T3R,femur-tibia,flexion,Azevedo 2024 Appendix A1 p3; A12 pp32-33,True,True,current_MaleCNS_type_annotation; T1_cross_volume_target; T2_T3_serial_homology,hind leg,1,False
male-cns:v1.0,male-cns:v1.0:823665,823665,Ti flexor MN,Ti flexor MN_R,hind,hl,R,,T3,MetaLN,vnc_motor,12758,Ti flexor MN,,,,,Traced,Reviewed,T3R,femur-tibia,flexion,Azevedo 2024 Appendix A1 p3; A12 pp32-33,True,True,current_MaleCNS_type_annotation; T1_cross_volume_target; T2_T3_serial_homology,Acc. ti flexor,1,False
male-cns:v1.0,male-cns:v1.0:827968,827968,Ti flexor MN,Ti flexor MN_R,hind,hl,R,,T3,MetaLN,vnc_motor,37220,Ti flexor MN,,,,,Traced,Reviewed,T3R,femur-tibia,flexion,Azevedo 2024 Appendix A1 p3; A12 pp32-33,True,True,current_MaleCNS_type_annotation; T1_cross_volume_target; T2_T3_serial_homology,Ti flexor,1,False
male-cns:v1.0,male-cns:v1.0:840740,840740,Ti flexor MN,Ti flexor MN_R,hind,hl,R,,T3,MetaLN,vnc_motor,12504,Ti flexor MN,,,,,Traced,Reviewed,T3R,femur-tibia,flexion,Azevedo 2024 Appendix A1 p3; A12 pp32-33,True,True,current_MaleCNS_type_annotation; T1_cross_volume_target; T2_T3_serial_homology,hind leg,1,False
male-cns:v1.0,male-cns:v1.0:910178,910178,Ti flexor MN,Ti flexor MN_R,hind,hl,R,,T3,MetaLN,vnc_motor,12800,Ti flexor MN,10710.0,,,,Traced,Reviewed,T3R,femur-tibia,flexion,Azevedo 2024 Appendix A1 p3; A12 pp32-33,True,True,current_MaleCNS_type_annotation; T1_cross_volume_target; T2_T3_serial_homology,hind leg,1,False
male-cns:v1.0,male-cns:v1.0:1050013311,1050013311,Ti flexor MN,Ti flexor MN_R,hind,hl,R,,T3,MetaLN,vnc_motor,22465,Ti flexor MN,,,,,Traced,Reviewed,T3R,femur-tibia,flexion,Azevedo 2024 Appendix A1 p3; A12 pp32-33,True,True,current_MaleCNS_type_annotation; T1_cross_volume_target; T2_T3_serial_homology,Tr flexor,1,False
male-cns:v1.0,male-cns:v1.0:1050303231,1050303231,Ti flexor MN,Ti flexor MN_R,hind,hl,R,,T3,MetaLN,vnc_motor,12474,Ti flexor MN,,,,,Traced,Reviewed,T3R,femur-tibia,flexion,Azevedo 2024 Appendix A1 p3; A12 pp32-33,True,True,current_MaleCNS_type_annotation; T1_cross_volume_target; T2_T3_serial_homology,Acc. ti flexor,1,False
male-cns:v1.0,male-cns:v1.0:808453,808453,Tr extensor MN,Tr extensor MN_R,hind,hl,R,,T3,MetaLN,vnc_motor,10866,Tr extensor MN,10866.0,803412.0,,,Traced,Reviewed,T3R,coxa-trochanter,extension,Azevedo 2024 Appendix A1 p3; A6 pp22-23,True,True,current_MaleCNS_type_annotation; T1_cross_volume_target; T2_T3_serial_homology,Tr extensor,1,False
male-cns:v1.0,male-cns:v1.0:905661,905661,Tr extensor MN,Tr extensor MN_R,hind,hl,R,,T3,MetaLN,vnc_motor,165340,Tr extensor MN,17930.0,807906.0,,,Traced,Reviewed,T3R,coxa-trochanter,extension,Azevedo 2024 Appendix A1 p3; A6 pp22-23,True,True,current_MaleCNS_type_annotation; T1_cross_volume_target; T2_T3_serial_homology,Tr extensor,1,False
male-cns:v1.0,male-cns:v1.0:801721,801721,Tr flexor MN,Tr flexor MN_R,hind,hl,R,,T3,MetaLN,vnc_motor,41439,Tr flexor MN,,,,,Traced,Reviewed,T3R,coxa-trochanter,flexion,Azevedo 2024 Appendix A1 p3; A7-A8 pp24-26,True,True,current_MaleCNS_type_annotation; T1_cross_volume_target; T2_T3_serial_homology,Tr flexor,1,False
male-cns:v1.0,male-cns:v1.0:807640,807640,Tr flexor MN,Tr flexor MN_R,hind,hl,R,,T3,MetaLN,vnc_motor,28997,Tr flexor MN,,,,,Traced,Reviewed,T3R,coxa-trochanter,flexion,Azevedo 2024 Appendix A1 p3; A7-A8 pp24-26,True,True,current_MaleCNS_type_annotation; T1_cross_volume_target; T2_T3_serial_homology,Tr flexor,1,False
male-cns:v1.0,male-cns:v1.0:905928,905928,Tr flexor MN,Tr flexor MN_R,hind,hl,R,,T3,MetaLN,vnc_motor,26883,Tr flexor MN,,,,,Traced,Reviewed,T3R,coxa-trochanter,flexion,Azevedo 2024 Appendix A1 p3; A7-A8 pp24-26,True,True,current_MaleCNS_type_annotation; T1_cross_volume_target; T2_T3_serial_homology,Tr flexor,1,False
male-cns:v1.0,male-cns:v1.0:1050098047,1050098047,Tr flexor MN,Tr flexor MN_R,hind,hl,R,,T3,MetaLN,vnc_motor,40443,Tr flexor MN,,,,,Traced,Reviewed,T3R,coxa-trochanter,flexion,Azevedo 2024 Appendix A1 p3; A7-A8 pp24-26,True,True,current_MaleCNS_type_annotation; T1_cross_volume_target; T2_T3_serial_homology,Tr flexor,1,False
male-cns:v1.0,male-cns:v1.0:1050938258,1050938258,Tr flexor MN,Tr flexor MN_R,hind,hl,R,,T3,MetaLN,vnc_motor,17137,Tr flexor MN,17137.0,,,,Traced,Reviewed,T3R,coxa-trochanter,flexion,Azevedo 2024 Appendix A1 p3; A7-A8 pp24-26,True,True,current_MaleCNS_type_annotation; T1_cross_volume_target; T2_T3_serial_homology,Tr flexor,1,False
male-cns:v1.0,male-cns:v1.0:815097,815097,ltm MN,ltm MN_R,hind,hl,R,,T3,MetaLN,vnc_motor,166393,ltm MN,,,,,Traced,Reviewed,T3R,long_tendon,long_tendon_pull_muscle1_or2_unresolved,Azevedo 2024 Appendix A1 p4; A15-A16 pp38-40,True,True,current_MaleCNS_type_annotation; T1_cross_volume_target; T2_T3_serial_homology,ltm,1,False
male-cns:v1.0,male-cns:v1.0:1050091102,1050091102,ltm MN,ltm MN_R,hind,hl,R,,T3,MetaLN,vnc_motor,11480,ltm MN,,,,,Traced,Reviewed,T3R,long_tendon,long_tendon_pull_muscle1_or2_unresolved,Azevedo 2024 Appendix A1 p4; A15-A16 pp38-40,True,True,current_MaleCNS_type_annotation; T1_cross_volume_target; T2_T3_serial_homology,hind leg,1,False
male-cns:v1.0,male-cns:v1.0:1050203465,1050203465,ltm MN,ltm MN_R,hind,hl,R,,T3,MetaLN,vnc_motor,29950,ltm MN,,,,,Traced,Reviewed,T3R,long_tendon,long_tendon_pull_muscle1_or2_unresolved,Azevedo 2024 Appendix A1 p4; A15-A16 pp38-40,True,True,current_MaleCNS_type_annotation; T1_cross_volume_target; T2_T3_serial_homology,ltm,1,False
male-cns:v1.0,male-cns:v1.0:804741,804741,ltm1-tibia MN,ltm1-tibia MN_R,hind,hl,R,,T3,MetaLN,vnc_motor,10811,ltm1-tibia MN,10811.0,804741.0,,,Traced,Reviewed,T3R,long_tendon,long_tendon_pull_tibia_muscle,Azevedo 2024 Appendix A1 p4; A15-A16 pp38-40,True,True,current_MaleCNS_type_annotation; T1_cross_volume_target; T2_T3_serial_homology,ltm1-tibia,1,False
male-cns:v1.0,male-cns:v1.0:914837,914837,ltm1-tibia MN,ltm1-tibia MN_R,hind,hl,R,,T3,MetaLN,vnc_motor,15380,ltm1-tibia MN,13241.0,858248.0,,,Traced,Reviewed,T3R,long_tendon,long_tendon_pull_tibia_muscle,Azevedo 2024 Appendix A1 p4; A15-A16 pp38-40,True,True,current_MaleCNS_type_annotation; T1_cross_volume_target; T2_T3_serial_homology,ltm,1,False
male-cns:v1.0,male-cns:v1.0:821449,821449,ltm2-femur MN,ltm2-femur MN_R,hind,hl,R,,T3,MetaLN,vnc_motor,16356,ltm2-femur MN,14343.0,815498.0,,,Traced,Reviewed,T3R,long_tendon,long_tendon_pull_femur_muscle,Azevedo 2024 Appendix A1 p4; A15-A16 pp38-40,True,True,current_MaleCNS_type_annotation; T1_cross_volume_target; T2_T3_serial_homology,ltm2-femur,1,False
male-cns:v1.0,male-cns:v1.0:1050174251,1050174251,ltm2-femur MN,ltm2-femur MN_R,hind,hl,R,,T3,MetaLN,vnc_motor,14773,ltm2-femur MN,,,,,Traced,Reviewed,T3R,long_tendon,long_tendon_pull_femur_muscle,Azevedo 2024 Appendix A1 p4; A15-A16 pp38-40,True,True,current_MaleCNS_type_annotation; T1_cross_volume_target; T2_T3_serial_homology,ltm2-femur,1,False
