dataset,bodyId,type,instance,annotation_bodypart,subclass,superclass,somaSide,somaNeuromere,exitNerve,statusLabel,target_muscle,joint,anatomical_or_literature_action,action_mapping_status,evidence_source,evidence_table,limits,physiological_record_of_this_bodyId,incoming_edges,incoming_weight,top_3_presynaptic_bodies
male-cns:v1.0,10047,MNx02,MNx02_L,摂食筋群（口器・咽頭等）,pm,cb_motor,L,,PhN,Roughly traced,unassigned,,口器/咽頭関連注釈のみ。具体的筋/作用未同定,annotation_only,GUS26,data/nonleg_muscle_evidence.csv,型名/出神経のみから具体的筋や作用を推定しない。,not_measured,444,6510,"[{""bodyId"": ""16962"", ""type"": ""GNG174"", ""superclass"": ""cb_intrinsic"", ""weight"": 384}, {""bodyId"": ""48783"", ""type"": ""GNG206"", ""superclass"": ""cb_intrinsic"", ""weight"": 335}, {""bodyId"": ""16684"", ""type"": ""GNG174"", ""superclass"": ""cb_intrinsic"", ""weight"": 272}]"
male-cns:v1.0,10156,CvN6,CvN6_R,頸筋群,nm,cb_motor,R,,CvN,Roughly traced,VL1 (ventral longitudinal neck muscle),,頭部姿勢調整。各型の固定yaw/pitch/roll作用は割り当てない。個別回転軸はGOR24 Fig4i参照,exact_type_label_bridge,GOR24,data/nonleg_muscle_evidence.csv,GOR24 Fig4hでCvN4はVL2のみ、CvN5-8はVL1。固定方向の筋写像ではない。型名照合であり現在のMaleCNS活動ではない。,not_measured,726,8543,"[{""bodyId"": ""39102"", ""type"": ""GNG507"", ""superclass"": ""cb_intrinsic"", ""weight"": 345}, {""bodyId"": ""11211"", ""type"": ""CB0671"", ""superclass"": ""cb_intrinsic"", ""weight"": 341}, {""bodyId"": ""519266"", ""type"": ""OCG01f"", ""superclass"": ""visual_projection"", ""weight"": 286}]"
male-cns:v1.0,10331,MN9,MN9_L,摂食筋群（口器・咽頭等）,pm,cb_motor,L,,PhN,Roughly traced,m9,,rostrumを頭部外へ突出（腹側へ）。haustellum伸展との連動,exact_type_label_bridge,MCK20,data/nonleg_muscle_evidence.csv,MN2DとMN4のa/b亜型は2026命名。2020の親型操作を各亜型の独立作用としない。機械的連動と神経回路協調も別。,not_measured,518,6358,"[{""bodyId"": ""10833"", ""type"": ""DNge062"", ""superclass"": ""descending_neuron"", ""weight"": 464}, {""bodyId"": ""10881"", ""type"": ""GNG120"", ""superclass"": ""cb_intrinsic"", ""weight"": 359}, {""bodyId"": ""13754"", ""type"": ""GNG130"", ""superclass"": ""cb_intrinsic"", ""weight"": 357}]"
male-cns:v1.0,10383,PS349,PS349_R,rm群（網膜筋候補・未確定）,rm,cb_motor,R,,AN,Roughly traced,unassigned,,網膜注釈のみ。具体的筋/作用未同定,annotation_only,FEN22,data/nonleg_muscle_evidence.csv,型名/出神経のみから具体的筋や作用を推定しない。,not_measured,505,5411,"[{""bodyId"": ""523372"", ""type"": ""PS308"", ""superclass"": ""cb_intrinsic"", ""weight"": 483}, {""bodyId"": ""555827"", ""type"": ""GNG556"", ""superclass"": ""cb_intrinsic"", ""weight"": 442}, {""bodyId"": ""12028"", ""type"": ""GNG556"", ""superclass"": ""cb_intrinsic"", ""weight"": 254}]"
male-cns:v1.0,10418,GNG649,GNG649_R,触角筋候補群,am,cb_motor,R,,AN,Roughly traced,unassigned,,触角注釈のみ。具体的筋/作用未同定,annotation_only,SUV23;OZD26,data/nonleg_muscle_evidence.csv,型名/出神経のみから具体的筋や作用を推定しない。,not_measured,342,2008,"[{""bodyId"": ""11234"", ""type"": ""GNG423"", ""superclass"": ""cb_intrinsic"", ""weight"": 75}, {""bodyId"": ""529710"", ""type"": ""LAL126"", ""superclass"": ""cb_intrinsic"", ""weight"": 68}, {""bodyId"": ""11636"", ""type"": ""LAL126"", ""superclass"": ""cb_intrinsic"", ""weight"": 63}]"
male-cns:v1.0,10538,MN2Db,MN2Db_R,摂食筋群（口器・咽頭等）,pm,cb_motor,R,,MxLbN,Prelim Roughly traced,m2D candidate,,補助rostrum退縮の亜型候補,candidate_subtype,MCK20;GUS26,data/nonleg_muscle_evidence.csv,MN2DとMN4のa/b亜型は2026命名。2020の親型操作を各亜型の独立作用としない。機械的連動と神経回路協調も別。,not_measured,362,3567,"[{""bodyId"": ""10864"", ""type"": ""GNG014"", ""superclass"": ""cb_intrinsic"", ""weight"": 276}, {""bodyId"": ""519659"", ""type"": ""GNG140"", ""superclass"": ""cb_intrinsic"", ""weight"": 262}, {""bodyId"": ""10163"", ""type"": ""DNge036"", ""superclass"": ""descending_neuron"", ""weight"": 136}]"
male-cns:v1.0,10554,GNG648,GNG648_R,頸筋群,nm,cb_motor,R,LB,CvN,Roughly traced,unassigned,,頸部注釈のみ。具体的筋/作用未同定,annotation_only,GOR24;BANC26,data/nonleg_muscle_evidence.csv,型名/出神経のみから具体的筋や作用を推定しない。,not_measured,563,9723,"[{""bodyId"": ""11629"", ""type"": ""GNG546"", ""superclass"": ""cb_intrinsic"", ""weight"": 382}, {""bodyId"": ""555991"", ""type"": ""AN03A002"", ""superclass"": ""ascending_neuron"", ""weight"": 346}, {""bodyId"": ""11158"", ""type"": ""DNge026"", ""superclass"": ""descending_neuron"", ""weight"": 248}]"
male-cns:v1.0,10619,MN12D,MN12D_R,摂食筋群（口器・咽頭等）,pm,cb_motor,R,,PhN,Prelim Roughly traced,m12D (pharyngeal musculature),,咽頭ポンプに関連する筋。各型の詳細作用は今回未検証,exact_type_label_bridge,MCK20,data/nonleg_muscle_evidence.csv,筋同定資料とポンプ作動を区別。MN12DとMN12Vは近接命名で機能類似を含意しない。,not_measured,893,10094,"[{""bodyId"": ""533971"", ""type"": ""MNx01"", ""superclass"": ""cb_motor"", ""weight"": 498}, {""bodyId"": ""12203"", ""type"": ""GNG099"", ""superclass"": ""cb_intrinsic"", ""weight"": 431}, {""bodyId"": ""533975"", ""type"": ""GNG040"", ""superclass"": ""cb_intrinsic"", ""weight"": 395}]"
male-cns:v1.0,10627,CvN5,CvN5_R,頸筋群,nm,cb_motor,R,LB,CvN,Roughly traced,VL1 (ventral longitudinal neck muscle),,頭部姿勢調整。各型の固定yaw/pitch/roll作用は割り当てない。個別回転軸はGOR24 Fig4i参照,exact_type_label_bridge,GOR24,data/nonleg_muscle_evidence.csv,GOR24 Fig4hでCvN4はVL2のみ、CvN5-8はVL1。固定方向の筋写像ではない。型名照合であり現在のMaleCNS活動ではない。,not_measured,987,13050,"[{""bodyId"": ""10751"", ""type"": ""GNG507"", ""superclass"": ""cb_intrinsic"", ""weight"": 430}, {""bodyId"": ""11803"", ""type"": ""CB0671"", ""superclass"": ""cb_intrinsic"", ""weight"": 348}, {""bodyId"": ""14293"", ""type"": ""GNG163"", ""superclass"": ""cb_intrinsic"", ""weight"": 286}]"
male-cns:v1.0,10699,GNG648,GNG648_L,頸筋群,nm,cb_motor,L,LB,CvN,Roughly traced,unassigned,,頸部注釈のみ。具体的筋/作用未同定,annotation_only,GOR24;BANC26,data/nonleg_muscle_evidence.csv,型名/出神経のみから具体的筋や作用を推定しない。,not_measured,596,8650,"[{""bodyId"": ""11643"", ""type"": ""GNG546"", ""superclass"": ""cb_intrinsic"", ""weight"": 339}, {""bodyId"": ""19124"", ""type"": ""AN03A002"", ""superclass"": ""ascending_neuron"", ""weight"": 311}, {""bodyId"": ""11424"", ""type"": ""DNge026"", ""superclass"": ""descending_neuron"", ""weight"": 272}]"
male-cns:v1.0,10738,GNG641,GNG641_L,頸筋群,nm,cb_motor,L,,CvN,Roughly traced,unassigned,,頸部注釈のみ。具体的筋/作用未同定,annotation_only,GOR24;BANC26,data/nonleg_muscle_evidence.csv,型名/出神経のみから具体的筋や作用を推定しない。,not_measured,716,8319,"[{""bodyId"": ""13622"", ""type"": ""DNg73"", ""superclass"": ""descending_neuron"", ""weight"": 313}, {""bodyId"": ""511926"", ""type"": ""ANXXX068"", ""superclass"": ""ascending_neuron"", ""weight"": 268}, {""bodyId"": ""520118"", ""type"": ""DNge148"", ""superclass"": ""descending_neuron"", ""weight"": 218}]"
male-cns:v1.0,10754,CvN7,CvN7_L,頸筋群,nm,cb_motor,L,,CvN,Roughly traced,VL1 (ventral longitudinal neck muscle),,頭部姿勢調整。各型の固定yaw/pitch/roll作用は割り当てない。CvN7はpitch方向が初期姿勢により反転,exact_type_label_bridge,GOR24,data/nonleg_muscle_evidence.csv,GOR24 Fig4hでCvN4はVL2のみ、CvN5-8はVL1。固定方向の筋写像ではない。型名照合であり現在のMaleCNS活動ではない。,not_measured,531,8965,"[{""bodyId"": ""10751"", ""type"": ""GNG507"", ""superclass"": ""cb_intrinsic"", ""weight"": 518}, {""bodyId"": ""11803"", ""type"": ""CB0671"", ""superclass"": ""cb_intrinsic"", ""weight"": 488}, {""bodyId"": ""12209"", ""type"": ""GNG549"", ""superclass"": ""cb_intrinsic"", ""weight"": 403}]"
male-cns:v1.0,10827,GNG651,GNG651_L,触角筋候補群,am,cb_motor,L,,AN,Roughly traced,unassigned,,触角注釈のみ。具体的筋/作用未同定,annotation_only,SUV23;OZD26,data/nonleg_muscle_evidence.csv,型名/出神経のみから具体的筋や作用を推定しない。,not_measured,936,6372,"[{""bodyId"": ""75379"", ""type"": ""EA06B010"", ""superclass"": ""efferent_ascending"", ""weight"": 259}, {""bodyId"": ""11751"", ""type"": ""GNG294"", ""superclass"": ""cb_intrinsic"", ""weight"": 247}, {""bodyId"": ""18714"", ""type"": ""AN18B004"", ""superclass"": ""ascending_neuron"", ""weight"": 228}]"
male-cns:v1.0,10863,,,触角筋候補群,am,cb_motor,R,,AN,Prelim Roughly traced,unassigned,,触角注釈のみ。具体的筋/作用未同定,annotation_only,SUV23;OZD26,data/nonleg_muscle_evidence.csv,型名/出神経のみから具体的筋や作用を推定しない。,not_measured,606,6584,"[{""bodyId"": ""13685"", ""type"": ""DNge008"", ""superclass"": ""descending_neuron"", ""weight"": 310}, {""bodyId"": ""11158"", ""type"": ""DNge026"", ""superclass"": ""descending_neuron"", ""weight"": 228}, {""bodyId"": ""511989"", ""type"": ""GNG130"", ""superclass"": ""cb_intrinsic"", ""weight"": 224}]"
male-cns:v1.0,10927,PS348,PS348(hb1622540849)_R,触角筋候補群,am,cb_motor,R,,AN,Roughly traced,unassigned,,触角注釈のみ。具体的筋/作用未同定,annotation_only,SUV23;OZD26,data/nonleg_muscle_evidence.csv,型名/出神経のみから具体的筋や作用を推定しない。,not_measured,726,8488,"[{""bodyId"": ""523372"", ""type"": ""PS308"", ""superclass"": ""cb_intrinsic"", ""weight"": 385}, {""bodyId"": ""13475"", ""type"": ""GNG294"", ""superclass"": ""cb_intrinsic"", ""weight"": 318}, {""bodyId"": ""23188"", ""type"": ""AN18B023"", ""superclass"": ""ascending_neuron"", ""weight"": 293}]"
male-cns:v1.0,11051,PS348,PS348_L,触角筋候補群,am,cb_motor,L,,AN,Roughly traced,unassigned,,触角注釈のみ。具体的筋/作用未同定,annotation_only,SUV23;OZD26,data/nonleg_muscle_evidence.csv,型名/出神経のみから具体的筋や作用を推定しない。,not_measured,659,7618,"[{""bodyId"": ""521538"", ""type"": ""PS308"", ""superclass"": ""cb_intrinsic"", ""weight"": 353}, {""bodyId"": ""11751"", ""type"": ""GNG294"", ""superclass"": ""cb_intrinsic"", ""weight"": 324}, {""bodyId"": ""10834"", ""type"": ""DNpe013"", ""superclass"": ""descending_neuron"", ""weight"": 268}]"
male-cns:v1.0,11084,MN1,MN1_L,摂食筋群（口器・咽頭等）,pm,cb_motor,L,GNG,MxLbN,Prelim Roughly traced,m1,,rostrum退縮。伸展状態ではhaustellum屈曲も誘起,exact_type_label_bridge,MCK20,data/nonleg_muscle_evidence.csv,MN2DとMN4のa/b亜型は2026命名。2020の親型操作を各亜型の独立作用としない。機械的連動と神経回路協調も別。,not_measured,302,1716,"[{""bodyId"": ""19810"", ""type"": ""GNG292"", ""superclass"": ""cb_intrinsic"", ""weight"": 156}, {""bodyId"": ""13803"", ""type"": ""DNg61"", ""superclass"": ""descending_neuron"", ""weight"": 86}, {""bodyId"": ""13186"", ""type"": ""DNge028"", ""superclass"": ""descending_neuron"", ""weight"": 81}]"
male-cns:v1.0,11265,PS349,PS349_L,rm群（網膜筋候補・未確定）,rm,cb_motor,L,,AN,Roughly traced,unassigned,,網膜注釈のみ。具体的筋/作用未同定,annotation_only,FEN22,data/nonleg_muscle_evidence.csv,型名/出神経のみから具体的筋や作用を推定しない。,not_measured,558,6743,"[{""bodyId"": ""521538"", ""type"": ""PS308"", ""superclass"": ""cb_intrinsic"", ""weight"": 561}, {""bodyId"": ""12813"", ""type"": ""GNG556"", ""superclass"": ""cb_intrinsic"", ""weight"": 508}, {""bodyId"": ""12028"", ""type"": ""GNG556"", ""superclass"": ""cb_intrinsic"", ""weight"": 493}]"
male-cns:v1.0,11269,MN11D,MN11D_R,摂食筋群（口器・咽頭等）,pm,cb_motor,R,,PhN,Roughly traced,m11D (pharyngeal musculature),,咽頭ポンプに関連する筋。各型の詳細作用は今回未検証,exact_type_label_bridge,MCK20,data/nonleg_muscle_evidence.csv,筋同定資料とポンプ作動を区別。MN12DとMN12Vは近接命名で機能類似を含意しない。,not_measured,708,11900,"[{""bodyId"": ""10553"", ""type"": ""GNG001"", ""superclass"": ""cb_intrinsic"", ""weight"": 1009}, {""bodyId"": ""50835"", ""type"": ""GNG334"", ""superclass"": ""cb_intrinsic"", ""weight"": 713}, {""bodyId"": ""42089"", ""type"": ""GNG334"", ""superclass"": ""cb_intrinsic"", ""weight"": 690}]"
male-cns:v1.0,11316,CvN4,CvN4_L,頸筋群,nm,cb_motor,L,LB,CvN,Roughly traced,VL2 (ventral longitudinal neck muscle),,頭部姿勢調整。各型の固定yaw/pitch/roll作用は割り当てない。個別回転軸はGOR24 Fig4i参照,exact_type_label_bridge,GOR24,data/nonleg_muscle_evidence.csv,GOR24 Fig4hでCvN4はVL2のみ、CvN5-8はVL1。固定方向の筋写像ではない。型名照合であり現在のMaleCNS活動ではない。,not_measured,431,5896,"[{""bodyId"": ""11211"", ""type"": ""CB0671"", ""superclass"": ""cb_intrinsic"", ""weight"": 347}, {""bodyId"": ""12875"", ""type"": ""GNG549"", ""superclass"": ""cb_intrinsic"", ""weight"": 301}, {""bodyId"": ""39102"", ""type"": ""GNG507"", ""superclass"": ""cb_intrinsic"", ""weight"": 244}]"
male-cns:v1.0,11354,GNG650,GNG650_R,頸筋群,nm,cb_motor,R,LB,CvN,Roughly traced,unassigned,,頸部注釈のみ。具体的筋/作用未同定,annotation_only,GOR24;BANC26,data/nonleg_muscle_evidence.csv,型名/出神経のみから具体的筋や作用を推定しない。,not_measured,763,9556,"[{""bodyId"": ""342502"", ""type"": ""AN18B004"", ""superclass"": ""ascending_neuron"", ""weight"": 275}, {""bodyId"": ""63441"", ""type"": ""EA06B010"", ""superclass"": ""efferent_ascending"", ""weight"": 271}, {""bodyId"": ""12745"", ""type"": ""GNG046"", ""superclass"": ""cb_intrinsic"", ""weight"": 260}]"
male-cns:v1.0,11393,MN11D,MN11D_R,摂食筋群（口器・咽頭等）,pm,cb_motor,R,,PhN,Roughly traced,m11D (pharyngeal musculature),,咽頭ポンプに関連する筋。各型の詳細作用は今回未検証,exact_type_label_bridge,MCK20,data/nonleg_muscle_evidence.csv,筋同定資料とポンプ作動を区別。MN12DとMN12Vは近接命名で機能類似を含意しない。,not_measured,671,12163,"[{""bodyId"": ""10553"", ""type"": ""GNG001"", ""superclass"": ""cb_intrinsic"", ""weight"": 1010}, {""bodyId"": ""50835"", ""type"": ""GNG334"", ""superclass"": ""cb_intrinsic"", ""weight"": 816}, {""bodyId"": ""12609"", ""type"": ""GNG334"", ""superclass"": ""cb_intrinsic"", ""weight"": 781}]"
male-cns:v1.0,11403,GNG641,GNG641_R,頸筋群,nm,cb_motor,R,,CvN,Roughly traced,unassigned,,頸部注釈のみ。具体的筋/作用未同定,annotation_only,GOR24;BANC26,data/nonleg_muscle_evidence.csv,型名/出神経のみから具体的筋や作用を推定しない。,not_measured,763,7857,"[{""bodyId"": ""13471"", ""type"": ""ANXXX068"", ""superclass"": ""ascending_neuron"", ""weight"": 354}, {""bodyId"": ""14278"", ""type"": ""DNg73"", ""superclass"": ""descending_neuron"", ""weight"": 307}, {""bodyId"": ""22390"", ""type"": ""DNge008"", ""superclass"": ""descending_neuron"", ""weight"": 226}]"
male-cns:v1.0,11450,MN4b,MN4b_R,摂食筋群（口器・咽頭等）,pm,cb_motor,R,,MxLbN,Roughly traced,m4 candidate,,haustellum伸展の亜型候補,candidate_subtype,MCK20;GUS26,data/nonleg_muscle_evidence.csv,MN2DとMN4のa/b亜型は2026命名。2020の親型操作を各亜型の独立作用としない。機械的連動と神経回路協調も別。,not_measured,333,2198,"[{""bodyId"": ""10673"", ""type"": ""GNG002"", ""superclass"": ""cb_intrinsic"", ""weight"": 110}, {""bodyId"": ""12752"", ""type"": ""DNge080"", ""superclass"": ""descending_neuron"", ""weight"": 105}, {""bodyId"": ""12364"", ""type"": ""DNge080"", ""superclass"": ""descending_neuron"", ""weight"": 96}]"
male-cns:v1.0,11529,GNG652,GNG652_R,触角筋候補群,am,cb_motor,R,,AN,Roughly traced,unassigned,,触角注釈のみ。具体的筋/作用未同定,annotation_only,SUV23;OZD26,data/nonleg_muscle_evidence.csv,型名/出神経のみから具体的筋や作用を推定しない。,not_measured,519,3410,"[{""bodyId"": ""18255"", ""type"": ""CB0224"", ""superclass"": ""cb_intrinsic"", ""weight"": 190}, {""bodyId"": ""13758"", ""type"": ""AN06B040"", ""superclass"": ""ascending_neuron"", ""weight"": 117}, {""bodyId"": ""15997"", ""type"": ""WED165"", ""superclass"": ""cb_intrinsic"", ""weight"": 89}]"
male-cns:v1.0,11861,MN10,MN10_R,摂食筋群（口器・咽頭等）,pm,cb_motor,R,,PhN,Prelim Roughly traced,m10 (pharyngeal musculature),,咽頭ポンプに関連する筋。各型の詳細作用は今回未検証,exact_type_label_bridge,MCK20,data/nonleg_muscle_evidence.csv,筋同定資料とポンプ作動を区別。MN12DとMN12Vは近接命名で機能類似を含意しない。,not_measured,250,2292,"[{""bodyId"": ""15903"", ""type"": ""GNG077"", ""superclass"": ""cb_intrinsic"", ""weight"": 125}, {""bodyId"": ""42089"", ""type"": ""GNG334"", ""superclass"": ""cb_intrinsic"", ""weight"": 123}, {""bodyId"": ""50835"", ""type"": ""GNG334"", ""superclass"": ""cb_intrinsic"", ""weight"": 120}]"
male-cns:v1.0,11879,GNG276,GNG276_L,頸筋群,nm,cb_motor,L,LB,CvN,Roughly traced,unassigned,,頸部注釈のみ。具体的筋/作用未同定,annotation_only,GOR24;BANC26,data/nonleg_muscle_evidence.csv,型名/出神経のみから具体的筋や作用を推定しない。,not_measured,432,6528,"[{""bodyId"": ""12787"", ""type"": ""DNge033"", ""superclass"": ""descending_neuron"", ""weight"": 307}, {""bodyId"": ""11424"", ""type"": ""DNge026"", ""superclass"": ""descending_neuron"", ""weight"": 304}, {""bodyId"": ""519896"", ""type"": ""DNa06"", ""superclass"": ""descending_neuron"", ""weight"": 276}]"
male-cns:v1.0,11934,GNG650,GNG650_L,頸筋群,nm,cb_motor,L,LB,CvN,Roughly traced,unassigned,,頸部注釈のみ。具体的筋/作用未同定,annotation_only,GOR24;BANC26,data/nonleg_muscle_evidence.csv,型名/出神経のみから具体的筋や作用を推定しない。,not_measured,744,8863,"[{""bodyId"": ""18714"", ""type"": ""AN18B004"", ""superclass"": ""ascending_neuron"", ""weight"": 277}, {""bodyId"": ""75379"", ""type"": ""EA06B010"", ""superclass"": ""efferent_ascending"", ""weight"": 242}, {""bodyId"": ""12533"", ""type"": ""GNG046"", ""superclass"": ""cb_intrinsic"", ""weight"": 212}]"
male-cns:v1.0,11979,GNG651,GNG651_R,触角筋候補群,am,cb_motor,R,,AN,Roughly traced,unassigned,,触角注釈のみ。具体的筋/作用未同定,annotation_only,SUV23;OZD26,data/nonleg_muscle_evidence.csv,型名/出神経のみから具体的筋や作用を推定しない。,not_measured,1146,7961,"[{""bodyId"": ""13475"", ""type"": ""GNG294"", ""superclass"": ""cb_intrinsic"", ""weight"": 297}, {""bodyId"": ""63441"", ""type"": ""EA06B010"", ""superclass"": ""efferent_ascending"", ""weight"": 269}, {""bodyId"": ""15979"", ""type"": ""GNG666"", ""superclass"": ""cb_intrinsic"", ""weight"": 210}]"
male-cns:v1.0,12076,GNG647,GNG647_R,rm群（網膜筋候補・未確定）,rm,cb_motor,R,,ON,Roughly traced,unassigned,,網膜注釈のみ。具体的筋/作用未同定,annotation_only,FEN22,data/nonleg_muscle_evidence.csv,型名/出神経のみから具体的筋や作用を推定しない。,not_measured,474,6447,"[{""bodyId"": ""13295"", ""type"": ""DNge033"", ""superclass"": ""descending_neuron"", ""weight"": 331}, {""bodyId"": ""524412"", ""type"": ""DNa06"", ""superclass"": ""descending_neuron"", ""weight"": 218}, {""bodyId"": ""13074"", ""type"": ""GNG163"", ""superclass"": ""cb_intrinsic"", ""weight"": 212}]"
male-cns:v1.0,12097,GNG283,GNG283_L,頸筋群,nm,cb_motor,L,LB,CvN,Roughly traced,unassigned,,頸部注釈のみ。具体的筋/作用未同定,annotation_only,GOR24;BANC26,data/nonleg_muscle_evidence.csv,型名/出神経のみから具体的筋や作用を推定しない。,not_measured,470,7460,"[{""bodyId"": ""519896"", ""type"": ""DNa06"", ""superclass"": ""descending_neuron"", ""weight"": 389}, {""bodyId"": ""12787"", ""type"": ""DNge033"", ""superclass"": ""descending_neuron"", ""weight"": 324}, {""bodyId"": ""514766"", ""type"": ""GNG161"", ""superclass"": ""cb_intrinsic"", ""weight"": 232}]"
male-cns:v1.0,12126,GNG647,GNG647_L,rm群（網膜筋候補・未確定）,rm,cb_motor,L,,ON,Roughly traced,unassigned,,網膜注釈のみ。具体的筋/作用未同定,annotation_only,FEN22,data/nonleg_muscle_evidence.csv,型名/出神経のみから具体的筋や作用を推定しない。,not_measured,486,6891,"[{""bodyId"": ""12787"", ""type"": ""DNge033"", ""superclass"": ""descending_neuron"", ""weight"": 339}, {""bodyId"": ""519896"", ""type"": ""DNa06"", ""superclass"": ""descending_neuron"", ""weight"": 254}, {""bodyId"": ""14732"", ""type"": ""GNG163"", ""superclass"": ""cb_intrinsic"", ""weight"": 209}]"
male-cns:v1.0,12141,CvN4,CvN4_R,頸筋群,nm,cb_motor,R,LB,CvN,Roughly traced,VL2 (ventral longitudinal neck muscle),,頭部姿勢調整。各型の固定yaw/pitch/roll作用は割り当てない。個別回転軸はGOR24 Fig4i参照,exact_type_label_bridge,GOR24,data/nonleg_muscle_evidence.csv,GOR24 Fig4hでCvN4はVL2のみ、CvN5-8はVL1。固定方向の筋写像ではない。型名照合であり現在のMaleCNS活動ではない。,not_measured,505,8048,"[{""bodyId"": ""11803"", ""type"": ""CB0671"", ""superclass"": ""cb_intrinsic"", ""weight"": 469}, {""bodyId"": ""12209"", ""type"": ""GNG549"", ""superclass"": ""cb_intrinsic"", ""weight"": 367}, {""bodyId"": ""10751"", ""type"": ""GNG507"", ""superclass"": ""cb_intrinsic"", ""weight"": 317}]"
male-cns:v1.0,12173,GNG314,GNG314_L,rm群（網膜筋候補・未確定）,rm,cb_motor,L,,ON,Roughly traced,unassigned,,網膜注釈のみ。具体的筋/作用未同定,annotation_only,FEN22,data/nonleg_muscle_evidence.csv,型名/出神経のみから具体的筋や作用を推定しない。,not_measured,338,5877,"[{""bodyId"": ""23361"", ""type"": ""ANXXX191"", ""superclass"": ""ascending_neuron"", ""weight"": 231}, {""bodyId"": ""12533"", ""type"": ""GNG046"", ""superclass"": ""cb_intrinsic"", ""weight"": 191}, {""bodyId"": ""228797"", ""type"": ""GNG293"", ""superclass"": ""cb_intrinsic"", ""weight"": 187}]"
male-cns:v1.0,12180,GNG653,GNG653_L,頸筋群,nm,cb_motor,L,LB,CvN,Roughly traced,unassigned,,頸部注釈のみ。具体的筋/作用未同定,annotation_only,GOR24;BANC26,data/nonleg_muscle_evidence.csv,型名/出神経のみから具体的筋や作用を推定しない。,not_measured,634,9248,"[{""bodyId"": ""23361"", ""type"": ""ANXXX191"", ""superclass"": ""ascending_neuron"", ""weight"": 281}, {""bodyId"": ""12787"", ""type"": ""DNge033"", ""superclass"": ""descending_neuron"", ""weight"": 266}, {""bodyId"": ""14887"", ""type"": ""DNge072"", ""superclass"": ""descending_neuron"", ""weight"": 256}]"
male-cns:v1.0,12342,GNG276,GNG276_R,頸筋群,nm,cb_motor,R,LB,CvN,Roughly traced,unassigned,,頸部注釈のみ。具体的筋/作用未同定,annotation_only,GOR24;BANC26,data/nonleg_muscle_evidence.csv,型名/出神経のみから具体的筋や作用を推定しない。,not_measured,380,5999,"[{""bodyId"": ""524412"", ""type"": ""DNa06"", ""superclass"": ""descending_neuron"", ""weight"": 300}, {""bodyId"": ""13295"", ""type"": ""DNge033"", ""superclass"": ""descending_neuron"", ""weight"": 278}, {""bodyId"": ""11158"", ""type"": ""DNge026"", ""superclass"": ""descending_neuron"", ""weight"": 240}]"
male-cns:v1.0,12631,GNG314,GNG314_R,rm群（網膜筋候補・未確定）,rm,cb_motor,R,,ON,Roughly traced,unassigned,,網膜注釈のみ。具体的筋/作用未同定,annotation_only,FEN22,data/nonleg_muscle_evidence.csv,型名/出神経のみから具体的筋や作用を推定しない。,not_measured,382,6859,"[{""bodyId"": ""12745"", ""type"": ""GNG046"", ""superclass"": ""cb_intrinsic"", ""weight"": 275}, {""bodyId"": ""12906"", ""type"": ""GNG423"", ""superclass"": ""cb_intrinsic"", ""weight"": 254}, {""bodyId"": ""515804"", ""type"": ""ANXXX191"", ""superclass"": ""ascending_neuron"", ""weight"": 245}]"
male-cns:v1.0,12642,GNG649,GNG649_L,触角筋候補群,am,cb_motor,L,,AN,Roughly traced,unassigned,,触角注釈のみ。具体的筋/作用未同定,annotation_only,SUV23;OZD26,data/nonleg_muscle_evidence.csv,型名/出神経のみから具体的筋や作用を推定しない。,not_measured,583,4712,"[{""bodyId"": ""513970"", ""type"": ""GNG423"", ""superclass"": ""cb_intrinsic"", ""weight"": 128}, {""bodyId"": ""16172"", ""type"": ""GNG423"", ""superclass"": ""cb_intrinsic"", ""weight"": 120}, {""bodyId"": ""19433"", ""type"": ""AN19B025"", ""superclass"": ""ascending_neuron"", ""weight"": 102}]"
male-cns:v1.0,12657,GNG668,GNG668_R,触角筋候補群,am,cb_motor,R,,AN,Roughly traced,unassigned,,触角注釈のみ。具体的筋/作用未同定,annotation_only,SUV23;OZD26,data/nonleg_muscle_evidence.csv,型名/出神経のみから具体的筋や作用を推定しない。,not_measured,228,2001,"[{""bodyId"": ""11234"", ""type"": ""GNG423"", ""superclass"": ""cb_intrinsic"", ""weight"": 180}, {""bodyId"": ""12906"", ""type"": ""GNG423"", ""superclass"": ""cb_intrinsic"", ""weight"": 164}, {""bodyId"": ""13364"", ""type"": ""DNge022"", ""superclass"": ""descending_neuron"", ""weight"": 154}]"
male-cns:v1.0,12845,GNG133,GNG133_L,触角筋候補群,am,cb_motor,L,LB,AN,Prelim Roughly traced,unassigned,,触角注釈のみ。具体的筋/作用未同定,annotation_only,SUV23;OZD26,data/nonleg_muscle_evidence.csv,型名/出神経のみから具体的筋や作用を推定しない。,not_measured,451,4449,"[{""bodyId"": ""13475"", ""type"": ""GNG294"", ""superclass"": ""cb_intrinsic"", ""weight"": 376}, {""bodyId"": ""11751"", ""type"": ""GNG294"", ""superclass"": ""cb_intrinsic"", ""weight"": 364}, {""bodyId"": ""15979"", ""type"": ""GNG666"", ""superclass"": ""cb_intrinsic"", ""weight"": 169}]"
male-cns:v1.0,13128,GNG653,GNG653_R,頸筋群,nm,cb_motor,R,LB,CvN,Roughly traced,unassigned,,頸部注釈のみ。具体的筋/作用未同定,annotation_only,GOR24;BANC26,data/nonleg_muscle_evidence.csv,型名/出神経のみから具体的筋や作用を推定しない。,not_measured,609,9617,"[{""bodyId"": ""524412"", ""type"": ""DNa06"", ""superclass"": ""descending_neuron"", ""weight"": 324}, {""bodyId"": ""513056"", ""type"": ""DNge086"", ""superclass"": ""descending_neuron"", ""weight"": 297}, {""bodyId"": ""41534"", ""type"": ""GNG541"", ""superclass"": ""cb_intrinsic"", ""weight"": 252}]"
male-cns:v1.0,13359,MN5,MN5_R,摂食筋群（口器・咽頭等）,pm,cb_motor,R,,PhN,Prelim Roughly traced,m5 (pharyngeal musculature),,咽頭ポンプに関連する筋。各型の詳細作用は今回未検証,exact_type_label_bridge,MCK20,data/nonleg_muscle_evidence.csv,筋同定資料とポンプ作動を区別。MN12DとMN12Vは近接命名で機能類似を含意しない。,not_measured,468,2909,"[{""bodyId"": ""14932"", ""type"": ""GNG076"", ""superclass"": ""cb_intrinsic"", ""weight"": 151}, {""bodyId"": ""10806"", ""type"": ""GNG494"", ""superclass"": ""cb_intrinsic"", ""weight"": 142}, {""bodyId"": ""16397"", ""type"": ""GNG076"", ""superclass"": ""cb_intrinsic"", ""weight"": 137}]"
male-cns:v1.0,13592,GNG647,GNG647_R,rm群（網膜筋候補・未確定）,rm,cb_motor,R,,ON,Prelim Roughly traced,unassigned,,網膜注釈のみ。具体的筋/作用未同定,annotation_only,FEN22,data/nonleg_muscle_evidence.csv,型名/出神経のみから具体的筋や作用を推定しない。,not_measured,368,4211,"[{""bodyId"": ""513056"", ""type"": ""DNge086"", ""superclass"": ""descending_neuron"", ""weight"": 260}, {""bodyId"": ""13295"", ""type"": ""DNge033"", ""superclass"": ""descending_neuron"", ""weight"": 145}, {""bodyId"": ""16616"", ""type"": ""AN19B025"", ""superclass"": ""ascending_neuron"", ""weight"": 110}]"
male-cns:v1.0,13643,GNG652,GNG652_L,触角筋候補群,am,cb_motor,L,,AN,Prelim Roughly traced,unassigned,,触角注釈のみ。具体的筋/作用未同定,annotation_only,SUV23;OZD26,data/nonleg_muscle_evidence.csv,型名/出神経のみから具体的筋や作用を推定しない。,not_measured,462,3187,"[{""bodyId"": ""518695"", ""type"": ""CB0224"", ""superclass"": ""cb_intrinsic"", ""weight"": 155}, {""bodyId"": ""517202"", ""type"": ""WED165"", ""superclass"": ""cb_intrinsic"", ""weight"": 107}, {""bodyId"": ""14484"", ""type"": ""AN06B040"", ""superclass"": ""ascending_neuron"", ""weight"": 84}]"
male-cns:v1.0,13812,GNG133,GNG133_R,触角筋候補群,am,cb_motor,R,LB,AN,Prelim Roughly traced,unassigned,,触角注釈のみ。具体的筋/作用未同定,annotation_only,SUV23;OZD26,data/nonleg_muscle_evidence.csv,型名/出神経のみから具体的筋や作用を推定しない。,not_measured,415,3388,"[{""bodyId"": ""11751"", ""type"": ""GNG294"", ""superclass"": ""cb_intrinsic"", ""weight"": 357}, {""bodyId"": ""13475"", ""type"": ""GNG294"", ""superclass"": ""cb_intrinsic"", ""weight"": 290}, {""bodyId"": ""15979"", ""type"": ""GNG666"", ""superclass"": ""cb_intrinsic"", ""weight"": 123}]"
male-cns:v1.0,14237,MN12D,MN12D_L,摂食筋群（口器・咽頭等）,pm,cb_motor,L,,PhN,Roughly traced,m12D (pharyngeal musculature),,咽頭ポンプに関連する筋。各型の詳細作用は今回未検証,exact_type_label_bridge,MCK20,data/nonleg_muscle_evidence.csv,筋同定資料とポンプ作動を区別。MN12DとMN12Vは近接命名で機能類似を含意しない。,not_measured,203,807,"[{""bodyId"": ""12203"", ""type"": ""GNG099"", ""superclass"": ""cb_intrinsic"", ""weight"": 47}, {""bodyId"": ""11710"", ""type"": ""GNG088"", ""superclass"": ""cb_intrinsic"", ""weight"": 34}, {""bodyId"": ""10467"", ""type"": ""GNG111"", ""superclass"": ""cb_intrinsic"", ""weight"": 33}]"
male-cns:v1.0,14780,MN2Da,MN2Da_L,摂食筋群（口器・咽頭等）,pm,cb_motor,L,,MxLbN,Roughly traced,m2D candidate,,補助rostrum退縮,candidate_subtype,MCK20;GUS26,data/nonleg_muscle_evidence.csv,MN2DとMN4のa/b亜型は2026命名。2020の親型操作を各亜型の独立作用としない。機械的連動と神経回路協調も別。,not_measured,453,4103,"[{""bodyId"": ""13803"", ""type"": ""DNg61"", ""superclass"": ""descending_neuron"", ""weight"": 266}, {""bodyId"": ""41023"", ""type"": ""GNG455"", ""superclass"": ""cb_intrinsic"", ""weight"": 217}, {""bodyId"": ""15537"", ""type"": ""AN12B017"", ""superclass"": ""ascending_neuron"", ""weight"": 166}]"
male-cns:v1.0,14907,MN13,MN13_L,摂食筋群（口器・咽頭等）,pm,cb_motor,L,,MxLbN,Roughly traced,m13,,具体的運動作用を今回未確定,muscle_identity_only,MCK20,data/nonleg_muscle_evidence.csv,文献の機能標本とMaleCNSは別個体。型名対応のみで生理を同定しない。,not_measured,242,1253,"[{""bodyId"": ""12877"", ""type"": ""GNG158"", ""superclass"": ""cb_intrinsic"", ""weight"": 148}, {""bodyId"": ""12955"", ""type"": ""GNG158"", ""superclass"": ""cb_intrinsic"", ""weight"": 145}, {""bodyId"": ""523836"", ""type"": ""GNG030"", ""superclass"": ""cb_intrinsic"", ""weight"": 96}]"
male-cns:v1.0,15140,GNG668,GNG668_L,触角筋候補群,am,cb_motor,L,,AN,Roughly traced,unassigned,,触角注釈のみ。具体的筋/作用未同定,annotation_only,SUV23;OZD26,data/nonleg_muscle_evidence.csv,型名/出神経のみから具体的筋や作用を推定しない。,not_measured,314,2706,"[{""bodyId"": ""513970"", ""type"": ""GNG423"", ""superclass"": ""cb_intrinsic"", ""weight"": 253}, {""bodyId"": ""16172"", ""type"": ""GNG423"", ""superclass"": ""cb_intrinsic"", ""weight"": 231}, {""bodyId"": ""16098"", ""type"": ""DNge029"", ""superclass"": ""descending_neuron"", ""weight"": 169}]"
male-cns:v1.0,15530,MN1,MN1_L,摂食筋群（口器・咽頭等）,pm,cb_motor,L,GNG,MxLbN,Prelim Roughly traced,m1,,rostrum退縮。伸展状態ではhaustellum屈曲も誘起,exact_type_label_bridge,MCK20,data/nonleg_muscle_evidence.csv,MN2DとMN4のa/b亜型は2026命名。2020の親型操作を各亜型の独立作用としない。機械的連動と神経回路協調も別。,not_measured,178,969,"[{""bodyId"": ""19810"", ""type"": ""GNG292"", ""superclass"": ""cb_intrinsic"", ""weight"": 96}, {""bodyId"": ""13186"", ""type"": ""DNge028"", ""superclass"": ""descending_neuron"", ""weight"": 63}, {""bodyId"": ""12595"", ""type"": ""GNG557"", ""superclass"": ""cb_intrinsic"", ""weight"": 61}]"
male-cns:v1.0,16134,MN7,MN7_L,摂食筋群（口器・咽頭等）,pm,cb_motor,L,,MxLbN,Roughly traced,m7,,labella外転/開口,exact_type_label_bridge,MCK20,data/nonleg_muscle_evidence.csv,MN2DとMN4のa/b亜型は2026命名。2020の親型操作を各亜型の独立作用としない。機械的連動と神経回路協調も別。,not_measured,522,4308,"[{""bodyId"": ""11844"", ""type"": ""GNG142"", ""superclass"": ""cb_intrinsic"", ""weight"": 303}, {""bodyId"": ""555256"", ""type"": ""GNG017"", ""superclass"": ""cb_intrinsic"", ""weight"": 223}, {""bodyId"": ""12664"", ""type"": ""GNG140"", ""superclass"": ""cb_intrinsic"", ""weight"": 181}]"
male-cns:v1.0,16361,MNx03,MNx03_L,摂食筋群（口器・咽頭等）,pm,cb_motor,L,,PhN,Prelim Roughly traced,unassigned,,口器/咽頭関連注釈のみ。具体的筋/作用未同定,annotation_only,GUS26,data/nonleg_muscle_evidence.csv,型名/出神経のみから具体的筋や作用を推定しない。,not_measured,369,3225,"[{""bodyId"": ""765790195"", ""type"": ""GNG591"", ""superclass"": ""cb_intrinsic"", ""weight"": 234}, {""bodyId"": ""12203"", ""type"": ""GNG099"", ""superclass"": ""cb_intrinsic"", ""weight"": 218}, {""bodyId"": ""17823"", ""type"": ""GNG591"", ""superclass"": ""cb_intrinsic"", ""weight"": 186}]"
male-cns:v1.0,16827,MN8,MN8_L,摂食筋群（口器・咽頭等）,pm,cb_motor,L,,MxLbN,Prelim Roughly traced,m8,,具体的運動作用を今回未確定,muscle_identity_only,MCK20,data/nonleg_muscle_evidence.csv,文献の機能標本とMaleCNSは別個体。型名対応のみで生理を同定しない。,not_measured,321,1699,"[{""bodyId"": ""46013"", ""type"": ""GNG472"", ""superclass"": ""cb_intrinsic"", ""weight"": 106}, {""bodyId"": ""523590"", ""type"": ""GNG015"", ""superclass"": ""cb_intrinsic"", ""weight"": 77}, {""bodyId"": ""524254"", ""type"": ""GNG472"", ""superclass"": ""cb_intrinsic"", ""weight"": 71}]"
male-cns:v1.0,16892,MN7,MN7_L,摂食筋群（口器・咽頭等）,pm,cb_motor,L,,MxLbN,Roughly traced,m7,,labella外転/開口,exact_type_label_bridge,MCK20,data/nonleg_muscle_evidence.csv,MN2DとMN4のa/b亜型は2026命名。2020の親型操作を各亜型の独立作用としない。機械的連動と神経回路協調も別。,not_measured,506,4131,"[{""bodyId"": ""11844"", ""type"": ""GNG142"", ""superclass"": ""cb_intrinsic"", ""weight"": 273}, {""bodyId"": ""12664"", ""type"": ""GNG140"", ""superclass"": ""cb_intrinsic"", ""weight"": 189}, {""bodyId"": ""555256"", ""type"": ""GNG017"", ""superclass"": ""cb_intrinsic"", ""weight"": 181}]"
male-cns:v1.0,16949,MN9,MN9_R,摂食筋群（口器・咽頭等）,pm,cb_motor,R,,PhN,RT Hard to trace,m9,,rostrumを頭部外へ突出（腹側へ）。haustellum伸展との連動,exact_type_label_bridge,MCK20,data/nonleg_muscle_evidence.csv,MN2DとMN4のa/b亜型は2026命名。2020の親型操作を各亜型の独立作用としない。機械的連動と神経回路協調も別。,not_measured,203,633,"[{""bodyId"": ""43765"", ""type"": ""GNG095"", ""superclass"": ""cb_intrinsic"", ""weight"": 55}, {""bodyId"": ""511989"", ""type"": ""GNG130"", ""superclass"": ""cb_intrinsic"", ""weight"": 34}, {""bodyId"": ""519839"", ""type"": ""DNge062"", ""superclass"": ""descending_neuron"", ""weight"": 31}]"
male-cns:v1.0,17281,MN2Db,MN2Db_L,摂食筋群（口器・咽頭等）,pm,cb_motor,L,,MxLbN,Prelim Roughly traced,m2D candidate,,補助rostrum退縮の亜型候補,candidate_subtype,MCK20;GUS26,data/nonleg_muscle_evidence.csv,MN2DとMN4のa/b亜型は2026命名。2020の親型操作を各亜型の独立作用としない。機械的連動と神経回路協調も別。,not_measured,358,2621,"[{""bodyId"": ""555296"", ""type"": ""GNG014"", ""superclass"": ""cb_intrinsic"", ""weight"": 211}, {""bodyId"": ""12664"", ""type"": ""GNG140"", ""superclass"": ""cb_intrinsic"", ""weight"": 201}, {""bodyId"": ""14745"", ""type"": ""GNG469"", ""superclass"": ""cb_intrinsic"", ""weight"": 112}]"
male-cns:v1.0,17495,MN7,MN7_R,摂食筋群（口器・咽頭等）,pm,cb_motor,R,,MxLbN,RT Hard to trace,m7,,labella外転/開口,exact_type_label_bridge,MCK20,data/nonleg_muscle_evidence.csv,MN2DとMN4のa/b亜型は2026命名。2020の親型操作を各亜型の独立作用としない。機械的連動と神経回路協調も別。,not_measured,193,560,"[{""bodyId"": ""519661"", ""type"": ""GNG142"", ""superclass"": ""cb_intrinsic"", ""weight"": 29}, {""bodyId"": ""521727"", ""type"": ""GNG036"", ""superclass"": ""cb_intrinsic"", ""weight"": 23}, {""bodyId"": ""519659"", ""type"": ""GNG140"", ""superclass"": ""cb_intrinsic"", ""weight"": 22}]"
male-cns:v1.0,18295,MN4a,MN4a_L,摂食筋群（口器・咽頭等）,pm,cb_motor,L,,MxLbN,Prelim Roughly traced,m4 candidate,,haustellum伸展,candidate_subtype,MCK20;GUS26,data/nonleg_muscle_evidence.csv,MN2DとMN4のa/b亜型は2026命名。2020の親型操作を各亜型の独立作用としない。機械的連動と神経回路協調も別。,not_measured,261,1565,"[{""bodyId"": ""10135"", ""type"": ""DNge031"", ""superclass"": ""descending_neuron"", ""weight"": 138}, {""bodyId"": ""19810"", ""type"": ""GNG292"", ""superclass"": ""cb_intrinsic"", ""weight"": 84}, {""bodyId"": ""13402"", ""type"": ""GNG281"", ""superclass"": ""cb_intrinsic"", ""weight"": 69}]"
male-cns:v1.0,19296,MNx01,MNx01_R,摂食筋群（口器・咽頭等）,pm,cb_motor,R,,PhN,Roughly traced,unassigned,,口器/咽頭関連注釈のみ。具体的筋/作用未同定,annotation_only,GUS26,data/nonleg_muscle_evidence.csv,型名/出神経のみから具体的筋や作用を推定しない。,not_measured,258,1946,"[{""bodyId"": ""13460"", ""type"": ""GNG024"", ""superclass"": ""cb_intrinsic"", ""weight"": 113}, {""bodyId"": ""10553"", ""type"": ""GNG001"", ""superclass"": ""cb_intrinsic"", ""weight"": 84}, {""bodyId"": ""513992"", ""type"": ""GNG019"", ""superclass"": ""cb_intrinsic"", ""weight"": 82}]"
male-cns:v1.0,19823,CEM,CEM_L,摂食筋群（口器・咽頭等）,pm,cb_motor,L,,PhN,Prelim Roughly traced,crop-duct entry muscles,,嗉嚢入口の流入を調節。刺激で糖液の嗉嚢流入が停止し、解除後再開,exact_type_label_bridge,CUI24pre;GUS26,data/nonleg_muscle_evidence.csv,直接機能資料は未査読Cui2024v1。口器の動きとは分離。CEM全6注釈の各個別活動ではない。,not_measured,92,353,"[{""bodyId"": ""12992"", ""type"": ""GNG032"", ""superclass"": ""cb_intrinsic"", ""weight"": 28}, {""bodyId"": ""14643"", ""type"": ""GNG032"", ""superclass"": ""cb_intrinsic"", ""weight"": 25}, {""bodyId"": ""46153"", ""type"": ""GNG482"", ""superclass"": ""cb_intrinsic"", ""weight"": 23}]"
male-cns:v1.0,20173,MN8,MN8_R,摂食筋群（口器・咽頭等）,pm,cb_motor,R,,MxLbN,Prelim Roughly traced,m8,,具体的運動作用を今回未確定,muscle_identity_only,MCK20,data/nonleg_muscle_evidence.csv,文献の機能標本とMaleCNSは別個体。型名対応のみで生理を同定しない。,not_measured,122,351,"[{""bodyId"": ""524254"", ""type"": ""GNG472"", ""superclass"": ""cb_intrinsic"", ""weight"": 24}, {""bodyId"": ""46013"", ""type"": ""GNG472"", ""superclass"": ""cb_intrinsic"", ""weight"": 20}, {""bodyId"": ""523590"", ""type"": ""GNG015"", ""superclass"": ""cb_intrinsic"", ""weight"": 15}]"
male-cns:v1.0,20518,CEM,CEM_L,摂食筋群（口器・咽頭等）,pm,cb_motor,L,,PhN,PRT Orphan,crop-duct entry muscles,,嗉嚢入口の流入を調節。刺激で糖液の嗉嚢流入が停止し、解除後再開,exact_type_label_bridge,CUI24pre;GUS26,data/nonleg_muscle_evidence.csv,直接機能資料は未査読Cui2024v1。口器の動きとは分離。CEM全6注釈の各個別活動ではない。,not_measured,105,473,"[{""bodyId"": ""22379"", ""type"": ""GNG482"", ""superclass"": ""cb_intrinsic"", ""weight"": 63}, {""bodyId"": ""46153"", ""type"": ""GNG482"", ""superclass"": ""cb_intrinsic"", ""weight"": 51}, {""bodyId"": ""40580"", ""type"": ""GNG482"", ""superclass"": ""cb_intrinsic"", ""weight"": 34}]"
male-cns:v1.0,20600,MNx03,MNx03_L,摂食筋群（口器・咽頭等）,pm,cb_motor,L,,PhN,Prelim Roughly traced,unassigned,,口器/咽頭関連注釈のみ。具体的筋/作用未同定,annotation_only,GUS26,data/nonleg_muscle_evidence.csv,型名/出神経のみから具体的筋や作用を推定しない。,not_measured,142,726,"[{""bodyId"": ""17823"", ""type"": ""GNG591"", ""superclass"": ""cb_intrinsic"", ""weight"": 141}, {""bodyId"": ""16630"", ""type"": ""GNG479"", ""superclass"": ""cb_intrinsic"", ""weight"": 83}, {""bodyId"": ""765790195"", ""type"": ""GNG591"", ""superclass"": ""cb_intrinsic"", ""weight"": 72}]"
male-cns:v1.0,23511,CEM,CEM_R,摂食筋群（口器・咽頭等）,pm,cb_motor,R,,PhN,Prelim Roughly traced,crop-duct entry muscles,,嗉嚢入口の流入を調節。刺激で糖液の嗉嚢流入が停止し、解除後再開,exact_type_label_bridge,CUI24pre;GUS26,data/nonleg_muscle_evidence.csv,直接機能資料は未査読Cui2024v1。口器の動きとは分離。CEM全6注釈の各個別活動ではない。,not_measured,63,342,"[{""bodyId"": ""526375"", ""type"": ""GNG482"", ""superclass"": ""cb_intrinsic"", ""weight"": 62}, {""bodyId"": ""521104"", ""type"": ""GNG196"", ""superclass"": ""cb_intrinsic"", ""weight"": 32}, {""bodyId"": ""40580"", ""type"": ""GNG482"", ""superclass"": ""cb_intrinsic"", ""weight"": 25}]"
male-cns:v1.0,24511,MNx03,MNx03_R,摂食筋群（口器・咽頭等）,pm,cb_motor,R,,PhN,Prelim Roughly traced,unassigned,,口器/咽頭関連注釈のみ。具体的筋/作用未同定,annotation_only,GUS26,data/nonleg_muscle_evidence.csv,型名/出神経のみから具体的筋や作用を推定しない。,not_measured,238,1213,"[{""bodyId"": ""765790195"", ""type"": ""GNG591"", ""superclass"": ""cb_intrinsic"", ""weight"": 204}, {""bodyId"": ""16684"", ""type"": ""GNG174"", ""superclass"": ""cb_intrinsic"", ""weight"": 107}, {""bodyId"": ""17823"", ""type"": ""GNG591"", ""superclass"": ""cb_intrinsic"", ""weight"": 106}]"
male-cns:v1.0,24808,MNx05,MNx05_R,摂食筋群（口器・咽頭等）,pm,cb_motor,R,,PhN,Prelim Roughly traced,unassigned,,口器/咽頭関連注釈のみ。具体的筋/作用未同定,annotation_only,GUS26,data/nonleg_muscle_evidence.csv,型名/出神経のみから具体的筋や作用を推定しない。,not_measured,219,583,"[{""bodyId"": ""14643"", ""type"": ""GNG032"", ""superclass"": ""cb_intrinsic"", ""weight"": 34}, {""bodyId"": ""13103"", ""type"": ""GNG033"", ""superclass"": ""cb_intrinsic"", ""weight"": 30}, {""bodyId"": ""19640"", ""type"": ""GNG172"", ""superclass"": ""cb_intrinsic"", ""weight"": 28}]"
male-cns:v1.0,26137,MNx02,MNx02_R,摂食筋群（口器・咽頭等）,pm,cb_motor,R,,PhN,RT Hard to trace,unassigned,,口器/咽頭関連注釈のみ。具体的筋/作用未同定,annotation_only,GUS26,data/nonleg_muscle_evidence.csv,型名/出神経のみから具体的筋や作用を推定しない。,not_measured,259,2003,"[{""bodyId"": ""17043"", ""type"": ""GNG206"", ""superclass"": ""cb_intrinsic"", ""weight"": 194}, {""bodyId"": ""16684"", ""type"": ""GNG174"", ""superclass"": ""cb_intrinsic"", ""weight"": 134}, {""bodyId"": ""16962"", ""type"": ""GNG174"", ""superclass"": ""cb_intrinsic"", ""weight"": 94}]"
male-cns:v1.0,27938,MN4a,MN4a_R,摂食筋群（口器・咽頭等）,pm,cb_motor,R,,MxLbN,RT Hard to trace,m4 candidate,,haustellum伸展,candidate_subtype,MCK20;GUS26,data/nonleg_muscle_evidence.csv,MN2DとMN4のa/b亜型は2026命名。2020の親型操作を各亜型の独立作用としない。機械的連動と神経回路協調も別。,not_measured,162,555,"[{""bodyId"": ""10313"", ""type"": ""DNge031"", ""superclass"": ""descending_neuron"", ""weight"": 57}, {""bodyId"": ""12364"", ""type"": ""DNge080"", ""superclass"": ""descending_neuron"", ""weight"": 34}, {""bodyId"": ""12752"", ""type"": ""DNge080"", ""superclass"": ""descending_neuron"", ""weight"": 21}]"
male-cns:v1.0,30780,MN13,MN13_R,摂食筋群（口器・咽頭等）,pm,cb_motor,R,,MxLbN,RT Hard to trace,m13,,具体的運動作用を今回未確定,muscle_identity_only,MCK20,data/nonleg_muscle_evidence.csv,文献の機能標本とMaleCNSは別個体。型名対応のみで生理を同定しない。,not_measured,190,669,"[{""bodyId"": ""107729"", ""type"": ""GNG035"", ""superclass"": ""cb_intrinsic"", ""weight"": 54}, {""bodyId"": ""12955"", ""type"": ""GNG158"", ""superclass"": ""cb_intrinsic"", ""weight"": 49}, {""bodyId"": ""12842"", ""type"": ""GNG030"", ""superclass"": ""cb_intrinsic"", ""weight"": 46}]"
male-cns:v1.0,32092,MN7,MN7_R,摂食筋群（口器・咽頭等）,pm,cb_motor,R,,MxLbN,RT Hard to trace,m7,,labella外転/開口,exact_type_label_bridge,MCK20,data/nonleg_muscle_evidence.csv,MN2DとMN4のa/b亜型は2026命名。2020の親型操作を各亜型の独立作用としない。機械的連動と神経回路協調も別。,not_measured,171,717,"[{""bodyId"": ""519661"", ""type"": ""GNG142"", ""superclass"": ""cb_intrinsic"", ""weight"": 52}, {""bodyId"": ""519659"", ""type"": ""GNG140"", ""superclass"": ""cb_intrinsic"", ""weight"": 43}, {""bodyId"": ""555270"", ""type"": ""GNG017"", ""superclass"": ""cb_intrinsic"", ""weight"": 39}]"
male-cns:v1.0,32852,CEM,CEM_L,摂食筋群（口器・咽頭等）,pm,cb_motor,L,,PhN,Prelim Roughly traced,crop-duct entry muscles,,嗉嚢入口の流入を調節。刺激で糖液の嗉嚢流入が停止し、解除後再開,exact_type_label_bridge,CUI24pre;GUS26,data/nonleg_muscle_evidence.csv,直接機能資料は未査読Cui2024v1。口器の動きとは分離。CEM全6注釈の各個別活動ではない。,not_measured,29,99,"[{""bodyId"": ""22379"", ""type"": ""GNG482"", ""superclass"": ""cb_intrinsic"", ""weight"": 19}, {""bodyId"": ""40580"", ""type"": ""GNG482"", ""superclass"": ""cb_intrinsic"", ""weight"": 11}, {""bodyId"": ""548500"", ""type"": ""GNG402"", ""superclass"": ""cb_intrinsic"", ""weight"": 9}]"
male-cns:v1.0,34597,CEM,CEM_R,摂食筋群（口器・咽頭等）,pm,cb_motor,R,,PhN,Prelim Roughly traced,crop-duct entry muscles,,嗉嚢入口の流入を調節。刺激で糖液の嗉嚢流入が停止し、解除後再開,exact_type_label_bridge,CUI24pre;GUS26,data/nonleg_muscle_evidence.csv,直接機能資料は未査読Cui2024v1。口器の動きとは分離。CEM全6注釈の各個別活動ではない。,not_measured,15,35,"[{""bodyId"": ""40580"", ""type"": ""GNG482"", ""superclass"": ""cb_intrinsic"", ""weight"": 13}, {""bodyId"": ""17823"", ""type"": ""GNG591"", ""superclass"": ""cb_intrinsic"", ""weight"": 4}, {""bodyId"": ""526375"", ""type"": ""GNG482"", ""superclass"": ""cb_intrinsic"", ""weight"": 4}]"
male-cns:v1.0,36368,MN4a,MN4a_L,摂食筋群（口器・咽頭等）,pm,cb_motor,L,,MxLbN,Prelim Roughly traced,m4 candidate,,haustellum伸展,candidate_subtype,MCK20;GUS26,data/nonleg_muscle_evidence.csv,MN2DとMN4のa/b亜型は2026命名。2020の親型操作を各亜型の独立作用としない。機械的連動と神経回路協調も別。,not_measured,219,1188,"[{""bodyId"": ""10135"", ""type"": ""DNge031"", ""superclass"": ""descending_neuron"", ""weight"": 90}, {""bodyId"": ""13402"", ""type"": ""GNG281"", ""superclass"": ""cb_intrinsic"", ""weight"": 58}, {""bodyId"": ""11127"", ""type"": ""DNge059"", ""superclass"": ""descending_neuron"", ""weight"": 56}]"
male-cns:v1.0,49829,MN11V,MN11V_L,摂食筋群（口器・咽頭等）,pm,cb_motor,L,,PhN,Prelim Roughly traced,m11V (pharyngeal musculature),,咽頭ポンプに関連する筋。各型の詳細作用は今回未検証,exact_type_label_bridge,MCK20,data/nonleg_muscle_evidence.csv,筋同定資料とポンプ作動を区別。MN12DとMN12Vは近接命名で機能類似を含意しない。,not_measured,260,1907,"[{""bodyId"": ""42089"", ""type"": ""GNG334"", ""superclass"": ""cb_intrinsic"", ""weight"": 101}, {""bodyId"": ""513992"", ""type"": ""GNG019"", ""superclass"": ""cb_intrinsic"", ""weight"": 79}, {""bodyId"": ""13351"", ""type"": ""GNG019"", ""superclass"": ""cb_intrinsic"", ""weight"": 75}]"
male-cns:v1.0,85275,MN3L,MN3L_R,摂食筋群（口器・咽頭等）,pm,cb_motor,R,,PhN,Prelim Roughly traced,m3 lateral fibres,,haustellum屈曲,exact_type_label_bridge,MCK20,data/nonleg_muscle_evidence.csv,MN2DとMN4のa/b亜型は2026命名。2020の親型操作を各亜型の独立作用としない。機械的連動と神経回路協調も別。,not_measured,113,456,"[{""bodyId"": ""524606"", ""type"": ""GNG091"", ""superclass"": ""cb_intrinsic"", ""weight"": 39}, {""bodyId"": ""30131"", ""type"": ""GNG246"", ""superclass"": ""cb_intrinsic"", ""weight"": 37}, {""bodyId"": ""53553"", ""type"": ""GNG403"", ""superclass"": ""cb_intrinsic"", ""weight"": 29}]"
male-cns:v1.0,94688,MN3M,MN3M_L,摂食筋群（口器・咽頭等）,pm,cb_motor,L,,PhN,Prelim Roughly traced,m3 medial fibres,,haustellum屈曲,exact_type_label_bridge,MCK20,data/nonleg_muscle_evidence.csv,MN2DとMN4のa/b亜型は2026命名。2020の親型操作を各亜型の独立作用としない。機械的連動と神経回路協調も別。,not_measured,261,1001,"[{""bodyId"": ""11274"", ""type"": ""GNG091"", ""superclass"": ""cb_intrinsic"", ""weight"": 79}, {""bodyId"": ""520671"", ""type"": ""GNG069"", ""superclass"": ""cb_intrinsic"", ""weight"": 39}, {""bodyId"": ""524606"", ""type"": ""GNG091"", ""superclass"": ""cb_intrinsic"", ""weight"": 26}]"
male-cns:v1.0,101002,MNx01,MNx01_L,摂食筋群（口器・咽頭等）,pm,cb_motor,L,,PhN,Prelim Roughly traced,unassigned,,口器/咽頭関連注釈のみ。具体的筋/作用未同定,annotation_only,GUS26,data/nonleg_muscle_evidence.csv,型名/出神経のみから具体的筋や作用を推定しない。,not_measured,267,1736,"[{""bodyId"": ""10553"", ""type"": ""GNG001"", ""superclass"": ""cb_intrinsic"", ""weight"": 73}, {""bodyId"": ""513992"", ""type"": ""GNG019"", ""superclass"": ""cb_intrinsic"", ""weight"": 71}, {""bodyId"": ""420561"", ""type"": ""aPhM4"", ""superclass"": ""cb_sensory"", ""weight"": 66}]"
male-cns:v1.0,164190,MNad21,MNad21_L,腹部筋群,ad,vnc_motor,L,A1,AbN2,Prelim Roughly traced,unassigned,,腹部/尾端注釈のみ。具体的筋/作用未同定,annotation_only,MANC;BANC26,data/nonleg_muscle_evidence.csv,型名/出神経のみから具体的筋や作用を推定しない。,not_measured,230,1970,"[{""bodyId"": ""17367"", ""type"": ""DNp65"", ""superclass"": ""descending_neuron"", ""weight"": 206}, {""bodyId"": ""14029"", ""type"": ""DNp65"", ""superclass"": ""descending_neuron"", ""weight"": 194}, {""bodyId"": ""28901"", ""type"": ""ANXXX136"", ""superclass"": ""ascending_neuron"", ""weight"": 152}]"
male-cns:v1.0,174810,CvN5,CvN5_L,頸筋群,nm,cb_motor,L,LB,CvN,Roughly traced,VL1 (ventral longitudinal neck muscle),,頭部姿勢調整。各型の固定yaw/pitch/roll作用は割り当てない。個別回転軸はGOR24 Fig4i参照,exact_type_label_bridge,GOR24,data/nonleg_muscle_evidence.csv,GOR24 Fig4hでCvN4はVL2のみ、CvN5-8はVL1。固定方向の筋写像ではない。型名照合であり現在のMaleCNS活動ではない。,not_measured,1040,13714,"[{""bodyId"": ""39102"", ""type"": ""GNG507"", ""superclass"": ""cb_intrinsic"", ""weight"": 459}, {""bodyId"": ""516918"", ""type"": ""GNG327"", ""superclass"": ""cb_intrinsic"", ""weight"": 290}, {""bodyId"": ""11211"", ""type"": ""CB0671"", ""superclass"": ""cb_intrinsic"", ""weight"": 288}]"
male-cns:v1.0,192306,CvN6,CvN6_L,頸筋群,nm,cb_motor,L,,CvN,Roughly traced,VL1 (ventral longitudinal neck muscle),,頭部姿勢調整。各型の固定yaw/pitch/roll作用は割り当てない。個別回転軸はGOR24 Fig4i参照,exact_type_label_bridge,GOR24,data/nonleg_muscle_evidence.csv,GOR24 Fig4hでCvN4はVL2のみ、CvN5-8はVL1。固定方向の筋写像ではない。型名照合であり現在のMaleCNS活動ではない。,not_measured,692,9181,"[{""bodyId"": ""10751"", ""type"": ""GNG507"", ""superclass"": ""cb_intrinsic"", ""weight"": 348}, {""bodyId"": ""11803"", ""type"": ""CB0671"", ""superclass"": ""cb_intrinsic"", ""weight"": 319}, {""bodyId"": ""519265"", ""type"": ""OCG01f"", ""superclass"": ""visual_projection"", ""weight"": 296}]"
male-cns:v1.0,200682,MNx04,MNx04_R,摂食筋群（口器・咽頭等）,pm,cb_motor,R,,PhN,Prelim Roughly traced,unassigned,,口器/咽頭関連注釈のみ。具体的筋/作用未同定,annotation_only,GUS26,data/nonleg_muscle_evidence.csv,型名/出神経のみから具体的筋や作用を推定しない。,not_measured,91,150,"[{""bodyId"": ""12901"", ""type"": ""GNG557"", ""superclass"": ""cb_intrinsic"", ""weight"": 12}, {""bodyId"": ""10673"", ""type"": ""GNG002"", ""superclass"": ""cb_intrinsic"", ""weight"": 9}, {""bodyId"": ""580748"", ""type"": ""MN1"", ""superclass"": ""cb_motor"", ""weight"": 9}]"
male-cns:v1.0,231558,GNG283,GNG283(hb2180780757)_R,頸筋群,nm,cb_motor,R,LB,CvN,Roughly traced,unassigned,,頸部注釈のみ。具体的筋/作用未同定,annotation_only,GOR24;BANC26,data/nonleg_muscle_evidence.csv,型名/出神経のみから具体的筋や作用を推定しない。,not_measured,466,7519,"[{""bodyId"": ""524412"", ""type"": ""DNa06"", ""superclass"": ""descending_neuron"", ""weight"": 396}, {""bodyId"": ""13295"", ""type"": ""DNge033"", ""superclass"": ""descending_neuron"", ""weight"": 293}, {""bodyId"": ""11803"", ""type"": ""CB0671"", ""superclass"": ""cb_intrinsic"", ""weight"": 209}]"
male-cns:v1.0,269067,MN3L,MN3L_L,摂食筋群（口器・咽頭等）,pm,cb_motor,L,,PhN,Prelim Roughly traced,m3 lateral fibres,,haustellum屈曲,exact_type_label_bridge,MCK20,data/nonleg_muscle_evidence.csv,MN2DとMN4のa/b亜型は2026命名。2020の親型操作を各亜型の独立作用としない。機械的連動と神経回路協調も別。,not_measured,83,228,"[{""bodyId"": ""18218"", ""type"": ""GNG226"", ""superclass"": ""cb_intrinsic"", ""weight"": 20}, {""bodyId"": ""11274"", ""type"": ""GNG091"", ""superclass"": ""cb_intrinsic"", ""weight"": 17}, {""bodyId"": ""513656"", ""type"": ""GNG225"", ""superclass"": ""cb_intrinsic"", ""weight"": 12}]"
male-cns:v1.0,440899,MN12D,MN12D_R,摂食筋群（口器・咽頭等）,pm,cb_motor,R,,PhN,Roughly traced,m12D (pharyngeal musculature),,咽頭ポンプに関連する筋。各型の詳細作用は今回未検証,exact_type_label_bridge,MCK20,data/nonleg_muscle_evidence.csv,筋同定資料とポンプ作動を区別。MN12DとMN12Vは近接命名で機能類似を含意しない。,not_measured,230,1032,"[{""bodyId"": ""533971"", ""type"": ""MNx01"", ""superclass"": ""cb_motor"", ""weight"": 53}, {""bodyId"": ""36216"", ""type"": ""GNG513"", ""superclass"": ""cb_intrinsic"", ""weight"": 39}, {""bodyId"": ""16151"", ""type"": ""GNG040"", ""superclass"": ""cb_intrinsic"", ""weight"": 37}]"
male-cns:v1.0,482595,CEM,CEM_L,摂食筋群（口器・咽頭等）,pm,cb_motor,L,,PhN,Prelim Roughly traced,crop-duct entry muscles,,嗉嚢入口の流入を調節。刺激で糖液の嗉嚢流入が停止し、解除後再開,exact_type_label_bridge,CUI24pre;GUS26,data/nonleg_muscle_evidence.csv,直接機能資料は未査読Cui2024v1。口器の動きとは分離。CEM全6注釈の各個別活動ではない。,not_measured,46,133,"[{""bodyId"": ""521102"", ""type"": ""GNG196"", ""superclass"": ""cb_intrinsic"", ""weight"": 14}, {""bodyId"": ""22379"", ""type"": ""GNG482"", ""superclass"": ""cb_intrinsic"", ""weight"": 13}, {""bodyId"": ""40580"", ""type"": ""GNG482"", ""superclass"": ""cb_intrinsic"", ""weight"": 12}]"
male-cns:v1.0,511990,MN3L,MN3L_R,摂食筋群（口器・咽頭等）,pm,cb_motor,R,,PhN,Prelim Roughly traced,m3 lateral fibres,,haustellum屈曲,exact_type_label_bridge,MCK20,data/nonleg_muscle_evidence.csv,MN2DとMN4のa/b亜型は2026命名。2020の親型操作を各亜型の独立作用としない。機械的連動と神経回路協調も別。,not_measured,353,3199,"[{""bodyId"": ""524606"", ""type"": ""GNG091"", ""superclass"": ""cb_intrinsic"", ""weight"": 181}, {""bodyId"": ""30131"", ""type"": ""GNG246"", ""superclass"": ""cb_intrinsic"", ""weight"": 156}, {""bodyId"": ""516135"", ""type"": ""GNG226"", ""superclass"": ""cb_intrinsic"", ""weight"": 156}]"
male-cns:v1.0,512877,MNx01,MNx01_L,摂食筋群（口器・咽頭等）,pm,cb_motor,L,,PhN,Roughly traced,unassigned,,口器/咽頭関連注釈のみ。具体的筋/作用未同定,annotation_only,GUS26,data/nonleg_muscle_evidence.csv,型名/出神経のみから具体的筋や作用を推定しない。,not_measured,274,2123,"[{""bodyId"": ""13351"", ""type"": ""GNG019"", ""superclass"": ""cb_intrinsic"", ""weight"": 130}, {""bodyId"": ""513992"", ""type"": ""GNG019"", ""superclass"": ""cb_intrinsic"", ""weight"": 119}, {""bodyId"": ""14131"", ""type"": ""GNG024"", ""superclass"": ""cb_intrinsic"", ""weight"": 99}]"
male-cns:v1.0,515060,MN10,MN10_R,摂食筋群（口器・咽頭等）,pm,cb_motor,R,,PhN,Prelim Roughly traced,m10 (pharyngeal musculature),,咽頭ポンプに関連する筋。各型の詳細作用は今回未検証,exact_type_label_bridge,MCK20,data/nonleg_muscle_evidence.csv,筋同定資料とポンプ作動を区別。MN12DとMN12Vは近接命名で機能類似を含意しない。,not_measured,200,1227,"[{""bodyId"": ""21670"", ""type"": ""GNG077"", ""superclass"": ""cb_intrinsic"", ""weight"": 104}, {""bodyId"": ""42089"", ""type"": ""GNG334"", ""superclass"": ""cb_intrinsic"", ""weight"": 91}, {""bodyId"": ""50835"", ""type"": ""GNG334"", ""superclass"": ""cb_intrinsic"", ""weight"": 78}]"
male-cns:v1.0,517268,MN2Da,MN2Da_R,摂食筋群（口器・咽頭等）,pm,cb_motor,R,,MxLbN,Roughly traced,m2D candidate,,補助rostrum退縮,candidate_subtype,MCK20;GUS26,data/nonleg_muscle_evidence.csv,MN2DとMN4のa/b亜型は2026命名。2020の親型操作を各亜型の独立作用としない。機械的連動と神経回路協調も別。,not_measured,428,4574,"[{""bodyId"": ""556567"", ""type"": ""GNG455"", ""superclass"": ""cb_intrinsic"", ""weight"": 315}, {""bodyId"": ""514333"", ""type"": ""DNg61"", ""superclass"": ""descending_neuron"", ""weight"": 310}, {""bodyId"": ""17370"", ""type"": ""GNG522"", ""superclass"": ""cb_intrinsic"", ""weight"": 186}]"
male-cns:v1.0,518650,MN4b,MN4b_L,摂食筋群（口器・咽頭等）,pm,cb_motor,L,,MxLbN,Roughly traced,m4 candidate,,haustellum伸展の亜型候補,candidate_subtype,MCK20;GUS26,data/nonleg_muscle_evidence.csv,MN2DとMN4のa/b亜型は2026命名。2020の親型操作を各亜型の独立作用としない。機械的連動と神経回路協調も別。,not_measured,215,961,"[{""bodyId"": ""10673"", ""type"": ""GNG002"", ""superclass"": ""cb_intrinsic"", ""weight"": 77}, {""bodyId"": ""13402"", ""type"": ""GNG281"", ""superclass"": ""cb_intrinsic"", ""weight"": 75}, {""bodyId"": ""522702"", ""type"": ""GNG182"", ""superclass"": ""cb_intrinsic"", ""weight"": 49}]"
male-cns:v1.0,519667,MN6,MN6_R,摂食筋群（口器・咽頭等）,pm,cb_motor,R,,MxLbN,Prelim Roughly traced,m6,,labellum伸展,exact_type_label_bridge,MCK20,data/nonleg_muscle_evidence.csv,MN2DとMN4のa/b亜型は2026命名。2020の親型操作を各亜型の独立作用としない。機械的連動と神経回路協調も別。,not_measured,261,1308,"[{""bodyId"": ""513655"", ""type"": ""GNG180"", ""superclass"": ""cb_intrinsic"", ""weight"": 55}, {""bodyId"": ""27203"", ""type"": ""GNG021"", ""superclass"": ""cb_intrinsic"", ""weight"": 50}, {""bodyId"": ""18218"", ""type"": ""GNG226"", ""superclass"": ""cb_intrinsic"", ""weight"": 46}]"
male-cns:v1.0,519878,MN2V,MN2V_R,摂食筋群（口器・咽頭等）,pm,cb_motor,R,,MxLbN,Roughly traced,m2V,,補助rostrum退縮,exact_type_label_bridge,MCK20,data/nonleg_muscle_evidence.csv,MN2DとMN4のa/b亜型は2026命名。2020の親型操作を各亜型の独立作用としない。機械的連動と神経回路協調も別。,not_measured,468,4770,"[{""bodyId"": ""14290"", ""type"": ""GNG186"", ""superclass"": ""cb_intrinsic"", ""weight"": 225}, {""bodyId"": ""524800"", ""type"": ""GNG243"", ""superclass"": ""cb_intrinsic"", ""weight"": 163}, {""bodyId"": ""14734"", ""type"": ""GNG178"", ""superclass"": ""cb_intrinsic"", ""weight"": 150}]"
male-cns:v1.0,522704,MN4a,MN4a_R,摂食筋群（口器・咽頭等）,pm,cb_motor,R,,MxLbN,Prelim Roughly traced,m4 candidate,,haustellum伸展,candidate_subtype,MCK20;GUS26,data/nonleg_muscle_evidence.csv,MN2DとMN4のa/b亜型は2026命名。2020の親型操作を各亜型の独立作用としない。機械的連動と神経回路協調も別。,not_measured,275,1900,"[{""bodyId"": ""10313"", ""type"": ""DNge031"", ""superclass"": ""descending_neuron"", ""weight"": 130}, {""bodyId"": ""10673"", ""type"": ""GNG002"", ""superclass"": ""cb_intrinsic"", ""weight"": 85}, {""bodyId"": ""12734"", ""type"": ""GNG281"", ""superclass"": ""cb_intrinsic"", ""weight"": 85}]"
male-cns:v1.0,524799,MN3M,MN3M_R,摂食筋群（口器・咽頭等）,pm,cb_motor,R,,PhN,Prelim Roughly traced,m3 medial fibres,,haustellum屈曲,exact_type_label_bridge,MCK20,data/nonleg_muscle_evidence.csv,MN2DとMN4のa/b亜型は2026命名。2020の親型操作を各亜型の独立作用としない。機械的連動と神経回路協調も別。,not_measured,288,1377,"[{""bodyId"": ""524606"", ""type"": ""GNG091"", ""superclass"": ""cb_intrinsic"", ""weight"": 122}, {""bodyId"": ""523993"", ""type"": ""GNG069"", ""superclass"": ""cb_intrinsic"", ""weight"": 50}, {""bodyId"": ""57803"", ""type"": ""GNG225"", ""superclass"": ""cb_intrinsic"", ""weight"": 43}]"
male-cns:v1.0,533967,MN12D,MN12D_L,摂食筋群（口器・咽頭等）,pm,cb_motor,L,,PhN,Roughly traced,m12D (pharyngeal musculature),,咽頭ポンプに関連する筋。各型の詳細作用は今回未検証,exact_type_label_bridge,MCK20,data/nonleg_muscle_evidence.csv,筋同定資料とポンプ作動を区別。MN12DとMN12Vは近接命名で機能類似を含意しない。,not_measured,170,753,"[{""bodyId"": ""10467"", ""type"": ""GNG111"", ""superclass"": ""cb_intrinsic"", ""weight"": 44}, {""bodyId"": ""533971"", ""type"": ""MNx01"", ""superclass"": ""cb_motor"", ""weight"": 41}, {""bodyId"": ""32461"", ""type"": ""GNG457"", ""superclass"": ""cb_intrinsic"", ""weight"": 31}]"
male-cns:v1.0,533971,MNx01,MNx01_L,摂食筋群（口器・咽頭等）,pm,cb_motor,L,,PhN,Prelim Roughly traced,unassigned,,口器/咽頭関連注釈のみ。具体的筋/作用未同定,annotation_only,GUS26,data/nonleg_muscle_evidence.csv,型名/出神経のみから具体的筋や作用を推定しない。,not_measured,555,4848,"[{""bodyId"": ""13351"", ""type"": ""GNG019"", ""superclass"": ""cb_intrinsic"", ""weight"": 247}, {""bodyId"": ""513992"", ""type"": ""GNG019"", ""superclass"": ""cb_intrinsic"", ""weight"": 237}, {""bodyId"": ""13460"", ""type"": ""GNG024"", ""superclass"": ""cb_intrinsic"", ""weight"": 182}]"
male-cns:v1.0,535501,MN5,MN5_L,摂食筋群（口器・咽頭等）,pm,cb_motor,L,,PhN,Prelim Roughly traced,m5 (pharyngeal musculature),,咽頭ポンプに関連する筋。各型の詳細作用は今回未検証,exact_type_label_bridge,MCK20,data/nonleg_muscle_evidence.csv,筋同定資料とポンプ作動を区別。MN12DとMN12Vは近接命名で機能類似を含意しない。,not_measured,159,491,"[{""bodyId"": ""101002"", ""type"": ""MNx01"", ""superclass"": ""cb_motor"", ""weight"": 25}, {""bodyId"": ""523723"", ""type"": ""GNG068"", ""superclass"": ""cb_intrinsic"", ""weight"": 25}, {""bodyId"": ""50903"", ""type"": ""GNG068"", ""superclass"": ""cb_intrinsic"", ""weight"": 24}]"
male-cns:v1.0,551398,MN11D,MN11D_L,摂食筋群（口器・咽頭等）,pm,cb_motor,L,,PhN,RT Hard to trace,m11D (pharyngeal musculature),,咽頭ポンプに関連する筋。各型の詳細作用は今回未検証,exact_type_label_bridge,MCK20,data/nonleg_muscle_evidence.csv,筋同定資料とポンプ作動を区別。MN12DとMN12Vは近接命名で機能類似を含意しない。,not_measured,142,546,"[{""bodyId"": ""10553"", ""type"": ""GNG001"", ""superclass"": ""cb_intrinsic"", ""weight"": 63}, {""bodyId"": ""13351"", ""type"": ""GNG019"", ""superclass"": ""cb_intrinsic"", ""weight"": 38}, {""bodyId"": ""512877"", ""type"": ""MNx01"", ""superclass"": ""cb_motor"", ""weight"": 21}]"
male-cns:v1.0,555796,MN2V,MN2V_L,摂食筋群（口器・咽頭等）,pm,cb_motor,L,,MxLbN,Roughly traced,m2V,,補助rostrum退縮,exact_type_label_bridge,MCK20,data/nonleg_muscle_evidence.csv,MN2DとMN4のa/b亜型は2026命名。2020の親型操作を各亜型の独立作用としない。機械的連動と神経回路協調も別。,not_measured,450,3444,"[{""bodyId"": ""64414"", ""type"": ""GNG243"", ""superclass"": ""cb_intrinsic"", ""weight"": 119}, {""bodyId"": ""13826"", ""type"": ""DNge137"", ""superclass"": ""descending_neuron"", ""weight"": 115}, {""bodyId"": ""65884"", ""type"": ""GNG186"", ""superclass"": ""cb_intrinsic"", ""weight"": 98}]"
male-cns:v1.0,556449,CvN7,CvN7_R,頸筋群,nm,cb_motor,R,,CvN,Roughly traced,VL1 (ventral longitudinal neck muscle),,頭部姿勢調整。各型の固定yaw/pitch/roll作用は割り当てない。CvN7はpitch方向が初期姿勢により反転,exact_type_label_bridge,GOR24,data/nonleg_muscle_evidence.csv,GOR24 Fig4hでCvN4はVL2のみ、CvN5-8はVL1。固定方向の筋写像ではない。型名照合であり現在のMaleCNS活動ではない。,not_measured,581,8412,"[{""bodyId"": ""39102"", ""type"": ""GNG507"", ""superclass"": ""cb_intrinsic"", ""weight"": 456}, {""bodyId"": ""11211"", ""type"": ""CB0671"", ""superclass"": ""cb_intrinsic"", ""weight"": 429}, {""bodyId"": ""12875"", ""type"": ""GNG549"", ""superclass"": ""cb_intrinsic"", ""weight"": 393}]"
male-cns:v1.0,556589,MN3L,MN3L_L,摂食筋群（口器・咽頭等）,pm,cb_motor,L,,PhN,Prelim Roughly traced,m3 lateral fibres,,haustellum屈曲,exact_type_label_bridge,MCK20,data/nonleg_muscle_evidence.csv,MN2DとMN4のa/b亜型は2026命名。2020の親型操作を各亜型の独立作用としない。機械的連動と神経回路協調も別。,not_measured,129,361,"[{""bodyId"": ""11274"", ""type"": ""GNG091"", ""superclass"": ""cb_intrinsic"", ""weight"": 39}, {""bodyId"": ""57803"", ""type"": ""GNG225"", ""superclass"": ""cb_intrinsic"", ""weight"": 17}, {""bodyId"": ""519662"", ""type"": ""GNG403"", ""superclass"": ""cb_intrinsic"", ""weight"": 17}]"
male-cns:v1.0,580748,MN1,MN1_R,摂食筋群（口器・咽頭等）,pm,cb_motor,R,GNG,MxLbN,Prelim Roughly traced,m1,,rostrum退縮。伸展状態ではhaustellum屈曲も誘起,exact_type_label_bridge,MCK20,data/nonleg_muscle_evidence.csv,MN2DとMN4のa/b亜型は2026命名。2020の親型操作を各亜型の独立作用としない。機械的連動と神経回路協調も別。,not_measured,107,302,"[{""bodyId"": ""10673"", ""type"": ""GNG002"", ""superclass"": ""cb_intrinsic"", ""weight"": 19}, {""bodyId"": ""13099"", ""type"": ""GNG292"", ""superclass"": ""cb_intrinsic"", ""weight"": 18}, {""bodyId"": ""10135"", ""type"": ""DNge031"", ""superclass"": ""descending_neuron"", ""weight"": 15}]"
male-cns:v1.0,800056,DVMn 1a-c,DVMn 1a-c_R,翅・胸部筋群,wm,vnc_motor,R,T2,ADMN,Reviewed,DVM1,,間接飛翔動力筋・翅挙上。非同期伸張活性化でDLMと拮抗,exact_type_label_bridge,AZE24,data/nonleg_muscle_evidence.csv,文献の機能標本とMaleCNSは別個体。型名対応のみで生理を同定しない。,not_measured,564,4369,"[{""bodyId"": ""803023"", ""type"": ""IN19B043"", ""superclass"": ""vnc_intrinsic"", ""weight"": 106}, {""bodyId"": ""802531"", ""type"": ""IN19B043"", ""superclass"": ""vnc_intrinsic"", ""weight"": 104}, {""bodyId"": ""908780"", ""type"": ""IN11B013"", ""superclass"": ""vnc_intrinsic"", ""weight"": 87}]"
male-cns:v1.0,800061,Tergopleural/Pleural promotor MN,Tergopleural/Pleural promotor MN_L,前脚筋群,fl,vnc_motor,L,T1,DProN,Reviewed,Tergopleural/Pleural promotor MN,thorax-coxa,coxa_anterior_movement,anatomical_action_inferred,Azevedo 2024 Appendix A1 p2; A2 pp15-16,data/leg_muscle_actions.csv,前脚筋地図と現型注釈による作用対応。T2/T3は分節間相同を含む。個別生理は未測定。,not_measured,1300,13343,"[{""bodyId"": ""803611"", ""type"": ""IN16B034"", ""superclass"": ""vnc_intrinsic"", ""weight"": 391}, {""bodyId"": ""800527"", ""type"": ""IN19A005"", ""superclass"": ""vnc_intrinsic"", ""weight"": 245}, {""bodyId"": ""22931"", ""type"": ""ANXXX006"", ""superclass"": ""ascending_neuron"", ""weight"": 211}]"
male-cns:v1.0,800146,TTMn,TTMn_R,翅・胸部筋群,wm,vnc_motor,R,T2,PDMNp,Reviewed,middle-leg tergotrochanter muscle (TTM),,中脚跳躍/離陸の脚伸展,exact_type_label_bridge,AZE24;MANC,data/nonleg_muscle_evidence.csv,wm注釈でも翅を直接動かす筋ではない。,not_measured,496,4042,"[{""bodyId"": ""808185"", ""type"": ""IN21A026"", ""superclass"": ""vnc_intrinsic"", ""weight"": 223}, {""bodyId"": ""1050765441"", ""type"": ""IN13A022"", ""superclass"": ""vnc_intrinsic"", ""weight"": 195}, {""bodyId"": ""804208"", ""type"": ""IN21A027"", ""superclass"": ""vnc_intrinsic"", ""weight"": 190}]"
male-cns:v1.0,800158,Ti extensor MN,Ti extensor MN_R,後脚筋群,hl,vnc_motor,R,T3,MetaLN,Reviewed,Ti extensor MN,femur-tibia,extension,anatomical_action_inferred,Azevedo 2024 Appendix A1 p3; A11 p31,data/leg_muscle_actions.csv,前脚筋地図と現型注釈による作用対応。T2/T3は分節間相同を含む。個別生理は未測定。,not_measured,1261,13706,"[{""bodyId"": ""814625"", ""type"": ""IN19A005"", ""superclass"": ""vnc_intrinsic"", ""weight"": 499}, {""bodyId"": ""800772"", ""type"": ""IN08A005"", ""superclass"": ""vnc_intrinsic"", ""weight"": 383}, {""bodyId"": ""800749"", ""type"": ""IN13A006"", ""superclass"": ""vnc_intrinsic"", ""weight"": 293}]"
male-cns:v1.0,800175,Pleural remotor/abductor MN,Pleural remotor/abductor MN_L,後脚筋群,hl,vnc_motor,L,T3,MetaLN,Reviewed,Pleural remotor/abductor MN,thorax-coxa,coxa_posterior_and_lateral_movement,anatomical_action_inferred,Azevedo 2024 Appendix A1 p2; A4 pp18-19,data/leg_muscle_actions.csv,前脚筋地図と現型注釈による作用対応。T2/T3は分節間相同を含む。個別生理は未測定。,not_measured,1080,14166,"[{""bodyId"": ""800622"", ""type"": ""IN19A003"", ""superclass"": ""vnc_intrinsic"", ""weight"": 307}, {""bodyId"": ""903463"", ""type"": ""IN21A017"", ""superclass"": ""vnc_intrinsic"", ""weight"": 275}, {""bodyId"": ""801084"", ""type"": ""IN01A023"", ""superclass"": ""vnc_intrinsic"", ""weight"": 273}]"
male-cns:v1.0,800184,MNwm36,MNwm36_L,翅・胸部筋群,wm,vnc_motor,L,T2,MesoAN,Reviewed,unassigned; pleurosternal candidate,,筋/作用未確定,candidate,MANC;AZE24,data/nonleg_muscle_evidence.csv,ps1近似形態。筋支配・神経修飾との識別未確定。,not_measured,1381,20597,"[{""bodyId"": ""800842"", ""type"": ""IN13A013"", ""superclass"": ""vnc_intrinsic"", ""weight"": 373}, {""bodyId"": ""801060"", ""type"": ""INXXX095"", ""superclass"": ""vnc_intrinsic"", ""weight"": 300}, {""bodyId"": ""800892"", ""type"": ""IN06B013"", ""superclass"": ""vnc_intrinsic"", ""weight"": 291}]"
male-cns:v1.0,800190,MNwm35,MNwm35_R,翅・胸部筋群,wm,vnc_motor,R,T2,MesoAN,Reviewed,third axillary iii4 candidate (FANC nomenclature iii2),,直接操舵候補,candidate,MANC;AZE24,data/nonleg_muscle_evidence.csv,MANC Fig6でputative。iii2/iii4の文献命名差を同義識別なしに統合しない。,not_measured,1221,14895,"[{""bodyId"": ""800752"", ""type"": ""IN19B008"", ""superclass"": ""vnc_intrinsic"", ""weight"": 451}, {""bodyId"": ""803760"", ""type"": ""IN03A011"", ""superclass"": ""vnc_intrinsic"", ""weight"": 313}, {""bodyId"": ""929514"", ""type"": ""IN06B047"", ""superclass"": ""vnc_intrinsic"", ""weight"": 246}]"
male-cns:v1.0,800230,MNml82,MNml82_R,中脚筋群,ml,vnc_motor,R,T2,MesoLN,Reviewed,,unknown,unknown,muscle_unresolved,no_named_muscle_type,data/leg_muscle_actions.csv,前脚筋地図と現型注釈による作用対応。T2/T3は分節間相同を含む。個別生理は未測定。 旧MANC標的とのラベル差あり。legs/legacy_target_differences.csv参照。,not_measured,884,7453,"[{""bodyId"": ""801794"", ""type"": ""IN13B012"", ""superclass"": ""vnc_intrinsic"", ""weight"": 421}, {""bodyId"": ""905262"", ""type"": ""IN19A030"", ""superclass"": ""vnc_intrinsic"", ""weight"": 343}, {""bodyId"": ""801097"", ""type"": ""IN21A003"", ""superclass"": ""vnc_intrinsic"", ""weight"": 192}]"
male-cns:v1.0,800241,hg1 MN,hg1 MN_L,翅・胸部筋群,wm,vnc_motor,L,T2,ADMN,Roughly traced,fourth axillary hg1 / iv1,,翅基部硬節を介する直接操舵。単一の固定yaw/pitch/roll作用は今回割り当てない,exact_type_label_bridge,MANC;AZE24;EHR23,data/nonleg_muscle_evidence.csv,文献の機能標本とMaleCNSは別個体。型名対応のみで生理を同定しない。,not_measured,1120,17394,"[{""bodyId"": ""800084"", ""type"": ""IN19B008"", ""superclass"": ""vnc_intrinsic"", ""weight"": 459}, {""bodyId"": ""800496"", ""type"": ""IN11B004"", ""superclass"": ""vnc_intrinsic"", ""weight"": 385}, {""bodyId"": ""802916"", ""type"": ""IN03A011"", ""superclass"": ""vnc_intrinsic"", ""weight"": 297}]"
male-cns:v1.0,800248,MNad07,MNad07_L,腹部筋群,ad,vnc_motor,L,A4,AbN4,Reviewed,unassigned,,腹部/尾端注釈のみ。具体的筋/作用未同定,annotation_only,MANC;BANC26,data/nonleg_muscle_evidence.csv,型名/出神経のみから具体的筋や作用を推定しない。,not_measured,192,1347,"[{""bodyId"": ""1053964972"", ""type"": ""IN10B010"", ""superclass"": ""vnc_intrinsic"", ""weight"": 103}, {""bodyId"": ""801151"", ""type"": ""IN10B010"", ""superclass"": ""vnc_intrinsic"", ""weight"": 87}, {""bodyId"": ""816908"", ""type"": ""INXXX244"", ""superclass"": ""vnc_intrinsic"", ""weight"": 82}]"
male-cns:v1.0,800290,Pleural remotor/abductor MN,Pleural remotor/abductor MN_R,後脚筋群,hl,vnc_motor,R,T3,MetaLN,Reviewed,Pleural remotor/abductor MN,thorax-coxa,coxa_posterior_and_lateral_movement,anatomical_action_inferred,Azevedo 2024 Appendix A1 p2; A4 pp18-19,data/leg_muscle_actions.csv,前脚筋地図と現型注釈による作用対応。T2/T3は分節間相同を含む。個別生理は未測定。,not_measured,573,5164,"[{""bodyId"": ""800959"", ""type"": ""IN21A017"", ""superclass"": ""vnc_intrinsic"", ""weight"": 157}, {""bodyId"": ""906624"", ""type"": ""IN19A037"", ""superclass"": ""vnc_intrinsic"", ""weight"": 143}, {""bodyId"": ""803828"", ""type"": ""IN19A016"", ""superclass"": ""vnc_intrinsic"", ""weight"": 141}]"
male-cns:v1.0,800316,Sternal anterior rotator MN,Sternal anterior rotator MN,後脚筋群,hl,vnc_motor,R,T3,MetaLN,Reviewed,Sternal anterior rotator MN,thorax-coxa,coxa_anterior_movement,anatomical_action_inferred,Azevedo 2024 Appendix A1 p3; A3 p17,data/leg_muscle_actions.csv,前脚筋地図と現型注釈による作用対応。T2/T3は分節間相同を含む。個別生理は未測定。,not_measured,867,7042,"[{""bodyId"": ""800167"", ""type"": ""IN21A001"", ""superclass"": ""vnc_intrinsic"", ""weight"": 354}, {""bodyId"": ""801357"", ""type"": ""IN21A013"", ""superclass"": ""vnc_intrinsic"", ""weight"": 299}, {""bodyId"": ""803533"", ""type"": ""IN03B042"", ""superclass"": ""vnc_intrinsic"", ""weight"": 183}]"
male-cns:v1.0,800358,MNhl64,MNhl64_R,後脚筋群,hl,vnc_motor,R,T3,MetaLN,Reviewed,,unknown,unknown,muscle_unresolved,no_named_muscle_type,data/leg_muscle_actions.csv,前脚筋地図と現型注釈による作用対応。T2/T3は分節間相同を含む。個別生理は未測定。 旧MANC標的とのラベル差あり。legs/legacy_target_differences.csv参照。,not_measured,336,2080,"[{""bodyId"": ""802481"", ""type"": ""IN20A.22A008"", ""superclass"": ""vnc_intrinsic"", ""weight"": 121}, {""bodyId"": ""802811"", ""type"": ""IN20A.22A008"", ""superclass"": ""vnc_intrinsic"", ""weight"": 120}, {""bodyId"": ""802260"", ""type"": ""IN18B021"", ""superclass"": ""vnc_intrinsic"", ""weight"": 57}]"
male-cns:v1.0,800381,i2 MN,i2 MN_L,翅・胸部筋群,wm,vnc_motor,L,T2,ADMN,Reviewed,first axillary i2,,翅基部硬節を介する直接操舵。単一の固定yaw/pitch/roll作用は今回割り当てない,exact_type_label_bridge,MANC;AZE24;EHR23,data/nonleg_muscle_evidence.csv,文献の機能標本とMaleCNSは別個体。型名対応のみで生理を同定しない。,not_measured,1336,18073,"[{""bodyId"": ""932493"", ""type"": ""IN08B003"", ""superclass"": ""vnc_intrinsic"", ""weight"": 537}, {""bodyId"": ""801805"", ""type"": ""IN08B003"", ""superclass"": ""vnc_intrinsic"", ""weight"": 365}, {""bodyId"": ""800145"", ""type"": ""IN11A001"", ""superclass"": ""vnc_intrinsic"", ""weight"": 361}]"
male-cns:v1.0,800412,DVMn 1a-c,DVMn 1a-c_L,翅・胸部筋群,wm,vnc_motor,L,T2,ADMN,Reviewed,DVM1,,間接飛翔動力筋・翅挙上。非同期伸張活性化でDLMと拮抗,exact_type_label_bridge,AZE24,data/nonleg_muscle_evidence.csv,文献の機能標本とMaleCNSは別個体。型名対応のみで生理を同定しない。,not_measured,661,5049,"[{""bodyId"": ""805361"", ""type"": ""IN11B013"", ""superclass"": ""vnc_intrinsic"", ""weight"": 130}, {""bodyId"": ""804732"", ""type"": ""IN11B013"", ""superclass"": ""vnc_intrinsic"", ""weight"": 120}, {""bodyId"": ""800842"", ""type"": ""IN13A013"", ""superclass"": ""vnc_intrinsic"", ""weight"": 94}]"
male-cns:v1.0,800474,MNhm42,MNhm42_R,平均棍筋群,hm,vnc_motor,R,T3,AbN1,Roughly traced,haltere basalar hb1 or hb2 (unordered pair),,平均棍操舵,unordered_muscle_pair,MANC;EHR23,data/nonleg_muscle_evidence.csv,hb1/hb2のどちらを各型が支配するかは未決。MANC49582は両型に重複対応。,not_measured,782,9056,"[{""bodyId"": ""30119"", ""type"": ""AN06B023"", ""superclass"": ""ascending_neuron"", ""weight"": 285}, {""bodyId"": ""10460"", ""type"": ""DNa09"", ""superclass"": ""descending_neuron"", ""weight"": 209}, {""bodyId"": ""11314"", ""type"": ""DNae003"", ""superclass"": ""descending_neuron"", ""weight"": 203}]"
male-cns:v1.0,800478,MNad68,MNad68_L,腹部筋群,ad,vnc_motor,L,A9,AbNT,Reviewed,unassigned,,腹部/尾端注釈のみ。具体的筋/作用未同定,annotation_only,MANC;BANC26,data/nonleg_muscle_evidence.csv,型名/出神経のみから具体的筋や作用を推定しない。,not_measured,578,9012,"[{""bodyId"": ""903171"", ""type"": ""INXXX228"", ""superclass"": ""vnc_intrinsic"", ""weight"": 492}, {""bodyId"": ""801169"", ""type"": ""INXXX297"", ""superclass"": ""vnc_intrinsic"", ""weight"": 246}, {""bodyId"": ""902699"", ""type"": ""INXXX052"", ""superclass"": ""vnc_intrinsic"", ""weight"": 234}]"
male-cns:v1.0,800479,MNad49,MNad49_R,腹部筋群,ad,vnc_motor,R,A9,AbNT,Reviewed,unassigned,,腹部/尾端注釈のみ。具体的筋/作用未同定,annotation_only,MANC;BANC26,data/nonleg_muscle_evidence.csv,型名/出神経のみから具体的筋や作用を推定しない。,not_measured,126,1660,"[{""bodyId"": ""902304"", ""type"": ""INXXX167"", ""superclass"": ""vnc_intrinsic"", ""weight"": 170}, {""bodyId"": ""801242"", ""type"": ""INXXX167"", ""superclass"": ""vnc_intrinsic"", ""weight"": 156}, {""bodyId"": ""905259"", ""type"": ""INXXX328"", ""superclass"": ""vnc_intrinsic"", ""weight"": 152}]"
male-cns:v1.0,800504,Sternotrochanter MN,Sternotrochanter MN_L,後脚筋群,hl,vnc_motor,L,T3,MetaLN,Reviewed,Sternotrochanter MN,coxa-trochanter,extension,anatomical_action_inferred,Azevedo 2024 Appendix A1 p3; A6 pp22-23,data/leg_muscle_actions.csv,前脚筋地図と現型注釈による作用対応。T2/T3は分節間相同を含む。個別生理は未測定。,not_measured,1903,17637,"[{""bodyId"": ""800095"", ""type"": ""IN20A.22A001"", ""superclass"": ""vnc_intrinsic"", ""weight"": 466}, {""bodyId"": ""800263"", ""type"": ""IN20A.22A001"", ""superclass"": ""vnc_intrinsic"", ""weight"": 461}, {""bodyId"": ""800188"", ""type"": ""IN19A010"", ""superclass"": ""vnc_intrinsic"", ""weight"": 393}]"
male-cns:v1.0,800541,Pleural remotor/abductor MN,Pleural remotor/abductor MN_L,中脚筋群,ml,vnc_motor,L,T2,MesoLN,Reviewed,Pleural remotor/abductor MN,thorax-coxa,coxa_posterior_and_lateral_movement,anatomical_action_inferred,Azevedo 2024 Appendix A1 p2; A4 pp18-19,data/leg_muscle_actions.csv,前脚筋地図と現型注釈による作用対応。T2/T3は分節間相同を含む。個別生理は未測定。,not_measured,574,5220,"[{""bodyId"": ""800705"", ""type"": ""IN03A010"", ""superclass"": ""vnc_intrinsic"", ""weight"": 216}, {""bodyId"": ""804550"", ""type"": ""IN03A024"", ""superclass"": ""vnc_intrinsic"", ""weight"": 202}, {""bodyId"": ""902427"", ""type"": ""IN19A013"", ""superclass"": ""vnc_intrinsic"", ""weight"": 137}]"
male-cns:v1.0,800553,Pleural remotor/abductor MN,Pleural remotor/abductor MN_R,後脚筋群,hl,vnc_motor,R,T3,MetaLN,Reviewed,Pleural remotor/abductor MN,thorax-coxa,coxa_posterior_and_lateral_movement,anatomical_action_inferred,Azevedo 2024 Appendix A1 p2; A4 pp18-19,data/leg_muscle_actions.csv,前脚筋地図と現型注釈による作用対応。T2/T3は分節間相同を含む。個別生理は未測定。,not_measured,1498,19953,"[{""bodyId"": ""905977"", ""type"": ""IN03A042"", ""superclass"": ""vnc_intrinsic"", ""weight"": 442}, {""bodyId"": ""804063"", ""type"": ""IN03A010"", ""superclass"": ""vnc_intrinsic"", ""weight"": 403}, {""bodyId"": ""808289"", ""type"": ""IN01A023"", ""superclass"": ""vnc_intrinsic"", ""weight"": 384}]"
male-cns:v1.0,800573,i2 MN,i2 MN_R,翅・胸部筋群,wm,vnc_motor,R,T2,ADMN,Reviewed,first axillary i2,,翅基部硬節を介する直接操舵。単一の固定yaw/pitch/roll作用は今回割り当てない,exact_type_label_bridge,MANC;AZE24;EHR23,data/nonleg_muscle_evidence.csv,文献の機能標本とMaleCNSは別個体。型名対応のみで生理を同定しない。,not_measured,1320,16019,"[{""bodyId"": ""801805"", ""type"": ""IN08B003"", ""superclass"": ""vnc_intrinsic"", ""weight"": 432}, {""bodyId"": ""932493"", ""type"": ""IN08B003"", ""superclass"": ""vnc_intrinsic"", ""weight"": 357}, {""bodyId"": ""800178"", ""type"": ""IN11A001"", ""superclass"": ""vnc_intrinsic"", ""weight"": 356}]"
male-cns:v1.0,800577,MNad61,MNad61_L,腹部筋群,ad,vnc_motor,L,A8,AbNT,Reviewed,unassigned,,腹部/尾端注釈のみ。具体的筋/作用未同定,annotation_only,MANC;BANC26,data/nonleg_muscle_evidence.csv,型名/出神経のみから具体的筋や作用を推定しない。,not_measured,437,5587,"[{""bodyId"": ""902699"", ""type"": ""INXXX052"", ""superclass"": ""vnc_intrinsic"", ""weight"": 351}, {""bodyId"": ""903018"", ""type"": ""INXXX262"", ""superclass"": ""vnc_intrinsic"", ""weight"": 264}, {""bodyId"": ""934485"", ""type"": ""INXXX262"", ""superclass"": ""vnc_intrinsic"", ""weight"": 235}]"
male-cns:v1.0,800578,Fe reductor MN,Fe reductor MN_L,後脚筋群,hl,vnc_motor,L,T3,MetaLN,Reviewed,Fe reductor MN,trochanter-femur,unknown,named_muscle_action_unresolved,Azevedo 2024 Appendix A1 p3; A10 pp29-30,data/leg_muscle_actions.csv,前脚筋地図と現型注釈による作用対応。T2/T3は分節間相同を含む。個別生理は未測定。,not_measured,1502,21056,"[{""bodyId"": ""903463"", ""type"": ""IN21A017"", ""superclass"": ""vnc_intrinsic"", ""weight"": 391}, {""bodyId"": ""801084"", ""type"": ""IN01A023"", ""superclass"": ""vnc_intrinsic"", ""weight"": 326}, {""bodyId"": ""800134"", ""type"": ""IN03A010"", ""superclass"": ""vnc_intrinsic"", ""weight"": 292}]"
male-cns:v1.0,800589,Tr flexor MN,Tr flexor MN_L,中脚筋群,ml,vnc_motor,L,T2,MesoLN,Reviewed,Tr flexor MN,coxa-trochanter,flexion,anatomical_action_inferred,Azevedo 2024 Appendix A1 p3; A7-A8 pp24-26,data/leg_muscle_actions.csv,前脚筋地図と現型注釈による作用対応。T2/T3は分節間相同を含む。個別生理は未測定。 旧MANC標的とのラベル差あり。legs/legacy_target_differences.csv参照。,not_measured,694,8161,"[{""bodyId"": ""800816"", ""type"": ""IN21A010"", ""superclass"": ""vnc_intrinsic"", ""weight"": 453}, {""bodyId"": ""800236"", ""type"": ""IN19A008"", ""superclass"": ""vnc_intrinsic"", ""weight"": 375}, {""bodyId"": ""800837"", ""type"": ""IN19B012"", ""superclass"": ""vnc_intrinsic"", ""weight"": 244}]"
male-cns:v1.0,800606,MNwm35,MNwm35_L,翅・胸部筋群,wm,vnc_motor,L,T2,MesoAN,Reviewed,third axillary iii4 candidate (FANC nomenclature iii2),,直接操舵候補,candidate,MANC;AZE24,data/nonleg_muscle_evidence.csv,MANC Fig6でputative。iii2/iii4の文献命名差を同義識別なしに統合しない。,not_measured,1172,17066,"[{""bodyId"": ""800084"", ""type"": ""IN19B008"", ""superclass"": ""vnc_intrinsic"", ""weight"": 522}, {""bodyId"": ""802916"", ""type"": ""IN03A011"", ""superclass"": ""vnc_intrinsic"", ""weight"": 433}, {""bodyId"": ""809769"", ""type"": ""IN06A033"", ""superclass"": ""vnc_intrinsic"", ""weight"": 280}]"
male-cns:v1.0,800608,MNad19,MNad19_R,腹部筋群,ad,vnc_motor,R,A4,AbN4,Reviewed,unassigned,,腹部/尾端注釈のみ。具体的筋/作用未同定,annotation_only,MANC;BANC26,data/nonleg_muscle_evidence.csv,型名/出神経のみから具体的筋や作用を推定しない。,not_measured,685,11315,"[{""bodyId"": ""803996"", ""type"": ""INXXX287"", ""superclass"": ""vnc_intrinsic"", ""weight"": 286}, {""bodyId"": ""800855"", ""type"": ""IN01A045"", ""superclass"": ""vnc_intrinsic"", ""weight"": 219}, {""bodyId"": ""802462"", ""type"": ""IN01A045"", ""superclass"": ""vnc_intrinsic"", ""weight"": 185}]"
male-cns:v1.0,800621,Ti extensor MN,Ti extensor MN_L,後脚筋群,hl,vnc_motor,L,T3,MetaLN,Reviewed,Ti extensor MN,femur-tibia,extension,anatomical_action_inferred,Azevedo 2024 Appendix A1 p3; A11 p31,data/leg_muscle_actions.csv,前脚筋地図と現型注釈による作用対応。T2/T3は分節間相同を含む。個別生理は未測定。,not_measured,760,6987,"[{""bodyId"": ""800430"", ""type"": ""IN19A005"", ""superclass"": ""vnc_intrinsic"", ""weight"": 318}, {""bodyId"": ""905000"", ""type"": ""IN08A007"", ""superclass"": ""vnc_intrinsic"", ""weight"": 206}, {""bodyId"": ""800642"", ""type"": ""IN13A006"", ""superclass"": ""vnc_intrinsic"", ""weight"": 189}]"
male-cns:v1.0,800636,Ti extensor MN,Ti extensor MN_L,前脚筋群,fl,vnc_motor,L,T1,ProLN,Reviewed,Ti extensor MN,femur-tibia,extension,anatomical_action_inferred,Azevedo 2024 Appendix A1 p3; A11 p31,data/leg_muscle_actions.csv,前脚筋地図と現型注釈による作用対応。T2/T3は分節間相同を含む。個別生理は未測定。,not_measured,493,4502,"[{""bodyId"": ""800527"", ""type"": ""IN19A005"", ""superclass"": ""vnc_intrinsic"", ""weight"": 252}, {""bodyId"": ""931203"", ""type"": ""IN08A007"", ""superclass"": ""vnc_intrinsic"", ""weight"": 170}, {""bodyId"": ""904707"", ""type"": ""IN13A006"", ""superclass"": ""vnc_intrinsic"", ""weight"": 133}]"
male-cns:v1.0,800637,i1 MN,i1 MN_R,翅・胸部筋群,wm,vnc_motor,R,T2,ADMN,Roughly traced,first axillary i1,,翅基部硬節を介する直接操舵。単一の固定yaw/pitch/roll作用は今回割り当てない,exact_type_label_bridge,MANC;AZE24;EHR23,data/nonleg_muscle_evidence.csv,文献の機能標本とMaleCNSは別個体。型名対応のみで生理を同定しない。,not_measured,1140,12818,"[{""bodyId"": ""804132"", ""type"": ""IN06A003"", ""superclass"": ""vnc_intrinsic"", ""weight"": 233}, {""bodyId"": ""805303"", ""type"": ""IN08B051_d"", ""superclass"": ""vnc_intrinsic"", ""weight"": 233}, {""bodyId"": ""907678"", ""type"": ""IN19A026"", ""superclass"": ""vnc_intrinsic"", ""weight"": 158}]"
male-cns:v1.0,800659,MNad22,MNad22_R,腹部筋群,ad,vnc_motor,R,A7,AbNT,Reviewed,unassigned,,腹部/尾端注釈のみ。具体的筋/作用未同定,annotation_only,MANC;BANC26,data/nonleg_muscle_evidence.csv,型名/出神経のみから具体的筋や作用を推定しない。,not_measured,352,5152,"[{""bodyId"": ""803352"", ""type"": ""INXXX239"", ""superclass"": ""vnc_intrinsic"", ""weight"": 197}, {""bodyId"": ""802945"", ""type"": ""INXXX239"", ""superclass"": ""vnc_intrinsic"", ""weight"": 191}, {""bodyId"": ""807072"", ""type"": ""INXXX343"", ""superclass"": ""vnc_intrinsic"", ""weight"": 187}]"
male-cns:v1.0,800664,MNad64,MNad64_L,腹部筋群,ad,vnc_motor,L,A9,AbNT,Reviewed,unassigned,,腹部/尾端注釈のみ。具体的筋/作用未同定,annotation_only,MANC;BANC26,data/nonleg_muscle_evidence.csv,型名/出神経のみから具体的筋や作用を推定しない。,not_measured,818,11367,"[{""bodyId"": ""902699"", ""type"": ""INXXX052"", ""superclass"": ""vnc_intrinsic"", ""weight"": 596}, {""bodyId"": ""800359"", ""type"": ""INXXX052"", ""superclass"": ""vnc_intrinsic"", ""weight"": 517}, {""bodyId"": ""802396"", ""type"": ""IN18B033"", ""superclass"": ""vnc_intrinsic"", ""weight"": 502}]"
male-cns:v1.0,800696,MNwm36,MNwm36_R,翅・胸部筋群,wm,vnc_motor,R,T2,MesoAN,Reviewed,unassigned; pleurosternal candidate,,筋/作用未確定,candidate,MANC;AZE24,data/nonleg_muscle_evidence.csv,ps1近似形態。筋支配・神経修飾との識別未確定。,not_measured,1310,18550,"[{""bodyId"": ""801273"", ""type"": ""IN13A013"", ""superclass"": ""vnc_intrinsic"", ""weight"": 386}, {""bodyId"": ""800949"", ""type"": ""IN06B013"", ""superclass"": ""vnc_intrinsic"", ""weight"": 268}, {""bodyId"": ""902773"", ""type"": ""INXXX095"", ""superclass"": ""vnc_intrinsic"", ""weight"": 248}]"
male-cns:v1.0,800718,DLMn c-f,DLMn c-f_L,翅・胸部筋群,wm,vnc_motor,L,T1,PDMNa,Reviewed,DLM fibres c-f,,間接飛翔動力筋・翅下降。非同期伸張活性化の動力を調節,exact_type_label_bridge,AZE24;HUR23,data/nonleg_muscle_evidence.csv,"DLMn a,bは筋2線維を支配する1MN/側。DLMn c-fは4MN/側。論文MN1-5と個別一対一へ再番号付けしない。soma側と筋側は反対になり得る。",not_measured,811,9762,"[{""bodyId"": ""804556"", ""type"": ""IN19B043"", ""superclass"": ""vnc_intrinsic"", ""weight"": 185}, {""bodyId"": ""906554"", ""type"": ""IN19B043"", ""superclass"": ""vnc_intrinsic"", ""weight"": 180}, {""bodyId"": ""908183"", ""type"": ""IN19B043"", ""superclass"": ""vnc_intrinsic"", ""weight"": 131}]"
male-cns:v1.0,800743,ps1 MN,ps1 MN_R,翅・胸部筋群,wm,vnc_motor,R,T2,MesoAN,Reviewed,pleurosternal ps1,,胸郭張力/剛性などを変える間接制御・張力筋。動力筋DLM/DVMと区別,exact_type_label_bridge,MANC;AZE24,data/nonleg_muscle_evidence.csv,文献の機能標本とMaleCNSは別個体。型名対応のみで生理を同定しない。,not_measured,1219,17083,"[{""bodyId"": ""802421"", ""type"": ""IN06B013"", ""superclass"": ""vnc_intrinsic"", ""weight"": 282}, {""bodyId"": ""800949"", ""type"": ""IN06B013"", ""superclass"": ""vnc_intrinsic"", ""weight"": 259}, {""bodyId"": ""801273"", ""type"": ""IN13A013"", ""superclass"": ""vnc_intrinsic"", ""weight"": 238}]"
male-cns:v1.0,800762,MNad41,MNad41_L,腹部筋群,ad,vnc_motor,L,A1,AbN2,Reviewed,unassigned,,腹部/尾端注釈のみ。具体的筋/作用未同定,annotation_only,MANC;BANC26,data/nonleg_muscle_evidence.csv,型名/出神経のみから具体的筋や作用を推定しない。,not_measured,617,9985,"[{""bodyId"": ""802654"", ""type"": ""INXXX287"", ""superclass"": ""vnc_intrinsic"", ""weight"": 539}, {""bodyId"": ""802960"", ""type"": ""INXXX179"", ""superclass"": ""vnc_intrinsic"", ""weight"": 468}, {""bodyId"": ""803857"", ""type"": ""INXXX294"", ""superclass"": ""vnc_intrinsic"", ""weight"": 344}]"
male-cns:v1.0,800776,Pleural remotor/abductor MN,Pleural remotor/abductor MN_R,中脚筋群,ml,vnc_motor,R,T2,MesoLN,Reviewed,Pleural remotor/abductor MN,thorax-coxa,coxa_posterior_and_lateral_movement,anatomical_action_inferred,Azevedo 2024 Appendix A1 p2; A4 pp18-19,data/leg_muscle_actions.csv,前脚筋地図と現型注釈による作用対応。T2/T3は分節間相同を含む。個別生理は未測定。,not_measured,790,8492,"[{""bodyId"": ""801747"", ""type"": ""IN19A013"", ""superclass"": ""vnc_intrinsic"", ""weight"": 251}, {""bodyId"": ""805054"", ""type"": ""IN03A024"", ""superclass"": ""vnc_intrinsic"", ""weight"": 149}, {""bodyId"": ""800687"", ""type"": ""IN19A003"", ""superclass"": ""vnc_intrinsic"", ""weight"": 144}]"
male-cns:v1.0,800847,hg4 MN,hg4 MN_L,翅・胸部筋群,wm,vnc_motor,L,T2,MesoAN,Reviewed,fourth axillary hg4 / iv4,,翅基部硬節を介する直接操舵。単一の固定yaw/pitch/roll作用は今回割り当てない,exact_type_label_bridge,MANC;AZE24;EHR23,data/nonleg_muscle_evidence.csv,文献の機能標本とMaleCNSは別個体。型名対応のみで生理を同定しない。,not_measured,1215,16644,"[{""bodyId"": ""802916"", ""type"": ""IN03A011"", ""superclass"": ""vnc_intrinsic"", ""weight"": 487}, {""bodyId"": ""800084"", ""type"": ""IN19B008"", ""superclass"": ""vnc_intrinsic"", ""weight"": 398}, {""bodyId"": ""808396"", ""type"": ""IN06A040"", ""superclass"": ""vnc_intrinsic"", ""weight"": 388}]"
male-cns:v1.0,800851,Sternotrochanter MN,Sternotrochanter MN_L,後脚筋群,hl,vnc_motor,L,T3,MetaLN,Reviewed,Sternotrochanter MN,coxa-trochanter,extension,anatomical_action_inferred,Azevedo 2024 Appendix A1 p3; A6 pp22-23,data/leg_muscle_actions.csv,前脚筋地図と現型注釈による作用対応。T2/T3は分節間相同を含む。個別生理は未測定。,not_measured,1362,11814,"[{""bodyId"": ""800263"", ""type"": ""IN20A.22A001"", ""superclass"": ""vnc_intrinsic"", ""weight"": 368}, {""bodyId"": ""800095"", ""type"": ""IN20A.22A001"", ""superclass"": ""vnc_intrinsic"", ""weight"": 365}, {""bodyId"": ""800188"", ""type"": ""IN19A010"", ""superclass"": ""vnc_intrinsic"", ""weight"": 301}]"
male-cns:v1.0,800875,MNad33,MNad33_L,腹部筋群,ad,vnc_motor,L,A1,AbN2,Reviewed,unassigned,,腹部/尾端注釈のみ。具体的筋/作用未同定,annotation_only,MANC;BANC26,data/nonleg_muscle_evidence.csv,型名/出神経のみから具体的筋や作用を推定しない。,not_measured,378,3828,"[{""bodyId"": ""905068"", ""type"": ""IN19A036"", ""superclass"": ""vnc_intrinsic"", ""weight"": 213}, {""bodyId"": ""802390"", ""type"": ""IN02A010"", ""superclass"": ""vnc_intrinsic"", ""weight"": 160}, {""bodyId"": ""803406"", ""type"": ""IN06A025"", ""superclass"": ""vnc_intrinsic"", ""weight"": 108}]"
male-cns:v1.0,800890,DLMn c-f,DLMn c-f_L,翅・胸部筋群,wm,vnc_motor,L,T1,PDMNa,Reviewed,DLM fibres c-f,,間接飛翔動力筋・翅下降。非同期伸張活性化の動力を調節,exact_type_label_bridge,AZE24;HUR23,data/nonleg_muscle_evidence.csv,"DLMn a,bは筋2線維を支配する1MN/側。DLMn c-fは4MN/側。論文MN1-5と個別一対一へ再番号付けしない。soma側と筋側は反対になり得る。",not_measured,881,10451,"[{""bodyId"": ""802531"", ""type"": ""IN19B043"", ""superclass"": ""vnc_intrinsic"", ""weight"": 186}, {""bodyId"": ""803023"", ""type"": ""IN19B043"", ""superclass"": ""vnc_intrinsic"", ""weight"": 173}, {""bodyId"": ""804556"", ""type"": ""IN19B043"", ""superclass"": ""vnc_intrinsic"", ""weight"": 161}]"
male-cns:v1.0,800899,tp2 MN,tp2 MN_R,翅・胸部筋群,wm,vnc_motor,R,T2,ADMN,Reviewed,tergopleural tp2,,胸郭張力/剛性などを変える間接制御・張力筋。動力筋DLM/DVMと区別,exact_type_label_bridge,MANC;AZE24,data/nonleg_muscle_evidence.csv,文献の機能標本とMaleCNSは別個体。型名対応のみで生理を同定しない。,not_measured,863,9148,"[{""bodyId"": ""802207"", ""type"": ""IN05B037"", ""superclass"": ""vnc_intrinsic"", ""weight"": 192}, {""bodyId"": ""812649"", ""type"": ""IN03B052"", ""superclass"": ""vnc_intrinsic"", ""weight"": 161}, {""bodyId"": ""810386"", ""type"": ""IN11B015"", ""superclass"": ""vnc_intrinsic"", ""weight"": 149}]"
male-cns:v1.0,800906,hg4 MN,hg4 MN_R,翅・胸部筋群,wm,vnc_motor,R,T2,MesoAN,Reviewed,fourth axillary hg4 / iv4,,翅基部硬節を介する直接操舵。単一の固定yaw/pitch/roll作用は今回割り当てない,exact_type_label_bridge,MANC;AZE24;EHR23,data/nonleg_muscle_evidence.csv,文献の機能標本とMaleCNSは別個体。型名対応のみで生理を同定しない。,not_measured,1227,13036,"[{""bodyId"": ""809414"", ""type"": ""IN06A040"", ""superclass"": ""vnc_intrinsic"", ""weight"": 309}, {""bodyId"": ""803760"", ""type"": ""IN03A011"", ""superclass"": ""vnc_intrinsic"", ""weight"": 263}, {""bodyId"": ""800752"", ""type"": ""IN19B008"", ""superclass"": ""vnc_intrinsic"", ""weight"": 229}]"
male-cns:v1.0,800911,Ti extensor MN,Ti extensor MN_L,中脚筋群,ml,vnc_motor,L,T2,MesoLN,Reviewed,Ti extensor MN,femur-tibia,extension,anatomical_action_inferred,Azevedo 2024 Appendix A1 p3; A11 p31,data/leg_muscle_actions.csv,前脚筋地図と現型注釈による作用対応。T2/T3は分節間相同を含む。個別生理は未測定。,not_measured,679,8767,"[{""bodyId"": ""800259"", ""type"": ""IN19A005"", ""superclass"": ""vnc_intrinsic"", ""weight"": 461}, {""bodyId"": ""801239"", ""type"": ""IN13A006"", ""superclass"": ""vnc_intrinsic"", ""weight"": 426}, {""bodyId"": ""800239"", ""type"": ""IN08A007"", ""superclass"": ""vnc_intrinsic"", ""weight"": 314}]"
male-cns:v1.0,800917,hg1 MN,hg1 MN_R,翅・胸部筋群,wm,vnc_motor,R,T2,ADMN,Roughly traced,fourth axillary hg1 / iv1,,翅基部硬節を介する直接操舵。単一の固定yaw/pitch/roll作用は今回割り当てない,exact_type_label_bridge,MANC;AZE24;EHR23,data/nonleg_muscle_evidence.csv,文献の機能標本とMaleCNSは別個体。型名対応のみで生理を同定しない。,not_measured,1289,16980,"[{""bodyId"": ""800752"", ""type"": ""IN19B008"", ""superclass"": ""vnc_intrinsic"", ""weight"": 384}, {""bodyId"": ""800397"", ""type"": ""IN11B004"", ""superclass"": ""vnc_intrinsic"", ""weight"": 346}, {""bodyId"": ""800496"", ""type"": ""IN11B004"", ""superclass"": ""vnc_intrinsic"", ""weight"": 312}]"
male-cns:v1.0,800928,ps1 MN,ps1 MN_L,翅・胸部筋群,wm,vnc_motor,L,T2,MesoAN,Reviewed,pleurosternal ps1,,胸郭張力/剛性などを変える間接制御・張力筋。動力筋DLM/DVMと区別,exact_type_label_bridge,MANC;AZE24,data/nonleg_muscle_evidence.csv,文献の機能標本とMaleCNSは別個体。型名対応のみで生理を同定しない。,not_measured,1047,16810,"[{""bodyId"": ""801189"", ""type"": ""IN06B013"", ""superclass"": ""vnc_intrinsic"", ""weight"": 323}, {""bodyId"": ""800842"", ""type"": ""IN13A013"", ""superclass"": ""vnc_intrinsic"", ""weight"": 242}, {""bodyId"": ""801994"", ""type"": ""vMS12_b"", ""superclass"": ""vnc_intrinsic"", ""weight"": 242}]"
male-cns:v1.0,800962,Sternal posterior rotator MN,Sternal posterior rotator MN_R,中脚筋群,ml,vnc_motor,R,T2,MesoLN,Reviewed,Sternal posterior rotator MN,thorax-coxa,coxa_posterior_movement_or_axial_rotation,anatomical_action_inferred,Azevedo 2024 Appendix A1 p3; A4 pp18-19,data/leg_muscle_actions.csv,前脚筋地図と現型注釈による作用対応。T2/T3は分節間相同を含む。個別生理は未測定。,not_measured,586,6946,"[{""bodyId"": ""800687"", ""type"": ""IN19A003"", ""superclass"": ""vnc_intrinsic"", ""weight"": 332}, {""bodyId"": ""801747"", ""type"": ""IN19A013"", ""superclass"": ""vnc_intrinsic"", ""weight"": 244}, {""bodyId"": ""800452"", ""type"": ""IN19A016"", ""superclass"": ""vnc_intrinsic"", ""weight"": 224}]"
male-cns:v1.0,801020,MNad20,MNad20_L,腹部筋群,ad,vnc_motor,L,A9,AbNT,Reviewed,unassigned,,腹部/尾端注釈のみ。具体的筋/作用未同定,annotation_only,MANC;BANC26,data/nonleg_muscle_evidence.csv,型名/出神経のみから具体的筋や作用を推定しない。,not_measured,371,5125,"[{""bodyId"": ""903171"", ""type"": ""INXXX228"", ""superclass"": ""vnc_intrinsic"", ""weight"": 235}, {""bodyId"": ""902502"", ""type"": ""INXXX181"", ""superclass"": ""vnc_intrinsic"", ""weight"": 160}, {""bodyId"": ""801390"", ""type"": ""INXXX181"", ""superclass"": ""vnc_intrinsic"", ""weight"": 157}]"
male-cns:v1.0,801021,hg3 MN,hg3 MN_L,翅・胸部筋群,wm,vnc_motor,L,T2,ADMN,Reviewed,fourth axillary hg3 / iv3,,翅基部硬節を介する直接操舵。単一の固定yaw/pitch/roll作用は今回割り当てない,exact_type_label_bridge,MANC;AZE24;EHR23,data/nonleg_muscle_evidence.csv,文献の機能標本とMaleCNSは別個体。型名対応のみで生理を同定しない。,not_measured,1065,15799,"[{""bodyId"": ""802916"", ""type"": ""IN03A011"", ""superclass"": ""vnc_intrinsic"", ""weight"": 494}, {""bodyId"": ""801028"", ""type"": ""IN19B007"", ""superclass"": ""vnc_intrinsic"", ""weight"": 322}, {""bodyId"": ""804532"", ""type"": ""IN06B047"", ""superclass"": ""vnc_intrinsic"", ""weight"": 274}]"
male-cns:v1.0,801057,Tr flexor MN,Tr flexor MN_R,中脚筋群,ml,vnc_motor,R,T2,MesoLN,Reviewed,Tr flexor MN,coxa-trochanter,flexion,anatomical_action_inferred,Azevedo 2024 Appendix A1 p3; A7-A8 pp24-26,data/leg_muscle_actions.csv,前脚筋地図と現型注釈による作用対応。T2/T3は分節間相同を含む。個別生理は未測定。,not_measured,867,11615,"[{""bodyId"": ""800304"", ""type"": ""IN19A008"", ""superclass"": ""vnc_intrinsic"", ""weight"": 614}, {""bodyId"": ""801032"", ""type"": ""IN21A015"", ""superclass"": ""vnc_intrinsic"", ""weight"": 500}, {""bodyId"": ""904743"", ""type"": ""IN21A010"", ""superclass"": ""vnc_intrinsic"", ""weight"": 489}]"
male-cns:v1.0,801058,Tr flexor MN,Tr flexor MN_R,中脚筋群,ml,vnc_motor,R,T2,MesoLN,Reviewed,Tr flexor MN,coxa-trochanter,flexion,anatomical_action_inferred,Azevedo 2024 Appendix A1 p3; A7-A8 pp24-26,data/leg_muscle_actions.csv,前脚筋地図と現型注釈による作用対応。T2/T3は分節間相同を含む。個別生理は未測定。 旧MANC標的とのラベル差あり。legs/legacy_target_differences.csv参照。,not_measured,976,12327,"[{""bodyId"": ""800304"", ""type"": ""IN19A008"", ""superclass"": ""vnc_intrinsic"", ""weight"": 725}, {""bodyId"": ""800583"", ""type"": ""IN19B012"", ""superclass"": ""vnc_intrinsic"", ""weight"": 591}, {""bodyId"": ""904743"", ""type"": ""IN21A010"", ""superclass"": ""vnc_intrinsic"", ""weight"": 558}]"
male-cns:v1.0,801079,Sternotrochanter MN,Sternotrochanter MN_R,前脚筋群,fl,vnc_motor,R,T1,VProN,Reviewed,Sternotrochanter MN,coxa-trochanter,extension,anatomical_action_inferred,Azevedo 2024 Appendix A1 p3; A6 pp22-23,data/leg_muscle_actions.csv,前脚筋地図と現型注釈による作用対応。T2/T3は分節間相同を含む。個別生理は未測定。 旧MANC標的とのラベル差あり。legs/legacy_target_differences.csv参照。,not_measured,1291,9949,"[{""bodyId"": ""801283"", ""type"": ""IN16B020"", ""superclass"": ""vnc_intrinsic"", ""weight"": 270}, {""bodyId"": ""30777"", ""type"": ""AN19B004"", ""superclass"": ""ascending_neuron"", ""weight"": 257}, {""bodyId"": ""907751"", ""type"": ""IN20A.22A001"", ""superclass"": ""vnc_intrinsic"", ""weight"": 229}]"
male-cns:v1.0,801090,Sternotrochanter MN,Sternotrochanter MN_R,後脚筋群,hl,vnc_motor,R,T3,MetaLN,Reviewed,Sternotrochanter MN,coxa-trochanter,extension,anatomical_action_inferred,Azevedo 2024 Appendix A1 p3; A6 pp22-23,data/leg_muscle_actions.csv,前脚筋地図と現型注釈による作用対応。T2/T3は分節間相同を含む。個別生理は未測定。,not_measured,1496,14194,"[{""bodyId"": ""801349"", ""type"": ""IN20A.22A001"", ""superclass"": ""vnc_intrinsic"", ""weight"": 408}, {""bodyId"": ""801287"", ""type"": ""IN20A.22A001"", ""superclass"": ""vnc_intrinsic"", ""weight"": 348}, {""bodyId"": ""10124"", ""type"": ""DNg105"", ""superclass"": ""descending_neuron"", ""weight"": 252}]"
male-cns:v1.0,801137,b2 MN,b2 MN_L,翅・胸部筋群,wm,vnc_motor,L,T2,ADMN,Reviewed,basalar b2,,両側操作でbody pitch torque/前方stroke角を変える。慢性抑制はpitch PI模型の比例利得を低下,exact_type_label_bridge,MANC;AZE24;WHI22,data/nonleg_muscle_evidence.csv,文献の機能標本とMaleCNSは別個体。型名対応のみで生理を同定しない。,not_measured,1100,15577,"[{""bodyId"": ""803869"", ""type"": ""INXXX138"", ""superclass"": ""vnc_intrinsic"", ""weight"": 287}, {""bodyId"": ""805405"", ""type"": ""IN17A033"", ""superclass"": ""vnc_intrinsic"", ""weight"": 270}, {""bodyId"": ""803126"", ""type"": ""IN17A034"", ""superclass"": ""vnc_intrinsic"", ""weight"": 237}]"
male-cns:v1.0,801148,Sternotrochanter MN,Sternotrochanter MN_R,後脚筋群,hl,vnc_motor,R,T3,MetaLN,Reviewed,Sternotrochanter MN,coxa-trochanter,extension,anatomical_action_inferred,Azevedo 2024 Appendix A1 p3; A6 pp22-23,data/leg_muscle_actions.csv,前脚筋地図と現型注釈による作用対応。T2/T3は分節間相同を含む。個別生理は未測定。,not_measured,1507,16269,"[{""bodyId"": ""801349"", ""type"": ""IN20A.22A001"", ""superclass"": ""vnc_intrinsic"", ""weight"": 479}, {""bodyId"": ""801287"", ""type"": ""IN20A.22A001"", ""superclass"": ""vnc_intrinsic"", ""weight"": 418}, {""bodyId"": ""805439"", ""type"": ""IN19A010"", ""superclass"": ""vnc_intrinsic"", ""weight"": 341}]"
male-cns:v1.0,801158,MNad64,MNad64_R,腹部筋群,ad,vnc_motor,R,A9,AbNT,Reviewed,unassigned,,腹部/尾端注釈のみ。具体的筋/作用未同定,annotation_only,MANC;BANC26,data/nonleg_muscle_evidence.csv,型名/出神経のみから具体的筋や作用を推定しない。,not_measured,786,11351,"[{""bodyId"": ""902699"", ""type"": ""INXXX052"", ""superclass"": ""vnc_intrinsic"", ""weight"": 589}, {""bodyId"": ""800359"", ""type"": ""INXXX052"", ""superclass"": ""vnc_intrinsic"", ""weight"": 574}, {""bodyId"": ""802396"", ""type"": ""IN18B033"", ""superclass"": ""vnc_intrinsic"", ""weight"": 500}]"
male-cns:v1.0,801173,Tergopleural/Pleural promotor MN,Tergopleural/Pleural promotor MN_L,前脚筋群,fl,vnc_motor,L,T1,DProN,Reviewed,Tergopleural/Pleural promotor MN,thorax-coxa,coxa_anterior_movement,anatomical_action_inferred,Azevedo 2024 Appendix A1 p2; A2 pp15-16,data/leg_muscle_actions.csv,前脚筋地図と現型注釈による作用対応。T2/T3は分節間相同を含む。個別生理は未測定。,not_measured,1245,11822,"[{""bodyId"": ""22931"", ""type"": ""ANXXX006"", ""superclass"": ""ascending_neuron"", ""weight"": 239}, {""bodyId"": ""803611"", ""type"": ""IN16B034"", ""superclass"": ""vnc_intrinsic"", ""weight"": 227}, {""bodyId"": ""800527"", ""type"": ""IN19A005"", ""superclass"": ""vnc_intrinsic"", ""weight"": 190}]"
male-cns:v1.0,801185,tpn MN,tpn MN_L,翅・胸部筋群,wm,vnc_motor,L,T2,ADMN,Reviewed,tergopleural tpn,,胸郭張力/剛性などを変える間接制御・張力筋。動力筋DLM/DVMと区別,exact_type_label_bridge,MANC;AZE24,data/nonleg_muscle_evidence.csv,文献の機能標本とMaleCNSは別個体。型名対応のみで生理を同定しない。,not_measured,752,10296,"[{""bodyId"": ""906956"", ""type"": ""IN02A010"", ""superclass"": ""vnc_intrinsic"", ""weight"": 665}, {""bodyId"": ""801571"", ""type"": ""IN01A017"", ""superclass"": ""vnc_intrinsic"", ""weight"": 460}, {""bodyId"": ""802603"", ""type"": ""IN02A010"", ""superclass"": ""vnc_intrinsic"", ""weight"": 390}]"
male-cns:v1.0,801220,i1 MN,i1 MN_L,翅・胸部筋群,wm,vnc_motor,L,T2,ADMN,Roughly traced,first axillary i1,,翅基部硬節を介する直接操舵。単一の固定yaw/pitch/roll作用は今回割り当てない,exact_type_label_bridge,MANC;AZE24;EHR23,data/nonleg_muscle_evidence.csv,文献の機能標本とMaleCNSは別個体。型名対応のみで生理を同定しない。,not_measured,1184,14767,"[{""bodyId"": ""803683"", ""type"": ""IN06A003"", ""superclass"": ""vnc_intrinsic"", ""weight"": 317}, {""bodyId"": ""806277"", ""type"": ""IN08B051_d"", ""superclass"": ""vnc_intrinsic"", ""weight"": 203}, {""bodyId"": ""932493"", ""type"": ""IN08B003"", ""superclass"": ""vnc_intrinsic"", ""weight"": 199}]"
male-cns:v1.0,801234,Ti extensor MN,Ti extensor MN_L,中脚筋群,ml,vnc_motor,L,T2,MesoLN,Reviewed,Ti extensor MN,femur-tibia,extension,anatomical_action_inferred,Azevedo 2024 Appendix A1 p3; A11 p31,data/leg_muscle_actions.csv,前脚筋地図と現型注釈による作用対応。T2/T3は分節間相同を含む。個別生理は未測定。,not_measured,815,9303,"[{""bodyId"": ""800259"", ""type"": ""IN19A005"", ""superclass"": ""vnc_intrinsic"", ""weight"": 417}, {""bodyId"": ""800239"", ""type"": ""IN08A007"", ""superclass"": ""vnc_intrinsic"", ""weight"": 258}, {""bodyId"": ""800707"", ""type"": ""IN08A005"", ""superclass"": ""vnc_intrinsic"", ""weight"": 225}]"
male-cns:v1.0,801267,MNhl02,MNhl02_R,後脚筋群,hl,vnc_motor,R,T3,AbN1,Reviewed,,unknown,unknown,muscle_unresolved,no_named_muscle_type,data/leg_muscle_actions.csv,前脚筋地図と現型注釈による作用対応。T2/T3は分節間相同を含む。個別生理は未測定。 旧MANC標的とのラベル差あり。legs/legacy_target_differences.csv参照。,not_measured,1277,13359,"[{""bodyId"": ""801349"", ""type"": ""IN20A.22A001"", ""superclass"": ""vnc_intrinsic"", ""weight"": 352}, {""bodyId"": ""801287"", ""type"": ""IN20A.22A001"", ""superclass"": ""vnc_intrinsic"", ""weight"": 265}, {""bodyId"": ""903264"", ""type"": ""IN12B012"", ""superclass"": ""vnc_intrinsic"", ""weight"": 250}]"
male-cns:v1.0,801292,b3 MN,b3 MN_L,翅・胸部筋群,wm,vnc_motor,L,T2,ADMN,Reviewed,basalar b3,,翅基部硬節を介する直接操舵。単一の固定yaw/pitch/roll作用は今回割り当てない,exact_type_label_bridge,MANC;AZE24;EHR23,data/nonleg_muscle_evidence.csv,文献の機能標本とMaleCNSは別個体。型名対応のみで生理を同定しない。,not_measured,964,12143,"[{""bodyId"": ""803683"", ""type"": ""IN06A003"", ""superclass"": ""vnc_intrinsic"", ""weight"": 423}, {""bodyId"": ""902554"", ""type"": ""IN06A003"", ""superclass"": ""vnc_intrinsic"", ""weight"": 302}, {""bodyId"": ""804540"", ""type"": ""IN19A026"", ""superclass"": ""vnc_intrinsic"", ""weight"": 294}]"
male-cns:v1.0,801295,"DLMn a, b","DLMn a, b_R",翅・胸部筋群,wm,vnc_motor,R,T2,PDMNa,Reviewed,"DLM fibres a,b",,間接飛翔動力筋・翅下降。非同期伸張活性化の動力を調節,exact_type_label_bridge,AZE24;HUR23,data/nonleg_muscle_evidence.csv,"DLMn a,bは筋2線維を支配する1MN/側。DLMn c-fは4MN/側。論文MN1-5と個別一対一へ再番号付けしない。soma側と筋側は反対になり得る。",not_measured,897,11260,"[{""bodyId"": ""802531"", ""type"": ""IN19B043"", ""superclass"": ""vnc_intrinsic"", ""weight"": 168}, {""bodyId"": ""805803"", ""type"": ""IN07B047"", ""superclass"": ""vnc_intrinsic"", ""weight"": 147}, {""bodyId"": ""807642"", ""type"": ""IN17A071,IN17A081"", ""superclass"": ""vnc_intrinsic"", ""weight"": 143}]"
male-cns:v1.0,801304,MNad42,MNad42_L,腹部筋群,ad,vnc_motor,L,A1,AbN2,Reviewed,unassigned,,腹部/尾端注釈のみ。具体的筋/作用未同定,annotation_only,MANC;BANC26,data/nonleg_muscle_evidence.csv,型名/出神経のみから具体的筋や作用を推定しない。,not_measured,740,10555,"[{""bodyId"": ""802654"", ""type"": ""INXXX287"", ""superclass"": ""vnc_intrinsic"", ""weight"": 544}, {""bodyId"": ""802960"", ""type"": ""INXXX179"", ""superclass"": ""vnc_intrinsic"", ""weight"": 510}, {""bodyId"": ""802613"", ""type"": ""IN19A026"", ""superclass"": ""vnc_intrinsic"", ""weight"": 369}]"
male-cns:v1.0,801310,b1 MN,b1 MN_L,翅・胸部筋群,wm,vnc_motor,L,T2,ADMN,Reviewed,basalar b1,,両側操作でbody pitch torque/前方stroke角を変える。慢性抑制はpitch PI模型の積分利得を低下,exact_type_label_bridge,MANC;AZE24;WHI22,data/nonleg_muscle_evidence.csv,文献の機能標本とMaleCNSは別個体。型名対応のみで生理を同定しない。,not_measured,950,13213,"[{""bodyId"": ""803658"", ""type"": ""IN17A039"", ""superclass"": ""vnc_intrinsic"", ""weight"": 241}, {""bodyId"": ""805129"", ""type"": ""IN17A049"", ""superclass"": ""vnc_intrinsic"", ""weight"": 232}, {""bodyId"": ""803831"", ""type"": ""IN17A027"", ""superclass"": ""vnc_intrinsic"", ""weight"": 228}]"
male-cns:v1.0,801319,MNnm13,MNnm13_L,頸筋群,nm,vnc_motor,L,T1,DProN,Reviewed,unassigned,,頸部注釈のみ。具体的筋/作用未同定,annotation_only,GOR24;BANC26,data/nonleg_muscle_evidence.csv,型名/出神経のみから具体的筋や作用を推定しない。,not_measured,577,8469,"[{""bodyId"": ""514489"", ""type"": ""DNg49"", ""superclass"": ""descending_neuron"", ""weight"": 533}, {""bodyId"": ""12485"", ""type"": ""DNge125"", ""superclass"": ""descending_neuron"", ""weight"": 530}, {""bodyId"": ""13096"", ""type"": ""DNge018"", ""superclass"": ""descending_neuron"", ""weight"": 222}]"
male-cns:v1.0,801335,MNhl59,MNhl59_R,後脚筋群,hl,vnc_motor,R,T3,MetaLN,Reviewed,,unknown,unknown,muscle_unresolved,no_named_muscle_type,data/leg_muscle_actions.csv,前脚筋地図と現型注釈による作用対応。T2/T3は分節間相同を含む。個別生理は未測定。 旧MANC標的とのラベル差あり。legs/legacy_target_differences.csv参照。,not_measured,945,8531,"[{""bodyId"": ""804997"", ""type"": ""IN06A043"", ""superclass"": ""vnc_intrinsic"", ""weight"": 340}, {""bodyId"": ""804353"", ""type"": ""IN06A043"", ""superclass"": ""vnc_intrinsic"", ""weight"": 314}, {""bodyId"": ""803533"", ""type"": ""IN03B042"", ""superclass"": ""vnc_intrinsic"", ""weight"": 178}]"
male-cns:v1.0,801350,b2 MN,b2 MN_R,翅・胸部筋群,wm,vnc_motor,R,T2,ADMN,Reviewed,basalar b2,,両側操作でbody pitch torque/前方stroke角を変える。慢性抑制はpitch PI模型の比例利得を低下,exact_type_label_bridge,MANC;AZE24;WHI22,data/nonleg_muscle_evidence.csv,文献の機能標本とMaleCNSは別個体。型名対応のみで生理を同定しない。,not_measured,1320,13739,"[{""bodyId"": ""806046"", ""type"": ""IN17A033"", ""superclass"": ""vnc_intrinsic"", ""weight"": 201}, {""bodyId"": ""805264"", ""type"": ""IN17A034"", ""superclass"": ""vnc_intrinsic"", ""weight"": 191}, {""bodyId"": ""800752"", ""type"": ""IN19B008"", ""superclass"": ""vnc_intrinsic"", ""weight"": 190}]"
male-cns:v1.0,801362,MNad41,MNad41_R,腹部筋群,ad,vnc_motor,R,A1,AbN2,Reviewed,unassigned,,腹部/尾端注釈のみ。具体的筋/作用未同定,annotation_only,MANC;BANC26,data/nonleg_muscle_evidence.csv,型名/出神経のみから具体的筋や作用を推定しない。,not_measured,581,9575,"[{""bodyId"": ""800965"", ""type"": ""INXXX287"", ""superclass"": ""vnc_intrinsic"", ""weight"": 516}, {""bodyId"": ""802312"", ""type"": ""INXXX179"", ""superclass"": ""vnc_intrinsic"", ""weight"": 457}, {""bodyId"": ""806899"", ""type"": ""IN06B073"", ""superclass"": ""vnc_intrinsic"", ""weight"": 303}]"
male-cns:v1.0,801375,Sternotrochanter MN,Sternotrochanter MN_R,後脚筋群,hl,vnc_motor,R,T3,MetaLN,Reviewed,Sternotrochanter MN,coxa-trochanter,extension,anatomical_action_inferred,Azevedo 2024 Appendix A1 p3; A6 pp22-23,data/leg_muscle_actions.csv,前脚筋地図と現型注釈による作用対応。T2/T3は分節間相同を含む。個別生理は未測定。,not_measured,1356,11981,"[{""bodyId"": ""903903"", ""type"": ""IN16B020"", ""superclass"": ""vnc_intrinsic"", ""weight"": 270}, {""bodyId"": ""805439"", ""type"": ""IN19A010"", ""superclass"": ""vnc_intrinsic"", ""weight"": 250}, {""bodyId"": ""801349"", ""type"": ""IN20A.22A001"", ""superclass"": ""vnc_intrinsic"", ""weight"": 236}]"
male-cns:v1.0,801391,STTMm,STTMm_R,翅・胸部筋群,wm,vnc_motor,R,T2,PDMNp,Reviewed,small TTM-associated MN; TTM or intracoxal muscles 67/68 candidate,,未確定：TTM/基節内のdepressor・levator候補,candidate,AZE24,data/nonleg_muscle_evidence.csv,小型2MN/側は筋作用未確定。主TTMnの跳躍作用を転記しない。,not_measured,859,7957,"[{""bodyId"": ""800466"", ""type"": ""IN20A.22A001"", ""superclass"": ""vnc_intrinsic"", ""weight"": 253}, {""bodyId"": ""800389"", ""type"": ""IN13A001"", ""superclass"": ""vnc_intrinsic"", ""weight"": 243}, {""bodyId"": ""800546"", ""type"": ""IN13A009"", ""superclass"": ""vnc_intrinsic"", ""weight"": 223}]"
male-cns:v1.0,801394,MNad67,MNad67_R,腹部筋群,ad,vnc_motor,R,A8,AbNT,Reviewed,unassigned,,腹部/尾端注釈のみ。具体的筋/作用未同定,annotation_only,MANC;BANC26,data/nonleg_muscle_evidence.csv,型名/出神経のみから具体的筋や作用を推定しない。,not_measured,788,8205,"[{""bodyId"": ""803353"", ""type"": ""INXXX228"", ""superclass"": ""vnc_intrinsic"", ""weight"": 169}, {""bodyId"": ""801016"", ""type"": ""INXXX246"", ""superclass"": ""vnc_intrinsic"", ""weight"": 156}, {""bodyId"": ""802528"", ""type"": ""INXXX297"", ""superclass"": ""vnc_intrinsic"", ""weight"": 155}]"
male-cns:v1.0,801434,MNad19,MNad19_L,腹部筋群,ad,vnc_motor,L,A4,AbN4,Reviewed,unassigned,,腹部/尾端注釈のみ。具体的筋/作用未同定,annotation_only,MANC;BANC26,data/nonleg_muscle_evidence.csv,型名/出神経のみから具体的筋や作用を推定しない。,not_measured,712,12221,"[{""bodyId"": ""804424"", ""type"": ""INXXX287"", ""superclass"": ""vnc_intrinsic"", ""weight"": 307}, {""bodyId"": ""803060"", ""type"": ""IN01A045"", ""superclass"": ""vnc_intrinsic"", ""weight"": 245}, {""bodyId"": ""800695"", ""type"": ""IN01A045"", ""superclass"": ""vnc_intrinsic"", ""weight"": 225}]"
male-cns:v1.0,801469,Sternal anterior rotator MN,Sternal anterior rotator MN_R,前脚筋群,fl,vnc_motor,R,T1,VProN,Reviewed,Sternal anterior rotator MN,thorax-coxa,coxa_anterior_movement,anatomical_action_inferred,Azevedo 2024 Appendix A1 p3; A3 p17,data/leg_muscle_actions.csv,前脚筋地図と現型注釈による作用対応。T2/T3は分節間相同を含む。個別生理は未測定。,not_measured,1188,11040,"[{""bodyId"": ""800347"", ""type"": ""IN21A001"", ""superclass"": ""vnc_intrinsic"", ""weight"": 644}, {""bodyId"": ""522975"", ""type"": ""ANXXX006"", ""superclass"": ""ascending_neuron"", ""weight"": 452}, {""bodyId"": ""801437"", ""type"": ""IN08A006"", ""superclass"": ""vnc_intrinsic"", ""weight"": 442}]"
male-cns:v1.0,801477,MNml81,MNml81_R,中脚筋群,ml,vnc_motor,R,T2,MesoLN,Reviewed,,unknown,unknown,muscle_unresolved,no_named_muscle_type,data/leg_muscle_actions.csv,前脚筋地図と現型注釈による作用対応。T2/T3は分節間相同を含む。個別生理は未測定。 旧MANC標的とのラベル差あり。legs/legacy_target_differences.csv参照。,not_measured,522,4594,"[{""bodyId"": ""902439"", ""type"": ""IN03A007"", ""superclass"": ""vnc_intrinsic"", ""weight"": 185}, {""bodyId"": ""801876"", ""type"": ""IN14A009"", ""superclass"": ""vnc_intrinsic"", ""weight"": 161}, {""bodyId"": ""801698"", ""type"": ""IN19A024"", ""superclass"": ""vnc_intrinsic"", ""weight"": 120}]"
male-cns:v1.0,801491,MNad19,MNad19_R,腹部筋群,ad,vnc_motor,R,A5,AbN4,Reviewed,unassigned,,腹部/尾端注釈のみ。具体的筋/作用未同定,annotation_only,MANC;BANC26,data/nonleg_muscle_evidence.csv,型名/出神経のみから具体的筋や作用を推定しない。,not_measured,653,9657,"[{""bodyId"": ""902502"", ""type"": ""INXXX181"", ""superclass"": ""vnc_intrinsic"", ""weight"": 220}, {""bodyId"": ""804261"", ""type"": ""INXXX301"", ""superclass"": ""vnc_intrinsic"", ""weight"": 182}, {""bodyId"": ""804060"", ""type"": ""INXXX301"", ""superclass"": ""vnc_intrinsic"", ""weight"": 173}]"
male-cns:v1.0,801492,Sternal posterior rotator MN,Sternal posterior rotator MN_L,後脚筋群,hl,vnc_motor,L,T3,MetaLN,Reviewed,Sternal posterior rotator MN,thorax-coxa,coxa_posterior_movement_or_axial_rotation,anatomical_action_inferred,Azevedo 2024 Appendix A1 p3; A4 pp18-19,data/leg_muscle_actions.csv,前脚筋地図と現型注釈による作用対応。T2/T3は分節間相同を含む。個別生理は未測定。 旧MANC標的とのラベル差あり。legs/legacy_target_differences.csv参照。,not_measured,861,9901,"[{""bodyId"": ""800622"", ""type"": ""IN19A003"", ""superclass"": ""vnc_intrinsic"", ""weight"": 393}, {""bodyId"": ""905078"", ""type"": ""IN21A012"", ""superclass"": ""vnc_intrinsic"", ""weight"": 332}, {""bodyId"": ""802896"", ""type"": ""IN19A022"", ""superclass"": ""vnc_intrinsic"", ""weight"": 282}]"
male-cns:v1.0,801548,Sternal anterior rotator MN,Sternal anterior rotator MN_L,後脚筋群,hl,vnc_motor,L,T3,MetaLN,Reviewed,Sternal anterior rotator MN,thorax-coxa,coxa_anterior_movement,anatomical_action_inferred,Azevedo 2024 Appendix A1 p3; A3 p17,data/leg_muscle_actions.csv,前脚筋地図と現型注釈による作用対応。T2/T3は分節間相同を含む。個別生理は未測定。,not_measured,1239,13369,"[{""bodyId"": ""800613"", ""type"": ""IN21A001"", ""superclass"": ""vnc_intrinsic"", ""weight"": 819}, {""bodyId"": ""802416"", ""type"": ""IN21A013"", ""superclass"": ""vnc_intrinsic"", ""weight"": 414}, {""bodyId"": ""800856"", ""type"": ""IN08A006"", ""superclass"": ""vnc_intrinsic"", ""weight"": 400}]"
male-cns:v1.0,801553,MNad05,MNad05_R,腹部筋群,ad,vnc_motor,R,A2,AbN4,Reviewed,unassigned,,腹部/尾端注釈のみ。具体的筋/作用未同定,annotation_only,MANC;BANC26,data/nonleg_muscle_evidence.csv,型名/出神経のみから具体的筋や作用を推定しない。,not_measured,402,3929,"[{""bodyId"": ""804793"", ""type"": ""IN06A063"", ""superclass"": ""vnc_intrinsic"", ""weight"": 211}, {""bodyId"": ""802623"", ""type"": ""INXXX287"", ""superclass"": ""vnc_intrinsic"", ""weight"": 131}, {""bodyId"": ""802716"", ""type"": ""IN05B041"", ""superclass"": ""vnc_intrinsic"", ""weight"": 98}]"
male-cns:v1.0,801637,Acc. ti flexor MN,Acc. ti flexor MN_R,後脚筋群,hl,vnc_motor,R,T3,MetaLN,Reviewed,Acc. ti flexor MN,femur-tibia,flexion,anatomical_action_inferred,Azevedo 2024 Appendix A1 pp3-4; A13-A14 pp34-37,data/leg_muscle_actions.csv,前脚筋地図と現型注釈による作用対応。T2/T3は分節間相同を含む。個別生理は未測定。 旧MANC標的とのラベル差あり。legs/legacy_target_differences.csv参照。,not_measured,223,826,"[{""bodyId"": ""800345"", ""type"": ""IN16B016"", ""superclass"": ""vnc_intrinsic"", ""weight"": 36}, {""bodyId"": ""800976"", ""type"": ""IN21A002"", ""superclass"": ""vnc_intrinsic"", ""weight"": 33}, {""bodyId"": ""800716"", ""type"": ""IN09A002"", ""superclass"": ""vnc_intrinsic"", ""weight"": 31}]"
male-cns:v1.0,801678,ADNM1 MN,ADNM1 MN_R,頸筋群,nm,vnc_motor,R,T1,CvN,Roughly traced,TH1 candidate via CvNA1,,頸部作用候補。Gorko CvNA1/2はVNC由来で横走水平筋を支配,cross_nomenclature_unverified,GOR24,data/nonleg_muscle_evidence.csv,ADNMとCvNAの直接同義対応を今回は未検証。筋を確定欄に転記しない。,not_measured,595,7834,"[{""bodyId"": ""12787"", ""type"": ""DNge033"", ""superclass"": ""descending_neuron"", ""weight"": 432}, {""bodyId"": ""519896"", ""type"": ""DNa06"", ""superclass"": ""descending_neuron"", ""weight"": 213}, {""bodyId"": ""13638"", ""type"": ""DNge002"", ""superclass"": ""descending_neuron"", ""weight"": 204}]"
male-cns:v1.0,801685,Sternotrochanter MN,Sternotrochanter MN_L,前脚筋群,fl,vnc_motor,L,T1,VProN,Reviewed,Sternotrochanter MN,coxa-trochanter,extension,anatomical_action_inferred,Azevedo 2024 Appendix A1 p3; A6 pp22-23,data/leg_muscle_actions.csv,前脚筋地図と現型注釈による作用対応。T2/T3は分節間相同を含む。個別生理は未測定。,not_measured,795,5697,"[{""bodyId"": ""904280"", ""type"": ""IN16B020"", ""superclass"": ""vnc_intrinsic"", ""weight"": 136}, {""bodyId"": ""906687"", ""type"": ""IN20A.22A001"", ""superclass"": ""vnc_intrinsic"", ""weight"": 115}, {""bodyId"": ""908754"", ""type"": ""IN20A.22A018"", ""superclass"": ""vnc_intrinsic"", ""weight"": 99}]"
male-cns:v1.0,801693,Fe reductor MN,Fe reductor MN_R,後脚筋群,hl,vnc_motor,R,T3,MetaLN,Reviewed,Fe reductor MN,trochanter-femur,unknown,named_muscle_action_unresolved,Azevedo 2024 Appendix A1 p3; A10 pp29-30,data/leg_muscle_actions.csv,前脚筋地図と現型注釈による作用対応。T2/T3は分節間相同を含む。個別生理は未測定。,not_measured,459,2427,"[{""bodyId"": ""804063"", ""type"": ""IN03A010"", ""superclass"": ""vnc_intrinsic"", ""weight"": 109}, {""bodyId"": ""801380"", ""type"": ""IN21A009"", ""superclass"": ""vnc_intrinsic"", ""weight"": 95}, {""bodyId"": ""801167"", ""type"": ""IN08A022"", ""superclass"": ""vnc_intrinsic"", ""weight"": 59}]"
male-cns:v1.0,801715,Sternal posterior rotator MN,Sternal posterior rotator MN_L,後脚筋群,hl,vnc_motor,L,T3,MetaLN,Reviewed,Sternal posterior rotator MN,thorax-coxa,coxa_posterior_movement_or_axial_rotation,anatomical_action_inferred,Azevedo 2024 Appendix A1 p3; A4 pp18-19,data/leg_muscle_actions.csv,前脚筋地図と現型注釈による作用対応。T2/T3は分節間相同を含む。個別生理は未測定。 旧MANC標的とのラベル差あり。legs/legacy_target_differences.csv参照。,not_measured,994,11111,"[{""bodyId"": ""800622"", ""type"": ""IN19A003"", ""superclass"": ""vnc_intrinsic"", ""weight"": 398}, {""bodyId"": ""905078"", ""type"": ""IN21A012"", ""superclass"": ""vnc_intrinsic"", ""weight"": 340}, {""bodyId"": ""802896"", ""type"": ""IN19A022"", ""superclass"": ""vnc_intrinsic"", ""weight"": 325}]"
male-cns:v1.0,801721,Tr flexor MN,Tr flexor MN_R,後脚筋群,hl,vnc_motor,R,T3,MetaLN,Reviewed,Tr flexor MN,coxa-trochanter,flexion,anatomical_action_inferred,Azevedo 2024 Appendix A1 p3; A7-A8 pp24-26,data/leg_muscle_actions.csv,前脚筋地図と現型注釈による作用対応。T2/T3は分節間相同を含む。個別生理は未測定。,not_measured,297,1768,"[{""bodyId"": ""801575"", ""type"": ""IN16B018"", ""superclass"": ""vnc_intrinsic"", ""weight"": 130}, {""bodyId"": ""801467"", ""type"": ""IN21A015"", ""superclass"": ""vnc_intrinsic"", ""weight"": 125}, {""bodyId"": ""800127"", ""type"": ""IN19A008"", ""superclass"": ""vnc_intrinsic"", ""weight"": 108}]"
male-cns:v1.0,801736,MNhl62,MNhl62_L,後脚筋群,hl,vnc_motor,L,T3,AbN1,Reviewed,,unknown,unknown,muscle_unresolved,no_named_muscle_type,data/leg_muscle_actions.csv,前脚筋地図と現型注釈による作用対応。T2/T3は分節間相同を含む。個別生理は未測定。 旧MANC標的とのラベル差あり。legs/legacy_target_differences.csv参照。,not_measured,1215,11903,"[{""bodyId"": ""800613"", ""type"": ""IN21A001"", ""superclass"": ""vnc_intrinsic"", ""weight"": 532}, {""bodyId"": ""800856"", ""type"": ""IN08A006"", ""superclass"": ""vnc_intrinsic"", ""weight"": 454}, {""bodyId"": ""803196"", ""type"": ""IN17A052"", ""superclass"": ""vnc_intrinsic"", ""weight"": 249}]"
male-cns:v1.0,801761,Sternal posterior rotator MN,Sternal posterior rotator MN_R,中脚筋群,ml,vnc_motor,R,T2,MesoLN,Reviewed,Sternal posterior rotator MN,thorax-coxa,coxa_posterior_movement_or_axial_rotation,anatomical_action_inferred,Azevedo 2024 Appendix A1 p3; A4 pp18-19,data/leg_muscle_actions.csv,前脚筋地図と現型注釈による作用対応。T2/T3は分節間相同を含む。個別生理は未測定。 旧MANC標的とのラベル差あり。legs/legacy_target_differences.csv参照。,not_measured,869,12462,"[{""bodyId"": ""800687"", ""type"": ""IN19A003"", ""superclass"": ""vnc_intrinsic"", ""weight"": 490}, {""bodyId"": ""801747"", ""type"": ""IN19A013"", ""superclass"": ""vnc_intrinsic"", ""weight"": 376}, {""bodyId"": ""801973"", ""type"": ""IN19A022"", ""superclass"": ""vnc_intrinsic"", ""weight"": 351}]"
male-cns:v1.0,801768,Sternal posterior rotator MN,Sternal posterior rotator MN_L,中脚筋群,ml,vnc_motor,L,T2,MesoLN,Reviewed,Sternal posterior rotator MN,thorax-coxa,coxa_posterior_movement_or_axial_rotation,anatomical_action_inferred,Azevedo 2024 Appendix A1 p3; A4 pp18-19,data/leg_muscle_actions.csv,前脚筋地図と現型注釈による作用対応。T2/T3は分節間相同を含む。個別生理は未測定。,not_measured,862,12403,"[{""bodyId"": ""800461"", ""type"": ""IN19A003"", ""superclass"": ""vnc_intrinsic"", ""weight"": 503}, {""bodyId"": ""902427"", ""type"": ""IN19A013"", ""superclass"": ""vnc_intrinsic"", ""weight"": 394}, {""bodyId"": ""801526"", ""type"": ""IN19A022"", ""superclass"": ""vnc_intrinsic"", ""weight"": 389}]"
male-cns:v1.0,801813,Sternal anterior rotator MN,Sternal anterior rotator MN_R,中脚筋群,ml,vnc_motor,R,T2,MesoLN,Reviewed,Sternal anterior rotator MN,thorax-coxa,coxa_anterior_movement,anatomical_action_inferred,Azevedo 2024 Appendix A1 p3; A3 p17,data/leg_muscle_actions.csv,前脚筋地図と現型注釈による作用対応。T2/T3は分節間相同を含む。個別生理は未測定。 旧MANC標的とのラベル差あり。legs/legacy_target_differences.csv参照。 現型はSternal anterior rotator（前方回転）、旧MANC102786はSternal posterior rotator（後方回転）で方向が競合。現在型条件の作用として保持し、どちらが正しいかは未確定。,not_measured,838,9253,"[{""bodyId"": ""800650"", ""type"": ""IN21A001"", ""superclass"": ""vnc_intrinsic"", ""weight"": 548}, {""bodyId"": ""905009"", ""type"": ""IN08A006"", ""superclass"": ""vnc_intrinsic"", ""weight"": 351}, {""bodyId"": ""801838"", ""type"": ""IN16B022"", ""superclass"": ""vnc_intrinsic"", ""weight"": 242}]"
male-cns:v1.0,801815,tpn MN,tpn MN_R,翅・胸部筋群,wm,vnc_motor,R,T2,ADMN,Reviewed,tergopleural tpn,,胸郭張力/剛性などを変える間接制御・張力筋。動力筋DLM/DVMと区別,exact_type_label_bridge,MANC;AZE24,data/nonleg_muscle_evidence.csv,文献の機能標本とMaleCNSは別個体。型名対応のみで生理を同定しない。,not_measured,764,8224,"[{""bodyId"": ""801705"", ""type"": ""IN02A010"", ""superclass"": ""vnc_intrinsic"", ""weight"": 492}, {""bodyId"": ""802662"", ""type"": ""IN02A010"", ""superclass"": ""vnc_intrinsic"", ""weight"": 313}, {""bodyId"": ""803450"", ""type"": ""IN02A010"", ""superclass"": ""vnc_intrinsic"", ""weight"": 311}]"
male-cns:v1.0,801816,DVMn 1a-c,DVMn 1a-c_R,翅・胸部筋群,wm,vnc_motor,R,T2,ADMN,Reviewed,DVM1,,間接飛翔動力筋・翅挙上。非同期伸張活性化でDLMと拮抗,exact_type_label_bridge,AZE24,data/nonleg_muscle_evidence.csv,文献の機能標本とMaleCNSは別個体。型名対応のみで生理を同定しない。,not_measured,700,4497,"[{""bodyId"": ""908780"", ""type"": ""IN11B013"", ""superclass"": ""vnc_intrinsic"", ""weight"": 87}, {""bodyId"": ""908957"", ""type"": ""IN11B013"", ""superclass"": ""vnc_intrinsic"", ""weight"": 74}, {""bodyId"": ""803023"", ""type"": ""IN19B043"", ""superclass"": ""vnc_intrinsic"", ""weight"": 71}]"
male-cns:v1.0,801824,Tergopleural/Pleural promotor MN,Tergopleural/Pleural promotor MN_R,前脚筋群,fl,vnc_motor,R,T1,DProN,Reviewed,Tergopleural/Pleural promotor MN,thorax-coxa,coxa_anterior_movement,anatomical_action_inferred,Azevedo 2024 Appendix A1 p2; A2 pp15-16,data/leg_muscle_actions.csv,前脚筋地図と現型注釈による作用対応。T2/T3は分節間相同を含む。個別生理は未測定。 旧MANC標的とのラベル差あり。legs/legacy_target_differences.csv参照。,not_measured,1101,8696,"[{""bodyId"": ""803518"", ""type"": ""IN16B034"", ""superclass"": ""vnc_intrinsic"", ""weight"": 179}, {""bodyId"": ""522975"", ""type"": ""ANXXX006"", ""superclass"": ""ascending_neuron"", ""weight"": 144}, {""bodyId"": ""903216"", ""type"": ""INXXX466"", ""superclass"": ""vnc_intrinsic"", ""weight"": 140}]"
male-cns:v1.0,801895,DLMn c-f,DLMn c-f_L,翅・胸部筋群,wm,vnc_motor,L,T1,PDMNa,Reviewed,DLM fibres c-f,,間接飛翔動力筋・翅下降。非同期伸張活性化の動力を調節,exact_type_label_bridge,AZE24;HUR23,data/nonleg_muscle_evidence.csv,"DLMn a,bは筋2線維を支配する1MN/側。DLMn c-fは4MN/側。論文MN1-5と個別一対一へ再番号付けしない。soma側と筋側は反対になり得る。",not_measured,722,8944,"[{""bodyId"": ""804556"", ""type"": ""IN19B043"", ""superclass"": ""vnc_intrinsic"", ""weight"": 144}, {""bodyId"": ""905984"", ""type"": ""IN19B043"", ""superclass"": ""vnc_intrinsic"", ""weight"": 131}, {""bodyId"": ""908183"", ""type"": ""IN19B043"", ""superclass"": ""vnc_intrinsic"", ""weight"": 126}]"
male-cns:v1.0,801899,MNad42,MNad42_R,腹部筋群,ad,vnc_motor,R,A1,AbN2,Reviewed,unassigned,,腹部/尾端注釈のみ。具体的筋/作用未同定,annotation_only,MANC;BANC26,data/nonleg_muscle_evidence.csv,型名/出神経のみから具体的筋や作用を推定しない。,not_measured,754,10810,"[{""bodyId"": ""802312"", ""type"": ""INXXX179"", ""superclass"": ""vnc_intrinsic"", ""weight"": 514}, {""bodyId"": ""800965"", ""type"": ""INXXX287"", ""superclass"": ""vnc_intrinsic"", ""weight"": 467}, {""bodyId"": ""800350"", ""type"": ""INXXX087"", ""superclass"": ""vnc_intrinsic"", ""weight"": 406}]"
male-cns:v1.0,801915,Sternal posterior rotator MN,Sternal posterior rotator MN_L,前脚筋群,fl,vnc_motor,L,T1,ProAN,Reviewed,Sternal posterior rotator MN,thorax-coxa,coxa_posterior_movement_or_axial_rotation,anatomical_action_inferred,Azevedo 2024 Appendix A1 p3; A4 pp18-19,data/leg_muscle_actions.csv,前脚筋地図と現型注釈による作用対応。T2/T3は分節間相同を含む。個別生理は未測定。,not_measured,669,5328,"[{""bodyId"": ""903602"", ""type"": ""IN19A003"", ""superclass"": ""vnc_intrinsic"", ""weight"": 273}, {""bodyId"": ""802494"", ""type"": ""IN19A022"", ""superclass"": ""vnc_intrinsic"", ""weight"": 197}, {""bodyId"": ""905910"", ""type"": ""IN19A013"", ""superclass"": ""vnc_intrinsic"", ""weight"": 167}]"
male-cns:v1.0,801918,Sternal anterior rotator MN,Sternal anterior rotator MN_R,前脚筋群,fl,vnc_motor,R,T1,VProN,Reviewed,Sternal anterior rotator MN,thorax-coxa,coxa_anterior_movement,anatomical_action_inferred,Azevedo 2024 Appendix A1 p3; A3 p17,data/leg_muscle_actions.csv,前脚筋地図と現型注釈による作用対応。T2/T3は分節間相同を含む。個別生理は未測定。,not_measured,794,7455,"[{""bodyId"": ""800347"", ""type"": ""IN21A001"", ""superclass"": ""vnc_intrinsic"", ""weight"": 486}, {""bodyId"": ""522975"", ""type"": ""ANXXX006"", ""superclass"": ""ascending_neuron"", ""weight"": 263}, {""bodyId"": ""801437"", ""type"": ""IN08A006"", ""superclass"": ""vnc_intrinsic"", ""weight"": 240}]"
male-cns:v1.0,801932,,,後脚筋群,hl,vnc_motor,R,T3,MetaLN,Reviewed,,unknown,unknown,muscle_unresolved,no_named_muscle_type,data/leg_muscle_actions.csv,前脚筋地図と現型注釈による作用対応。T2/T3は分節間相同を含む。個別生理は未測定。 旧MANC標的とのラベル差あり。legs/legacy_target_differences.csv参照。,not_measured,141,392,"[{""bodyId"": ""811430"", ""type"": ""IN02A035"", ""superclass"": ""vnc_intrinsic"", ""weight"": 20}, {""bodyId"": ""10734"", ""type"": ""DNg93"", ""superclass"": ""descending_neuron"", ""weight"": 17}, {""bodyId"": ""800716"", ""type"": ""IN09A002"", ""superclass"": ""vnc_intrinsic"", ""weight"": 13}]"
male-cns:v1.0,801933,MNhm42,MNhm42_L,平均棍筋群,hm,vnc_motor,L,T3,AbN1,Roughly traced,haltere basalar hb1 or hb2 (unordered pair),,平均棍操舵,unordered_muscle_pair,MANC;EHR23,data/nonleg_muscle_evidence.csv,hb1/hb2のどちらを各型が支配するかは未決。MANC49582は両型に重複対応。,not_measured,868,10634,"[{""bodyId"": ""30051"", ""type"": ""AN06B023"", ""superclass"": ""ascending_neuron"", ""weight"": 329}, {""bodyId"": ""513711"", ""type"": ""DNa09"", ""superclass"": ""descending_neuron"", ""weight"": 199}, {""bodyId"": ""11876"", ""type"": ""DNae003"", ""superclass"": ""descending_neuron"", ""weight"": 197}]"
male-cns:v1.0,801946,Sternal anterior rotator MN,Sternal anterior rotator MN_R,中脚筋群,ml,vnc_motor,R,T2,MesoLN,Reviewed,Sternal anterior rotator MN,thorax-coxa,coxa_anterior_movement,anatomical_action_inferred,Azevedo 2024 Appendix A1 p3; A3 p17,data/leg_muscle_actions.csv,前脚筋地図と現型注釈による作用対応。T2/T3は分節間相同を含む。個別生理は未測定。,not_measured,909,10330,"[{""bodyId"": ""800650"", ""type"": ""IN21A001"", ""superclass"": ""vnc_intrinsic"", ""weight"": 601}, {""bodyId"": ""905009"", ""type"": ""IN08A006"", ""superclass"": ""vnc_intrinsic"", ""weight"": 297}, {""bodyId"": ""905560"", ""type"": ""IN21A013"", ""superclass"": ""vnc_intrinsic"", ""weight"": 284}]"
male-cns:v1.0,801949,tp2 MN,tp2 MN_L,翅・胸部筋群,wm,vnc_motor,L,T2,ADMN,Reviewed,tergopleural tp2,,胸郭張力/剛性などを変える間接制御・張力筋。動力筋DLM/DVMと区別,exact_type_label_bridge,MANC;AZE24,data/nonleg_muscle_evidence.csv,文献の機能標本とMaleCNSは別個体。型名対応のみで生理を同定しない。,not_measured,801,10007,"[{""bodyId"": ""805361"", ""type"": ""IN11B013"", ""superclass"": ""vnc_intrinsic"", ""weight"": 194}, {""bodyId"": ""801392"", ""type"": ""IN03B052"", ""superclass"": ""vnc_intrinsic"", ""weight"": 175}, {""bodyId"": ""804732"", ""type"": ""IN11B013"", ""superclass"": ""vnc_intrinsic"", ""weight"": 167}]"
male-cns:v1.0,801970,"DLMn a, b","DLMn a, b_L",翅・胸部筋群,wm,vnc_motor,L,T2,PDMNa,Reviewed,"DLM fibres a,b",,間接飛翔動力筋・翅下降。非同期伸張活性化の動力を調節,exact_type_label_bridge,AZE24;HUR23,data/nonleg_muscle_evidence.csv,"DLMn a,bは筋2線維を支配する1MN/側。DLMn c-fは4MN/側。論文MN1-5と個別一対一へ再番号付けしない。soma側と筋側は反対になり得る。",not_measured,887,10529,"[{""bodyId"": ""803023"", ""type"": ""IN19B043"", ""superclass"": ""vnc_intrinsic"", ""weight"": 149}, {""bodyId"": ""803744"", ""type"": ""IN17A071,IN17A081"", ""superclass"": ""vnc_intrinsic"", ""weight"": 133}, {""bodyId"": ""805803"", ""type"": ""IN07B047"", ""superclass"": ""vnc_intrinsic"", ""weight"": 126}]"
male-cns:v1.0,801998,DLMn c-f,DLMn c-f_R,翅・胸部筋群,wm,vnc_motor,R,T1,PDMNa,Reviewed,DLM fibres c-f,,間接飛翔動力筋・翅下降。非同期伸張活性化の動力を調節,exact_type_label_bridge,AZE24;HUR23,data/nonleg_muscle_evidence.csv,"DLMn a,bは筋2線維を支配する1MN/側。DLMn c-fは4MN/側。論文MN1-5と個別一対一へ再番号付けしない。soma側と筋側は反対になり得る。",not_measured,912,10610,"[{""bodyId"": ""908183"", ""type"": ""IN19B043"", ""superclass"": ""vnc_intrinsic"", ""weight"": 199}, {""bodyId"": ""804556"", ""type"": ""IN19B043"", ""superclass"": ""vnc_intrinsic"", ""weight"": 187}, {""bodyId"": ""803023"", ""type"": ""IN19B043"", ""superclass"": ""vnc_intrinsic"", ""weight"": 160}]"
male-cns:v1.0,802003,MNad01,MNad01_L,腹部筋群,ad,vnc_motor,L,A3,AbN4,Reviewed,unassigned,,腹部/尾端注釈のみ。具体的筋/作用未同定,annotation_only,MANC;BANC26,data/nonleg_muscle_evidence.csv,型名/出神経のみから具体的筋や作用を推定しない。,not_measured,245,2697,"[{""bodyId"": ""906365"", ""type"": ""INXXX287"", ""superclass"": ""vnc_intrinsic"", ""weight"": 152}, {""bodyId"": ""908205"", ""type"": ""INXXX287"", ""superclass"": ""vnc_intrinsic"", ""weight"": 144}, {""bodyId"": ""805324"", ""type"": ""INXXX400"", ""superclass"": ""vnc_intrinsic"", ""weight"": 119}]"
male-cns:v1.0,802028,tp1 MN,tp1 MN_R,翅・胸部筋群,wm,vnc_motor,R,T2,ADMN,Reviewed,tergopleural tp1,,胸郭張力/剛性などを変える間接制御・張力筋。動力筋DLM/DVMと区別,exact_type_label_bridge,MANC;AZE24,data/nonleg_muscle_evidence.csv,文献の機能標本とMaleCNSは別個体。型名対応のみで生理を同定しない。,not_measured,778,8341,"[{""bodyId"": ""801709"", ""type"": ""IN03B046"", ""superclass"": ""vnc_intrinsic"", ""weight"": 214}, {""bodyId"": ""802421"", ""type"": ""IN06B013"", ""superclass"": ""vnc_intrinsic"", ""weight"": 199}, {""bodyId"": ""801189"", ""type"": ""IN06B013"", ""superclass"": ""vnc_intrinsic"", ""weight"": 169}]"
male-cns:v1.0,802055,hi2 MN,hi2 MN_R,平均棍筋群,hm,vnc_motor,R,T3,AbN1,Reviewed,haltere first axillary hi2,,平均棍の直接操舵、感覚帰還を介する翅MN発火位相/動員調整候補,candidate,DIC19;EHR23;MANC,data/nonleg_muscle_evidence.csv,DIC19の標識は複数筋MN。hi2とhiii2の個別機能・MaleCNSの複数候補間対応は未確定。,not_measured,280,2259,"[{""bodyId"": ""806776"", ""type"": ""IN03B079"", ""superclass"": ""vnc_intrinsic"", ""weight"": 181}, {""bodyId"": ""805585"", ""type"": ""IN03B079"", ""superclass"": ""vnc_intrinsic"", ""weight"": 108}, {""bodyId"": ""908822"", ""type"": ""IN03B079"", ""superclass"": ""vnc_intrinsic"", ""weight"": 92}]"
male-cns:v1.0,802072,Tergopleural/Pleural promotor MN,Tergopleural/Pleural promotor MN_R,前脚筋群,fl,vnc_motor,R,T1,DProN,Reviewed,Tergopleural/Pleural promotor MN,thorax-coxa,coxa_anterior_movement,anatomical_action_inferred,Azevedo 2024 Appendix A1 p2; A2 pp15-16,data/leg_muscle_actions.csv,前脚筋地図と現型注釈による作用対応。T2/T3は分節間相同を含む。個別生理は未測定。,not_measured,1124,10341,"[{""bodyId"": ""803518"", ""type"": ""IN16B034"", ""superclass"": ""vnc_intrinsic"", ""weight"": 318}, {""bodyId"": ""800501"", ""type"": ""IN19A005"", ""superclass"": ""vnc_intrinsic"", ""weight"": 263}, {""bodyId"": ""522975"", ""type"": ""ANXXX006"", ""superclass"": ""ascending_neuron"", ""weight"": 194}]"
male-cns:v1.0,802114,MNad66,MNad66_L,腹部筋群,ad,vnc_motor,L,A8,AbNT,Reviewed,unassigned,,腹部/尾端注釈のみ。具体的筋/作用未同定,annotation_only,MANC;BANC26,data/nonleg_muscle_evidence.csv,型名/出神経のみから具体的筋や作用を推定しない。,not_measured,680,9467,"[{""bodyId"": ""904012"", ""type"": ""INXXX317"", ""superclass"": ""vnc_intrinsic"", ""weight"": 290}, {""bodyId"": ""800986"", ""type"": ""INXXX149"", ""superclass"": ""vnc_intrinsic"", ""weight"": 271}, {""bodyId"": ""904010"", ""type"": ""INXXX303"", ""superclass"": ""vnc_intrinsic"", ""weight"": 242}]"
male-cns:v1.0,802116,MNad65,MNad65_R,腹部筋群,ad,vnc_motor,R,A9,AbNT,Roughly traced,unassigned,,腹部/尾端注釈のみ。具体的筋/作用未同定,annotation_only,MANC;BANC26,data/nonleg_muscle_evidence.csv,型名/出神経のみから具体的筋や作用を推定しない。,not_measured,491,7364,"[{""bodyId"": ""800295"", ""type"": ""INXXX297"", ""superclass"": ""vnc_intrinsic"", ""weight"": 244}, {""bodyId"": ""802188"", ""type"": ""INXXX297"", ""superclass"": ""vnc_intrinsic"", ""weight"": 208}, {""bodyId"": ""805153"", ""type"": ""INXXX303"", ""superclass"": ""vnc_intrinsic"", ""weight"": 189}]"
male-cns:v1.0,802120,b3 MN,b3 MN_R,翅・胸部筋群,wm,vnc_motor,R,T2,ADMN,Reviewed,basalar b3,,翅基部硬節を介する直接操舵。単一の固定yaw/pitch/roll作用は今回割り当てない,exact_type_label_bridge,MANC;AZE24;EHR23,data/nonleg_muscle_evidence.csv,文献の機能標本とMaleCNSは別個体。型名対応のみで生理を同定しない。,not_measured,982,10195,"[{""bodyId"": ""805015"", ""type"": ""IN06A003"", ""superclass"": ""vnc_intrinsic"", ""weight"": 305}, {""bodyId"": ""804132"", ""type"": ""IN06A003"", ""superclass"": ""vnc_intrinsic"", ""weight"": 295}, {""bodyId"": ""907678"", ""type"": ""IN19A026"", ""superclass"": ""vnc_intrinsic"", ""weight"": 263}]"
male-cns:v1.0,802130,MNad02,MNad02_L,腹部筋群,ad,vnc_motor,L,A2,AbN3,Reviewed,unassigned,,腹部/尾端注釈のみ。具体的筋/作用未同定,annotation_only,MANC;BANC26,data/nonleg_muscle_evidence.csv,型名/出神経のみから具体的筋や作用を推定しない。,not_measured,203,2745,"[{""bodyId"": ""802242"", ""type"": ""INXXX287"", ""superclass"": ""vnc_intrinsic"", ""weight"": 116}, {""bodyId"": ""802629"", ""type"": ""INXXX402"", ""superclass"": ""vnc_intrinsic"", ""weight"": 93}, {""bodyId"": ""804797"", ""type"": ""INXXX363"", ""superclass"": ""vnc_intrinsic"", ""weight"": 84}]"
male-cns:v1.0,802137,MNad19,MNad19_L,腹部筋群,ad,vnc_motor,L,A5,AbN4,Reviewed,unassigned,,腹部/尾端注釈のみ。具体的筋/作用未同定,annotation_only,MANC;BANC26,data/nonleg_muscle_evidence.csv,型名/出神経のみから具体的筋や作用を推定しない。,not_measured,636,9710,"[{""bodyId"": ""804261"", ""type"": ""INXXX301"", ""superclass"": ""vnc_intrinsic"", ""weight"": 239}, {""bodyId"": ""801390"", ""type"": ""INXXX181"", ""superclass"": ""vnc_intrinsic"", ""weight"": 216}, {""bodyId"": ""804060"", ""type"": ""INXXX301"", ""superclass"": ""vnc_intrinsic"", ""weight"": 162}]"
male-cns:v1.0,802151,MNnm03,MNnm03_R,頸筋群,nm,vnc_motor,R,T1,DProN,Reviewed,unassigned,,頸部注釈のみ。具体的筋/作用未同定,annotation_only,GOR24;BANC26,data/nonleg_muscle_evidence.csv,型名/出神経のみから具体的筋や作用を推定しない。,not_measured,494,6664,"[{""bodyId"": ""902529"", ""type"": ""IN03B022"", ""superclass"": ""vnc_intrinsic"", ""weight"": 304}, {""bodyId"": ""12492"", ""type"": ""DNg78"", ""superclass"": ""descending_neuron"", ""weight"": 220}, {""bodyId"": ""806380"", ""type"": ""IN06B040"", ""superclass"": ""vnc_intrinsic"", ""weight"": 205}]"
male-cns:v1.0,802152,MNnm08,MNnm08_R,頸筋群,nm,vnc_motor,R,T1,DProN,Reviewed,unassigned,,頸部注釈のみ。具体的筋/作用未同定,annotation_only,GOR24;BANC26,data/nonleg_muscle_evidence.csv,型名/出神経のみから具体的筋や作用を推定しない。,not_measured,474,5520,"[{""bodyId"": ""12647"", ""type"": ""DNge125"", ""superclass"": ""descending_neuron"", ""weight"": 266}, {""bodyId"": ""906661"", ""type"": ""IN02A029"", ""superclass"": ""vnc_intrinsic"", ""weight"": 222}, {""bodyId"": ""806380"", ""type"": ""IN06B040"", ""superclass"": ""vnc_intrinsic"", ""weight"": 190}]"
male-cns:v1.0,802164,MNad14,MNad14_L,腹部筋群,ad,vnc_motor,L,A5,AbN4,Reviewed,unassigned,,腹部/尾端注釈のみ。具体的筋/作用未同定,annotation_only,MANC;BANC26,data/nonleg_muscle_evidence.csv,型名/出神経のみから具体的筋や作用を推定しない。,not_measured,363,5459,"[{""bodyId"": ""803319"", ""type"": ""IN19A032"", ""superclass"": ""vnc_intrinsic"", ""weight"": 218}, {""bodyId"": ""905907"", ""type"": ""INXXX427"", ""superclass"": ""vnc_intrinsic"", ""weight"": 174}, {""bodyId"": ""807357"", ""type"": ""INXXX332"", ""superclass"": ""vnc_intrinsic"", ""weight"": 173}]"
male-cns:v1.0,802201,MNad68,MNad68_R,腹部筋群,ad,vnc_motor,R,A9,AbNT,Reviewed,unassigned,,腹部/尾端注釈のみ。具体的筋/作用未同定,annotation_only,MANC;BANC26,data/nonleg_muscle_evidence.csv,型名/出神経のみから具体的筋や作用を推定しない。,not_measured,561,9241,"[{""bodyId"": ""903171"", ""type"": ""INXXX228"", ""superclass"": ""vnc_intrinsic"", ""weight"": 502}, {""bodyId"": ""803245"", ""type"": ""INXXX228"", ""superclass"": ""vnc_intrinsic"", ""weight"": 300}, {""bodyId"": ""903481"", ""type"": ""INXXX228"", ""superclass"": ""vnc_intrinsic"", ""weight"": 258}]"
male-cns:v1.0,802215,Sternal anterior rotator MN,Sternal anterior rotator MN,後脚筋群,hl,vnc_motor,L,T3,MetaLN,Reviewed,Sternal anterior rotator MN,thorax-coxa,coxa_anterior_movement,anatomical_action_inferred,Azevedo 2024 Appendix A1 p3; A3 p17,data/leg_muscle_actions.csv,前脚筋地図と現型注釈による作用対応。T2/T3は分節間相同を含む。個別生理は未測定。,not_measured,748,6145,"[{""bodyId"": ""800613"", ""type"": ""IN21A001"", ""superclass"": ""vnc_intrinsic"", ""weight"": 368}, {""bodyId"": ""802842"", ""type"": ""IN03B042"", ""superclass"": ""vnc_intrinsic"", ""weight"": 247}, {""bodyId"": ""802416"", ""type"": ""IN21A013"", ""superclass"": ""vnc_intrinsic"", ""weight"": 201}]"
male-cns:v1.0,802232,Tr flexor MN,Tr flexor MN_L,中脚筋群,ml,vnc_motor,L,T2,MesoLN,Reviewed,Tr flexor MN,coxa-trochanter,flexion,anatomical_action_inferred,Azevedo 2024 Appendix A1 p3; A7-A8 pp24-26,data/leg_muscle_actions.csv,前脚筋地図と現型注釈による作用対応。T2/T3は分節間相同を含む。個別生理は未測定。 旧MANC標的とのラベル差あり。legs/legacy_target_differences.csv参照。,not_measured,782,10129,"[{""bodyId"": ""800816"", ""type"": ""IN21A010"", ""superclass"": ""vnc_intrinsic"", ""weight"": 498}, {""bodyId"": ""800759"", ""type"": ""IN16B018"", ""superclass"": ""vnc_intrinsic"", ""weight"": 297}, {""bodyId"": ""800072"", ""type"": ""INXXX464"", ""superclass"": ""vnc_intrinsic"", ""weight"": 266}]"
male-cns:v1.0,802240,MNad62,MNad62_L,腹部筋群,ad,vnc_motor,L,A8,AbNT,Reviewed,unassigned,,腹部/尾端注釈のみ。具体的筋/作用未同定,annotation_only,MANC;BANC26,data/nonleg_muscle_evidence.csv,型名/出神経のみから具体的筋や作用を推定しない。,not_measured,441,7014,"[{""bodyId"": ""801265"", ""type"": ""INXXX217"", ""superclass"": ""vnc_intrinsic"", ""weight"": 254}, {""bodyId"": ""801670"", ""type"": ""INXXX217"", ""superclass"": ""vnc_intrinsic"", ""weight"": 234}, {""bodyId"": ""47170"", ""type"": ""INXXX217"", ""superclass"": ""vnc_intrinsic"", ""weight"": 219}]"
male-cns:v1.0,802251,MNad34,MNad34_L,腹部筋群,ad,vnc_motor,L,A1,AbN2,Reviewed,unassigned,,腹部/尾端注釈のみ。具体的筋/作用未同定,annotation_only,MANC;BANC26,data/nonleg_muscle_evidence.csv,型名/出神経のみから具体的筋や作用を推定しない。,not_measured,727,9215,"[{""bodyId"": ""905068"", ""type"": ""IN19A036"", ""superclass"": ""vnc_intrinsic"", ""weight"": 439}, {""bodyId"": ""800076"", ""type"": ""INXXX032"", ""superclass"": ""vnc_intrinsic"", ""weight"": 208}, {""bodyId"": ""903760"", ""type"": ""INXXX096"", ""superclass"": ""vnc_intrinsic"", ""weight"": 206}]"
male-cns:v1.0,802252,MNad34,MNad34_R,腹部筋群,ad,vnc_motor,R,A1,AbN2,Reviewed,unassigned,,腹部/尾端注釈のみ。具体的筋/作用未同定,annotation_only,MANC;BANC26,data/nonleg_muscle_evidence.csv,型名/出神経のみから具体的筋や作用を推定しない。,not_measured,743,9190,"[{""bodyId"": ""802959"", ""type"": ""IN19A036"", ""superclass"": ""vnc_intrinsic"", ""weight"": 449}, {""bodyId"": ""800582"", ""type"": ""INXXX032"", ""superclass"": ""vnc_intrinsic"", ""weight"": 210}, {""bodyId"": ""801230"", ""type"": ""INXXX096"", ""superclass"": ""vnc_intrinsic"", ""weight"": 198}]"
male-cns:v1.0,802295,Ti flexor MN,Ti flexor MN_L,中脚筋群,ml,vnc_motor,L,T2,MesoLN,Reviewed,Ti flexor MN,femur-tibia,flexion,anatomical_action_inferred,Azevedo 2024 Appendix A1 p3; A12 pp32-33,data/leg_muscle_actions.csv,前脚筋地図と現型注釈による作用対応。T2/T3は分節間相同を含む。個別生理は未測定。,not_measured,770,9039,"[{""bodyId"": ""801054"", ""type"": ""IN21A004"", ""superclass"": ""vnc_intrinsic"", ""weight"": 565}, {""bodyId"": ""13130"", ""type"": ""DNg105"", ""superclass"": ""descending_neuron"", ""weight"": 285}, {""bodyId"": ""801091"", ""type"": ""IN21A002"", ""superclass"": ""vnc_intrinsic"", ""weight"": 283}]"
male-cns:v1.0,802315,tp1 MN,tp1 MN_L,翅・胸部筋群,wm,vnc_motor,L,T2,ADMN,Reviewed,tergopleural tp1,,胸郭張力/剛性などを変える間接制御・張力筋。動力筋DLM/DVMと区別,exact_type_label_bridge,MANC;AZE24,data/nonleg_muscle_evidence.csv,文献の機能標本とMaleCNSは別個体。型名対応のみで生理を同定しない。,not_measured,718,9025,"[{""bodyId"": ""907895"", ""type"": ""IN03B046"", ""superclass"": ""vnc_intrinsic"", ""weight"": 257}, {""bodyId"": ""801189"", ""type"": ""IN06B013"", ""superclass"": ""vnc_intrinsic"", ""weight"": 247}, {""bodyId"": ""805092"", ""type"": ""IN03B046"", ""superclass"": ""vnc_intrinsic"", ""weight"": 240}]"
male-cns:v1.0,802327,iii3 MN,iii3 MN_R,翅・胸部筋群,wm,vnc_motor,R,T2,MesoAN,Reviewed,third axillary iii3,,翅基部硬節を介する直接操舵。単一の固定yaw/pitch/roll作用は今回割り当てない,exact_type_label_bridge,MANC;AZE24;EHR23,data/nonleg_muscle_evidence.csv,文献の機能標本とMaleCNSは別個体。型名対応のみで生理を同定しない。,not_measured,561,4737,"[{""bodyId"": ""904639"", ""type"": ""IN06A002"", ""superclass"": ""vnc_intrinsic"", ""weight"": 562}, {""bodyId"": ""801299"", ""type"": ""IN10B023"", ""superclass"": ""vnc_intrinsic"", ""weight"": 204}, {""bodyId"": ""801640"", ""type"": ""IN01A017"", ""superclass"": ""vnc_intrinsic"", ""weight"": 162}]"
male-cns:v1.0,802361,Sternotrochanter MN,Sternotrochanter MN_L,前脚筋群,fl,vnc_motor,L,T1,VProN,Reviewed,Sternotrochanter MN,coxa-trochanter,extension,anatomical_action_inferred,Azevedo 2024 Appendix A1 p3; A6 pp22-23,data/leg_muscle_actions.csv,前脚筋地図と現型注釈による作用対応。T2/T3は分節間相同を含む。個別生理は未測定。,not_measured,850,6021,"[{""bodyId"": ""904280"", ""type"": ""IN16B020"", ""superclass"": ""vnc_intrinsic"", ""weight"": 187}, {""bodyId"": ""802257"", ""type"": ""IN20A.22A001"", ""superclass"": ""vnc_intrinsic"", ""weight"": 167}, {""bodyId"": ""906687"", ""type"": ""IN20A.22A001"", ""superclass"": ""vnc_intrinsic"", ""weight"": 155}]"
male-cns:v1.0,802405,MNad06,MNad06_L,腹部筋群,ad,vnc_motor,L,A3,AbN4,Reviewed,unassigned,,腹部/尾端注釈のみ。具体的筋/作用未同定,annotation_only,MANC;BANC26,data/nonleg_muscle_evidence.csv,型名/出神経のみから具体的筋や作用を推定しない。,not_measured,422,3848,"[{""bodyId"": ""805382"", ""type"": ""INXXX315"", ""superclass"": ""vnc_intrinsic"", ""weight"": 120}, {""bodyId"": ""803229"", ""type"": ""INXXX315"", ""superclass"": ""vnc_intrinsic"", ""weight"": 115}, {""bodyId"": ""802655"", ""type"": ""INXXX315"", ""superclass"": ""vnc_intrinsic"", ""weight"": 93}]"
male-cns:v1.0,802407,Sternotrochanter MN,Sternotrochanter MN_L,中脚筋群,ml,vnc_motor,L,T2,MesoLN,Reviewed,Sternotrochanter MN,coxa-trochanter,extension,anatomical_action_inferred,Azevedo 2024 Appendix A1 p3; A6 pp22-23,data/leg_muscle_actions.csv,前脚筋地図と現型注釈による作用対応。T2/T3は分節間相同を含む。個別生理は未測定。,not_measured,908,9541,"[{""bodyId"": ""801106"", ""type"": ""IN16B020"", ""superclass"": ""vnc_intrinsic"", ""weight"": 375}, {""bodyId"": ""800860"", ""type"": ""IN19A010"", ""superclass"": ""vnc_intrinsic"", ""weight"": 283}, {""bodyId"": ""800756"", ""type"": ""IN20A.22A001"", ""superclass"": ""vnc_intrinsic"", ""weight"": 205}]"
male-cns:v1.0,802413,MNad53,MNad53_L,腹部筋群,ad,vnc_motor,L,A9,AbNT,Reviewed,unassigned,,腹部/尾端注釈のみ。具体的筋/作用未同定,annotation_only,MANC;BANC26,data/nonleg_muscle_evidence.csv,型名/出神経のみから具体的筋や作用を推定しない。,not_measured,236,2363,"[{""bodyId"": ""903021"", ""type"": ""INXXX197"", ""superclass"": ""vnc_intrinsic"", ""weight"": 135}, {""bodyId"": ""803055"", ""type"": ""IN01A043"", ""superclass"": ""vnc_intrinsic"", ""weight"": 120}, {""bodyId"": ""902844"", ""type"": ""INXXX197"", ""superclass"": ""vnc_intrinsic"", ""weight"": 103}]"
male-cns:v1.0,802500,MNad40,MNad40_R,腹部筋群,ad,vnc_motor,R,A1,AbN2,Reviewed,unassigned,,腹部/尾端注釈のみ。具体的筋/作用未同定,annotation_only,MANC;BANC26,data/nonleg_muscle_evidence.csv,型名/出神経のみから具体的筋や作用を推定しない。,not_measured,648,8658,"[{""bodyId"": ""800965"", ""type"": ""INXXX287"", ""superclass"": ""vnc_intrinsic"", ""weight"": 467}, {""bodyId"": ""805724"", ""type"": ""INXXX294"", ""superclass"": ""vnc_intrinsic"", ""weight"": 380}, {""bodyId"": ""802312"", ""type"": ""INXXX179"", ""superclass"": ""vnc_intrinsic"", ""weight"": 364}]"
male-cns:v1.0,802509,Pleural remotor/abductor MN,Pleural remotor/abductor MN_L,前脚筋群,fl,vnc_motor,L,T1,ProAN,Reviewed,Pleural remotor/abductor MN,thorax-coxa,coxa_posterior_and_lateral_movement,anatomical_action_inferred,Azevedo 2024 Appendix A1 p2; A4 pp18-19,data/leg_muscle_actions.csv,前脚筋地図と現型注釈による作用対応。T2/T3は分節間相同を含む。個別生理は未測定。,not_measured,862,9755,"[{""bodyId"": ""903602"", ""type"": ""IN19A003"", ""superclass"": ""vnc_intrinsic"", ""weight"": 347}, {""bodyId"": ""803685"", ""type"": ""IN17A041"", ""superclass"": ""vnc_intrinsic"", ""weight"": 302}, {""bodyId"": ""802494"", ""type"": ""IN19A022"", ""superclass"": ""vnc_intrinsic"", ""weight"": 226}]"
male-cns:v1.0,802521,Sternal posterior rotator MN,Sternal posterior rotator MN_R,中脚筋群,ml,vnc_motor,R,T2,MesoLN,Reviewed,Sternal posterior rotator MN,thorax-coxa,coxa_posterior_movement_or_axial_rotation,anatomical_action_inferred,Azevedo 2024 Appendix A1 p3; A4 pp18-19,data/leg_muscle_actions.csv,前脚筋地図と現型注釈による作用対応。T2/T3は分節間相同を含む。個別生理は未測定。,not_measured,865,9566,"[{""bodyId"": ""800687"", ""type"": ""IN19A003"", ""superclass"": ""vnc_intrinsic"", ""weight"": 401}, {""bodyId"": ""801747"", ""type"": ""IN19A013"", ""superclass"": ""vnc_intrinsic"", ""weight"": 315}, {""bodyId"": ""801973"", ""type"": ""IN19A022"", ""superclass"": ""vnc_intrinsic"", ""weight"": 308}]"
male-cns:v1.0,802544,DLMn c-f,DLMn c-f_R,翅・胸部筋群,wm,vnc_motor,R,T1,PDMNa,Reviewed,DLM fibres c-f,,間接飛翔動力筋・翅下降。非同期伸張活性化の動力を調節,exact_type_label_bridge,AZE24;HUR23,data/nonleg_muscle_evidence.csv,"DLMn a,bは筋2線維を支配する1MN/側。DLMn c-fは4MN/側。論文MN1-5と個別一対一へ再番号付けしない。soma側と筋側は反対になり得る。",not_measured,804,8797,"[{""bodyId"": ""803023"", ""type"": ""IN19B043"", ""superclass"": ""vnc_intrinsic"", ""weight"": 180}, {""bodyId"": ""908183"", ""type"": ""IN19B043"", ""superclass"": ""vnc_intrinsic"", ""weight"": 135}, {""bodyId"": ""802139"", ""type"": ""IN19B067"", ""superclass"": ""vnc_intrinsic"", ""weight"": 133}]"
male-cns:v1.0,802552,Tergotr. MN,Tergotr. MN_L,前脚筋群,fl,vnc_motor,L,T1,VProN,Reviewed,Tergotr. MN,coxa-trochanter,extension,anatomical_action_inferred,Azevedo 2024 Appendix A1 p3; A5 pp20-21,data/leg_muscle_actions.csv,前脚筋地図と現型注釈による作用対応。T2/T3は分節間相同を含む。個別生理は未測定。,not_measured,793,5795,"[{""bodyId"": ""802001"", ""type"": ""IN12B012"", ""superclass"": ""vnc_intrinsic"", ""weight"": 158}, {""bodyId"": ""906687"", ""type"": ""IN20A.22A001"", ""superclass"": ""vnc_intrinsic"", ""weight"": 155}, {""bodyId"": ""802257"", ""type"": ""IN20A.22A001"", ""superclass"": ""vnc_intrinsic"", ""weight"": 153}]"
male-cns:v1.0,802579,MNad65,MNad65_L,腹部筋群,ad,vnc_motor,L,A9,AbNT,Roughly traced,unassigned,,腹部/尾端注釈のみ。具体的筋/作用未同定,annotation_only,MANC;BANC26,data/nonleg_muscle_evidence.csv,型名/出神経のみから具体的筋や作用を推定しない。,not_measured,519,8034,"[{""bodyId"": ""903171"", ""type"": ""INXXX228"", ""superclass"": ""vnc_intrinsic"", ""weight"": 306}, {""bodyId"": ""904010"", ""type"": ""INXXX303"", ""superclass"": ""vnc_intrinsic"", ""weight"": 271}, {""bodyId"": ""802528"", ""type"": ""INXXX297"", ""superclass"": ""vnc_intrinsic"", ""weight"": 232}]"
male-cns:v1.0,802587,MNad20,MNad20_R,腹部筋群,ad,vnc_motor,R,A8,AbNT,Reviewed,unassigned,,腹部/尾端注釈のみ。具体的筋/作用未同定,annotation_only,MANC;BANC26,data/nonleg_muscle_evidence.csv,型名/出神経のみから具体的筋や作用を推定しない。,not_measured,343,4154,"[{""bodyId"": ""902699"", ""type"": ""INXXX052"", ""superclass"": ""vnc_intrinsic"", ""weight"": 163}, {""bodyId"": ""800359"", ""type"": ""INXXX052"", ""superclass"": ""vnc_intrinsic"", ""weight"": 158}, {""bodyId"": ""803120"", ""type"": ""INXXX287"", ""superclass"": ""vnc_intrinsic"", ""weight"": 158}]"
male-cns:v1.0,802659,MNhm03,MNhm03_R,平均棍筋群,hm,vnc_motor,R,T3,AbN1,Reviewed,unassigned haltere-associated muscle,,筋/作用未確定,unassigned,MANC,data/nonleg_muscle_evidence.csv,文献の機能標本とMaleCNSは別個体。型名対応のみで生理を同定しない。,not_measured,633,4472,"[{""bodyId"": ""802258"", ""type"": ""IN06A004"", ""superclass"": ""vnc_intrinsic"", ""weight"": 337}, {""bodyId"": ""803771"", ""type"": ""IN17B017"", ""superclass"": ""vnc_intrinsic"", ""weight"": 195}, {""bodyId"": ""10543"", ""type"": ""DNa16"", ""superclass"": ""descending_neuron"", ""weight"": 174}]"
male-cns:v1.0,802690,MNad30,MNad30_R,腹部筋群,ad,vnc_motor,R,A1,AbN2,Reviewed,unassigned,,腹部/尾端注釈のみ。具体的筋/作用未同定,annotation_only,MANC;BANC26,data/nonleg_muscle_evidence.csv,型名/出神経のみから具体的筋や作用を推定しない。,not_measured,309,2417,"[{""bodyId"": ""802147"", ""type"": ""INXXX332"", ""superclass"": ""vnc_intrinsic"", ""weight"": 133}, {""bodyId"": ""800938"", ""type"": ""IN10B016"", ""superclass"": ""vnc_intrinsic"", ""weight"": 100}, {""bodyId"": ""803924"", ""type"": ""IN12A048"", ""superclass"": ""vnc_intrinsic"", ""weight"": 94}]"
male-cns:v1.0,802731,MNhl59,MNhl59_L,後脚筋群,hl,vnc_motor,L,T3,MetaLN,Reviewed,,unknown,unknown,muscle_unresolved,no_named_muscle_type,data/leg_muscle_actions.csv,前脚筋地図と現型注釈による作用対応。T2/T3は分節間相同を含む。個別生理は未測定。 旧MANC標的とのラベル差あり。legs/legacy_target_differences.csv参照。,not_measured,842,8175,"[{""bodyId"": ""804353"", ""type"": ""IN06A043"", ""superclass"": ""vnc_intrinsic"", ""weight"": 348}, {""bodyId"": ""804997"", ""type"": ""IN06A043"", ""superclass"": ""vnc_intrinsic"", ""weight"": 311}, {""bodyId"": ""803991"", ""type"": ""IN01A037"", ""superclass"": ""vnc_intrinsic"", ""weight"": 191}]"
male-cns:v1.0,802781,MNnm08,MNnm08_L,頸筋群,nm,vnc_motor,L,T1,DProN,Reviewed,unassigned,,頸部注釈のみ。具体的筋/作用未同定,annotation_only,GOR24;BANC26,data/nonleg_muscle_evidence.csv,型名/出神経のみから具体的筋や作用を推定しない。,not_measured,473,5710,"[{""bodyId"": ""12485"", ""type"": ""DNge125"", ""superclass"": ""descending_neuron"", ""weight"": 297}, {""bodyId"": ""908561"", ""type"": ""IN06B040"", ""superclass"": ""vnc_intrinsic"", ""weight"": 192}, {""bodyId"": ""905004"", ""type"": ""IN02A029"", ""superclass"": ""vnc_intrinsic"", ""weight"": 190}]"
male-cns:v1.0,802806,MNhm03,MNhm03_L,平均棍筋群,hm,vnc_motor,L,T3,AbN1,Reviewed,unassigned haltere-associated muscle,,筋/作用未確定,unassigned,MANC,data/nonleg_muscle_evidence.csv,文献の機能標本とMaleCNSは別個体。型名対応のみで生理を同定しない。,not_measured,695,5318,"[{""bodyId"": ""802117"", ""type"": ""IN06A004"", ""superclass"": ""vnc_intrinsic"", ""weight"": 344}, {""bodyId"": ""804144"", ""type"": ""IN17B017"", ""superclass"": ""vnc_intrinsic"", ""weight"": 199}, {""bodyId"": ""519460"", ""type"": ""DNa16"", ""superclass"": ""descending_neuron"", ""weight"": 185}]"
male-cns:v1.0,802835,iii1 MN,iii1 MN_L,翅・胸部筋群,wm,vnc_motor,L,T2,MesoAN,Reviewed,third axillary iii1,,翅基部硬節を介する直接操舵。単一の固定yaw/pitch/roll作用は今回割り当てない,exact_type_label_bridge,MANC;AZE24;EHR23,data/nonleg_muscle_evidence.csv,文献の機能標本とMaleCNSは別個体。型名対応のみで生理を同定しない。,not_measured,752,8124,"[{""bodyId"": ""906956"", ""type"": ""IN02A010"", ""superclass"": ""vnc_intrinsic"", ""weight"": 440}, {""bodyId"": ""805220"", ""type"": ""IN17A064"", ""superclass"": ""vnc_intrinsic"", ""weight"": 283}, {""bodyId"": ""805276"", ""type"": ""IN17A064"", ""superclass"": ""vnc_intrinsic"", ""weight"": 275}]"
male-cns:v1.0,802837,ps2 MN,ps2 MN_R,翅・胸部筋群,wm,vnc_motor,R,T2,MesoAN,Reviewed,pleurosternal ps2,,胸郭張力/剛性などを変える間接制御・張力筋。動力筋DLM/DVMと区別,exact_type_label_bridge,MANC;AZE24,data/nonleg_muscle_evidence.csv,文献の機能標本とMaleCNSは別個体。型名対応のみで生理を同定しない。,not_measured,992,7749,"[{""bodyId"": ""809414"", ""type"": ""IN06A040"", ""superclass"": ""vnc_intrinsic"", ""weight"": 112}, {""bodyId"": ""802207"", ""type"": ""IN05B037"", ""superclass"": ""vnc_intrinsic"", ""weight"": 91}, {""bodyId"": ""801618"", ""type"": ""INXXX076"", ""superclass"": ""vnc_intrinsic"", ""weight"": 84}]"
male-cns:v1.0,802864,Sternotrochanter MN,Sternotrochanter MN_R,中脚筋群,ml,vnc_motor,R,T2,MesoLN,Reviewed,Sternotrochanter MN,coxa-trochanter,extension,anatomical_action_inferred,Azevedo 2024 Appendix A1 p3; A6 pp22-23,data/leg_muscle_actions.csv,前脚筋地図と現型注釈による作用対応。T2/T3は分節間相同を含む。個別生理は未測定。,not_measured,949,8642,"[{""bodyId"": ""800106"", ""type"": ""IN16B020"", ""superclass"": ""vnc_intrinsic"", ""weight"": 387}, {""bodyId"": ""800466"", ""type"": ""IN20A.22A001"", ""superclass"": ""vnc_intrinsic"", ""weight"": 243}, {""bodyId"": ""802324"", ""type"": ""IN13B006"", ""superclass"": ""vnc_intrinsic"", ""weight"": 240}]"
male-cns:v1.0,802907,MNad23,MNad23_R,腹部筋群,ad,vnc_motor,R,A7,AbNT,Reviewed,unassigned,,腹部/尾端注釈のみ。具体的筋/作用未同定,annotation_only,MANC;BANC26,data/nonleg_muscle_evidence.csv,型名/出神経のみから具体的筋や作用を推定しない。,not_measured,334,3560,"[{""bodyId"": ""10680"", ""type"": ""DNp48"", ""superclass"": ""descending_neuron"", ""weight"": 281}, {""bodyId"": ""10823"", ""type"": ""DNp48"", ""superclass"": ""descending_neuron"", ""weight"": 189}, {""bodyId"": ""800602"", ""type"": ""INXXX183"", ""superclass"": ""vnc_intrinsic"", ""weight"": 187}]"
male-cns:v1.0,802923,MNnm03,MNnm03_L,頸筋群,nm,vnc_motor,L,T1,DProN,Prelim Roughly traced,unassigned,,頸部注釈のみ。具体的筋/作用未同定,annotation_only,GOR24;BANC26,data/nonleg_muscle_evidence.csv,型名/出神経のみから具体的筋や作用を推定しない。,not_measured,467,6761,"[{""bodyId"": ""800737"", ""type"": ""IN03B022"", ""superclass"": ""vnc_intrinsic"", ""weight"": 287}, {""bodyId"": ""30051"", ""type"": ""AN06B023"", ""superclass"": ""ascending_neuron"", ""weight"": 216}, {""bodyId"": ""11098"", ""type"": ""DNg78"", ""superclass"": ""descending_neuron"", ""weight"": 208}]"
male-cns:v1.0,802937,MNad63,MNad63_L,腹部筋群,ad,vnc_motor,L,A1,AbN2,Reviewed,unassigned,,腹部/尾端注釈のみ。具体的筋/作用未同定,annotation_only,MANC;BANC26,data/nonleg_muscle_evidence.csv,型名/出神経のみから具体的筋や作用を推定しない。,not_measured,588,7471,"[{""bodyId"": ""904948"", ""type"": ""IN06A049"", ""superclass"": ""vnc_intrinsic"", ""weight"": 179}, {""bodyId"": ""804527"", ""type"": ""IN06A066"", ""superclass"": ""vnc_intrinsic"", ""weight"": 171}, {""bodyId"": ""802102"", ""type"": ""IN03A015"", ""superclass"": ""vnc_intrinsic"", ""weight"": 168}]"
male-cns:v1.0,802954,MNad53,MNad53_R,腹部筋群,ad,vnc_motor,R,A9,AbNT,Reviewed,unassigned,,腹部/尾端注釈のみ。具体的筋/作用未同定,annotation_only,MANC;BANC26,data/nonleg_muscle_evidence.csv,型名/出神経のみから具体的筋や作用を推定しない。,not_measured,235,2131,"[{""bodyId"": ""903422"", ""type"": ""IN01A043"", ""superclass"": ""vnc_intrinsic"", ""weight"": 130}, {""bodyId"": ""801489"", ""type"": ""IN01A043"", ""superclass"": ""vnc_intrinsic"", ""weight"": 102}, {""bodyId"": ""903021"", ""type"": ""INXXX197"", ""superclass"": ""vnc_intrinsic"", ""weight"": 101}]"
male-cns:v1.0,802964,Sternal posterior rotator MN,Sternal posterior rotator MN_L,後脚筋群,hl,vnc_motor,L,T3,MetaLN,Reviewed,Sternal posterior rotator MN,thorax-coxa,coxa_posterior_movement_or_axial_rotation,anatomical_action_inferred,Azevedo 2024 Appendix A1 p3; A4 pp18-19,data/leg_muscle_actions.csv,前脚筋地図と現型注釈による作用対応。T2/T3は分節間相同を含む。個別生理は未測定。,not_measured,863,9105,"[{""bodyId"": ""800622"", ""type"": ""IN19A003"", ""superclass"": ""vnc_intrinsic"", ""weight"": 380}, {""bodyId"": ""940467"", ""type"": ""IN19A016"", ""superclass"": ""vnc_intrinsic"", ""weight"": 273}, {""bodyId"": ""801930"", ""type"": ""IN19A016"", ""superclass"": ""vnc_intrinsic"", ""weight"": 244}]"
male-cns:v1.0,802980,MNad63,MNad63_R,腹部筋群,ad,vnc_motor,R,A1,AbN2,Reviewed,unassigned,,腹部/尾端注釈のみ。具体的筋/作用未同定,annotation_only,MANC;BANC26,data/nonleg_muscle_evidence.csv,型名/出神経のみから具体的筋や作用を推定しない。,not_measured,616,7445,"[{""bodyId"": ""804593"", ""type"": ""IN06A066"", ""superclass"": ""vnc_intrinsic"", ""weight"": 171}, {""bodyId"": ""804527"", ""type"": ""IN06A066"", ""superclass"": ""vnc_intrinsic"", ""weight"": 168}, {""bodyId"": ""800978"", ""type"": ""IN03A015"", ""superclass"": ""vnc_intrinsic"", ""weight"": 163}]"
male-cns:v1.0,803010,MNad17,MNad17_R,腹部筋群,ad,vnc_motor,R,A8,AbNT,Reviewed,unassigned,,腹部/尾端注釈のみ。具体的筋/作用未同定,annotation_only,MANC;BANC26,data/nonleg_muscle_evidence.csv,型名/出神経のみから具体的筋や作用を推定しない。,not_measured,150,1218,"[{""bodyId"": ""803118"", ""type"": ""INXXX329"", ""superclass"": ""vnc_intrinsic"", ""weight"": 103}, {""bodyId"": ""801586"", ""type"": ""INXXX239"", ""superclass"": ""vnc_intrinsic"", ""weight"": 85}, {""bodyId"": ""803352"", ""type"": ""INXXX239"", ""superclass"": ""vnc_intrinsic"", ""weight"": 83}]"
male-cns:v1.0,803013,DLMn c-f,DLMn c-f_L,翅・胸部筋群,wm,vnc_motor,L,T1,PDMNa,Reviewed,DLM fibres c-f,,間接飛翔動力筋・翅下降。非同期伸張活性化の動力を調節,exact_type_label_bridge,AZE24;HUR23,data/nonleg_muscle_evidence.csv,"DLMn a,bは筋2線維を支配する1MN/側。DLMn c-fは4MN/側。論文MN1-5と個別一対一へ再番号付けしない。soma側と筋側は反対になり得る。",not_measured,674,7689,"[{""bodyId"": ""804556"", ""type"": ""IN19B043"", ""superclass"": ""vnc_intrinsic"", ""weight"": 123}, {""bodyId"": ""905984"", ""type"": ""IN19B043"", ""superclass"": ""vnc_intrinsic"", ""weight"": 113}, {""bodyId"": ""802531"", ""type"": ""IN19B043"", ""superclass"": ""vnc_intrinsic"", ""weight"": 110}]"
male-cns:v1.0,803047,MNad15,MNad15_L,腹部筋群,ad,vnc_motor,L,A8,AbN4,Reviewed,unassigned,,腹部/尾端注釈のみ。具体的筋/作用未同定,annotation_only,MANC;BANC26,data/nonleg_muscle_evidence.csv,型名/出神経のみから具体的筋や作用を推定しない。,not_measured,489,6970,"[{""bodyId"": ""800386"", ""type"": ""INXXX039"", ""superclass"": ""vnc_intrinsic"", ""weight"": 297}, {""bodyId"": ""801265"", ""type"": ""INXXX217"", ""superclass"": ""vnc_intrinsic"", ""weight"": 245}, {""bodyId"": ""800451"", ""type"": ""INXXX039"", ""superclass"": ""vnc_intrinsic"", ""weight"": 223}]"
male-cns:v1.0,803048,DLMn c-f,DLMn c-f_R,翅・胸部筋群,wm,vnc_motor,R,T1,PDMNa,Reviewed,DLM fibres c-f,,間接飛翔動力筋・翅下降。非同期伸張活性化の動力を調節,exact_type_label_bridge,AZE24;HUR23,data/nonleg_muscle_evidence.csv,"DLMn a,bは筋2線維を支配する1MN/側。DLMn c-fは4MN/側。論文MN1-5と個別一対一へ再番号付けしない。soma側と筋側は反対になり得る。",not_measured,721,7444,"[{""bodyId"": ""802139"", ""type"": ""IN19B067"", ""superclass"": ""vnc_intrinsic"", ""weight"": 99}, {""bodyId"": ""802531"", ""type"": ""IN19B043"", ""superclass"": ""vnc_intrinsic"", ""weight"": 99}, {""bodyId"": ""804856"", ""type"": ""IN18B034"", ""superclass"": ""vnc_intrinsic"", ""weight"": 95}]"
male-cns:v1.0,803070,MNad16,MNad16_L,腹部筋群,ad,vnc_motor,L,A4,AbNT,Reviewed,unassigned,,腹部/尾端注釈のみ。具体的筋/作用未同定,annotation_only,MANC;BANC26,data/nonleg_muscle_evidence.csv,型名/出神経のみから具体的筋や作用を推定しない。,not_measured,539,7192,"[{""bodyId"": ""804261"", ""type"": ""INXXX301"", ""superclass"": ""vnc_intrinsic"", ""weight"": 205}, {""bodyId"": ""804124"", ""type"": ""INXXX301"", ""superclass"": ""vnc_intrinsic"", ""weight"": 165}, {""bodyId"": ""804060"", ""type"": ""INXXX301"", ""superclass"": ""vnc_intrinsic"", ""weight"": 157}]"
male-cns:v1.0,803072,Ti flexor MN,Ti flexor MN_R,後脚筋群,hl,vnc_motor,R,T3,MetaLN,Reviewed,Ti flexor MN,femur-tibia,flexion,anatomical_action_inferred,Azevedo 2024 Appendix A1 p3; A12 pp32-33,data/leg_muscle_actions.csv,前脚筋地図と現型注釈による作用対応。T2/T3は分節間相同を含む。個別生理は未測定。,not_measured,834,7513,"[{""bodyId"": ""800793"", ""type"": ""IN21A004"", ""superclass"": ""vnc_intrinsic"", ""weight"": 500}, {""bodyId"": ""800976"", ""type"": ""IN21A002"", ""superclass"": ""vnc_intrinsic"", ""weight"": 290}, {""bodyId"": ""10124"", ""type"": ""DNg105"", ""superclass"": ""descending_neuron"", ""weight"": 250}]"
male-cns:v1.0,803086,MNml29,MNml29_L,中脚筋群,ml,vnc_motor,L,T2,MesoLN,Reviewed,,unknown,unknown,muscle_unresolved,no_named_muscle_type,data/leg_muscle_actions.csv,前脚筋地図と現型注釈による作用対応。T2/T3は分節間相同を含む。個別生理は未測定。 旧MANC標的とのラベル差あり。legs/legacy_target_differences.csv参照。,not_measured,447,4443,"[{""bodyId"": ""902667"", ""type"": ""IN16B016"", ""superclass"": ""vnc_intrinsic"", ""weight"": 243}, {""bodyId"": ""800296"", ""type"": ""IN09A002"", ""superclass"": ""vnc_intrinsic"", ""weight"": 189}, {""bodyId"": ""801787"", ""type"": ""IN19A016"", ""superclass"": ""vnc_intrinsic"", ""weight"": 176}]"
male-cns:v1.0,803100,iii1 MN,iii1 MN_R,翅・胸部筋群,wm,vnc_motor,R,T2,MesoAN,Reviewed,third axillary iii1,,翅基部硬節を介する直接操舵。単一の固定yaw/pitch/roll作用は今回割り当てない,exact_type_label_bridge,MANC;AZE24;EHR23,data/nonleg_muscle_evidence.csv,文献の機能標本とMaleCNSは別個体。型名対応のみで生理を同定しない。,not_measured,723,7446,"[{""bodyId"": ""801705"", ""type"": ""IN02A010"", ""superclass"": ""vnc_intrinsic"", ""weight"": 366}, {""bodyId"": ""803450"", ""type"": ""IN02A010"", ""superclass"": ""vnc_intrinsic"", ""weight"": 287}, {""bodyId"": ""806686"", ""type"": ""IN17A064"", ""superclass"": ""vnc_intrinsic"", ""weight"": 237}]"
male-cns:v1.0,803107,MNad08,MNad08_L,腹部筋群,ad,vnc_motor,L,A5,AbN4,Reviewed,unassigned,,腹部/尾端注釈のみ。具体的筋/作用未同定,annotation_only,MANC;BANC26,data/nonleg_muscle_evidence.csv,型名/出神経のみから具体的筋や作用を推定しない。,not_measured,359,3948,"[{""bodyId"": ""806258"", ""type"": ""IN06A098"", ""superclass"": ""vnc_intrinsic"", ""weight"": 184}, {""bodyId"": ""807291"", ""type"": ""IN06A098"", ""superclass"": ""vnc_intrinsic"", ""weight"": 143}, {""bodyId"": ""13888"", ""type"": ""DNge172"", ""superclass"": ""descending_neuron"", ""weight"": 115}]"
male-cns:v1.0,803129,DVMn 1a-c,DVMn 1a-c_R,翅・胸部筋群,wm,vnc_motor,R,T2,ADMN,Reviewed,DVM1,,間接飛翔動力筋・翅挙上。非同期伸張活性化でDLMと拮抗,exact_type_label_bridge,AZE24,data/nonleg_muscle_evidence.csv,文献の機能標本とMaleCNSは別個体。型名対応のみで生理を同定しない。,not_measured,676,4748,"[{""bodyId"": ""908780"", ""type"": ""IN11B013"", ""superclass"": ""vnc_intrinsic"", ""weight"": 120}, {""bodyId"": ""803023"", ""type"": ""IN19B043"", ""superclass"": ""vnc_intrinsic"", ""weight"": 100}, {""bodyId"": ""908957"", ""type"": ""IN11B013"", ""superclass"": ""vnc_intrinsic"", ""weight"": 95}]"
male-cns:v1.0,803147,Ti flexor MN,Ti flexor MN_L,後脚筋群,hl,vnc_motor,L,T3,MetaLN,Reviewed,Ti flexor MN,femur-tibia,flexion,anatomical_action_inferred,Azevedo 2024 Appendix A1 p3; A12 pp32-33,data/leg_muscle_actions.csv,前脚筋地図と現型注釈による作用対応。T2/T3は分節間相同を含む。個別生理は未測定。 旧MANC標的とのラベル差あり。legs/legacy_target_differences.csv参照。,not_measured,585,5071,"[{""bodyId"": ""820881"", ""type"": ""IN21A004"", ""superclass"": ""vnc_intrinsic"", ""weight"": 336}, {""bodyId"": ""13130"", ""type"": ""DNg105"", ""superclass"": ""descending_neuron"", ""weight"": 225}, {""bodyId"": ""911639"", ""type"": ""IN21A002"", ""superclass"": ""vnc_intrinsic"", ""weight"": 203}]"
male-cns:v1.0,803215,hDVM MN,hDVM MN_L,平均棍筋群,hm,vnc_motor,L,T3,AbN1,Reviewed,haltere dorsal ventral power muscle hDVM,,平均棍を振動させる非同期動力筋,exact_type_label_bridge,DIC19;EHR23;MANC,data/nonleg_muscle_evidence.csv,文献の機能標本とMaleCNSは別個体。型名対応のみで生理を同定しない。,not_measured,351,2205,"[{""bodyId"": ""17757"", ""type"": ""AN19B001"", ""superclass"": ""ascending_neuron"", ""weight"": 83}, {""bodyId"": ""800752"", ""type"": ""IN19B008"", ""superclass"": ""vnc_intrinsic"", ""weight"": 50}, {""bodyId"": ""804467"", ""type"": ""IN07B067"", ""superclass"": ""vnc_intrinsic"", ""weight"": 48}]"
male-cns:v1.0,803226,Sternal posterior rotator MN,Sternal posterior rotator MN_L,中脚筋群,ml,vnc_motor,L,T2,MesoLN,Reviewed,Sternal posterior rotator MN,thorax-coxa,coxa_posterior_movement_or_axial_rotation,anatomical_action_inferred,Azevedo 2024 Appendix A1 p3; A4 pp18-19,data/leg_muscle_actions.csv,前脚筋地図と現型注釈による作用対応。T2/T3は分節間相同を含む。個別生理は未測定。,not_measured,620,7829,"[{""bodyId"": ""800461"", ""type"": ""IN19A003"", ""superclass"": ""vnc_intrinsic"", ""weight"": 318}, {""bodyId"": ""902427"", ""type"": ""IN19A013"", ""superclass"": ""vnc_intrinsic"", ""weight"": 273}, {""bodyId"": ""801873"", ""type"": ""IN19A016"", ""superclass"": ""vnc_intrinsic"", ""weight"": 257}]"
male-cns:v1.0,803237,Tergotr. MN,Tergotr. MN_L,前脚筋群,fl,vnc_motor,L,T1,VProN,Reviewed,Tergotr. MN,coxa-trochanter,extension,anatomical_action_inferred,Azevedo 2024 Appendix A1 p3; A5 pp20-21,data/leg_muscle_actions.csv,前脚筋地図と現型注釈による作用対応。T2/T3は分節間相同を含む。個別生理は未測定。,not_measured,1011,7774,"[{""bodyId"": ""800931"", ""type"": ""IN13A009"", ""superclass"": ""vnc_intrinsic"", ""weight"": 186}, {""bodyId"": ""800116"", ""type"": ""IN13A001"", ""superclass"": ""vnc_intrinsic"", ""weight"": 172}, {""bodyId"": ""906687"", ""type"": ""IN20A.22A001"", ""superclass"": ""vnc_intrinsic"", ""weight"": 158}]"
male-cns:v1.0,803241,MNad16,MNad16_R,腹部筋群,ad,vnc_motor,R,A4,AbNT,Reviewed,unassigned,,腹部/尾端注釈のみ。具体的筋/作用未同定,annotation_only,MANC;BANC26,data/nonleg_muscle_evidence.csv,型名/出神経のみから具体的筋や作用を推定しない。,not_measured,502,6946,"[{""bodyId"": ""804060"", ""type"": ""INXXX301"", ""superclass"": ""vnc_intrinsic"", ""weight"": 181}, {""bodyId"": ""804261"", ""type"": ""INXXX301"", ""superclass"": ""vnc_intrinsic"", ""weight"": 160}, {""bodyId"": ""805882"", ""type"": ""IN06A066"", ""superclass"": ""vnc_intrinsic"", ""weight"": 142}]"
male-cns:v1.0,803310,MNhm43,MNhm43_L,平均棍筋群,hm,vnc_motor,L,T3,AbN1,Reviewed,haltere basalar hb1 or hb2 (unordered pair),,平均棍操舵,unordered_muscle_pair,MANC;EHR23,data/nonleg_muscle_evidence.csv,hb1/hb2のどちらを各型が支配するかは未決。MANC49582は両型に重複対応。,not_measured,617,6679,"[{""bodyId"": ""12982"", ""type"": ""DNg91"", ""superclass"": ""descending_neuron"", ""weight"": 195}, {""bodyId"": ""11876"", ""type"": ""DNae003"", ""superclass"": ""descending_neuron"", ""weight"": 178}, {""bodyId"": ""513711"", ""type"": ""DNa09"", ""superclass"": ""descending_neuron"", ""weight"": 173}]"
male-cns:v1.0,803314,Pleural remotor/abductor MN,Pleural remotor/abductor MN_R,前脚筋群,fl,vnc_motor,R,T1,ProAN,Reviewed,Pleural remotor/abductor MN,thorax-coxa,coxa_posterior_and_lateral_movement,anatomical_action_inferred,Azevedo 2024 Appendix A1 p2; A4 pp18-19,data/leg_muscle_actions.csv,前脚筋地図と現型注釈による作用対応。T2/T3は分節間相同を含む。個別生理は未測定。,not_measured,693,6971,"[{""bodyId"": ""801027"", ""type"": ""IN19A003"", ""superclass"": ""vnc_intrinsic"", ""weight"": 288}, {""bodyId"": ""801263"", ""type"": ""IN17A041"", ""superclass"": ""vnc_intrinsic"", ""weight"": 244}, {""bodyId"": ""902500"", ""type"": ""IN19A022"", ""superclass"": ""vnc_intrinsic"", ""weight"": 207}]"
male-cns:v1.0,803342,MNad11,MNad11_L,腹部筋群,ad,vnc_motor,L,A4,AbN4,Reviewed,unassigned,,腹部/尾端注釈のみ。具体的筋/作用未同定,annotation_only,MANC;BANC26,data/nonleg_muscle_evidence.csv,型名/出神経のみから具体的筋や作用を推定しない。,not_measured,326,3254,"[{""bodyId"": ""13888"", ""type"": ""DNge172"", ""superclass"": ""descending_neuron"", ""weight"": 120}, {""bodyId"": ""807357"", ""type"": ""INXXX332"", ""superclass"": ""vnc_intrinsic"", ""weight"": 105}, {""bodyId"": ""908084"", ""type"": ""IN01A045"", ""superclass"": ""vnc_intrinsic"", ""weight"": 94}]"
male-cns:v1.0,803378,MNnm11,MNnm11_R,頸筋群,nm,vnc_motor,R,T1,DProN,Reviewed,unassigned,,頸部注釈のみ。具体的筋/作用未同定,annotation_only,GOR24;BANC26,data/nonleg_muscle_evidence.csv,型名/出神経のみから具体的筋や作用を推定しない。,not_measured,462,7174,"[{""bodyId"": ""23188"", ""type"": ""AN18B023"", ""superclass"": ""ascending_neuron"", ""weight"": 315}, {""bodyId"": ""10676"", ""type"": ""DNg49"", ""superclass"": ""descending_neuron"", ""weight"": 305}, {""bodyId"": ""13295"", ""type"": ""DNge033"", ""superclass"": ""descending_neuron"", ""weight"": 276}]"
male-cns:v1.0,803412,Tr extensor MN,Tr extensor MN_L,前脚筋群,fl,vnc_motor,L,T1,ProAN,Reviewed,Tr extensor MN,coxa-trochanter,extension,anatomical_action_inferred,Azevedo 2024 Appendix A1 p3; A6 pp22-23,data/leg_muscle_actions.csv,前脚筋地図と現型注釈による作用対応。T2/T3は分節間相同を含む。個別生理は未測定。 旧MANC標的とのラベル差あり。legs/legacy_target_differences.csv参照。,not_measured,917,7227,"[{""bodyId"": ""904280"", ""type"": ""IN16B020"", ""superclass"": ""vnc_intrinsic"", ""weight"": 329}, {""bodyId"": ""906687"", ""type"": ""IN20A.22A001"", ""superclass"": ""vnc_intrinsic"", ""weight"": 208}, {""bodyId"": ""802257"", ""type"": ""IN20A.22A001"", ""superclass"": ""vnc_intrinsic"", ""weight"": 196}]"
male-cns:v1.0,803451,MNad35,MNad35_L,腹部筋群,ad,vnc_motor,L,A1,AbN2,Reviewed,unassigned,,腹部/尾端注釈のみ。具体的筋/作用未同定,annotation_only,MANC;BANC26,data/nonleg_muscle_evidence.csv,型名/出神経のみから具体的筋や作用を推定しない。,not_measured,464,6241,"[{""bodyId"": ""804353"", ""type"": ""IN06A043"", ""superclass"": ""vnc_intrinsic"", ""weight"": 251}, {""bodyId"": ""804696"", ""type"": ""IN06A050"", ""superclass"": ""vnc_intrinsic"", ""weight"": 219}, {""bodyId"": ""804501"", ""type"": ""IN06A049"", ""superclass"": ""vnc_intrinsic"", ""weight"": 196}]"
male-cns:v1.0,803480,MNml82,MNml82_L,中脚筋群,ml,vnc_motor,L,T2,MesoLN,Reviewed,,unknown,unknown,muscle_unresolved,no_named_muscle_type,data/leg_muscle_actions.csv,前脚筋地図と現型注釈による作用対応。T2/T3は分節間相同を含む。個別生理は未測定。 旧MANC標的とのラベル差あり。legs/legacy_target_differences.csv参照。,not_measured,765,6791,"[{""bodyId"": ""902617"", ""type"": ""IN13B012"", ""superclass"": ""vnc_intrinsic"", ""weight"": 349}, {""bodyId"": ""903510"", ""type"": ""IN19A030"", ""superclass"": ""vnc_intrinsic"", ""weight"": 323}, {""bodyId"": ""800675"", ""type"": ""IN21A003"", ""superclass"": ""vnc_intrinsic"", ""weight"": 152}]"
male-cns:v1.0,803499,Pleural remotor/abductor MN,Pleural remotor/abductor MN_R,中脚筋群,ml,vnc_motor,R,T2,MesoLN,Reviewed,Pleural remotor/abductor MN,thorax-coxa,coxa_posterior_and_lateral_movement,anatomical_action_inferred,Azevedo 2024 Appendix A1 p2; A4 pp18-19,data/leg_muscle_actions.csv,前脚筋地図と現型注釈による作用対応。T2/T3は分節間相同を含む。個別生理は未測定。,not_measured,566,5586,"[{""bodyId"": ""800736"", ""type"": ""IN03A010"", ""superclass"": ""vnc_intrinsic"", ""weight"": 253}, {""bodyId"": ""805054"", ""type"": ""IN03A024"", ""superclass"": ""vnc_intrinsic"", ""weight"": 225}, {""bodyId"": ""801747"", ""type"": ""IN19A013"", ""superclass"": ""vnc_intrinsic"", ""weight"": 216}]"
male-cns:v1.0,803523,ltm1-tibia MN,ltm1-tibia MN_R,中脚筋群,ml,vnc_motor,R,T2,MesoLN,Reviewed,ltm1-tibia MN,long_tendon,long_tendon_pull_tibia_muscle,anatomical_action_inferred,Azevedo 2024 Appendix A1 p4; A15-A16 pp38-40,data/leg_muscle_actions.csv,前脚筋地図と現型注釈による作用対応。T2/T3は分節間相同を含む。個別生理は未測定。,not_measured,244,1079,"[{""bodyId"": ""801584"", ""type"": ""IN21A008"", ""superclass"": ""vnc_intrinsic"", ""weight"": 45}, {""bodyId"": ""804521"", ""type"": ""IN16B041"", ""superclass"": ""vnc_intrinsic"", ""weight"": 45}, {""bodyId"": ""800918"", ""type"": ""IN19A029"", ""superclass"": ""vnc_intrinsic"", ""weight"": 41}]"
male-cns:v1.0,803524,MNad15,MNad15_L,腹部筋群,ad,vnc_motor,L,A6,AbN4,Reviewed,unassigned,,腹部/尾端注釈のみ。具体的筋/作用未同定,annotation_only,MANC;BANC26,data/nonleg_muscle_evidence.csv,型名/出神経のみから具体的筋や作用を推定しない。,not_measured,482,6393,"[{""bodyId"": ""800386"", ""type"": ""INXXX039"", ""superclass"": ""vnc_intrinsic"", ""weight"": 226}, {""bodyId"": ""803060"", ""type"": ""IN01A045"", ""superclass"": ""vnc_intrinsic"", ""weight"": 204}, {""bodyId"": ""800451"", ""type"": ""INXXX039"", ""superclass"": ""vnc_intrinsic"", ""weight"": 169}]"
male-cns:v1.0,803558,MNnm10,MNnm10_R,頸筋群,nm,vnc_motor,R,T1,DProN,Reviewed,unassigned,,頸部注釈のみ。具体的筋/作用未同定,annotation_only,GOR24;BANC26,data/nonleg_muscle_evidence.csv,型名/出神経のみから具体的筋や作用を推定しない。,not_measured,418,6257,"[{""bodyId"": ""12647"", ""type"": ""DNge125"", ""superclass"": ""descending_neuron"", ""weight"": 496}, {""bodyId"": ""803176"", ""type"": ""IN02A007"", ""superclass"": ""vnc_intrinsic"", ""weight"": 248}, {""bodyId"": ""805051"", ""type"": ""IN02A029"", ""superclass"": ""vnc_intrinsic"", ""weight"": 237}]"
male-cns:v1.0,803562,MNad06,MNad06_R,腹部筋群,ad,vnc_motor,R,A4,AbN4,Reviewed,unassigned,,腹部/尾端注釈のみ。具体的筋/作用未同定,annotation_only,MANC;BANC26,data/nonleg_muscle_evidence.csv,型名/出神経のみから具体的筋や作用を推定しない。,not_measured,395,3226,"[{""bodyId"": ""805230"", ""type"": ""INXXX315"", ""superclass"": ""vnc_intrinsic"", ""weight"": 170}, {""bodyId"": ""806559"", ""type"": ""INXXX332"", ""superclass"": ""vnc_intrinsic"", ""weight"": 100}, {""bodyId"": ""805382"", ""type"": ""INXXX315"", ""superclass"": ""vnc_intrinsic"", ""weight"": 94}]"
male-cns:v1.0,803582,MNnm10,MNnm10_L,頸筋群,nm,vnc_motor,L,T1,DProN,Reviewed,unassigned,,頸部注釈のみ。具体的筋/作用未同定,annotation_only,GOR24;BANC26,data/nonleg_muscle_evidence.csv,型名/出神経のみから具体的筋や作用を推定しない。,not_measured,442,6324,"[{""bodyId"": ""12485"", ""type"": ""DNge125"", ""superclass"": ""descending_neuron"", ""weight"": 432}, {""bodyId"": ""514489"", ""type"": ""DNg49"", ""superclass"": ""descending_neuron"", ""weight"": 215}, {""bodyId"": ""803521"", ""type"": ""IN02A007"", ""superclass"": ""vnc_intrinsic"", ""weight"": 214}]"
male-cns:v1.0,803589,ps2 MN,ps2 MN_L,翅・胸部筋群,wm,vnc_motor,L,T2,MesoAN,Reviewed,pleurosternal ps2,,胸郭張力/剛性などを変える間接制御・張力筋。動力筋DLM/DVMと区別,exact_type_label_bridge,MANC;AZE24,data/nonleg_muscle_evidence.csv,文献の機能標本とMaleCNSは別個体。型名対応のみで生理を同定しない。,not_measured,989,9015,"[{""bodyId"": ""905422"", ""type"": ""IN19B058"", ""superclass"": ""vnc_intrinsic"", ""weight"": 124}, {""bodyId"": ""808396"", ""type"": ""IN06A040"", ""superclass"": ""vnc_intrinsic"", ""weight"": 121}, {""bodyId"": ""809493"", ""type"": ""IN19B058"", ""superclass"": ""vnc_intrinsic"", ""weight"": 111}]"
male-cns:v1.0,803599,"DVMn 2a, b","DVMn 2a, b_R",翅・胸部筋群,wm,vnc_motor,R,T2,MesoAN,Reviewed,DVM2,,間接飛翔動力筋・翅挙上。非同期伸張活性化でDLMと拮抗,exact_type_label_bridge,AZE24,data/nonleg_muscle_evidence.csv,文献の機能標本とMaleCNSは別個体。型名対応のみで生理を同定しない。,not_measured,390,2622,"[{""bodyId"": ""803023"", ""type"": ""IN19B043"", ""superclass"": ""vnc_intrinsic"", ""weight"": 96}, {""bodyId"": ""806335"", ""type"": ""IN11B013"", ""superclass"": ""vnc_intrinsic"", ""weight"": 85}, {""bodyId"": ""908957"", ""type"": ""IN11B013"", ""superclass"": ""vnc_intrinsic"", ""weight"": 81}]"
male-cns:v1.0,803684,MNad36,MNad36_R,腹部筋群,ad,vnc_motor,R,A1,AbN2,Reviewed,unassigned,,腹部/尾端注釈のみ。具体的筋/作用未同定,annotation_only,MANC;BANC26,data/nonleg_muscle_evidence.csv,型名/出神経のみから具体的筋や作用を推定しない。,not_measured,419,5825,"[{""bodyId"": ""800965"", ""type"": ""INXXX287"", ""superclass"": ""vnc_intrinsic"", ""weight"": 369}, {""bodyId"": ""802312"", ""type"": ""INXXX179"", ""superclass"": ""vnc_intrinsic"", ""weight"": 266}, {""bodyId"": ""805724"", ""type"": ""INXXX294"", ""superclass"": ""vnc_intrinsic"", ""weight"": 251}]"
male-cns:v1.0,803690,MNad22,MNad22_L,腹部筋群,ad,vnc_motor,L,A7,AbNT,Reviewed,unassigned,,腹部/尾端注釈のみ。具体的筋/作用未同定,annotation_only,MANC;BANC26,data/nonleg_muscle_evidence.csv,型名/出神経のみから具体的筋や作用を推定しない。,not_measured,293,4428,"[{""bodyId"": ""803352"", ""type"": ""INXXX239"", ""superclass"": ""vnc_intrinsic"", ""weight"": 232}, {""bodyId"": ""802945"", ""type"": ""INXXX239"", ""superclass"": ""vnc_intrinsic"", ""weight"": 172}, {""bodyId"": ""806257"", ""type"": ""INXXX336"", ""superclass"": ""vnc_intrinsic"", ""weight"": 166}]"
male-cns:v1.0,803698,Sternotrochanter MN,Sternotrochanter MN_R,前脚筋群,fl,vnc_motor,R,T1,VProN,Reviewed,Sternotrochanter MN,coxa-trochanter,extension,anatomical_action_inferred,Azevedo 2024 Appendix A1 p3; A6 pp22-23,data/leg_muscle_actions.csv,前脚筋地図と現型注釈による作用対応。T2/T3は分節間相同を含む。個別生理は未測定。 旧MANC標的とのラベル差あり。legs/legacy_target_differences.csv参照。,not_measured,724,4409,"[{""bodyId"": ""903500"", ""type"": ""IN20A.22A001"", ""superclass"": ""vnc_intrinsic"", ""weight"": 99}, {""bodyId"": ""800353"", ""type"": ""IN08A002"", ""superclass"": ""vnc_intrinsic"", ""weight"": 89}, {""bodyId"": ""907751"", ""type"": ""IN20A.22A001"", ""superclass"": ""vnc_intrinsic"", ""weight"": 87}]"
male-cns:v1.0,803704,Sternal posterior rotator MN,Sternal posterior rotator MN_L,中脚筋群,ml,vnc_motor,L,T2,MesoLN,Reviewed,Sternal posterior rotator MN,thorax-coxa,coxa_posterior_movement_or_axial_rotation,anatomical_action_inferred,Azevedo 2024 Appendix A1 p3; A4 pp18-19,data/leg_muscle_actions.csv,前脚筋地図と現型注釈による作用対応。T2/T3は分節間相同を含む。個別生理は未測定。,not_measured,698,6698,"[{""bodyId"": ""800461"", ""type"": ""IN19A003"", ""superclass"": ""vnc_intrinsic"", ""weight"": 326}, {""bodyId"": ""902427"", ""type"": ""IN19A013"", ""superclass"": ""vnc_intrinsic"", ""weight"": 273}, {""bodyId"": ""801526"", ""type"": ""IN19A022"", ""superclass"": ""vnc_intrinsic"", ""weight"": 247}]"
male-cns:v1.0,803709,MNad15,MNad15_R,腹部筋群,ad,vnc_motor,R,A8,AbN4,Reviewed,unassigned,,腹部/尾端注釈のみ。具体的筋/作用未同定,annotation_only,MANC;BANC26,data/nonleg_muscle_evidence.csv,型名/出神経のみから具体的筋や作用を推定しない。,not_measured,472,6343,"[{""bodyId"": ""800451"", ""type"": ""INXXX039"", ""superclass"": ""vnc_intrinsic"", ""weight"": 228}, {""bodyId"": ""800386"", ""type"": ""INXXX039"", ""superclass"": ""vnc_intrinsic"", ""weight"": 225}, {""bodyId"": ""47170"", ""type"": ""INXXX217"", ""superclass"": ""vnc_intrinsic"", ""weight"": 194}]"
male-cns:v1.0,803717,MNad35,MNad35_R,腹部筋群,ad,vnc_motor,R,A1,AbN2,Reviewed,unassigned,,腹部/尾端注釈のみ。具体的筋/作用未同定,annotation_only,MANC;BANC26,data/nonleg_muscle_evidence.csv,型名/出神経のみから具体的筋や作用を推定しない。,not_measured,455,5970,"[{""bodyId"": ""904948"", ""type"": ""IN06A049"", ""superclass"": ""vnc_intrinsic"", ""weight"": 212}, {""bodyId"": ""904946"", ""type"": ""IN06A050"", ""superclass"": ""vnc_intrinsic"", ""weight"": 205}, {""bodyId"": ""804997"", ""type"": ""IN06A043"", ""superclass"": ""vnc_intrinsic"", ""weight"": 184}]"
male-cns:v1.0,803732,MNad03,MNad03_R,腹部筋群,ad,vnc_motor,R,A4,AbN4,Reviewed,unassigned,,腹部/尾端注釈のみ。具体的筋/作用未同定,annotation_only,MANC;BANC26,data/nonleg_muscle_evidence.csv,型名/出神経のみから具体的筋や作用を推定しない。,not_measured,129,1128,"[{""bodyId"": ""800363"", ""type"": ""IN10B011"", ""superclass"": ""vnc_intrinsic"", ""weight"": 124}, {""bodyId"": ""800413"", ""type"": ""IN10B011"", ""superclass"": ""vnc_intrinsic"", ""weight"": 107}, {""bodyId"": ""800602"", ""type"": ""INXXX183"", ""superclass"": ""vnc_intrinsic"", ""weight"": 74}]"
male-cns:v1.0,803765,MNnm09,MNnm09_R,頸筋群,nm,vnc_motor,R,T1,DProN,Reviewed,unassigned,,頸部注釈のみ。具体的筋/作用未同定,annotation_only,GOR24;BANC26,data/nonleg_muscle_evidence.csv,型名/出神経のみから具体的筋や作用を推定しない。,not_measured,447,6207,"[{""bodyId"": ""10676"", ""type"": ""DNg49"", ""superclass"": ""descending_neuron"", ""weight"": 220}, {""bodyId"": ""12647"", ""type"": ""DNge125"", ""superclass"": ""descending_neuron"", ""weight"": 220}, {""bodyId"": ""803176"", ""type"": ""IN02A007"", ""superclass"": ""vnc_intrinsic"", ""weight"": 158}]"
male-cns:v1.0,803803,Pleural remotor/abductor MN,Pleural remotor/abductor MN_L,前脚筋群,fl,vnc_motor,L,T1,ProAN,Reviewed,Pleural remotor/abductor MN,thorax-coxa,coxa_posterior_and_lateral_movement,anatomical_action_inferred,Azevedo 2024 Appendix A1 p2; A4 pp18-19,data/leg_muscle_actions.csv,前脚筋地図と現型注釈による作用対応。T2/T3は分節間相同を含む。個別生理は未測定。,not_measured,682,6986,"[{""bodyId"": ""803685"", ""type"": ""IN17A041"", ""superclass"": ""vnc_intrinsic"", ""weight"": 269}, {""bodyId"": ""802743"", ""type"": ""IN01A015"", ""superclass"": ""vnc_intrinsic"", ""weight"": 265}, {""bodyId"": ""903602"", ""type"": ""IN19A003"", ""superclass"": ""vnc_intrinsic"", ""weight"": 231}]"
male-cns:v1.0,803804,MNad14,MNad14_R,腹部筋群,ad,vnc_motor,R,A4,AbN4,Reviewed,unassigned,,腹部/尾端注釈のみ。具体的筋/作用未同定,annotation_only,MANC;BANC26,data/nonleg_muscle_evidence.csv,型名/出神経のみから具体的筋や作用を推定しない。,not_measured,424,5907,"[{""bodyId"": ""800590"", ""type"": ""IN19A032"", ""superclass"": ""vnc_intrinsic"", ""weight"": 265}, {""bodyId"": ""802223"", ""type"": ""IN01A027"", ""superclass"": ""vnc_intrinsic"", ""weight"": 251}, {""bodyId"": ""805279"", ""type"": ""INXXX332"", ""superclass"": ""vnc_intrinsic"", ""weight"": 226}]"
male-cns:v1.0,803813,MNad36,MNad36_L,腹部筋群,ad,vnc_motor,L,A1,AbN2,Reviewed,unassigned,,腹部/尾端注釈のみ。具体的筋/作用未同定,annotation_only,MANC;BANC26,data/nonleg_muscle_evidence.csv,型名/出神経のみから具体的筋や作用を推定しない。,not_measured,426,5575,"[{""bodyId"": ""802654"", ""type"": ""INXXX287"", ""superclass"": ""vnc_intrinsic"", ""weight"": 297}, {""bodyId"": ""803857"", ""type"": ""INXXX294"", ""superclass"": ""vnc_intrinsic"", ""weight"": 250}, {""bodyId"": ""805824"", ""type"": ""IN06B073"", ""superclass"": ""vnc_intrinsic"", ""weight"": 244}]"
male-cns:v1.0,803829,Tr flexor MN,Tr flexor MN_L,中脚筋群,ml,vnc_motor,L,T2,MesoLN,Reviewed,Tr flexor MN,coxa-trochanter,flexion,anatomical_action_inferred,Azevedo 2024 Appendix A1 p3; A7-A8 pp24-26,data/leg_muscle_actions.csv,前脚筋地図と現型注釈による作用対応。T2/T3は分節間相同を含む。個別生理は未測定。,not_measured,623,7560,"[{""bodyId"": ""800816"", ""type"": ""IN21A010"", ""superclass"": ""vnc_intrinsic"", ""weight"": 474}, {""bodyId"": ""800837"", ""type"": ""IN19B012"", ""superclass"": ""vnc_intrinsic"", ""weight"": 364}, {""bodyId"": ""800236"", ""type"": ""IN19A008"", ""superclass"": ""vnc_intrinsic"", ""weight"": 344}]"
male-cns:v1.0,803830,Fe reductor MN,Fe reductor MN_R,前脚筋群,fl,vnc_motor,R,T1,ProLN,Reviewed,Fe reductor MN,trochanter-femur,unknown,named_muscle_action_unresolved,Azevedo 2024 Appendix A1 p3; A10 pp29-30,data/leg_muscle_actions.csv,前脚筋地図と現型注釈による作用対応。T2/T3は分節間相同を含む。個別生理は未測定。,not_measured,305,1174,"[{""bodyId"": ""802895"", ""type"": ""IN21A013"", ""superclass"": ""vnc_intrinsic"", ""weight"": 61}, {""bodyId"": ""818561"", ""type"": ""IN13A060"", ""superclass"": ""vnc_intrinsic"", ""weight"": 32}, {""bodyId"": ""805699"", ""type"": ""IN08A036"", ""superclass"": ""vnc_intrinsic"", ""weight"": 30}]"
male-cns:v1.0,803891,hg2 MN,hg2 MN_R,翅・胸部筋群,wm,vnc_motor,R,T2,ADMN,Reviewed,fourth axillary hg2 / iv2,,翅基部硬節を介する直接操舵。単一の固定yaw/pitch/roll作用は今回割り当てない,exact_type_label_bridge,MANC;AZE24;EHR23,data/nonleg_muscle_evidence.csv,文献の機能標本とMaleCNSは別個体。型名対応のみで生理を同定しない。,not_measured,762,5884,"[{""bodyId"": ""802507"", ""type"": ""IN06B042"", ""superclass"": ""vnc_intrinsic"", ""weight"": 193}, {""bodyId"": ""801746"", ""type"": ""IN06B042"", ""superclass"": ""vnc_intrinsic"", ""weight"": 170}, {""bodyId"": ""805548"", ""type"": ""IN06A016"", ""superclass"": ""vnc_intrinsic"", ""weight"": 120}]"
male-cns:v1.0,803904,MNad10,MNad10_L,腹部筋群,ad,vnc_motor,L,A3,AbN4,Reviewed,unassigned,,腹部/尾端注釈のみ。具体的筋/作用未同定,annotation_only,MANC;BANC26,data/nonleg_muscle_evidence.csv,型名/出神経のみから具体的筋や作用を推定しない。,not_measured,412,5647,"[{""bodyId"": ""908205"", ""type"": ""INXXX287"", ""superclass"": ""vnc_intrinsic"", ""weight"": 327}, {""bodyId"": ""906365"", ""type"": ""INXXX287"", ""superclass"": ""vnc_intrinsic"", ""weight"": 202}, {""bodyId"": ""1050443274"", ""type"": ""INXXX199"", ""superclass"": ""vnc_intrinsic"", ""weight"": 176}]"
male-cns:v1.0,803912,MNad10,MNad10_R,腹部筋群,ad,vnc_motor,R,A3,AbN4,Reviewed,unassigned,,腹部/尾端注釈のみ。具体的筋/作用未同定,annotation_only,MANC;BANC26,data/nonleg_muscle_evidence.csv,型名/出神経のみから具体的筋や作用を推定しない。,not_measured,392,5523,"[{""bodyId"": ""803849"", ""type"": ""INXXX287"", ""superclass"": ""vnc_intrinsic"", ""weight"": 275}, {""bodyId"": ""802623"", ""type"": ""INXXX287"", ""superclass"": ""vnc_intrinsic"", ""weight"": 244}, {""bodyId"": ""1050443274"", ""type"": ""INXXX199"", ""superclass"": ""vnc_intrinsic"", ""weight"": 165}]"
male-cns:v1.0,803946,MNad10,MNad10_L,腹部筋群,ad,vnc_motor,L,A2,AbN4,Reviewed,unassigned,,腹部/尾端注釈のみ。具体的筋/作用未同定,annotation_only,MANC;BANC26,data/nonleg_muscle_evidence.csv,型名/出神経のみから具体的筋や作用を推定しない。,not_measured,413,5572,"[{""bodyId"": ""906365"", ""type"": ""INXXX287"", ""superclass"": ""vnc_intrinsic"", ""weight"": 397}, {""bodyId"": ""802190"", ""type"": ""INXXX287"", ""superclass"": ""vnc_intrinsic"", ""weight"": 233}, {""bodyId"": ""803222"", ""type"": ""INXXX247"", ""superclass"": ""vnc_intrinsic"", ""weight"": 167}]"
male-cns:v1.0,803982,"DVMn 2a, b","DVMn 2a, b_L",翅・胸部筋群,wm,vnc_motor,L,T2,MesoAN,Reviewed,DVM2,,間接飛翔動力筋・翅挙上。非同期伸張活性化でDLMと拮抗,exact_type_label_bridge,AZE24,data/nonleg_muscle_evidence.csv,文献の機能標本とMaleCNSは別個体。型名対応のみで生理を同定しない。,not_measured,437,3178,"[{""bodyId"": ""802531"", ""type"": ""IN19B043"", ""superclass"": ""vnc_intrinsic"", ""weight"": 111}, {""bodyId"": ""803023"", ""type"": ""IN19B043"", ""superclass"": ""vnc_intrinsic"", ""weight"": 88}, {""bodyId"": ""804732"", ""type"": ""IN11B013"", ""superclass"": ""vnc_intrinsic"", ""weight"": 88}]"
male-cns:v1.0,803992,MNad14,MNad14_L,腹部筋群,ad,vnc_motor,L,A3,AbN4,Roughly traced,unassigned,,腹部/尾端注釈のみ。具体的筋/作用未同定,annotation_only,MANC;BANC26,data/nonleg_muscle_evidence.csv,型名/出神経のみから具体的筋や作用を推定しない。,not_measured,507,5681,"[{""bodyId"": ""802381"", ""type"": ""INXXX332"", ""superclass"": ""vnc_intrinsic"", ""weight"": 380}, {""bodyId"": ""801658"", ""type"": ""IN01A027"", ""superclass"": ""vnc_intrinsic"", ""weight"": 204}, {""bodyId"": ""802655"", ""type"": ""INXXX315"", ""superclass"": ""vnc_intrinsic"", ""weight"": 193}]"
male-cns:v1.0,804023,MNad61,MNad61_R,腹部筋群,ad,vnc_motor,R,A8,AbNT,Reviewed,unassigned,,腹部/尾端注釈のみ。具体的筋/作用未同定,annotation_only,MANC;BANC26,data/nonleg_muscle_evidence.csv,型名/出神経のみから具体的筋や作用を推定しない。,not_measured,392,5318,"[{""bodyId"": ""808781"", ""type"": ""INXXX262"", ""superclass"": ""vnc_intrinsic"", ""weight"": 259}, {""bodyId"": ""800359"", ""type"": ""INXXX052"", ""superclass"": ""vnc_intrinsic"", ""weight"": 253}, {""bodyId"": ""801152"", ""type"": ""INXXX262"", ""superclass"": ""vnc_intrinsic"", ""weight"": 214}]"
male-cns:v1.0,804025,Fe reductor MN,Fe reductor MN_L,中脚筋群,ml,vnc_motor,L,T2,MesoLN,Reviewed,Fe reductor MN,trochanter-femur,unknown,named_muscle_action_unresolved,Azevedo 2024 Appendix A1 p3; A10 pp29-30,data/leg_muscle_actions.csv,前脚筋地図と現型注釈による作用対応。T2/T3は分節間相同を含む。個別生理は未測定。,not_measured,596,5777,"[{""bodyId"": ""801804"", ""type"": ""IN01A015"", ""superclass"": ""vnc_intrinsic"", ""weight"": 273}, {""bodyId"": ""804550"", ""type"": ""IN03A024"", ""superclass"": ""vnc_intrinsic"", ""weight"": 176}, {""bodyId"": ""801787"", ""type"": ""IN19A016"", ""superclass"": ""vnc_intrinsic"", ""weight"": 173}]"
male-cns:v1.0,804078,MNhl29,MNhl29_L,後脚筋群,hl,vnc_motor,L,T3,MetaLN,Reviewed,,unknown,unknown,muscle_unresolved,no_named_muscle_type,data/leg_muscle_actions.csv,前脚筋地図と現型注釈による作用対応。T2/T3は分節間相同を含む。個別生理は未測定。 旧MANC標的とのラベル差あり。legs/legacy_target_differences.csv参照。,not_measured,725,5804,"[{""bodyId"": ""940467"", ""type"": ""IN19A016"", ""superclass"": ""vnc_intrinsic"", ""weight"": 221}, {""bodyId"": ""800434"", ""type"": ""IN09A002"", ""superclass"": ""vnc_intrinsic"", ""weight"": 211}, {""bodyId"": ""800622"", ""type"": ""IN19A003"", ""superclass"": ""vnc_intrinsic"", ""weight"": 201}]"
male-cns:v1.0,804107,iii3 MN,iii3 MN_L,翅・胸部筋群,wm,vnc_motor,L,T2,MesoAN,Reviewed,third axillary iii3,,翅基部硬節を介する直接操舵。単一の固定yaw/pitch/roll作用は今回割り当てない,exact_type_label_bridge,MANC;AZE24;EHR23,data/nonleg_muscle_evidence.csv,文献の機能標本とMaleCNSは別個体。型名対応のみで生理を同定しない。,not_measured,551,5217,"[{""bodyId"": ""924901"", ""type"": ""IN06A002"", ""superclass"": ""vnc_intrinsic"", ""weight"": 574}, {""bodyId"": ""801504"", ""type"": ""IN10B023"", ""superclass"": ""vnc_intrinsic"", ""weight"": 187}, {""bodyId"": ""801571"", ""type"": ""IN01A017"", ""superclass"": ""vnc_intrinsic"", ""weight"": 157}]"
male-cns:v1.0,804119,MNad53,MNad53_L,腹部筋群,ad,vnc_motor,L,A9,AbNT,Reviewed,unassigned,,腹部/尾端注釈のみ。具体的筋/作用未同定,annotation_only,MANC;BANC26,data/nonleg_muscle_evidence.csv,型名/出神経のみから具体的筋や作用を推定しない。,not_measured,262,2808,"[{""bodyId"": ""803055"", ""type"": ""IN01A043"", ""superclass"": ""vnc_intrinsic"", ""weight"": 123}, {""bodyId"": ""906236"", ""type"": ""IN01A043"", ""superclass"": ""vnc_intrinsic"", ""weight"": 112}, {""bodyId"": ""902844"", ""type"": ""INXXX197"", ""superclass"": ""vnc_intrinsic"", ""weight"": 106}]"
male-cns:v1.0,804131,hg2 MN,hg2 MN_L,翅・胸部筋群,wm,vnc_motor,L,T2,ADMN,Reviewed,fourth axillary hg2 / iv2,,翅基部硬節を介する直接操舵。単一の固定yaw/pitch/roll作用は今回割り当てない,exact_type_label_bridge,MANC;AZE24;EHR23,data/nonleg_muscle_evidence.csv,文献の機能標本とMaleCNSは別個体。型名対応のみで生理を同定しない。,not_measured,677,5556,"[{""bodyId"": ""802507"", ""type"": ""IN06B042"", ""superclass"": ""vnc_intrinsic"", ""weight"": 209}, {""bodyId"": ""801746"", ""type"": ""IN06B042"", ""superclass"": ""vnc_intrinsic"", ""weight"": 163}, {""bodyId"": ""11554"", ""type"": ""DNp63"", ""superclass"": ""descending_neuron"", ""weight"": 100}]"
male-cns:v1.0,804173,MNad10,MNad10_R,腹部筋群,ad,vnc_motor,R,A2,AbN4,Reviewed,unassigned,,腹部/尾端注釈のみ。具体的筋/作用未同定,annotation_only,MANC;BANC26,data/nonleg_muscle_evidence.csv,型名/出神経のみから具体的筋や作用を推定しない。,not_measured,380,5299,"[{""bodyId"": ""802623"", ""type"": ""INXXX287"", ""superclass"": ""vnc_intrinsic"", ""weight"": 413}, {""bodyId"": ""802242"", ""type"": ""INXXX287"", ""superclass"": ""vnc_intrinsic"", ""weight"": 201}, {""bodyId"": ""802629"", ""type"": ""INXXX402"", ""superclass"": ""vnc_intrinsic"", ""weight"": 173}]"
male-cns:v1.0,804180,MNad14,MNad14_R,腹部筋群,ad,vnc_motor,R,A2,AbN3,Reviewed,unassigned,,腹部/尾端注釈のみ。具体的筋/作用未同定,annotation_only,MANC;BANC26,data/nonleg_muscle_evidence.csv,型名/出神経のみから具体的筋や作用を推定しない。,not_measured,551,5451,"[{""bodyId"": ""802147"", ""type"": ""INXXX332"", ""superclass"": ""vnc_intrinsic"", ""weight"": 393}, {""bodyId"": ""801516"", ""type"": ""IN19A034"", ""superclass"": ""vnc_intrinsic"", ""weight"": 224}, {""bodyId"": ""802366"", ""type"": ""INXXX315"", ""superclass"": ""vnc_intrinsic"", ""weight"": 160}]"
male-cns:v1.0,804195,MNad14,MNad14_L,腹部筋群,ad,vnc_motor,L,A4,AbN4,Reviewed,unassigned,,腹部/尾端注釈のみ。具体的筋/作用未同定,annotation_only,MANC;BANC26,data/nonleg_muscle_evidence.csv,型名/出神経のみから具体的筋や作用を推定しない。,not_measured,357,5342,"[{""bodyId"": ""803319"", ""type"": ""IN19A032"", ""superclass"": ""vnc_intrinsic"", ""weight"": 240}, {""bodyId"": ""801658"", ""type"": ""IN01A027"", ""superclass"": ""vnc_intrinsic"", ""weight"": 222}, {""bodyId"": ""807357"", ""type"": ""INXXX332"", ""superclass"": ""vnc_intrinsic"", ""weight"": 205}]"
male-cns:v1.0,804245,FNM2,FNM2_R,頸筋群,nm,vnc_motor,R,T1,DProN,Reviewed,unassigned,,頸部注釈のみ。具体的筋/作用未同定,annotation_only,GOR24;BANC26,data/nonleg_muscle_evidence.csv,型名/出神経のみから具体的筋や作用を推定しない。,not_measured,348,3944,"[{""bodyId"": ""12647"", ""type"": ""DNge125"", ""superclass"": ""descending_neuron"", ""weight"": 171}, {""bodyId"": ""11158"", ""type"": ""DNge026"", ""superclass"": ""descending_neuron"", ""weight"": 140}, {""bodyId"": ""39376"", ""type"": ""AN06A016"", ""superclass"": ""ascending_neuron"", ""weight"": 139}]"
male-cns:v1.0,804257,Ti extensor MN,Ti extensor MN_R,前脚筋群,fl,vnc_motor,R,T1,ProLN,Reviewed,Ti extensor MN,femur-tibia,extension,anatomical_action_inferred,Azevedo 2024 Appendix A1 p3; A11 p31,data/leg_muscle_actions.csv,前脚筋地図と現型注釈による作用対応。T2/T3は分節間相同を含む。個別生理は未測定。,not_measured,385,2770,"[{""bodyId"": ""800501"", ""type"": ""IN19A005"", ""superclass"": ""vnc_intrinsic"", ""weight"": 128}, {""bodyId"": ""801650"", ""type"": ""IN08A007"", ""superclass"": ""vnc_intrinsic"", ""weight"": 85}, {""bodyId"": ""903573"", ""type"": ""IN13A006"", ""superclass"": ""vnc_intrinsic"", ""weight"": 80}]"
male-cns:v1.0,804301,b1 MN,b1 MN_R,翅・胸部筋群,wm,vnc_motor,R,T2,ADMN,Reviewed,basalar b1,,両側操作でbody pitch torque/前方stroke角を変える。慢性抑制はpitch PI模型の積分利得を低下,exact_type_label_bridge,MANC;AZE24;WHI22,data/nonleg_muscle_evidence.csv,文献の機能標本とMaleCNSは別個体。型名対応のみで生理を同定しない。,not_measured,1154,11909,"[{""bodyId"": ""804545"", ""type"": ""IN17A027"", ""superclass"": ""vnc_intrinsic"", ""weight"": 204}, {""bodyId"": ""803890"", ""type"": ""IN17A039"", ""superclass"": ""vnc_intrinsic"", ""weight"": 192}, {""bodyId"": ""805264"", ""type"": ""IN17A034"", ""superclass"": ""vnc_intrinsic"", ""weight"": 175}]"
male-cns:v1.0,804326,MNad14,MNad14_L,腹部筋群,ad,vnc_motor,L,A2,AbN3,Reviewed,unassigned,,腹部/尾端注釈のみ。具体的筋/作用未同定,annotation_only,MANC;BANC26,data/nonleg_muscle_evidence.csv,型名/出神経のみから具体的筋や作用を推定しない。,not_measured,509,5169,"[{""bodyId"": ""802381"", ""type"": ""INXXX332"", ""superclass"": ""vnc_intrinsic"", ""weight"": 399}, {""bodyId"": ""939006"", ""type"": ""IN19A034"", ""superclass"": ""vnc_intrinsic"", ""weight"": 234}, {""bodyId"": ""802655"", ""type"": ""INXXX315"", ""superclass"": ""vnc_intrinsic"", ""weight"": 152}]"
male-cns:v1.0,804343,ADNM2 MN,ADNM2 MN_L,頸筋群,nm,vnc_motor,L,T1,CvN,Reviewed,TH2 candidate via CvNA2,,頸部作用候補。Gorko CvNA1/2はVNC由来で横走水平筋を支配,cross_nomenclature_unverified,GOR24,data/nonleg_muscle_evidence.csv,ADNMとCvNAの直接同義対応を今回は未検証。筋を確定欄に転記しない。,not_measured,203,2002,"[{""bodyId"": ""11158"", ""type"": ""DNge026"", ""superclass"": ""descending_neuron"", ""weight"": 140}, {""bodyId"": ""13295"", ""type"": ""DNge033"", ""superclass"": ""descending_neuron"", ""weight"": 123}, {""bodyId"": ""12818"", ""type"": ""DNge002"", ""superclass"": ""descending_neuron"", ""weight"": 121}]"
male-cns:v1.0,804371,MNad22,MNad22_L,腹部筋群,ad,vnc_motor,L,A6,AbNT,Reviewed,unassigned,,腹部/尾端注釈のみ。具体的筋/作用未同定,annotation_only,MANC;BANC26,data/nonleg_muscle_evidence.csv,型名/出神経のみから具体的筋や作用を推定しない。,not_measured,289,4781,"[{""bodyId"": ""800363"", ""type"": ""IN10B011"", ""superclass"": ""vnc_intrinsic"", ""weight"": 568}, {""bodyId"": ""800413"", ""type"": ""IN10B011"", ""superclass"": ""vnc_intrinsic"", ""weight"": 494}, {""bodyId"": ""801179"", ""type"": ""IN10B011"", ""superclass"": ""vnc_intrinsic"", ""weight"": 270}]"
male-cns:v1.0,804398,MNad14,MNad14_R,腹部筋群,ad,vnc_motor,R,A3,AbN4,Roughly traced,unassigned,,腹部/尾端注釈のみ。具体的筋/作用未同定,annotation_only,MANC;BANC26,data/nonleg_muscle_evidence.csv,型名/出神経のみから具体的筋や作用を推定しない。,not_measured,493,5142,"[{""bodyId"": ""802147"", ""type"": ""INXXX332"", ""superclass"": ""vnc_intrinsic"", ""weight"": 336}, {""bodyId"": ""802223"", ""type"": ""IN01A027"", ""superclass"": ""vnc_intrinsic"", ""weight"": 223}, {""bodyId"": ""802366"", ""type"": ""INXXX315"", ""superclass"": ""vnc_intrinsic"", ""weight"": 174}]"
male-cns:v1.0,804405,Ti flexor MN,Ti flexor MN_R,中脚筋群,ml,vnc_motor,R,T2,MesoLN,Reviewed,Ti flexor MN,femur-tibia,flexion,anatomical_action_inferred,Azevedo 2024 Appendix A1 p3; A12 pp32-33,data/leg_muscle_actions.csv,前脚筋地図と現型注釈による作用対応。T2/T3は分節間相同を含む。個別生理は未測定。,not_measured,388,3250,"[{""bodyId"": ""801665"", ""type"": ""IN21A004"", ""superclass"": ""vnc_intrinsic"", ""weight"": 195}, {""bodyId"": ""800857"", ""type"": ""IN21A002"", ""superclass"": ""vnc_intrinsic"", ""weight"": 162}, {""bodyId"": ""801371"", ""type"": ""INXXX471"", ""superclass"": ""vnc_intrinsic"", ""weight"": 98}]"
male-cns:v1.0,804445,MNad14,MNad14_R,腹部筋群,ad,vnc_motor,R,A5,AbN4,Reviewed,unassigned,,腹部/尾端注釈のみ。具体的筋/作用未同定,annotation_only,MANC;BANC26,data/nonleg_muscle_evidence.csv,型名/出神経のみから具体的筋や作用を推定しない。,not_measured,367,5171,"[{""bodyId"": ""805230"", ""type"": ""INXXX315"", ""superclass"": ""vnc_intrinsic"", ""weight"": 200}, {""bodyId"": ""800590"", ""type"": ""IN19A032"", ""superclass"": ""vnc_intrinsic"", ""weight"": 193}, {""bodyId"": ""805279"", ""type"": ""INXXX332"", ""superclass"": ""vnc_intrinsic"", ""weight"": 169}]"
male-cns:v1.0,804465,Tergotr. MN,Tergotr. MN_L,前脚筋群,fl,vnc_motor,L,T1,VProN,Reviewed,Tergotr. MN,coxa-trochanter,extension,anatomical_action_inferred,Azevedo 2024 Appendix A1 p3; A5 pp20-21,data/leg_muscle_actions.csv,前脚筋地図と現型注釈による作用対応。T2/T3は分節間相同を含む。個別生理は未測定。,not_measured,822,5951,"[{""bodyId"": ""800931"", ""type"": ""IN13A009"", ""superclass"": ""vnc_intrinsic"", ""weight"": 166}, {""bodyId"": ""906687"", ""type"": ""IN20A.22A001"", ""superclass"": ""vnc_intrinsic"", ""weight"": 131}, {""bodyId"": ""941298"", ""type"": ""IN21A016"", ""superclass"": ""vnc_intrinsic"", ""weight"": 129}]"
male-cns:v1.0,804514,Tergotr. MN,Tergotr. MN_L,後脚筋群,hl,vnc_motor,L,T3,AbN1,Reviewed,Tergotr. MN,coxa-trochanter,extension,anatomical_action_inferred,Azevedo 2024 Appendix A1 p3; A5 pp20-21,data/leg_muscle_actions.csv,前脚筋地図と現型注釈による作用対応。T2/T3は分節間相同を含む。個別生理は未測定。,not_measured,893,5552,"[{""bodyId"": ""801609"", ""type"": ""IN13A009"", ""superclass"": ""vnc_intrinsic"", ""weight"": 194}, {""bodyId"": ""800111"", ""type"": ""IN13A001"", ""superclass"": ""vnc_intrinsic"", ""weight"": 178}, {""bodyId"": ""801133"", ""type"": ""IN17A017"", ""superclass"": ""vnc_intrinsic"", ""weight"": 137}]"
male-cns:v1.0,804625,MNad22,MNad22_R,腹部筋群,ad,vnc_motor,R,A6,AbNT,Reviewed,unassigned,,腹部/尾端注釈のみ。具体的筋/作用未同定,annotation_only,MANC;BANC26,data/nonleg_muscle_evidence.csv,型名/出神経のみから具体的筋や作用を推定しない。,not_measured,308,4650,"[{""bodyId"": ""800363"", ""type"": ""IN10B011"", ""superclass"": ""vnc_intrinsic"", ""weight"": 504}, {""bodyId"": ""800413"", ""type"": ""IN10B011"", ""superclass"": ""vnc_intrinsic"", ""weight"": 452}, {""bodyId"": ""801179"", ""type"": ""IN10B011"", ""superclass"": ""vnc_intrinsic"", ""weight"": 288}]"
male-cns:v1.0,804642,TTMn,TTMn_L,翅・胸部筋群,wm,vnc_motor,L,T2,PDMNp,Reviewed,middle-leg tergotrochanter muscle (TTM),,中脚跳躍/離陸の脚伸展,exact_type_label_bridge,AZE24;MANC,data/nonleg_muscle_evidence.csv,wm注釈でも翅を直接動かす筋ではない。,not_measured,412,2774,"[{""bodyId"": ""808305"", ""type"": ""IN21A026"", ""superclass"": ""vnc_intrinsic"", ""weight"": 163}, {""bodyId"": ""802487"", ""type"": ""IN13A022"", ""superclass"": ""vnc_intrinsic"", ""weight"": 129}, {""bodyId"": ""905075"", ""type"": ""IN13A032"", ""superclass"": ""vnc_intrinsic"", ""weight"": 128}]"
male-cns:v1.0,804741,ltm1-tibia MN,ltm1-tibia MN_R,後脚筋群,hl,vnc_motor,R,T3,MetaLN,Reviewed,ltm1-tibia MN,long_tendon,long_tendon_pull_tibia_muscle,anatomical_action_inferred,Azevedo 2024 Appendix A1 p4; A15-A16 pp38-40,data/leg_muscle_actions.csv,前脚筋地図と現型注釈による作用対応。T2/T3は分節間相同を含む。個別生理は未測定。,not_measured,313,1932,"[{""bodyId"": ""803659"", ""type"": ""IN16B041"", ""superclass"": ""vnc_intrinsic"", ""weight"": 80}, {""bodyId"": ""800317"", ""type"": ""IN21A008"", ""superclass"": ""vnc_intrinsic"", ""weight"": 72}, {""bodyId"": ""10734"", ""type"": ""DNg93"", ""superclass"": ""descending_neuron"", ""weight"": 69}]"
male-cns:v1.0,804775,MNad20,MNad20_L,腹部筋群,ad,vnc_motor,L,A8,AbNT,Reviewed,unassigned,,腹部/尾端注釈のみ。具体的筋/作用未同定,annotation_only,MANC;BANC26,data/nonleg_muscle_evidence.csv,型名/出神経のみから具体的筋や作用を推定しない。,not_measured,372,4619,"[{""bodyId"": ""902699"", ""type"": ""INXXX052"", ""superclass"": ""vnc_intrinsic"", ""weight"": 189}, {""bodyId"": ""906307"", ""type"": ""INXXX287"", ""superclass"": ""vnc_intrinsic"", ""weight"": 184}, {""bodyId"": ""907580"", ""type"": ""IN16B049"", ""superclass"": ""vnc_intrinsic"", ""weight"": 155}]"
male-cns:v1.0,804847,MNhl88,MNhl88_L,後脚筋群,hl,vnc_motor,L,T3,MetaLN,Reviewed,,unknown,unknown,muscle_unresolved,no_named_muscle_type,data/leg_muscle_actions.csv,前脚筋地図と現型注釈による作用対応。T2/T3は分節間相同を含む。個別生理は未測定。 旧MANC標的とのラベル差あり。legs/legacy_target_differences.csv参照。,not_measured,333,2560,"[{""bodyId"": ""807148"", ""type"": ""IN03B056"", ""superclass"": ""vnc_intrinsic"", ""weight"": 198}, {""bodyId"": ""806303"", ""type"": ""IN03B056"", ""superclass"": ""vnc_intrinsic"", ""weight"": 191}, {""bodyId"": ""906721"", ""type"": ""IN17A060"", ""superclass"": ""vnc_intrinsic"", ""weight"": 162}]"
male-cns:v1.0,804851,Sternal posterior rotator MN,Sternal posterior rotator MN_L,前脚筋群,fl,vnc_motor,L,T1,ProAN,Reviewed,Sternal posterior rotator MN,thorax-coxa,coxa_posterior_movement_or_axial_rotation,anatomical_action_inferred,Azevedo 2024 Appendix A1 p3; A4 pp18-19,data/leg_muscle_actions.csv,前脚筋地図と現型注釈による作用対応。T2/T3は分節間相同を含む。個別生理は未測定。,not_measured,448,4646,"[{""bodyId"": ""905910"", ""type"": ""IN19A013"", ""superclass"": ""vnc_intrinsic"", ""weight"": 258}, {""bodyId"": ""800922"", ""type"": ""IN09A004"", ""superclass"": ""vnc_intrinsic"", ""weight"": 255}, {""bodyId"": ""801026"", ""type"": ""IN21A012"", ""superclass"": ""vnc_intrinsic"", ""weight"": 172}]"
male-cns:v1.0,804860,MNad26,MNad26_L,腹部筋群,ad,vnc_motor,L,T3,AbN1,Reviewed,possible haltere-associated effector; unassigned,,平均棍候補だが腹部/unknown注釈を保持,candidate_region_only,MANC,data/nonleg_muscle_evidence.csv,出神経と平均棍neuropil形態からの候補。筋支配未同定。腹部出力へも平均棍へも強制分類しない。,not_measured,562,4643,"[{""bodyId"": ""801162"", ""type"": ""IN06A005"", ""superclass"": ""vnc_intrinsic"", ""weight"": 148}, {""bodyId"": ""954817"", ""type"": ""IN10B016"", ""superclass"": ""vnc_intrinsic"", ""weight"": 125}, {""bodyId"": ""903613"", ""type"": ""IN01A011"", ""superclass"": ""vnc_intrinsic"", ""weight"": 117}]"
male-cns:v1.0,804866,Tergotr. MN,Tergotr. MN_R,前脚筋群,fl,vnc_motor,R,T1,VProN,Reviewed,Tergotr. MN,coxa-trochanter,extension,anatomical_action_inferred,Azevedo 2024 Appendix A1 p3; A5 pp20-21,data/leg_muscle_actions.csv,前脚筋地図と現型注釈による作用対応。T2/T3は分節間相同を含む。個別生理は未測定。,not_measured,462,2137,"[{""bodyId"": ""800605"", ""type"": ""IN21A016"", ""superclass"": ""vnc_intrinsic"", ""weight"": 82}, {""bodyId"": ""903500"", ""type"": ""IN20A.22A001"", ""superclass"": ""vnc_intrinsic"", ""weight"": 71}, {""bodyId"": ""907751"", ""type"": ""IN20A.22A001"", ""superclass"": ""vnc_intrinsic"", ""weight"": 50}]"
male-cns:v1.0,804919,Ti flexor MN,Ti flexor MN_L,後脚筋群,hl,vnc_motor,L,T3,MetaLN,Reviewed,Ti flexor MN,femur-tibia,flexion,anatomical_action_inferred,Azevedo 2024 Appendix A1 p3; A12 pp32-33,data/leg_muscle_actions.csv,前脚筋地図と現型注釈による作用対応。T2/T3は分節間相同を含む。個別生理は未測定。 旧MANC標的とのラベル差あり。legs/legacy_target_differences.csv参照。,not_measured,640,5394,"[{""bodyId"": ""820881"", ""type"": ""IN21A004"", ""superclass"": ""vnc_intrinsic"", ""weight"": 330}, {""bodyId"": ""911639"", ""type"": ""IN21A002"", ""superclass"": ""vnc_intrinsic"", ""weight"": 224}, {""bodyId"": ""13130"", ""type"": ""DNg105"", ""superclass"": ""descending_neuron"", ""weight"": 191}]"
male-cns:v1.0,804941,Fe reductor MN,Fe reductor MN_L,前脚筋群,fl,vnc_motor,L,T1,ProLN,Reviewed,Fe reductor MN,trochanter-femur,unknown,named_muscle_action_unresolved,Azevedo 2024 Appendix A1 p3; A10 pp29-30,data/leg_muscle_actions.csv,前脚筋地図と現型注釈による作用対応。T2/T3は分節間相同を含む。個別生理は未測定。,not_measured,843,5373,"[{""bodyId"": ""802175"", ""type"": ""IN21A013"", ""superclass"": ""vnc_intrinsic"", ""weight"": 245}, {""bodyId"": ""817761"", ""type"": ""IN08A036"", ""superclass"": ""vnc_intrinsic"", ""weight"": 117}, {""bodyId"": ""13178"", ""type"": ""DNge039"", ""superclass"": ""descending_neuron"", ""weight"": 116}]"
male-cns:v1.0,804966,MNad10,MNad10_L,腹部筋群,ad,vnc_motor,L,A1,AbN3,Reviewed,unassigned,,腹部/尾端注釈のみ。具体的筋/作用未同定,annotation_only,MANC;BANC26,data/nonleg_muscle_evidence.csv,型名/出神経のみから具体的筋や作用を推定しない。,not_measured,454,4509,"[{""bodyId"": ""802190"", ""type"": ""INXXX287"", ""superclass"": ""vnc_intrinsic"", ""weight"": 348}, {""bodyId"": ""1050443274"", ""type"": ""INXXX199"", ""superclass"": ""vnc_intrinsic"", ""weight"": 143}, {""bodyId"": ""905069"", ""type"": ""INXXX087"", ""superclass"": ""vnc_intrinsic"", ""weight"": 140}]"
male-cns:v1.0,804992,"MNad18,MNad27","MNad18,MNad27_L",腹部筋群,ad,vnc_motor,L,A2,AbN3,Reviewed,unassigned,,腹部/尾端注釈のみ。具体的筋/作用未同定,annotation_only,MANC;BANC26,data/nonleg_muscle_evidence.csv,型名/出神経のみから具体的筋や作用を推定しない。,not_measured,107,651,"[{""bodyId"": ""19709"", ""type"": ""AN05B097"", ""superclass"": ""ascending_neuron"", ""weight"": 47}, {""bodyId"": ""42692"", ""type"": ""ANXXX202"", ""superclass"": ""ascending_neuron"", ""weight"": 34}, {""bodyId"": ""12134"", ""type"": ""DNp58"", ""superclass"": ""descending_neuron"", ""weight"": 33}]"
male-cns:v1.0,805010,Ti flexor MN,Ti flexor MN_R,中脚筋群,ml,vnc_motor,R,T2,MesoLN,Reviewed,Ti flexor MN,femur-tibia,flexion,anatomical_action_inferred,Azevedo 2024 Appendix A1 p3; A12 pp32-33,data/leg_muscle_actions.csv,前脚筋地図と現型注釈による作用対応。T2/T3は分節間相同を含む。個別生理は未測定。,not_measured,497,4838,"[{""bodyId"": ""801665"", ""type"": ""IN21A004"", ""superclass"": ""vnc_intrinsic"", ""weight"": 376}, {""bodyId"": ""800857"", ""type"": ""IN21A002"", ""superclass"": ""vnc_intrinsic"", ""weight"": 186}, {""bodyId"": ""10124"", ""type"": ""DNg105"", ""superclass"": ""descending_neuron"", ""weight"": 177}]"
male-cns:v1.0,805067,MNad08,MNad08_R,腹部筋群,ad,vnc_motor,R,A5,AbN4,Reviewed,unassigned,,腹部/尾端注釈のみ。具体的筋/作用未同定,annotation_only,MANC;BANC26,data/nonleg_muscle_evidence.csv,型名/出神経のみから具体的筋や作用を推定しない。,not_measured,390,4312,"[{""bodyId"": ""806258"", ""type"": ""IN06A098"", ""superclass"": ""vnc_intrinsic"", ""weight"": 162}, {""bodyId"": ""807291"", ""type"": ""IN06A098"", ""superclass"": ""vnc_intrinsic"", ""weight"": 161}, {""bodyId"": ""806648"", ""type"": ""IN06A098"", ""superclass"": ""vnc_intrinsic"", ""weight"": 139}]"
male-cns:v1.0,805107,MNad10,MNad10_R,腹部筋群,ad,vnc_motor,R,A1,AbN3,Reviewed,unassigned,,腹部/尾端注釈のみ。具体的筋/作用未同定,annotation_only,MANC;BANC26,data/nonleg_muscle_evidence.csv,型名/出神経のみから具体的筋や作用を推定しない。,not_measured,410,4387,"[{""bodyId"": ""802242"", ""type"": ""INXXX287"", ""superclass"": ""vnc_intrinsic"", ""weight"": 412}, {""bodyId"": ""804797"", ""type"": ""INXXX363"", ""superclass"": ""vnc_intrinsic"", ""weight"": 169}, {""bodyId"": ""800350"", ""type"": ""INXXX087"", ""superclass"": ""vnc_intrinsic"", ""weight"": 163}]"
male-cns:v1.0,805137,hi1 MN,hi1 MN_R,平均棍筋群,hm,vnc_motor,R,T3,AbN1,Reviewed,haltere first axillary hi1,,平均棍の直接操舵、感覚帰還を介する翅MN発火位相/動員調整候補,exact_type_label_bridge,DIC19;EHR23;MANC,data/nonleg_muscle_evidence.csv,DIC19の標識は複数筋MN。hi2とhiii2の個別機能・MaleCNSの複数候補間対応は未確定。,not_measured,313,2812,"[{""bodyId"": ""805615"", ""type"": ""IN07B030"", ""superclass"": ""vnc_intrinsic"", ""weight"": 88}, {""bodyId"": ""909270"", ""type"": ""IN07B030"", ""superclass"": ""vnc_intrinsic"", ""weight"": 86}, {""bodyId"": ""802801"", ""type"": ""IN19B034"", ""superclass"": ""vnc_intrinsic"", ""weight"": 81}]"
male-cns:v1.0,805165,"DVMn 3a, b","DVMn 3a, b_L",翅・胸部筋群,wm,vnc_motor,L,T1,PDMNa,Reviewed,DVM3,,間接飛翔動力筋・翅挙上。非同期伸張活性化でDLMと拮抗,exact_type_label_bridge,AZE24,data/nonleg_muscle_evidence.csv,文献の機能標本とMaleCNSは別個体。型名対応のみで生理を同定しない。,not_measured,491,4404,"[{""bodyId"": ""805361"", ""type"": ""IN11B013"", ""superclass"": ""vnc_intrinsic"", ""weight"": 117}, {""bodyId"": ""806098"", ""type"": ""IN11B013"", ""superclass"": ""vnc_intrinsic"", ""weight"": 105}, {""bodyId"": ""805898"", ""type"": ""IN11B013"", ""superclass"": ""vnc_intrinsic"", ""weight"": 104}]"
male-cns:v1.0,805255,MNad32,MNad32_L,腹部筋群,ad,vnc_motor,L,A1,AbN2,Reviewed,unassigned,,腹部/尾端注釈のみ。具体的筋/作用未同定,annotation_only,MANC;BANC26,data/nonleg_muscle_evidence.csv,型名/出神経のみから具体的筋や作用を推定しない。,not_measured,384,4303,"[{""bodyId"": ""804696"", ""type"": ""IN06A050"", ""superclass"": ""vnc_intrinsic"", ""weight"": 163}, {""bodyId"": ""804501"", ""type"": ""IN06A049"", ""superclass"": ""vnc_intrinsic"", ""weight"": 160}, {""bodyId"": ""13652"", ""type"": ""DNge038"", ""superclass"": ""descending_neuron"", ""weight"": 133}]"
male-cns:v1.0,805309,ltm2-femur MN,ltm2-femur MN_L,前脚筋群,fl,vnc_motor,L,T1,ProLN,Reviewed,ltm2-femur MN,long_tendon,long_tendon_pull_femur_muscle,anatomical_action_inferred,Azevedo 2024 Appendix A1 p4; A15-A16 pp38-40,data/leg_muscle_actions.csv,前脚筋地図と現型注釈による作用対応。T2/T3は分節間相同を含む。個別生理は未測定。 旧MANC標的とのラベル差あり。legs/legacy_target_differences.csv参照。,not_measured,175,588,"[{""bodyId"": ""800256"", ""type"": ""IN08A002"", ""superclass"": ""vnc_intrinsic"", ""weight"": 38}, {""bodyId"": ""904021"", ""type"": ""IN21A008"", ""superclass"": ""vnc_intrinsic"", ""weight"": 32}, {""bodyId"": ""802197"", ""type"": ""IN21A020"", ""superclass"": ""vnc_intrinsic"", ""weight"": 25}]"
male-cns:v1.0,805313,Pleural remotor/abductor MN,Pleural remotor/abductor MN_R,前脚筋群,fl,vnc_motor,R,T1,ProAN,Reviewed,Pleural remotor/abductor MN,thorax-coxa,coxa_posterior_and_lateral_movement,anatomical_action_inferred,Azevedo 2024 Appendix A1 p2; A4 pp18-19,data/leg_muscle_actions.csv,前脚筋地図と現型注釈による作用対応。T2/T3は分節間相同を含む。個別生理は未測定。 旧MANC標的とのラベル差あり。legs/legacy_target_differences.csv参照。,not_measured,569,5140,"[{""bodyId"": ""801263"", ""type"": ""IN17A041"", ""superclass"": ""vnc_intrinsic"", ""weight"": 258}, {""bodyId"": ""801027"", ""type"": ""IN19A003"", ""superclass"": ""vnc_intrinsic"", ""weight"": 196}, {""bodyId"": ""803587"", ""type"": ""IN01A015"", ""superclass"": ""vnc_intrinsic"", ""weight"": 190}]"
male-cns:v1.0,805326,MNad32,MNad32_R,腹部筋群,ad,vnc_motor,R,A1,AbN2,Reviewed,unassigned,,腹部/尾端注釈のみ。具体的筋/作用未同定,annotation_only,MANC;BANC26,data/nonleg_muscle_evidence.csv,型名/出神経のみから具体的筋や作用を推定しない。,not_measured,378,4341,"[{""bodyId"": ""904948"", ""type"": ""IN06A049"", ""superclass"": ""vnc_intrinsic"", ""weight"": 189}, {""bodyId"": ""904946"", ""type"": ""IN06A050"", ""superclass"": ""vnc_intrinsic"", ""weight"": 163}, {""bodyId"": ""802209"", ""type"": ""INXXX232"", ""superclass"": ""vnc_intrinsic"", ""weight"": 139}]"
male-cns:v1.0,805410,Sternal posterior rotator MN,Sternal posterior rotator MN_R,前脚筋群,fl,vnc_motor,R,T1,ProAN,Reviewed,Sternal posterior rotator MN,thorax-coxa,coxa_posterior_movement_or_axial_rotation,anatomical_action_inferred,Azevedo 2024 Appendix A1 p3; A4 pp18-19,data/leg_muscle_actions.csv,前脚筋地図と現型注釈による作用対応。T2/T3は分節間相同を含む。個別生理は未測定。,not_measured,575,4271,"[{""bodyId"": ""801682"", ""type"": ""IN19A013"", ""superclass"": ""vnc_intrinsic"", ""weight"": 152}, {""bodyId"": ""802562"", ""type"": ""IN19A016"", ""superclass"": ""vnc_intrinsic"", ""weight"": 138}, {""bodyId"": ""802625"", ""type"": ""IN19A016"", ""superclass"": ""vnc_intrinsic"", ""weight"": 131}]"
male-cns:v1.0,805477,Tr extensor MN,Tr extensor MN_L,中脚筋群,ml,vnc_motor,L,T2,MesoLN,Reviewed,Tr extensor MN,coxa-trochanter,extension,anatomical_action_inferred,Azevedo 2024 Appendix A1 p3; A6 pp22-23,data/leg_muscle_actions.csv,前脚筋地図と現型注釈による作用対応。T2/T3は分節間相同を含む。個別生理は未測定。,not_measured,531,4852,"[{""bodyId"": ""801106"", ""type"": ""IN16B020"", ""superclass"": ""vnc_intrinsic"", ""weight"": 260}, {""bodyId"": ""800860"", ""type"": ""IN19A010"", ""superclass"": ""vnc_intrinsic"", ""weight"": 197}, {""bodyId"": ""800756"", ""type"": ""IN20A.22A001"", ""superclass"": ""vnc_intrinsic"", ""weight"": 110}]"
male-cns:v1.0,805511,MNad33,MNad33_R,腹部筋群,ad,vnc_motor,R,A1,AbN2,Reviewed,unassigned,,腹部/尾端注釈のみ。具体的筋/作用未同定,annotation_only,MANC;BANC26,data/nonleg_muscle_evidence.csv,型名/出神経のみから具体的筋や作用を推定しない。,not_measured,376,4053,"[{""bodyId"": ""802959"", ""type"": ""IN19A036"", ""superclass"": ""vnc_intrinsic"", ""weight"": 219}, {""bodyId"": ""802662"", ""type"": ""IN02A010"", ""superclass"": ""vnc_intrinsic"", ""weight"": 157}, {""bodyId"": ""803213"", ""type"": ""IN06A025"", ""superclass"": ""vnc_intrinsic"", ""weight"": 121}]"
male-cns:v1.0,805568,Acc. ti flexor MN,Acc. ti flexor MN_R,中脚筋群,ml,vnc_motor,R,T2,MesoLN,Reviewed,Acc. ti flexor MN,femur-tibia,flexion,anatomical_action_inferred,Azevedo 2024 Appendix A1 pp3-4; A13-A14 pp34-37,data/leg_muscle_actions.csv,前脚筋地図と現型注釈による作用対応。T2/T3は分節間相同を含む。個別生理は未測定。,not_measured,234,1455,"[{""bodyId"": ""802880"", ""type"": ""IN21A022"", ""superclass"": ""vnc_intrinsic"", ""weight"": 100}, {""bodyId"": ""800857"", ""type"": ""IN21A002"", ""superclass"": ""vnc_intrinsic"", ""weight"": 80}, {""bodyId"": ""801371"", ""type"": ""INXXX471"", ""superclass"": ""vnc_intrinsic"", ""weight"": 57}]"
male-cns:v1.0,805577,MNad02,MNad02_R,腹部筋群,ad,vnc_motor,R,A5,AbN4,Reviewed,unassigned,,腹部/尾端注釈のみ。具体的筋/作用未同定,annotation_only,MANC;BANC26,data/nonleg_muscle_evidence.csv,型名/出神経のみから具体的筋や作用を推定しない。,not_measured,320,3967,"[{""bodyId"": ""806372"", ""type"": ""INXXX268"", ""superclass"": ""vnc_intrinsic"", ""weight"": 183}, {""bodyId"": ""806590"", ""type"": ""INXXX268"", ""superclass"": ""vnc_intrinsic"", ""weight"": 123}, {""bodyId"": ""802204"", ""type"": ""IN23B095"", ""superclass"": ""vnc_intrinsic"", ""weight"": 102}]"
male-cns:v1.0,805598,Fe reductor MN,Fe reductor MN_L,前脚筋群,fl,vnc_motor,L,T1,ProLN,Reviewed,Fe reductor MN,trochanter-femur,unknown,named_muscle_action_unresolved,Azevedo 2024 Appendix A1 p3; A10 pp29-30,data/leg_muscle_actions.csv,前脚筋地図と現型注釈による作用対応。T2/T3は分節間相同を含む。個別生理は未測定。,not_measured,807,4808,"[{""bodyId"": ""802175"", ""type"": ""IN21A013"", ""superclass"": ""vnc_intrinsic"", ""weight"": 230}, {""bodyId"": ""801074"", ""type"": ""IN03A007"", ""superclass"": ""vnc_intrinsic"", ""weight"": 110}, {""bodyId"": ""813866"", ""type"": ""IN08A036"", ""superclass"": ""vnc_intrinsic"", ""weight"": 91}]"
male-cns:v1.0,805630,MNad17,MNad17_L,腹部筋群,ad,vnc_motor,L,A10,AbNT,Reviewed,unassigned,,腹部/尾端注釈のみ。具体的筋/作用未同定,annotation_only,MANC;BANC26,data/nonleg_muscle_evidence.csv,型名/出神経のみから具体的筋や作用を推定しない。,not_measured,26,149,"[{""bodyId"": ""805879"", ""type"": ""MNad17"", ""superclass"": ""vnc_motor"", ""weight"": 33}, {""bodyId"": ""807945"", ""type"": ""MNad17"", ""superclass"": ""vnc_motor"", ""weight"": 33}, {""bodyId"": ""806047"", ""type"": ""MNad17"", ""superclass"": ""vnc_motor"", ""weight"": 31}]"
male-cns:v1.0,805634,MNad05,MNad05_R,腹部筋群,ad,vnc_motor,R,A3,AbN4,Reviewed,unassigned,,腹部/尾端注釈のみ。具体的筋/作用未同定,annotation_only,MANC;BANC26,data/nonleg_muscle_evidence.csv,型名/出神経のみから具体的筋や作用を推定しない。,not_measured,380,3860,"[{""bodyId"": ""804793"", ""type"": ""IN06A063"", ""superclass"": ""vnc_intrinsic"", ""weight"": 178}, {""bodyId"": ""806169"", ""type"": ""IN06A109"", ""superclass"": ""vnc_intrinsic"", ""weight"": 138}, {""bodyId"": ""803849"", ""type"": ""INXXX287"", ""superclass"": ""vnc_intrinsic"", ""weight"": 101}]"
male-cns:v1.0,805647,MNad23,MNad23_L,腹部筋群,ad,vnc_motor,L,A7,AbNT,Reviewed,unassigned,,腹部/尾端注釈のみ。具体的筋/作用未同定,annotation_only,MANC;BANC26,data/nonleg_muscle_evidence.csv,型名/出神経のみから具体的筋や作用を推定しない。,not_measured,356,3906,"[{""bodyId"": ""10680"", ""type"": ""DNp48"", ""superclass"": ""descending_neuron"", ""weight"": 248}, {""bodyId"": ""10823"", ""type"": ""DNp48"", ""superclass"": ""descending_neuron"", ""weight"": 224}, {""bodyId"": ""800413"", ""type"": ""IN10B011"", ""superclass"": ""vnc_intrinsic"", ""weight"": 198}]"
male-cns:v1.0,805690,MNad26,MNad26_R,腹部筋群,ad,vnc_motor,R,T3,AbN1,Reviewed,possible haltere-associated effector; unassigned,,平均棍候補だが腹部/unknown注釈を保持,candidate_region_only,MANC,data/nonleg_muscle_evidence.csv,出神経と平均棍neuropil形態からの候補。筋支配未同定。腹部出力へも平均棍へも強制分類しない。,not_measured,495,4083,"[{""bodyId"": ""10550"", ""type"": ""AN02A001"", ""superclass"": ""ascending_neuron"", ""weight"": 166}, {""bodyId"": ""801053"", ""type"": ""IN06A005"", ""superclass"": ""vnc_intrinsic"", ""weight"": 163}, {""bodyId"": ""342502"", ""type"": ""AN18B004"", ""superclass"": ""ascending_neuron"", ""weight"": 115}]"
male-cns:v1.0,805741,Tergotr. MN,Tergotr. MN_L,前脚筋群,fl,vnc_motor,L,T1,VProN,Reviewed,Tergotr. MN,coxa-trochanter,extension,anatomical_action_inferred,Azevedo 2024 Appendix A1 p3; A5 pp20-21,data/leg_muscle_actions.csv,前脚筋地図と現型注釈による作用対応。T2/T3は分節間相同を含む。個別生理は未測定。,not_measured,674,4679,"[{""bodyId"": ""800931"", ""type"": ""IN13A009"", ""superclass"": ""vnc_intrinsic"", ""weight"": 151}, {""bodyId"": ""941298"", ""type"": ""IN21A016"", ""superclass"": ""vnc_intrinsic"", ""weight"": 136}, {""bodyId"": ""933090"", ""type"": ""IN13B018"", ""superclass"": ""vnc_intrinsic"", ""weight"": 117}]"
male-cns:v1.0,805745,Tergopleural/Pleural promotor MN,Tergopleural/Pleural promotor MN_R,前脚筋群,fl,vnc_motor,R,T1,DProN,Reviewed,Tergopleural/Pleural promotor MN,thorax-coxa,coxa_anterior_movement,anatomical_action_inferred,Azevedo 2024 Appendix A1 p2; A2 pp15-16,data/leg_muscle_actions.csv,前脚筋地図と現型注釈による作用対応。T2/T3は分節間相同を含む。個別生理は未測定。,not_measured,528,3306,"[{""bodyId"": ""522975"", ""type"": ""ANXXX006"", ""superclass"": ""ascending_neuron"", ""weight"": 131}, {""bodyId"": ""803518"", ""type"": ""IN16B034"", ""superclass"": ""vnc_intrinsic"", ""weight"": 123}, {""bodyId"": ""802810"", ""type"": ""IN14A008"", ""superclass"": ""vnc_intrinsic"", ""weight"": 101}]"
male-cns:v1.0,805757,MNad11,MNad11_L,腹部筋群,ad,vnc_motor,L,A2,AbN3,Reviewed,unassigned,,腹部/尾端注釈のみ。具体的筋/作用未同定,annotation_only,MANC;BANC26,data/nonleg_muscle_evidence.csv,型名/出神経のみから具体的筋や作用を推定しない。,not_measured,326,3690,"[{""bodyId"": ""802381"", ""type"": ""INXXX332"", ""superclass"": ""vnc_intrinsic"", ""weight"": 209}, {""bodyId"": ""802655"", ""type"": ""INXXX315"", ""superclass"": ""vnc_intrinsic"", ""weight"": 192}, {""bodyId"": ""803741"", ""type"": ""IN12A048"", ""superclass"": ""vnc_intrinsic"", ""weight"": 161}]"
male-cns:v1.0,805776,MNad06,MNad06_L,腹部筋群,ad,vnc_motor,L,A2,AbN4,Reviewed,unassigned,,腹部/尾端注釈のみ。具体的筋/作用未同定,annotation_only,MANC;BANC26,data/nonleg_muscle_evidence.csv,型名/出神経のみから具体的筋や作用を推定しない。,not_measured,355,3742,"[{""bodyId"": ""802381"", ""type"": ""INXXX332"", ""superclass"": ""vnc_intrinsic"", ""weight"": 143}, {""bodyId"": ""802655"", ""type"": ""INXXX315"", ""superclass"": ""vnc_intrinsic"", ""weight"": 124}, {""bodyId"": ""802366"", ""type"": ""INXXX315"", ""superclass"": ""vnc_intrinsic"", ""weight"": 104}]"
male-cns:v1.0,805790,MNad46,MNad46_R,腹部筋群,ad,vnc_motor,R,A1,AbN2,Reviewed,unassigned,,腹部/尾端注釈のみ。具体的筋/作用未同定,annotation_only,MANC;BANC26,data/nonleg_muscle_evidence.csv,型名/出神経のみから具体的筋や作用を推定しない。,not_measured,359,3908,"[{""bodyId"": ""802147"", ""type"": ""INXXX332"", ""superclass"": ""vnc_intrinsic"", ""weight"": 264}, {""bodyId"": ""801516"", ""type"": ""IN19A034"", ""superclass"": ""vnc_intrinsic"", ""weight"": 134}, {""bodyId"": ""802366"", ""type"": ""INXXX315"", ""superclass"": ""vnc_intrinsic"", ""weight"": 115}]"
male-cns:v1.0,805797,MNad06,MNad06_L,腹部筋群,ad,vnc_motor,L,A1,AbN3,Reviewed,unassigned,,腹部/尾端注釈のみ。具体的筋/作用未同定,annotation_only,MANC;BANC26,data/nonleg_muscle_evidence.csv,型名/出神経のみから具体的筋や作用を推定しない。,not_measured,396,3726,"[{""bodyId"": ""802655"", ""type"": ""INXXX315"", ""superclass"": ""vnc_intrinsic"", ""weight"": 143}, {""bodyId"": ""802381"", ""type"": ""INXXX332"", ""superclass"": ""vnc_intrinsic"", ""weight"": 140}, {""bodyId"": ""802147"", ""type"": ""INXXX332"", ""superclass"": ""vnc_intrinsic"", ""weight"": 117}]"
male-cns:v1.0,805842,MNad44,MNad44_L,腹部筋群,ad,vnc_motor,L,A2,AbN3,Reviewed,unassigned,,腹部/尾端注釈のみ。具体的筋/作用未同定,annotation_only,MANC;BANC26,data/nonleg_muscle_evidence.csv,型名/出神経のみから具体的筋や作用を推定しない。,not_measured,306,3682,"[{""bodyId"": ""802190"", ""type"": ""INXXX287"", ""superclass"": ""vnc_intrinsic"", ""weight"": 437}, {""bodyId"": ""906365"", ""type"": ""INXXX287"", ""superclass"": ""vnc_intrinsic"", ""weight"": 145}, {""bodyId"": ""803222"", ""type"": ""INXXX247"", ""superclass"": ""vnc_intrinsic"", ""weight"": 143}]"
male-cns:v1.0,805879,MNad17,MNad17_L,腹部筋群,ad,vnc_motor,L,A10,AbNT,Prelim Roughly traced,unassigned,,腹部/尾端注釈のみ。具体的筋/作用未同定,annotation_only,MANC;BANC26,data/nonleg_muscle_evidence.csv,型名/出神経のみから具体的筋や作用を推定しない。,not_measured,38,144,"[{""bodyId"": ""805630"", ""type"": ""MNad17"", ""superclass"": ""vnc_motor"", ""weight"": 31}, {""bodyId"": ""807945"", ""type"": ""MNad17"", ""superclass"": ""vnc_motor"", ""weight"": 27}, {""bodyId"": ""806047"", ""type"": ""MNad17"", ""superclass"": ""vnc_motor"", ""weight"": 16}]"
male-cns:v1.0,805881,MNad05,MNad05_L,腹部筋群,ad,vnc_motor,L,A3,AbN4,Reviewed,unassigned,,腹部/尾端注釈のみ。具体的筋/作用未同定,annotation_only,MANC;BANC26,data/nonleg_muscle_evidence.csv,型名/出神経のみから具体的筋や作用を推定しない。,not_measured,354,3677,"[{""bodyId"": ""804686"", ""type"": ""IN06A063"", ""superclass"": ""vnc_intrinsic"", ""weight"": 185}, {""bodyId"": ""908205"", ""type"": ""INXXX287"", ""superclass"": ""vnc_intrinsic"", ""weight"": 151}, {""bodyId"": ""906365"", ""type"": ""INXXX287"", ""superclass"": ""vnc_intrinsic"", ""weight"": 122}]"
male-cns:v1.0,805974,MNad05,MNad05_L,腹部筋群,ad,vnc_motor,L,A2,AbN4,Reviewed,unassigned,,腹部/尾端注釈のみ。具体的筋/作用未同定,annotation_only,MANC;BANC26,data/nonleg_muscle_evidence.csv,型名/出神経のみから具体的筋や作用を推定しない。,not_measured,380,3664,"[{""bodyId"": ""804686"", ""type"": ""IN06A063"", ""superclass"": ""vnc_intrinsic"", ""weight"": 173}, {""bodyId"": ""906365"", ""type"": ""INXXX287"", ""superclass"": ""vnc_intrinsic"", ""weight"": 127}, {""bodyId"": ""13888"", ""type"": ""DNge172"", ""superclass"": ""descending_neuron"", ""weight"": 83}]"
male-cns:v1.0,805980,MNad07,MNad07_R,腹部筋群,ad,vnc_motor,R,A5,AbN4,Reviewed,unassigned,,腹部/尾端注釈のみ。具体的筋/作用未同定,annotation_only,MANC;BANC26,data/nonleg_muscle_evidence.csv,型名/出神経のみから具体的筋や作用を推定しない。,not_measured,191,1690,"[{""bodyId"": ""1053964972"", ""type"": ""IN10B010"", ""superclass"": ""vnc_intrinsic"", ""weight"": 152}, {""bodyId"": ""801151"", ""type"": ""IN10B010"", ""superclass"": ""vnc_intrinsic"", ""weight"": 82}, {""bodyId"": ""907987"", ""type"": ""INXXX244"", ""superclass"": ""vnc_intrinsic"", ""weight"": 82}]"
male-cns:v1.0,806008,MNad02,MNad02_L,腹部筋群,ad,vnc_motor,L,A5,AbN4,Reviewed,unassigned,,腹部/尾端注釈のみ。具体的筋/作用未同定,annotation_only,MANC;BANC26,data/nonleg_muscle_evidence.csv,型名/出神経のみから具体的筋や作用を推定しない。,not_measured,291,3597,"[{""bodyId"": ""806372"", ""type"": ""INXXX268"", ""superclass"": ""vnc_intrinsic"", ""weight"": 119}, {""bodyId"": ""806590"", ""type"": ""INXXX268"", ""superclass"": ""vnc_intrinsic"", ""weight"": 119}, {""bodyId"": ""801937"", ""type"": ""IN23B095"", ""superclass"": ""vnc_intrinsic"", ""weight"": 114}]"
male-cns:v1.0,806014,MNad46,MNad46_L,腹部筋群,ad,vnc_motor,L,A1,AbN2,Reviewed,unassigned,,腹部/尾端注釈のみ。具体的筋/作用未同定,annotation_only,MANC;BANC26,data/nonleg_muscle_evidence.csv,型名/出神経のみから具体的筋や作用を推定しない。,not_measured,351,3690,"[{""bodyId"": ""802381"", ""type"": ""INXXX332"", ""superclass"": ""vnc_intrinsic"", ""weight"": 304}, {""bodyId"": ""808272"", ""type"": ""IN01A031"", ""superclass"": ""vnc_intrinsic"", ""weight"": 113}, {""bodyId"": ""802655"", ""type"": ""INXXX315"", ""superclass"": ""vnc_intrinsic"", ""weight"": 107}]"
male-cns:v1.0,806037,MNad06,MNad06_R,腹部筋群,ad,vnc_motor,R,A2,AbN4,Reviewed,unassigned,,腹部/尾端注釈のみ。具体的筋/作用未同定,annotation_only,MANC;BANC26,data/nonleg_muscle_evidence.csv,型名/出神経のみから具体的筋や作用を推定しない。,not_measured,369,3695,"[{""bodyId"": ""804604"", ""type"": ""IN02A030"", ""superclass"": ""vnc_intrinsic"", ""weight"": 108}, {""bodyId"": ""802387"", ""type"": ""IN02A030"", ""superclass"": ""vnc_intrinsic"", ""weight"": 107}, {""bodyId"": ""802655"", ""type"": ""INXXX315"", ""superclass"": ""vnc_intrinsic"", ""weight"": 105}]"
male-cns:v1.0,806047,MNad17,MNad17_R,腹部筋群,ad,vnc_motor,R,A10,AbNT,Reviewed,unassigned,,腹部/尾端注釈のみ。具体的筋/作用未同定,annotation_only,MANC;BANC26,data/nonleg_muscle_evidence.csv,型名/出神経のみから具体的筋や作用を推定しない。,not_measured,29,119,"[{""bodyId"": ""805879"", ""type"": ""MNad17"", ""superclass"": ""vnc_motor"", ""weight"": 28}, {""bodyId"": ""805630"", ""type"": ""MNad17"", ""superclass"": ""vnc_motor"", ""weight"": 27}, {""bodyId"": ""807945"", ""type"": ""MNad17"", ""superclass"": ""vnc_motor"", ""weight"": 21}]"
male-cns:v1.0,806061,MNad11,MNad11_L,腹部筋群,ad,vnc_motor,L,A3,AbN4,Reviewed,unassigned,,腹部/尾端注釈のみ。具体的筋/作用未同定,annotation_only,MANC;BANC26,data/nonleg_muscle_evidence.csv,型名/出神経のみから具体的筋や作用を推定しない。,not_measured,344,3434,"[{""bodyId"": ""13888"", ""type"": ""DNge172"", ""superclass"": ""descending_neuron"", ""weight"": 142}, {""bodyId"": ""802381"", ""type"": ""INXXX332"", ""superclass"": ""vnc_intrinsic"", ""weight"": 140}, {""bodyId"": ""801658"", ""type"": ""IN01A027"", ""superclass"": ""vnc_intrinsic"", ""weight"": 125}]"
male-cns:v1.0,806094,MNad08,MNad08_R,腹部筋群,ad,vnc_motor,R,A3,AbN4,Reviewed,unassigned,,腹部/尾端注釈のみ。具体的筋/作用未同定,annotation_only,MANC;BANC26,data/nonleg_muscle_evidence.csv,型名/出神経のみから具体的筋や作用を推定しない。,not_measured,387,3467,"[{""bodyId"": ""806169"", ""type"": ""IN06A109"", ""superclass"": ""vnc_intrinsic"", ""weight"": 111}, {""bodyId"": ""804778"", ""type"": ""IN06A066"", ""superclass"": ""vnc_intrinsic"", ""weight"": 106}, {""bodyId"": ""803356"", ""type"": ""IN12A039"", ""superclass"": ""vnc_intrinsic"", ""weight"": 100}]"
male-cns:v1.0,806124,MNad08,MNad08_R,腹部筋群,ad,vnc_motor,R,A2,AbN4,Reviewed,unassigned,,腹部/尾端注釈のみ。具体的筋/作用未同定,annotation_only,MANC;BANC26,data/nonleg_muscle_evidence.csv,型名/出神経のみから具体的筋や作用を推定しない。,not_measured,360,3536,"[{""bodyId"": ""804778"", ""type"": ""IN06A066"", ""superclass"": ""vnc_intrinsic"", ""weight"": 128}, {""bodyId"": ""805070"", ""type"": ""IN06A109"", ""superclass"": ""vnc_intrinsic"", ""weight"": 127}, {""bodyId"": ""803356"", ""type"": ""IN12A039"", ""superclass"": ""vnc_intrinsic"", ""weight"": 119}]"
male-cns:v1.0,806144,MNad11,MNad11_R,腹部筋群,ad,vnc_motor,R,A3,AbN4,Reviewed,unassigned,,腹部/尾端注釈のみ。具体的筋/作用未同定,annotation_only,MANC;BANC26,data/nonleg_muscle_evidence.csv,型名/出神経のみから具体的筋や作用を推定しない。,not_measured,328,3395,"[{""bodyId"": ""802366"", ""type"": ""INXXX315"", ""superclass"": ""vnc_intrinsic"", ""weight"": 138}, {""bodyId"": ""802223"", ""type"": ""IN01A027"", ""superclass"": ""vnc_intrinsic"", ""weight"": 133}, {""bodyId"": ""805279"", ""type"": ""INXXX332"", ""superclass"": ""vnc_intrinsic"", ""weight"": 121}]"
male-cns:v1.0,806161,MNad24,MNad24_L,腹部筋群,ad,vnc_motor,L,A1,AbN2,PRT Orphan,unassigned,,腹部/尾端注釈のみ。具体的筋/作用未同定,annotation_only,MANC;BANC26,data/nonleg_muscle_evidence.csv,型名/出神経のみから具体的筋や作用を推定しない。,not_measured,337,3280,"[{""bodyId"": ""802381"", ""type"": ""INXXX332"", ""superclass"": ""vnc_intrinsic"", ""weight"": 343}, {""bodyId"": ""802655"", ""type"": ""INXXX315"", ""superclass"": ""vnc_intrinsic"", ""weight"": 155}, {""bodyId"": ""804299"", ""type"": ""INXXX332"", ""superclass"": ""vnc_intrinsic"", ""weight"": 118}]"
male-cns:v1.0,806204,Tergotr. MN,Tergotr. MN_R,中脚筋群,ml,vnc_motor,R,T2,MesoLN,Reviewed,Tergotr. MN,coxa-trochanter,extension,anatomical_action_inferred,Azevedo 2024 Appendix A1 p3; A5 pp20-21,data/leg_muscle_actions.csv,前脚筋地図と現型注釈による作用対応。T2/T3は分節間相同を含む。個別生理は未測定。,not_measured,514,4352,"[{""bodyId"": ""800546"", ""type"": ""IN13A009"", ""superclass"": ""vnc_intrinsic"", ""weight"": 148}, {""bodyId"": ""933395"", ""type"": ""IN20A.22A001"", ""superclass"": ""vnc_intrinsic"", ""weight"": 134}, {""bodyId"": ""800106"", ""type"": ""IN16B020"", ""superclass"": ""vnc_intrinsic"", ""weight"": 132}]"
male-cns:v1.0,806253,MNad11,MNad11_R,腹部筋群,ad,vnc_motor,R,A2,AbN3,Reviewed,unassigned,,腹部/尾端注釈のみ。具体的筋/作用未同定,annotation_only,MANC;BANC26,data/nonleg_muscle_evidence.csv,型名/出神経のみから具体的筋や作用を推定しない。,not_measured,359,3384,"[{""bodyId"": ""802147"", ""type"": ""INXXX332"", ""superclass"": ""vnc_intrinsic"", ""weight"": 204}, {""bodyId"": ""803924"", ""type"": ""IN12A048"", ""superclass"": ""vnc_intrinsic"", ""weight"": 178}, {""bodyId"": ""802366"", ""type"": ""INXXX315"", ""superclass"": ""vnc_intrinsic"", ""weight"": 166}]"
male-cns:v1.0,806281,MNad06,MNad06_R,腹部筋群,ad,vnc_motor,R,A3,AbN4,Reviewed,unassigned,,腹部/尾端注釈のみ。具体的筋/作用未同定,annotation_only,MANC;BANC26,data/nonleg_muscle_evidence.csv,型名/出神経のみから具体的筋や作用を推定しない。,not_measured,373,3553,"[{""bodyId"": ""805230"", ""type"": ""INXXX315"", ""superclass"": ""vnc_intrinsic"", ""weight"": 122}, {""bodyId"": ""802366"", ""type"": ""INXXX315"", ""superclass"": ""vnc_intrinsic"", ""weight"": 121}, {""bodyId"": ""803229"", ""type"": ""INXXX315"", ""superclass"": ""vnc_intrinsic"", ""weight"": 95}]"
male-cns:v1.0,806302,MNad08,MNad08_L,腹部筋群,ad,vnc_motor,L,A2,AbN4,Reviewed,unassigned,,腹部/尾端注釈のみ。具体的筋/作用未同定,annotation_only,MANC;BANC26,data/nonleg_muscle_evidence.csv,型名/出神経のみから具体的筋や作用を推定しない。,not_measured,342,3342,"[{""bodyId"": ""803083"", ""type"": ""IN12A039"", ""superclass"": ""vnc_intrinsic"", ""weight"": 128}, {""bodyId"": ""804530"", ""type"": ""IN06A066"", ""superclass"": ""vnc_intrinsic"", ""weight"": 126}, {""bodyId"": ""804778"", ""type"": ""IN06A066"", ""superclass"": ""vnc_intrinsic"", ""weight"": 110}]"
male-cns:v1.0,806355,MNad08,MNad08_L,腹部筋群,ad,vnc_motor,L,A3,AbN4,Reviewed,unassigned,,腹部/尾端注釈のみ。具体的筋/作用未同定,annotation_only,MANC;BANC26,data/nonleg_muscle_evidence.csv,型名/出神経のみから具体的筋や作用を推定しない。,not_measured,361,3331,"[{""bodyId"": ""803083"", ""type"": ""IN12A039"", ""superclass"": ""vnc_intrinsic"", ""weight"": 122}, {""bodyId"": ""804538"", ""type"": ""INXXX373"", ""superclass"": ""vnc_intrinsic"", ""weight"": 98}, {""bodyId"": ""804261"", ""type"": ""INXXX301"", ""superclass"": ""vnc_intrinsic"", ""weight"": 92}]"
male-cns:v1.0,806403,MNnm14,MNnm14_R,頸筋群,nm,vnc_motor,R,T1,DProN,Reviewed,unassigned,,頸部注釈のみ。具体的筋/作用未同定,annotation_only,GOR24;BANC26,data/nonleg_muscle_evidence.csv,型名/出神経のみから具体的筋や作用を推定しない。,not_measured,309,3431,"[{""bodyId"": ""12647"", ""type"": ""DNge125"", ""superclass"": ""descending_neuron"", ""weight"": 158}, {""bodyId"": ""803176"", ""type"": ""IN02A007"", ""superclass"": ""vnc_intrinsic"", ""weight"": 137}, {""bodyId"": ""39376"", ""type"": ""AN06A016"", ""superclass"": ""ascending_neuron"", ""weight"": 101}]"
male-cns:v1.0,806427,MNad11,MNad11_R,腹部筋群,ad,vnc_motor,R,A4,AbN4,Reviewed,unassigned,,腹部/尾端注釈のみ。具体的筋/作用未同定,annotation_only,MANC;BANC26,data/nonleg_muscle_evidence.csv,型名/出神経のみから具体的筋や作用を推定しない。,not_measured,338,3171,"[{""bodyId"": ""805279"", ""type"": ""INXXX332"", ""superclass"": ""vnc_intrinsic"", ""weight"": 143}, {""bodyId"": ""804627"", ""type"": ""INXXX332"", ""superclass"": ""vnc_intrinsic"", ""weight"": 97}, {""bodyId"": ""802366"", ""type"": ""INXXX315"", ""superclass"": ""vnc_intrinsic"", ""weight"": 84}]"
male-cns:v1.0,806489,MNnm14,MNnm14_L,頸筋群,nm,vnc_motor,L,T1,DProN,Reviewed,unassigned,,頸部注釈のみ。具体的筋/作用未同定,annotation_only,GOR24;BANC26,data/nonleg_muscle_evidence.csv,型名/出神経のみから具体的筋や作用を推定しない。,not_measured,315,3338,"[{""bodyId"": ""803521"", ""type"": ""IN02A007"", ""superclass"": ""vnc_intrinsic"", ""weight"": 122}, {""bodyId"": ""12485"", ""type"": ""DNge125"", ""superclass"": ""descending_neuron"", ""weight"": 112}, {""bodyId"": ""19124"", ""type"": ""AN03A002"", ""superclass"": ""ascending_neuron"", ""weight"": 96}]"
male-cns:v1.0,806561,MNad24,MNad24_R,腹部筋群,ad,vnc_motor,R,A1,AbN2,Reviewed,unassigned,,腹部/尾端注釈のみ。具体的筋/作用未同定,annotation_only,MANC;BANC26,data/nonleg_muscle_evidence.csv,型名/出神経のみから具体的筋や作用を推定しない。,not_measured,334,3480,"[{""bodyId"": ""802147"", ""type"": ""INXXX332"", ""superclass"": ""vnc_intrinsic"", ""weight"": 343}, {""bodyId"": ""802366"", ""type"": ""INXXX315"", ""superclass"": ""vnc_intrinsic"", ""weight"": 156}, {""bodyId"": ""804627"", ""type"": ""INXXX332"", ""superclass"": ""vnc_intrinsic"", ""weight"": 129}]"
male-cns:v1.0,806599,Acc. ti flexor MN,Acc. ti flexor MN_L,前脚筋群,fl,vnc_motor,L,T1,ProLN,Reviewed,Acc. ti flexor MN,femur-tibia,flexion,anatomical_action_inferred,Azevedo 2024 Appendix A1 pp3-4; A13-A14 pp34-37,data/leg_muscle_actions.csv,前脚筋地図と現型注釈による作用対応。T2/T3は分節間相同を含む。個別生理は未測定。,not_measured,557,3372,"[{""bodyId"": ""801718"", ""type"": ""IN13B012"", ""superclass"": ""vnc_intrinsic"", ""weight"": 170}, {""bodyId"": ""801036"", ""type"": ""IN19A030"", ""superclass"": ""vnc_intrinsic"", ""weight"": 120}, {""bodyId"": ""800565"", ""type"": ""IN18B008"", ""superclass"": ""vnc_intrinsic"", ""weight"": 88}]"
male-cns:v1.0,806601,MNad69,MNad69_R,腹部筋群,ad,vnc_motor,R,A10,AbNT,Reviewed,unassigned,,腹部/尾端注釈のみ。具体的筋/作用未同定,annotation_only,MANC;BANC26,data/nonleg_muscle_evidence.csv,型名/出神経のみから具体的筋や作用を推定しない。,not_measured,161,1565,"[{""bodyId"": ""805630"", ""type"": ""MNad17"", ""superclass"": ""vnc_motor"", ""weight"": 152}, {""bodyId"": ""807072"", ""type"": ""INXXX343"", ""superclass"": ""vnc_intrinsic"", ""weight"": 151}, {""bodyId"": ""805879"", ""type"": ""MNad17"", ""superclass"": ""vnc_motor"", ""weight"": 139}]"
male-cns:v1.0,806620,MNad06,MNad06_R,腹部筋群,ad,vnc_motor,R,A1,AbN3,Reviewed,unassigned,,腹部/尾端注釈のみ。具体的筋/作用未同定,annotation_only,MANC;BANC26,data/nonleg_muscle_evidence.csv,型名/出神経のみから具体的筋や作用を推定しない。,not_measured,346,3221,"[{""bodyId"": ""802147"", ""type"": ""INXXX332"", ""superclass"": ""vnc_intrinsic"", ""weight"": 156}, {""bodyId"": ""802387"", ""type"": ""IN02A030"", ""superclass"": ""vnc_intrinsic"", ""weight"": 139}, {""bodyId"": ""802366"", ""type"": ""INXXX315"", ""superclass"": ""vnc_intrinsic"", ""weight"": 129}]"
male-cns:v1.0,806643,MNad05,MNad05_L,腹部筋群,ad,vnc_motor,L,A4,AbN4,Reviewed,unassigned,,腹部/尾端注釈のみ。具体的筋/作用未同定,annotation_only,MANC;BANC26,data/nonleg_muscle_evidence.csv,型名/出神経のみから具体的筋や作用を推定しない。,not_measured,310,3240,"[{""bodyId"": ""808578"", ""type"": ""IN06A109"", ""superclass"": ""vnc_intrinsic"", ""weight"": 135}, {""bodyId"": ""804686"", ""type"": ""IN06A063"", ""superclass"": ""vnc_intrinsic"", ""weight"": 131}, {""bodyId"": ""803174"", ""type"": ""IN19B050"", ""superclass"": ""vnc_intrinsic"", ""weight"": 94}]"
male-cns:v1.0,806671,MNad02,MNad02_R,腹部筋群,ad,vnc_motor,R,A6,AbN4,Reviewed,unassigned,,腹部/尾端注釈のみ。具体的筋/作用未同定,annotation_only,MANC;BANC26,data/nonleg_muscle_evidence.csv,型名/出神経のみから具体的筋や作用を推定しない。,not_measured,216,3210,"[{""bodyId"": ""908205"", ""type"": ""INXXX287"", ""superclass"": ""vnc_intrinsic"", ""weight"": 171}, {""bodyId"": ""1050443274"", ""type"": ""INXXX199"", ""superclass"": ""vnc_intrinsic"", ""weight"": 158}, {""bodyId"": ""803017"", ""type"": ""INXXX199"", ""superclass"": ""vnc_intrinsic"", ""weight"": 112}]"
male-cns:v1.0,806679,MNad12,MNad12_L,腹部筋群,ad,vnc_motor,L,A9,AbNT,Reviewed,unassigned,,腹部/尾端注釈のみ。具体的筋/作用未同定,annotation_only,MANC;BANC26,data/nonleg_muscle_evidence.csv,型名/出神経のみから具体的筋や作用を推定しない。,not_measured,63,293,"[{""bodyId"": ""11604"", ""type"": ""AN05B004"", ""superclass"": ""ascending_neuron"", ""weight"": 23}, {""bodyId"": ""807945"", ""type"": ""MNad17"", ""superclass"": ""vnc_motor"", ""weight"": 21}, {""bodyId"": ""14026"", ""type"": ""AN05B004"", ""superclass"": ""ascending_neuron"", ""weight"": 19}]"
male-cns:v1.0,806689,MNad09,MNad09_R,腹部筋群,ad,vnc_motor,R,A7,AbNT,Reviewed,unassigned,,腹部/尾端注釈のみ。具体的筋/作用未同定,annotation_only,MANC;BANC26,data/nonleg_muscle_evidence.csv,型名/出神経のみから具体的筋や作用を推定しない。,not_measured,279,3232,"[{""bodyId"": ""807026"", ""type"": ""INXXX377"", ""superclass"": ""vnc_intrinsic"", ""weight"": 184}, {""bodyId"": ""907942"", ""type"": ""INXXX377"", ""superclass"": ""vnc_intrinsic"", ""weight"": 184}, {""bodyId"": ""814965"", ""type"": ""INXXX377"", ""superclass"": ""vnc_intrinsic"", ""weight"": 166}]"
male-cns:v1.0,806754,MNad31,MNad31_L,腹部筋群,ad,vnc_motor,L,A1,AbN2,Reviewed,unassigned,,腹部/尾端注釈のみ。具体的筋/作用未同定,annotation_only,MANC;BANC26,data/nonleg_muscle_evidence.csv,型名/出神経のみから具体的筋や作用を推定しない。,not_measured,354,3227,"[{""bodyId"": ""803406"", ""type"": ""IN06A025"", ""superclass"": ""vnc_intrinsic"", ""weight"": 140}, {""bodyId"": ""802190"", ""type"": ""INXXX287"", ""superclass"": ""vnc_intrinsic"", ""weight"": 136}, {""bodyId"": ""809078"", ""type"": ""IN06A119"", ""superclass"": ""vnc_intrinsic"", ""weight"": 124}]"
male-cns:v1.0,806779,MNad09,MNad09_L,腹部筋群,ad,vnc_motor,L,A7,AbNT,Reviewed,unassigned,,腹部/尾端注釈のみ。具体的筋/作用未同定,annotation_only,MANC;BANC26,data/nonleg_muscle_evidence.csv,型名/出神経のみから具体的筋や作用を推定しない。,not_measured,294,3083,"[{""bodyId"": ""814965"", ""type"": ""INXXX377"", ""superclass"": ""vnc_intrinsic"", ""weight"": 137}, {""bodyId"": ""806079"", ""type"": ""INXXX418"", ""superclass"": ""vnc_intrinsic"", ""weight"": 126}, {""bodyId"": ""907942"", ""type"": ""INXXX377"", ""superclass"": ""vnc_intrinsic"", ""weight"": 113}]"
male-cns:v1.0,806817,MNad11,MNad11_L,腹部筋群,ad,vnc_motor,L,A5,AbN4,Reviewed,unassigned,,腹部/尾端注釈のみ。具体的筋/作用未同定,annotation_only,MANC;BANC26,data/nonleg_muscle_evidence.csv,型名/出神経のみから具体的筋や作用を推定しない。,not_measured,336,3199,"[{""bodyId"": ""806238"", ""type"": ""INXXX332"", ""superclass"": ""vnc_intrinsic"", ""weight"": 174}, {""bodyId"": ""13888"", ""type"": ""DNge172"", ""superclass"": ""descending_neuron"", ""weight"": 120}, {""bodyId"": ""808890"", ""type"": ""IN19A099"", ""superclass"": ""vnc_intrinsic"", ""weight"": 79}]"
male-cns:v1.0,806837,MNad47,MNad47_L,腹部筋群,ad,vnc_motor,L,A1,AbN2,Reviewed,unassigned,,腹部/尾端注釈のみ。具体的筋/作用未同定,annotation_only,MANC;BANC26,data/nonleg_muscle_evidence.csv,型名/出神経のみから具体的筋や作用を推定しない。,not_measured,261,3082,"[{""bodyId"": ""804501"", ""type"": ""IN06A049"", ""superclass"": ""vnc_intrinsic"", ""weight"": 153}, {""bodyId"": ""802941"", ""type"": ""INXXX193"", ""superclass"": ""vnc_intrinsic"", ""weight"": 133}, {""bodyId"": ""13652"", ""type"": ""DNge038"", ""superclass"": ""descending_neuron"", ""weight"": 104}]"
male-cns:v1.0,806898,Fe reductor MN,Fe reductor MN_R,前脚筋群,fl,vnc_motor,R,T1,ProLN,Reviewed,Fe reductor MN,trochanter-femur,unknown,named_muscle_action_unresolved,Azevedo 2024 Appendix A1 p3; A10 pp29-30,data/leg_muscle_actions.csv,前脚筋地図と現型注釈による作用対応。T2/T3は分節間相同を含む。個別生理は未測定。,not_measured,664,3925,"[{""bodyId"": ""802895"", ""type"": ""IN21A013"", ""superclass"": ""vnc_intrinsic"", ""weight"": 184}, {""bodyId"": ""14537"", ""type"": ""DNge078"", ""superclass"": ""descending_neuron"", ""weight"": 131}, {""bodyId"": ""908018"", ""type"": ""IN03A024"", ""superclass"": ""vnc_intrinsic"", ""weight"": 98}]"
male-cns:v1.0,806902,MNad44,MNad44_R,腹部筋群,ad,vnc_motor,R,A2,AbN3,Reviewed,unassigned,,腹部/尾端注釈のみ。具体的筋/作用未同定,annotation_only,MANC;BANC26,data/nonleg_muscle_evidence.csv,型名/出神経のみから具体的筋や作用を推定しない。,not_measured,296,3158,"[{""bodyId"": ""802242"", ""type"": ""INXXX287"", ""superclass"": ""vnc_intrinsic"", ""weight"": 490}, {""bodyId"": ""800350"", ""type"": ""INXXX087"", ""superclass"": ""vnc_intrinsic"", ""weight"": 129}, {""bodyId"": ""805409"", ""type"": ""INXXX414"", ""superclass"": ""vnc_intrinsic"", ""weight"": 107}]"
male-cns:v1.0,806923,Sternal anterior rotator MN,Sternal anterior rotator MN_L,前脚筋群,fl,vnc_motor,L,T1,VProN,Reviewed,Sternal anterior rotator MN,thorax-coxa,coxa_anterior_movement,anatomical_action_inferred,Azevedo 2024 Appendix A1 p3; A3 p17,data/leg_muscle_actions.csv,前脚筋地図と現型注釈による作用対応。T2/T3は分節間相同を含む。個別生理は未測定。,not_measured,659,5487,"[{""bodyId"": ""801316"", ""type"": ""IN21A001"", ""superclass"": ""vnc_intrinsic"", ""weight"": 325}, {""bodyId"": ""800561"", ""type"": ""IN08A006"", ""superclass"": ""vnc_intrinsic"", ""weight"": 183}, {""bodyId"": ""22931"", ""type"": ""ANXXX006"", ""superclass"": ""ascending_neuron"", ""weight"": 154}]"
male-cns:v1.0,806943,MNad47,MNad47_R,腹部筋群,ad,vnc_motor,R,A1,AbN2,Reviewed,unassigned,,腹部/尾端注釈のみ。具体的筋/作用未同定,annotation_only,MANC;BANC26,data/nonleg_muscle_evidence.csv,型名/出神経のみから具体的筋や作用を推定しない。,not_measured,273,3110,"[{""bodyId"": ""904948"", ""type"": ""IN06A049"", ""superclass"": ""vnc_intrinsic"", ""weight"": 162}, {""bodyId"": ""803855"", ""type"": ""INXXX193"", ""superclass"": ""vnc_intrinsic"", ""weight"": 122}, {""bodyId"": ""25861"", ""type"": ""DNge038"", ""superclass"": ""descending_neuron"", ""weight"": 111}]"
male-cns:v1.0,807010,MNad02,MNad02_R,腹部筋群,ad,vnc_motor,R,A3,AbN4,Reviewed,unassigned,,腹部/尾端注釈のみ。具体的筋/作用未同定,annotation_only,MANC;BANC26,data/nonleg_muscle_evidence.csv,型名/出神経のみから具体的筋や作用を推定しない。,not_measured,210,3058,"[{""bodyId"": ""906365"", ""type"": ""INXXX287"", ""superclass"": ""vnc_intrinsic"", ""weight"": 200}, {""bodyId"": ""802623"", ""type"": ""INXXX287"", ""superclass"": ""vnc_intrinsic"", ""weight"": 133}, {""bodyId"": ""1050443274"", ""type"": ""INXXX199"", ""superclass"": ""vnc_intrinsic"", ""weight"": 132}]"
male-cns:v1.0,807075,MNad02,MNad02_L,腹部筋群,ad,vnc_motor,L,A3,AbN4,Reviewed,unassigned,,腹部/尾端注釈のみ。具体的筋/作用未同定,annotation_only,MANC;BANC26,data/nonleg_muscle_evidence.csv,型名/出神経のみから具体的筋や作用を推定しない。,not_measured,239,3113,"[{""bodyId"": ""802623"", ""type"": ""INXXX287"", ""superclass"": ""vnc_intrinsic"", ""weight"": 193}, {""bodyId"": ""1050443274"", ""type"": ""INXXX199"", ""superclass"": ""vnc_intrinsic"", ""weight"": 136}, {""bodyId"": ""906365"", ""type"": ""INXXX287"", ""superclass"": ""vnc_intrinsic"", ""weight"": 135}]"
male-cns:v1.0,807144,MNad02,MNad02_L,腹部筋群,ad,vnc_motor,L,A6,AbN4,Reviewed,unassigned,,腹部/尾端注釈のみ。具体的筋/作用未同定,annotation_only,MANC;BANC26,data/nonleg_muscle_evidence.csv,型名/出神経のみから具体的筋や作用を推定しない。,not_measured,216,3086,"[{""bodyId"": ""1050443274"", ""type"": ""INXXX199"", ""superclass"": ""vnc_intrinsic"", ""weight"": 158}, {""bodyId"": ""803849"", ""type"": ""INXXX287"", ""superclass"": ""vnc_intrinsic"", ""weight"": 125}, {""bodyId"": ""803017"", ""type"": ""INXXX199"", ""superclass"": ""vnc_intrinsic"", ""weight"": 123}]"
male-cns:v1.0,807160,MNhl01,MNhl01_L,後脚筋群,hl,vnc_motor,L,T3,AbN1,Reviewed,,unknown,unknown,muscle_unresolved,no_named_muscle_type,data/leg_muscle_actions.csv,前脚筋地図と現型注釈による作用対応。T2/T3は分節間相同を含む。個別生理は未測定。 旧MANC標的とのラベル差あり。legs/legacy_target_differences.csv参照。,not_measured,713,4212,"[{""bodyId"": ""801609"", ""type"": ""IN13A009"", ""superclass"": ""vnc_intrinsic"", ""weight"": 117}, {""bodyId"": ""800263"", ""type"": ""IN20A.22A001"", ""superclass"": ""vnc_intrinsic"", ""weight"": 113}, {""bodyId"": ""800095"", ""type"": ""IN20A.22A001"", ""superclass"": ""vnc_intrinsic"", ""weight"": 100}]"
male-cns:v1.0,807165,Ti flexor MN,Ti flexor MN_L,前脚筋群,fl,vnc_motor,L,T1,ProLN,Reviewed,Ti flexor MN,femur-tibia,flexion,anatomical_action_inferred,Azevedo 2024 Appendix A1 p3; A12 pp32-33,data/leg_muscle_actions.csv,前脚筋地図と現型注釈による作用対応。T2/T3は分節間相同を含む。個別生理は未測定。,not_measured,416,3351,"[{""bodyId"": ""852122"", ""type"": null, ""superclass"": ""vnc_intrinsic"", ""weight"": 233}, {""bodyId"": ""800270"", ""type"": ""IN13A002"", ""superclass"": ""vnc_intrinsic"", ""weight"": 125}, {""bodyId"": ""13130"", ""type"": ""DNg105"", ""superclass"": ""descending_neuron"", ""weight"": 118}]"
male-cns:v1.0,807176,MNad28,MNad28_R,腹部筋群,ad,vnc_motor,R,T3,AbN1,Reviewed,possible haltere-associated effector; unassigned,,平均棍候補だが腹部/unknown注釈を保持,candidate_region_only,MANC,data/nonleg_muscle_evidence.csv,出神経と平均棍neuropil形態からの候補。筋支配未同定。腹部出力へも平均棍へも強制分類しない。,not_measured,359,2879,"[{""bodyId"": ""902294"", ""type"": ""IN17A011"", ""superclass"": ""vnc_intrinsic"", ""weight"": 91}, {""bodyId"": ""800012"", ""type"": ""AN19B001"", ""superclass"": ""ascending_neuron"", ""weight"": 78}, {""bodyId"": ""811475"", ""type"": ""SNpp14"", ""superclass"": ""vnc_sensory"", ""weight"": 57}]"
male-cns:v1.0,807281,Tergopleural/Pleural promotor MN,Tergopleural/Pleural promotor MN_L,前脚筋群,fl,vnc_motor,L,T1,DProN,Reviewed,Tergopleural/Pleural promotor MN,thorax-coxa,coxa_anterior_movement,anatomical_action_inferred,Azevedo 2024 Appendix A1 p2; A2 pp15-16,data/leg_muscle_actions.csv,前脚筋地図と現型注釈による作用対応。T2/T3は分節間相同を含む。個別生理は未測定。,not_measured,522,3535,"[{""bodyId"": ""803611"", ""type"": ""IN16B034"", ""superclass"": ""vnc_intrinsic"", ""weight"": 118}, {""bodyId"": ""22931"", ""type"": ""ANXXX006"", ""superclass"": ""ascending_neuron"", ""weight"": 98}, {""bodyId"": ""903366"", ""type"": ""IN16B016"", ""superclass"": ""vnc_intrinsic"", ""weight"": 94}]"
male-cns:v1.0,807312,MNad56,MNad56_L,腹部筋群,ad,vnc_motor,L,A1,AbN3,Reviewed,unassigned,,腹部/尾端注釈のみ。具体的筋/作用未同定,annotation_only,MANC;BANC26,data/nonleg_muscle_evidence.csv,型名/出神経のみから具体的筋や作用を推定しない。,not_measured,358,2835,"[{""bodyId"": ""804739"", ""type"": ""IN06A109"", ""superclass"": ""vnc_intrinsic"", ""weight"": 179}, {""bodyId"": ""805070"", ""type"": ""IN06A109"", ""superclass"": ""vnc_intrinsic"", ""weight"": 127}, {""bodyId"": ""804593"", ""type"": ""IN06A066"", ""superclass"": ""vnc_intrinsic"", ""weight"": 106}]"
male-cns:v1.0,807368,MNad28,MNad28_L,腹部筋群,ad,vnc_motor,L,T3,AbN1,Reviewed,possible haltere-associated effector; unassigned,,平均棍候補だが腹部/unknown注釈を保持,candidate_region_only,MANC,data/nonleg_muscle_evidence.csv,出神経と平均棍neuropil形態からの候補。筋支配未同定。腹部出力へも平均棍へも強制分類しない。,not_measured,347,3003,"[{""bodyId"": ""17757"", ""type"": ""AN19B001"", ""superclass"": ""ascending_neuron"", ""weight"": 117}, {""bodyId"": ""804467"", ""type"": ""IN07B067"", ""superclass"": ""vnc_intrinsic"", ""weight"": 110}, {""bodyId"": ""801358"", ""type"": ""IN12A036"", ""superclass"": ""vnc_intrinsic"", ""weight"": 69}]"
male-cns:v1.0,807395,MNml29,MNml29_R,中脚筋群,ml,vnc_motor,R,T2,MesoLN,Reviewed,,unknown,unknown,muscle_unresolved,no_named_muscle_type,data/leg_muscle_actions.csv,前脚筋地図と現型注釈による作用対応。T2/T3は分節間相同を含む。個別生理は未測定。 旧MANC標的とのラベル差あり。legs/legacy_target_differences.csv参照。,not_measured,364,2919,"[{""bodyId"": ""800452"", ""type"": ""IN19A016"", ""superclass"": ""vnc_intrinsic"", ""weight"": 149}, {""bodyId"": ""801296"", ""type"": ""IN16B016"", ""superclass"": ""vnc_intrinsic"", ""weight"": 138}, {""bodyId"": ""801552"", ""type"": ""IN19A016"", ""superclass"": ""vnc_intrinsic"", ""weight"": 128}]"
male-cns:v1.0,807396,MNad56,MNad56_R,腹部筋群,ad,vnc_motor,R,A1,AbN3,Reviewed,unassigned,,腹部/尾端注釈のみ。具体的筋/作用未同定,annotation_only,MANC;BANC26,data/nonleg_muscle_evidence.csv,型名/出神経のみから具体的筋や作用を推定しない。,not_measured,299,2861,"[{""bodyId"": ""805070"", ""type"": ""IN06A109"", ""superclass"": ""vnc_intrinsic"", ""weight"": 182}, {""bodyId"": ""804739"", ""type"": ""IN06A109"", ""superclass"": ""vnc_intrinsic"", ""weight"": 117}, {""bodyId"": ""804527"", ""type"": ""IN06A066"", ""superclass"": ""vnc_intrinsic"", ""weight"": 115}]"
male-cns:v1.0,807401,MNad01,MNad01_R,腹部筋群,ad,vnc_motor,R,A2,AbN4,Reviewed,unassigned,,腹部/尾端注釈のみ。具体的筋/作用未同定,annotation_only,MANC;BANC26,data/nonleg_muscle_evidence.csv,型名/出神経のみから具体的筋や作用を推定しない。,not_measured,210,2888,"[{""bodyId"": ""802242"", ""type"": ""INXXX287"", ""superclass"": ""vnc_intrinsic"", ""weight"": 235}, {""bodyId"": ""802623"", ""type"": ""INXXX287"", ""superclass"": ""vnc_intrinsic"", ""weight"": 228}, {""bodyId"": ""805358"", ""type"": ""INXXX400"", ""superclass"": ""vnc_intrinsic"", ""weight"": 82}]"
male-cns:v1.0,807464,MNad02,MNad02_L,腹部筋群,ad,vnc_motor,L,A1,AbN2,Reviewed,unassigned,,腹部/尾端注釈のみ。具体的筋/作用未同定,annotation_only,MANC;BANC26,data/nonleg_muscle_evidence.csv,型名/出神経のみから具体的筋や作用を推定しない。,not_measured,322,2797,"[{""bodyId"": ""803239"", ""type"": ""INXXX198"", ""superclass"": ""vnc_intrinsic"", ""weight"": 173}, {""bodyId"": ""800965"", ""type"": ""INXXX287"", ""superclass"": ""vnc_intrinsic"", ""weight"": 139}, {""bodyId"": ""802312"", ""type"": ""INXXX179"", ""superclass"": ""vnc_intrinsic"", ""weight"": 119}]"
male-cns:v1.0,807569,MNad31,MNad31_R,腹部筋群,ad,vnc_motor,R,A1,AbN2,Reviewed,unassigned,,腹部/尾端注釈のみ。具体的筋/作用未同定,annotation_only,MANC;BANC26,data/nonleg_muscle_evidence.csv,型名/出神経のみから具体的筋や作用を推定しない。,not_measured,330,2810,"[{""bodyId"": ""802242"", ""type"": ""INXXX287"", ""superclass"": ""vnc_intrinsic"", ""weight"": 137}, {""bodyId"": ""802716"", ""type"": ""IN05B041"", ""superclass"": ""vnc_intrinsic"", ""weight"": 94}, {""bodyId"": ""808878"", ""type"": ""IN06A119"", ""superclass"": ""vnc_intrinsic"", ""weight"": 93}]"
male-cns:v1.0,807594,MNad01,MNad01_L,腹部筋群,ad,vnc_motor,L,A2,AbN4,Reviewed,unassigned,,腹部/尾端注釈のみ。具体的筋/作用未同定,annotation_only,MANC;BANC26,data/nonleg_muscle_evidence.csv,型名/出神経のみから具体的筋や作用を推定しない。,not_measured,220,2720,"[{""bodyId"": ""802190"", ""type"": ""INXXX287"", ""superclass"": ""vnc_intrinsic"", ""weight"": 289}, {""bodyId"": ""906365"", ""type"": ""INXXX287"", ""superclass"": ""vnc_intrinsic"", ""weight"": 221}, {""bodyId"": ""805324"", ""type"": ""INXXX400"", ""superclass"": ""vnc_intrinsic"", ""weight"": 89}]"
male-cns:v1.0,807638,MNad02,MNad02_R,腹部筋群,ad,vnc_motor,R,A1,AbN2,Reviewed,unassigned,,腹部/尾端注釈のみ。具体的筋/作用未同定,annotation_only,MANC;BANC26,data/nonleg_muscle_evidence.csv,型名/出神経のみから具体的筋や作用を推定しない。,not_measured,325,2799,"[{""bodyId"": ""803130"", ""type"": ""INXXX198"", ""superclass"": ""vnc_intrinsic"", ""weight"": 144}, {""bodyId"": ""803239"", ""type"": ""INXXX198"", ""superclass"": ""vnc_intrinsic"", ""weight"": 113}, {""bodyId"": ""802654"", ""type"": ""INXXX287"", ""superclass"": ""vnc_intrinsic"", ""weight"": 106}]"
male-cns:v1.0,807640,Tr flexor MN,Tr flexor MN_R,後脚筋群,hl,vnc_motor,R,T3,MetaLN,Reviewed,Tr flexor MN,coxa-trochanter,flexion,anatomical_action_inferred,Azevedo 2024 Appendix A1 p3; A7-A8 pp24-26,data/leg_muscle_actions.csv,前脚筋地図と現型注釈による作用対応。T2/T3は分節間相同を含む。個別生理は未測定。,not_measured,478,3010,"[{""bodyId"": ""800127"", ""type"": ""IN19A008"", ""superclass"": ""vnc_intrinsic"", ""weight"": 201}, {""bodyId"": ""801467"", ""type"": ""IN21A015"", ""superclass"": ""vnc_intrinsic"", ""weight"": 129}, {""bodyId"": ""801002"", ""type"": ""IN21A010"", ""superclass"": ""vnc_intrinsic"", ""weight"": 126}]"
male-cns:v1.0,807649,MNad11,MNad11_R,腹部筋群,ad,vnc_motor,R,A5,AbN4,Reviewed,unassigned,,腹部/尾端注釈のみ。具体的筋/作用未同定,annotation_only,MANC;BANC26,data/nonleg_muscle_evidence.csv,型名/出神経のみから具体的筋や作用を推定しない。,not_measured,341,2732,"[{""bodyId"": ""806559"", ""type"": ""INXXX332"", ""superclass"": ""vnc_intrinsic"", ""weight"": 184}, {""bodyId"": ""803424"", ""type"": ""IN19B050"", ""superclass"": ""vnc_intrinsic"", ""weight"": 77}, {""bodyId"": ""805230"", ""type"": ""INXXX315"", ""superclass"": ""vnc_intrinsic"", ""weight"": 77}]"
male-cns:v1.0,807681,MNad16,MNad16_L,腹部筋群,ad,vnc_motor,L,A3,AbN4,Reviewed,unassigned,,腹部/尾端注釈のみ。具体的筋/作用未同定,annotation_only,MANC;BANC26,data/nonleg_muscle_evidence.csv,型名/出神経のみから具体的筋や作用を推定しない。,not_measured,253,2828,"[{""bodyId"": ""804530"", ""type"": ""IN06A066"", ""superclass"": ""vnc_intrinsic"", ""weight"": 147}, {""bodyId"": ""804778"", ""type"": ""IN06A066"", ""superclass"": ""vnc_intrinsic"", ""weight"": 113}, {""bodyId"": ""804686"", ""type"": ""IN06A063"", ""superclass"": ""vnc_intrinsic"", ""weight"": 88}]"
male-cns:v1.0,807694,MNad16,MNad16_R,腹部筋群,ad,vnc_motor,R,A3,AbN4,Reviewed,unassigned,,腹部/尾端注釈のみ。具体的筋/作用未同定,annotation_only,MANC;BANC26,data/nonleg_muscle_evidence.csv,型名/出神経のみから具体的筋や作用を推定しない。,not_measured,244,2680,"[{""bodyId"": ""804778"", ""type"": ""IN06A066"", ""superclass"": ""vnc_intrinsic"", ""weight"": 147}, {""bodyId"": ""804530"", ""type"": ""IN06A066"", ""superclass"": ""vnc_intrinsic"", ""weight"": 127}, {""bodyId"": ""804793"", ""type"": ""IN06A063"", ""superclass"": ""vnc_intrinsic"", ""weight"": 103}]"
male-cns:v1.0,807713,MNad02,MNad02_R,腹部筋群,ad,vnc_motor,R,A4,AbN4,Reviewed,unassigned,,腹部/尾端注釈のみ。具体的筋/作用未同定,annotation_only,MANC;BANC26,data/nonleg_muscle_evidence.csv,型名/出神経のみから具体的筋や作用を推定しない。,not_measured,246,2764,"[{""bodyId"": ""804424"", ""type"": ""INXXX287"", ""superclass"": ""vnc_intrinsic"", ""weight"": 125}, {""bodyId"": ""803996"", ""type"": ""INXXX287"", ""superclass"": ""vnc_intrinsic"", ""weight"": 103}, {""bodyId"": ""801937"", ""type"": ""IN23B095"", ""superclass"": ""vnc_intrinsic"", ""weight"": 92}]"
male-cns:v1.0,807784,hi2 MN,hi2 MN_L,平均棍筋群,hm,vnc_motor,L,T3,AbN1,Reviewed,haltere first axillary hi2,,平均棍の直接操舵、感覚帰還を介する翅MN発火位相/動員調整候補,candidate,DIC19;EHR23;MANC,data/nonleg_muscle_evidence.csv,DIC19の標識は複数筋MN。hi2とhiii2の個別機能・MaleCNSの複数候補間対応は未確定。,not_measured,275,2571,"[{""bodyId"": ""805585"", ""type"": ""IN03B079"", ""superclass"": ""vnc_intrinsic"", ""weight"": 268}, {""bodyId"": ""810496"", ""type"": ""IN03B079"", ""superclass"": ""vnc_intrinsic"", ""weight"": 121}, {""bodyId"": ""809727"", ""type"": ""IN03B079"", ""superclass"": ""vnc_intrinsic"", ""weight"": 117}]"
male-cns:v1.0,807799,"DVMn 2a, b","DVMn 2a, b_L",翅・胸部筋群,wm,vnc_motor,L,T2,MesoAN,Reviewed,DVM2,,間接飛翔動力筋・翅挙上。非同期伸張活性化でDLMと拮抗,exact_type_label_bridge,AZE24,data/nonleg_muscle_evidence.csv,文献の機能標本とMaleCNSは別個体。型名対応のみで生理を同定しない。,not_measured,400,2799,"[{""bodyId"": ""806098"", ""type"": ""IN11B013"", ""superclass"": ""vnc_intrinsic"", ""weight"": 99}, {""bodyId"": ""802531"", ""type"": ""IN19B043"", ""superclass"": ""vnc_intrinsic"", ""weight"": 97}, {""bodyId"": ""804732"", ""type"": ""IN11B013"", ""superclass"": ""vnc_intrinsic"", ""weight"": 79}]"
male-cns:v1.0,807813,MNad45,MNad45_L,腹部筋群,ad,vnc_motor,L,A1,AbN2,Reviewed,unassigned,,腹部/尾端注釈のみ。具体的筋/作用未同定,annotation_only,MANC;BANC26,data/nonleg_muscle_evidence.csv,型名/出神経のみから具体的筋や作用を推定しない。,not_measured,298,2726,"[{""bodyId"": ""804501"", ""type"": ""IN06A049"", ""superclass"": ""vnc_intrinsic"", ""weight"": 119}, {""bodyId"": ""802102"", ""type"": ""IN03A015"", ""superclass"": ""vnc_intrinsic"", ""weight"": 104}, {""bodyId"": ""803213"", ""type"": ""IN06A025"", ""superclass"": ""vnc_intrinsic"", ""weight"": 98}]"
male-cns:v1.0,807837,MNad43,MNad43_L,腹部筋群,ad,vnc_motor,L,A1,AbN3,Reviewed,unassigned,,腹部/尾端注釈のみ。具体的筋/作用未同定,annotation_only,MANC;BANC26,data/nonleg_muscle_evidence.csv,型名/出神経のみから具体的筋や作用を推定しない。,not_measured,295,2645,"[{""bodyId"": ""802190"", ""type"": ""INXXX287"", ""superclass"": ""vnc_intrinsic"", ""weight"": 113}, {""bodyId"": ""806038"", ""type"": ""INXXX276"", ""superclass"": ""vnc_intrinsic"", ""weight"": 97}, {""bodyId"": ""804686"", ""type"": ""IN06A063"", ""superclass"": ""vnc_intrinsic"", ""weight"": 88}]"
male-cns:v1.0,807838,MNad02,MNad02_R,腹部筋群,ad,vnc_motor,R,A2,AbN3,Reviewed,unassigned,,腹部/尾端注釈のみ。具体的筋/作用未同定,annotation_only,MANC;BANC26,data/nonleg_muscle_evidence.csv,型名/出神経のみから具体的筋や作用を推定しない。,not_measured,224,2761,"[{""bodyId"": ""802190"", ""type"": ""INXXX287"", ""superclass"": ""vnc_intrinsic"", ""weight"": 120}, {""bodyId"": ""803222"", ""type"": ""INXXX247"", ""superclass"": ""vnc_intrinsic"", ""weight"": 106}, {""bodyId"": ""934908"", ""type"": ""INXXX363"", ""superclass"": ""vnc_intrinsic"", ""weight"": 99}]"
male-cns:v1.0,807854,Sternal adductor MN,Sternal adductor MN_R,後脚筋群,hl,vnc_motor,R,T3,MetaLN,Reviewed,Sternal adductor MN,thorax-coxa,coxa_medial_movement,anatomical_action_inferred,Azevedo 2024 Appendix A1 p3; A3 p17,data/leg_muscle_actions.csv,前脚筋地図と現型注釈による作用対応。T2/T3は分節間相同を含む。個別生理は未測定。,not_measured,473,2751,"[{""bodyId"": ""804063"", ""type"": ""IN03A010"", ""superclass"": ""vnc_intrinsic"", ""weight"": 113}, {""bodyId"": ""801380"", ""type"": ""IN21A009"", ""superclass"": ""vnc_intrinsic"", ""weight"": 100}, {""bodyId"": ""906624"", ""type"": ""IN19A037"", ""superclass"": ""vnc_intrinsic"", ""weight"": 93}]"
male-cns:v1.0,807870,MNad16,MNad16_L,腹部筋群,ad,vnc_motor,L,A1,AbN3,Reviewed,unassigned,,腹部/尾端注釈のみ。具体的筋/作用未同定,annotation_only,MANC;BANC26,data/nonleg_muscle_evidence.csv,型名/出神経のみから具体的筋や作用を推定しない。,not_measured,213,2683,"[{""bodyId"": ""804593"", ""type"": ""IN06A066"", ""superclass"": ""vnc_intrinsic"", ""weight"": 163}, {""bodyId"": ""804527"", ""type"": ""IN06A066"", ""superclass"": ""vnc_intrinsic"", ""weight"": 154}, {""bodyId"": ""804209"", ""type"": ""IN12A039"", ""superclass"": ""vnc_intrinsic"", ""weight"": 117}]"
male-cns:v1.0,807873,Acc. tr flexor MN,Acc. tr flexor MN_R,前脚筋群,fl,vnc_motor,R,T1,ProAN,Reviewed,Acc. tr flexor MN,coxa-trochanter,flexion,anatomical_action_inferred,Azevedo 2024 Appendix A1 p3; A9 pp27-28,data/leg_muscle_actions.csv,前脚筋地図と現型注釈による作用対応。T2/T3は分節間相同を含む。個別生理は未測定。,not_measured,78,194,"[{""bodyId"": ""807183"", ""type"": ""IN12B023"", ""superclass"": ""vnc_intrinsic"", ""weight"": 24}, {""bodyId"": ""903545"", ""type"": ""IN16B016"", ""superclass"": ""vnc_intrinsic"", ""weight"": 22}, {""bodyId"": ""802085"", ""type"": ""IN21A015"", ""superclass"": ""vnc_intrinsic"", ""weight"": 10}]"
male-cns:v1.0,807899,MNad05,MNad05_R,腹部筋群,ad,vnc_motor,R,A4,AbN4,Reviewed,unassigned,,腹部/尾端注釈のみ。具体的筋/作用未同定,annotation_only,MANC;BANC26,data/nonleg_muscle_evidence.csv,型名/出神経のみから具体的筋や作用を推定しない。,not_measured,271,2610,"[{""bodyId"": ""806169"", ""type"": ""IN06A109"", ""superclass"": ""vnc_intrinsic"", ""weight"": 124}, {""bodyId"": ""803996"", ""type"": ""INXXX287"", ""superclass"": ""vnc_intrinsic"", ""weight"": 119}, {""bodyId"": ""806958"", ""type"": ""IN06A109"", ""superclass"": ""vnc_intrinsic"", ""weight"": 119}]"
male-cns:v1.0,807906,Tr extensor MN,Tr extensor MN_L,前脚筋群,fl,vnc_motor,L,T1,ProLN,Reviewed,Tr extensor MN,coxa-trochanter,extension,anatomical_action_inferred,Azevedo 2024 Appendix A1 p3; A6 pp22-23,data/leg_muscle_actions.csv,前脚筋地図と現型注釈による作用対応。T2/T3は分節間相同を含む。個別生理は未測定。,not_measured,447,2208,"[{""bodyId"": ""800256"", ""type"": ""IN08A002"", ""superclass"": ""vnc_intrinsic"", ""weight"": 113}, {""bodyId"": ""904280"", ""type"": ""IN16B020"", ""superclass"": ""vnc_intrinsic"", ""weight"": 83}, {""bodyId"": ""903366"", ""type"": ""IN16B016"", ""superclass"": ""vnc_intrinsic"", ""weight"": 61}]"
male-cns:v1.0,807924,"DVMn 2a, b","DVMn 2a, b_R",翅・胸部筋群,wm,vnc_motor,R,T2,MesoAN,Reviewed,DVM2,,間接飛翔動力筋・翅挙上。非同期伸張活性化でDLMと拮抗,exact_type_label_bridge,AZE24,data/nonleg_muscle_evidence.csv,文献の機能標本とMaleCNSは別個体。型名対応のみで生理を同定しない。,not_measured,369,2671,"[{""bodyId"": ""803023"", ""type"": ""IN19B043"", ""superclass"": ""vnc_intrinsic"", ""weight"": 113}, {""bodyId"": ""802531"", ""type"": ""IN19B043"", ""superclass"": ""vnc_intrinsic"", ""weight"": 94}, {""bodyId"": ""806335"", ""type"": ""IN11B013"", ""superclass"": ""vnc_intrinsic"", ""weight"": 78}]"
male-cns:v1.0,807945,MNad17,MNad17_L,腹部筋群,ad,vnc_motor,L,A10,AbNT,Reviewed,unassigned,,腹部/尾端注釈のみ。具体的筋/作用未同定,annotation_only,MANC;BANC26,data/nonleg_muscle_evidence.csv,型名/出神経のみから具体的筋や作用を推定しない。,not_measured,32,96,"[{""bodyId"": ""805630"", ""type"": ""MNad17"", ""superclass"": ""vnc_motor"", ""weight"": 23}, {""bodyId"": ""805879"", ""type"": ""MNad17"", ""superclass"": ""vnc_motor"", ""weight"": 15}, {""bodyId"": ""806047"", ""type"": ""MNad17"", ""superclass"": ""vnc_motor"", ""weight"": 11}]"
male-cns:v1.0,807972,ltm2-femur MN,ltm2-femur MN_L,中脚筋群,ml,vnc_motor,L,T2,MesoLN,Reviewed,ltm2-femur MN,long_tendon,long_tendon_pull_femur_muscle,anatomical_action_inferred,Azevedo 2024 Appendix A1 p4; A15-A16 pp38-40,data/leg_muscle_actions.csv,前脚筋地図と現型注釈による作用対応。T2/T3は分節間相同を含む。個別生理は未測定。,not_measured,329,2886,"[{""bodyId"": ""802239"", ""type"": ""IN21A020"", ""superclass"": ""vnc_intrinsic"", ""weight"": 88}, {""bodyId"": ""808704"", ""type"": ""SNxxxx"", ""superclass"": ""vnc_sensory"", ""weight"": 75}, {""bodyId"": ""800156"", ""type"": ""IN13B011"", ""superclass"": ""vnc_intrinsic"", ""weight"": 74}]"
male-cns:v1.0,807987,,,翅・胸部筋群,wm,vnc_motor,R,T2,MesoAN,Reviewed,unassigned,,翅関連注釈のみ。具体的筋/作用未同定,annotation_only,MANC,data/nonleg_muscle_evidence.csv,型名/出神経のみから具体的筋や作用を推定しない。,not_measured,644,2732,"[{""bodyId"": ""802704"", ""type"": ""IN07B026"", ""superclass"": ""vnc_intrinsic"", ""weight"": 121}, {""bodyId"": ""907573"", ""type"": null, ""superclass"": ""vnc_sensory"", ""weight"": 76}, {""bodyId"": ""800655"", ""type"": ""IN09A006"", ""superclass"": ""vnc_intrinsic"", ""weight"": 49}]"
male-cns:v1.0,808011,Sternal posterior rotator MN,Sternal posterior rotator MN_R,前脚筋群,fl,vnc_motor,R,T1,ProAN,Reviewed,Sternal posterior rotator MN,thorax-coxa,coxa_posterior_movement_or_axial_rotation,anatomical_action_inferred,Azevedo 2024 Appendix A1 p3; A4 pp18-19,data/leg_muscle_actions.csv,前脚筋地図と現型注釈による作用対応。T2/T3は分節間相同を含む。個別生理は未測定。,not_measured,308,1459,"[{""bodyId"": ""903545"", ""type"": ""IN16B016"", ""superclass"": ""vnc_intrinsic"", ""weight"": 86}, {""bodyId"": ""802562"", ""type"": ""IN19A016"", ""superclass"": ""vnc_intrinsic"", ""weight"": 74}, {""bodyId"": ""802625"", ""type"": ""IN19A016"", ""superclass"": ""vnc_intrinsic"", ""weight"": 63}]"
male-cns:v1.0,808101,MNad01,MNad01_R,腹部筋群,ad,vnc_motor,R,A3,AbN4,Reviewed,unassigned,,腹部/尾端注釈のみ。具体的筋/作用未同定,annotation_only,MANC;BANC26,data/nonleg_muscle_evidence.csv,型名/出神経のみから具体的筋や作用を推定しない。,not_measured,222,2676,"[{""bodyId"": ""802623"", ""type"": ""INXXX287"", ""superclass"": ""vnc_intrinsic"", ""weight"": 184}, {""bodyId"": ""803849"", ""type"": ""INXXX287"", ""superclass"": ""vnc_intrinsic"", ""weight"": 115}, {""bodyId"": ""805358"", ""type"": ""INXXX400"", ""superclass"": ""vnc_intrinsic"", ""weight"": 78}]"
male-cns:v1.0,808134,MNad01,MNad01_R,腹部筋群,ad,vnc_motor,R,A1,AbN3,Reviewed,unassigned,,腹部/尾端注釈のみ。具体的筋/作用未同定,annotation_only,MANC;BANC26,data/nonleg_muscle_evidence.csv,型名/出神経のみから具体的筋や作用を推定しない。,not_measured,201,2514,"[{""bodyId"": ""802242"", ""type"": ""INXXX287"", ""superclass"": ""vnc_intrinsic"", ""weight"": 447}, {""bodyId"": ""803924"", ""type"": ""IN12A048"", ""superclass"": ""vnc_intrinsic"", ""weight"": 96}, {""bodyId"": ""802716"", ""type"": ""IN05B041"", ""superclass"": ""vnc_intrinsic"", ""weight"": 88}]"
male-cns:v1.0,808208,MNad02,MNad02_L,腹部筋群,ad,vnc_motor,L,A4,AbN4,Reviewed,unassigned,,腹部/尾端注釈のみ。具体的筋/作用未同定,annotation_only,MANC;BANC26,data/nonleg_muscle_evidence.csv,型名/出神経のみから具体的筋や作用を推定しない。,not_measured,215,2495,"[{""bodyId"": ""803996"", ""type"": ""INXXX287"", ""superclass"": ""vnc_intrinsic"", ""weight"": 129}, {""bodyId"": ""804424"", ""type"": ""INXXX287"", ""superclass"": ""vnc_intrinsic"", ""weight"": 106}, {""bodyId"": ""803192"", ""type"": ""INXXX402"", ""superclass"": ""vnc_intrinsic"", ""weight"": 92}]"
male-cns:v1.0,808250,MNad53,MNad53_R,腹部筋群,ad,vnc_motor,R,A9,AbNT,Reviewed,unassigned,,腹部/尾端注釈のみ。具体的筋/作用未同定,annotation_only,MANC;BANC26,data/nonleg_muscle_evidence.csv,型名/出神経のみから具体的筋や作用を推定しない。,not_measured,261,2387,"[{""bodyId"": ""903021"", ""type"": ""INXXX197"", ""superclass"": ""vnc_intrinsic"", ""weight"": 117}, {""bodyId"": ""902844"", ""type"": ""INXXX197"", ""superclass"": ""vnc_intrinsic"", ""weight"": 101}, {""bodyId"": ""802924"", ""type"": ""INXXX258"", ""superclass"": ""vnc_intrinsic"", ""weight"": 89}]"
male-cns:v1.0,808453,Tr extensor MN,Tr extensor MN_R,後脚筋群,hl,vnc_motor,R,T3,MetaLN,Reviewed,Tr extensor MN,coxa-trochanter,extension,anatomical_action_inferred,Azevedo 2024 Appendix A1 p3; A6 pp22-23,data/leg_muscle_actions.csv,前脚筋地図と現型注釈による作用対応。T2/T3は分節間相同を含む。個別生理は未測定。,not_measured,550,3744,"[{""bodyId"": ""903903"", ""type"": ""IN16B020"", ""superclass"": ""vnc_intrinsic"", ""weight"": 174}, {""bodyId"": ""801349"", ""type"": ""IN20A.22A001"", ""superclass"": ""vnc_intrinsic"", ""weight"": 150}, {""bodyId"": ""902504"", ""type"": ""IN01A015"", ""superclass"": ""vnc_intrinsic"", ""weight"": 139}]"
male-cns:v1.0,808464,MNad57,MNad57_R,腹部筋群,ad,vnc_motor,R,A8,AbNT,Reviewed,unassigned,,腹部/尾端注釈のみ。具体的筋/作用未同定,annotation_only,MANC;BANC26,data/nonleg_muscle_evidence.csv,型名/出神経のみから具体的筋や作用を推定しない。,not_measured,163,2344,"[{""bodyId"": ""904121"", ""type"": ""INXXX077"", ""superclass"": ""vnc_intrinsic"", ""weight"": 262}, {""bodyId"": ""800130"", ""type"": ""INXXX077"", ""superclass"": ""vnc_intrinsic"", ""weight"": 258}, {""bodyId"": ""902304"", ""type"": ""INXXX167"", ""superclass"": ""vnc_intrinsic"", ""weight"": 144}]"
male-cns:v1.0,808532,MNad01,MNad01_L,腹部筋群,ad,vnc_motor,L,A4,AbN4,Reviewed,unassigned,,腹部/尾端注釈のみ。具体的筋/作用未同定,annotation_only,MANC;BANC26,data/nonleg_muscle_evidence.csv,型名/出神経のみから具体的筋や作用を推定しない。,not_measured,235,2485,"[{""bodyId"": ""804424"", ""type"": ""INXXX287"", ""superclass"": ""vnc_intrinsic"", ""weight"": 117}, {""bodyId"": ""908205"", ""type"": ""INXXX287"", ""superclass"": ""vnc_intrinsic"", ""weight"": 103}, {""bodyId"": ""808578"", ""type"": ""IN06A109"", ""superclass"": ""vnc_intrinsic"", ""weight"": 81}]"
male-cns:v1.0,808572,MNad57,MNad57_L,腹部筋群,ad,vnc_motor,L,A8,AbNT,Reviewed,unassigned,,腹部/尾端注釈のみ。具体的筋/作用未同定,annotation_only,MANC;BANC26,data/nonleg_muscle_evidence.csv,型名/出神経のみから具体的筋や作用を推定しない。,not_measured,162,2381,"[{""bodyId"": ""904121"", ""type"": ""INXXX077"", ""superclass"": ""vnc_intrinsic"", ""weight"": 266}, {""bodyId"": ""800130"", ""type"": ""INXXX077"", ""superclass"": ""vnc_intrinsic"", ""weight"": 212}, {""bodyId"": ""801242"", ""type"": ""INXXX167"", ""superclass"": ""vnc_intrinsic"", ""weight"": 167}]"
male-cns:v1.0,808621,MNad01,MNad01_L,腹部筋群,ad,vnc_motor,L,A1,AbN3,Reviewed,unassigned,,腹部/尾端注釈のみ。具体的筋/作用未同定,annotation_only,MANC;BANC26,data/nonleg_muscle_evidence.csv,型名/出神経のみから具体的筋や作用を推定しない。,not_measured,180,2388,"[{""bodyId"": ""802190"", ""type"": ""INXXX287"", ""superclass"": ""vnc_intrinsic"", ""weight"": 469}, {""bodyId"": ""809936"", ""type"": ""SNxx15"", ""superclass"": ""vnc_sensory"", ""weight"": 88}, {""bodyId"": ""803222"", ""type"": ""INXXX247"", ""superclass"": ""vnc_intrinsic"", ""weight"": 70}]"
male-cns:v1.0,808640,Sternal posterior rotator MN,Sternal posterior rotator MN_L,前脚筋群,fl,vnc_motor,L,T1,ProAN,Reviewed,Sternal posterior rotator MN,thorax-coxa,coxa_posterior_movement_or_axial_rotation,anatomical_action_inferred,Azevedo 2024 Appendix A1 p3; A4 pp18-19,data/leg_muscle_actions.csv,前脚筋地図と現型注釈による作用対応。T2/T3は分節間相同を含む。個別生理は未測定。,not_measured,568,3862,"[{""bodyId"": ""905910"", ""type"": ""IN19A013"", ""superclass"": ""vnc_intrinsic"", ""weight"": 144}, {""bodyId"": ""934092"", ""type"": ""IN19A016"", ""superclass"": ""vnc_intrinsic"", ""weight"": 141}, {""bodyId"": ""801026"", ""type"": ""IN21A012"", ""superclass"": ""vnc_intrinsic"", ""weight"": 131}]"
male-cns:v1.0,808685,Ti flexor MN,Ti flexor MN_R,後脚筋群,hl,vnc_motor,R,T3,MetaLN,Reviewed,Ti flexor MN,femur-tibia,flexion,anatomical_action_inferred,Azevedo 2024 Appendix A1 p3; A12 pp32-33,data/leg_muscle_actions.csv,前脚筋地図と現型注釈による作用対応。T2/T3は分節間相同を含む。個別生理は未測定。 旧MANC標的とのラベル差あり。legs/legacy_target_differences.csv参照。,not_measured,359,2642,"[{""bodyId"": ""800976"", ""type"": ""IN21A002"", ""superclass"": ""vnc_intrinsic"", ""weight"": 202}, {""bodyId"": ""800793"", ""type"": ""IN21A004"", ""superclass"": ""vnc_intrinsic"", ""weight"": 162}, {""bodyId"": ""801246"", ""type"": ""LBL40"", ""superclass"": ""vnc_intrinsic"", ""weight"": 54}]"
male-cns:v1.0,808720,MNad16,MNad16_L,腹部筋群,ad,vnc_motor,L,A2,AbN4,Reviewed,unassigned,,腹部/尾端注釈のみ。具体的筋/作用未同定,annotation_only,MANC;BANC26,data/nonleg_muscle_evidence.csv,型名/出神経のみから具体的筋や作用を推定しない。,not_measured,197,2391,"[{""bodyId"": ""804593"", ""type"": ""IN06A066"", ""superclass"": ""vnc_intrinsic"", ""weight"": 119}, {""bodyId"": ""804209"", ""type"": ""IN12A039"", ""superclass"": ""vnc_intrinsic"", ""weight"": 99}, {""bodyId"": ""804757"", ""type"": ""IN12A039"", ""superclass"": ""vnc_intrinsic"", ""weight"": 96}]"
male-cns:v1.0,808813,hi2 MN,hi2 MN_L,平均棍筋群,hm,vnc_motor,L,T3,AbN1,Reviewed,haltere first axillary hi2,,平均棍の直接操舵、感覚帰還を介する翅MN発火位相/動員調整候補,candidate,DIC19;EHR23;MANC,data/nonleg_muscle_evidence.csv,DIC19の標識は複数筋MN。hi2とhiii2の個別機能・MaleCNSの複数候補間対応は未確定。,not_measured,265,2327,"[{""bodyId"": ""805585"", ""type"": ""IN03B079"", ""superclass"": ""vnc_intrinsic"", ""weight"": 225}, {""bodyId"": ""810496"", ""type"": ""IN03B079"", ""superclass"": ""vnc_intrinsic"", ""weight"": 127}, {""bodyId"": ""809727"", ""type"": ""IN03B079"", ""superclass"": ""vnc_intrinsic"", ""weight"": 117}]"
male-cns:v1.0,808820,MNad01,MNad01_R,腹部筋群,ad,vnc_motor,R,A4,AbN4,Reviewed,unassigned,,腹部/尾端注釈のみ。具体的筋/作用未同定,annotation_only,MANC;BANC26,data/nonleg_muscle_evidence.csv,型名/出神経のみから具体的筋や作用を推定しない。,not_measured,257,2411,"[{""bodyId"": ""803849"", ""type"": ""INXXX287"", ""superclass"": ""vnc_intrinsic"", ""weight"": 114}, {""bodyId"": ""803996"", ""type"": ""INXXX287"", ""superclass"": ""vnc_intrinsic"", ""weight"": 84}, {""bodyId"": ""806958"", ""type"": ""IN06A109"", ""superclass"": ""vnc_intrinsic"", ""weight"": 76}]"
male-cns:v1.0,808888,MNad16,MNad16_R,腹部筋群,ad,vnc_motor,R,A1,AbN3,Reviewed,unassigned,,腹部/尾端注釈のみ。具体的筋/作用未同定,annotation_only,MANC;BANC26,data/nonleg_muscle_evidence.csv,型名/出神経のみから具体的筋や作用を推定しない。,not_measured,209,2312,"[{""bodyId"": ""804527"", ""type"": ""IN06A066"", ""superclass"": ""vnc_intrinsic"", ""weight"": 151}, {""bodyId"": ""804593"", ""type"": ""IN06A066"", ""superclass"": ""vnc_intrinsic"", ""weight"": 123}, {""bodyId"": ""804757"", ""type"": ""IN12A039"", ""superclass"": ""vnc_intrinsic"", ""weight"": 107}]"
male-cns:v1.0,808926,"MNad04,MNad48","MNad04,MNad48_R",腹部筋群,ad,vnc_motor,R,A10,AbNT,Reviewed,unassigned,,腹部/尾端注釈のみ。具体的筋/作用未同定,annotation_only,MANC;BANC26,data/nonleg_muscle_evidence.csv,型名/出神経のみから具体的筋や作用を推定しない。,not_measured,133,2268,"[{""bodyId"": ""800363"", ""type"": ""IN10B011"", ""superclass"": ""vnc_intrinsic"", ""weight"": 181}, {""bodyId"": ""800413"", ""type"": ""IN10B011"", ""superclass"": ""vnc_intrinsic"", ""weight"": 156}, {""bodyId"": ""801242"", ""type"": ""INXXX167"", ""superclass"": ""vnc_intrinsic"", ""weight"": 154}]"
male-cns:v1.0,809055,MNhl88,MNhl88_R,後脚筋群,hl,vnc_motor,R,T3,MetaLN,Reviewed,,unknown,unknown,muscle_unresolved,no_named_muscle_type,data/leg_muscle_actions.csv,前脚筋地図と現型注釈による作用対応。T2/T3は分節間相同を含む。個別生理は未測定。 旧MANC標的とのラベル差あり。legs/legacy_target_differences.csv参照。,not_measured,373,2391,"[{""bodyId"": ""807777"", ""type"": ""IN03B056"", ""superclass"": ""vnc_intrinsic"", ""weight"": 149}, {""bodyId"": ""807963"", ""type"": ""IN03B056"", ""superclass"": ""vnc_intrinsic"", ""weight"": 134}, {""bodyId"": ""803703"", ""type"": ""IN17A060"", ""superclass"": ""vnc_intrinsic"", ""weight"": 132}]"
male-cns:v1.0,809085,hDVM MN,hDVM MN_R,平均棍筋群,hm,vnc_motor,R,T3,AbN1,Reviewed,haltere dorsal ventral power muscle hDVM,,平均棍を振動させる非同期動力筋,exact_type_label_bridge,DIC19;EHR23;MANC,data/nonleg_muscle_evidence.csv,文献の機能標本とMaleCNSは別個体。型名対応のみで生理を同定しない。,not_measured,362,2276,"[{""bodyId"": ""804467"", ""type"": ""IN07B067"", ""superclass"": ""vnc_intrinsic"", ""weight"": 89}, {""bodyId"": ""17757"", ""type"": ""AN19B001"", ""superclass"": ""ascending_neuron"", ""weight"": 87}, {""bodyId"": ""806333"", ""type"": ""IN07B067"", ""superclass"": ""vnc_intrinsic"", ""weight"": 72}]"
male-cns:v1.0,809238,MNad16,MNad16_R,腹部筋群,ad,vnc_motor,R,A2,AbN4,Reviewed,unassigned,,腹部/尾端注釈のみ。具体的筋/作用未同定,annotation_only,MANC;BANC26,data/nonleg_muscle_evidence.csv,型名/出神経のみから具体的筋や作用を推定しない。,not_measured,175,2298,"[{""bodyId"": ""804593"", ""type"": ""IN06A066"", ""superclass"": ""vnc_intrinsic"", ""weight"": 110}, {""bodyId"": ""804778"", ""type"": ""IN06A066"", ""superclass"": ""vnc_intrinsic"", ""weight"": 107}, {""bodyId"": ""804527"", ""type"": ""IN06A066"", ""superclass"": ""vnc_intrinsic"", ""weight"": 96}]"
male-cns:v1.0,809304,MNad45,MNad45_R,腹部筋群,ad,vnc_motor,R,A1,AbN2,Reviewed,unassigned,,腹部/尾端注釈のみ。具体的筋/作用未同定,annotation_only,MANC;BANC26,data/nonleg_muscle_evidence.csv,型名/出神経のみから具体的筋や作用を推定しない。,not_measured,263,2327,"[{""bodyId"": ""800978"", ""type"": ""IN03A015"", ""superclass"": ""vnc_intrinsic"", ""weight"": 116}, {""bodyId"": ""802102"", ""type"": ""IN03A015"", ""superclass"": ""vnc_intrinsic"", ""weight"": 112}, {""bodyId"": ""804501"", ""type"": ""IN06A049"", ""superclass"": ""vnc_intrinsic"", ""weight"": 81}]"
male-cns:v1.0,809397,"MNad04,MNad48","MNad04,MNad48_L",腹部筋群,ad,vnc_motor,L,A9,AbNT,Reviewed,unassigned,,腹部/尾端注釈のみ。具体的筋/作用未同定,annotation_only,MANC;BANC26,data/nonleg_muscle_evidence.csv,型名/出神経のみから具体的筋や作用を推定しない。,not_measured,126,2254,"[{""bodyId"": ""902304"", ""type"": ""INXXX167"", ""superclass"": ""vnc_intrinsic"", ""weight"": 166}, {""bodyId"": ""800413"", ""type"": ""IN10B011"", ""superclass"": ""vnc_intrinsic"", ""weight"": 165}, {""bodyId"": ""800363"", ""type"": ""IN10B011"", ""superclass"": ""vnc_intrinsic"", ""weight"": 164}]"
male-cns:v1.0,809401,MNad25,MNad25_L,腹部筋群,ad,vnc_motor,L,A2,AbN3,Reviewed,unassigned,,腹部/尾端注釈のみ。具体的筋/作用未同定,annotation_only,MANC;BANC26,data/nonleg_muscle_evidence.csv,型名/出神経のみから具体的筋や作用を推定しない。,not_measured,175,1468,"[{""bodyId"": ""803389"", ""type"": ""INXXX261"", ""superclass"": ""vnc_intrinsic"", ""weight"": 94}, {""bodyId"": ""803252"", ""type"": ""INXXX261"", ""superclass"": ""vnc_intrinsic"", ""weight"": 91}, {""bodyId"": ""802850"", ""type"": ""IN12B016"", ""superclass"": ""vnc_intrinsic"", ""weight"": 53}]"
male-cns:v1.0,809484,MNad30,MNad30_L,腹部筋群,ad,vnc_motor,L,A1,AbN2,Reviewed,unassigned,,腹部/尾端注釈のみ。具体的筋/作用未同定,annotation_only,MANC;BANC26,data/nonleg_muscle_evidence.csv,型名/出神経のみから具体的筋や作用を推定しない。,not_measured,286,2292,"[{""bodyId"": ""802381"", ""type"": ""INXXX332"", ""superclass"": ""vnc_intrinsic"", ""weight"": 171}, {""bodyId"": ""954817"", ""type"": ""IN10B016"", ""superclass"": ""vnc_intrinsic"", ""weight"": 107}, {""bodyId"": ""803741"", ""type"": ""IN12A048"", ""superclass"": ""vnc_intrinsic"", ""weight"": 70}]"
male-cns:v1.0,809492,"MNad04,MNad48","MNad04,MNad48_R",腹部筋群,ad,vnc_motor,R,A10,AbNT,Reviewed,unassigned,,腹部/尾端注釈のみ。具体的筋/作用未同定,annotation_only,MANC;BANC26,data/nonleg_muscle_evidence.csv,型名/出神経のみから具体的筋や作用を推定しない。,not_measured,133,2252,"[{""bodyId"": ""800413"", ""type"": ""IN10B011"", ""superclass"": ""vnc_intrinsic"", ""weight"": 173}, {""bodyId"": ""800363"", ""type"": ""IN10B011"", ""superclass"": ""vnc_intrinsic"", ""weight"": 163}, {""bodyId"": ""801015"", ""type"": ""INXXX184"", ""superclass"": ""vnc_intrinsic"", ""weight"": 144}]"
male-cns:v1.0,809604,Acc. tr flexor MN,Acc. tr flexor MN_L,後脚筋群,hl,vnc_motor,L,T3,MetaLN,Reviewed,Acc. tr flexor MN,coxa-trochanter,flexion,anatomical_action_inferred,Azevedo 2024 Appendix A1 p3; A9 pp27-28,data/leg_muscle_actions.csv,前脚筋地図と現型注釈による作用対応。T2/T3は分節間相同を含む。個別生理は未測定。 旧MANC標的とのラベル差あり。legs/legacy_target_differences.csv参照。,not_measured,95,239,"[{""bodyId"": ""800977"", ""type"": ""IN16B016"", ""superclass"": ""vnc_intrinsic"", ""weight"": 44}, {""bodyId"": ""800257"", ""type"": ""IN19A008"", ""superclass"": ""vnc_intrinsic"", ""weight"": 11}, {""bodyId"": ""800434"", ""type"": ""IN09A002"", ""superclass"": ""vnc_intrinsic"", ""weight"": 9}]"
male-cns:v1.0,809670,Acc. ti flexor MN,Acc. ti flexor MN_L,中脚筋群,ml,vnc_motor,L,T2,MesoLN,Reviewed,Acc. ti flexor MN,femur-tibia,flexion,anatomical_action_inferred,Azevedo 2024 Appendix A1 pp3-4; A13-A14 pp34-37,data/leg_muscle_actions.csv,前脚筋地図と現型注釈による作用対応。T2/T3は分節間相同を含む。個別生理は未測定。,not_measured,380,2318,"[{""bodyId"": ""902483"", ""type"": ""IN09A003"", ""superclass"": ""vnc_intrinsic"", ""weight"": 134}, {""bodyId"": ""801791"", ""type"": ""IN14A009"", ""superclass"": ""vnc_intrinsic"", ""weight"": 126}, {""bodyId"": ""800816"", ""type"": ""IN21A010"", ""superclass"": ""vnc_intrinsic"", ""weight"": 54}]"
male-cns:v1.0,809862,MNad09,MNad09_R,腹部筋群,ad,vnc_motor,R,A6,AbNT,Reviewed,unassigned,,腹部/尾端注釈のみ。具体的筋/作用未同定,annotation_only,MANC;BANC26,data/nonleg_muscle_evidence.csv,型名/出神経のみから具体的筋や作用を推定しない。,not_measured,191,2191,"[{""bodyId"": ""807026"", ""type"": ""INXXX377"", ""superclass"": ""vnc_intrinsic"", ""weight"": 155}, {""bodyId"": ""909670"", ""type"": ""INXXX377"", ""superclass"": ""vnc_intrinsic"", ""weight"": 148}, {""bodyId"": ""814965"", ""type"": ""INXXX377"", ""superclass"": ""vnc_intrinsic"", ""weight"": 134}]"
male-cns:v1.0,809912,Ti flexor MN,Ti flexor MN_L,前脚筋群,fl,vnc_motor,L,T1,ProLN,Reviewed,Ti flexor MN,femur-tibia,flexion,anatomical_action_inferred,Azevedo 2024 Appendix A1 p3; A12 pp32-33,data/leg_muscle_actions.csv,前脚筋地図と現型注釈による作用対応。T2/T3は分節間相同を含む。個別生理は未測定。,not_measured,269,2005,"[{""bodyId"": ""852122"", ""type"": null, ""superclass"": ""vnc_intrinsic"", ""weight"": 145}, {""bodyId"": ""13130"", ""type"": ""DNg105"", ""superclass"": ""descending_neuron"", ""weight"": 82}, {""bodyId"": ""800155"", ""type"": ""IN03A004"", ""superclass"": ""vnc_intrinsic"", ""weight"": 80}]"
male-cns:v1.0,809935,Ti extensor MN,Ti extensor MN_R,後脚筋群,hl,vnc_motor,R,T3,MetaLN,Reviewed,Ti extensor MN,femur-tibia,extension,anatomical_action_inferred,Azevedo 2024 Appendix A1 p3; A11 p31,data/leg_muscle_actions.csv,前脚筋地図と現型注釈による作用対応。T2/T3は分節間相同を含む。個別生理は未測定。,not_measured,391,2396,"[{""bodyId"": ""814625"", ""type"": ""IN19A005"", ""superclass"": ""vnc_intrinsic"", ""weight"": 102}, {""bodyId"": ""802750"", ""type"": ""IN13A015"", ""superclass"": ""vnc_intrinsic"", ""weight"": 88}, {""bodyId"": ""10124"", ""type"": ""DNg105"", ""superclass"": ""descending_neuron"", ""weight"": 72}]"
male-cns:v1.0,809985,hi2 MN,hi2 MN_R,平均棍筋群,hm,vnc_motor,R,T3,AbN1,Reviewed,haltere first axillary hi2,,平均棍の直接操舵、感覚帰還を介する翅MN発火位相/動員調整候補,candidate,DIC19;EHR23;MANC,data/nonleg_muscle_evidence.csv,DIC19の標識は複数筋MN。hi2とhiii2の個別機能・MaleCNSの複数候補間対応は未確定。,not_measured,235,1959,"[{""bodyId"": ""806776"", ""type"": ""IN03B079"", ""superclass"": ""vnc_intrinsic"", ""weight"": 187}, {""bodyId"": ""908822"", ""type"": ""IN03B079"", ""superclass"": ""vnc_intrinsic"", ""weight"": 101}, {""bodyId"": ""812766"", ""type"": ""IN03B079"", ""superclass"": ""vnc_intrinsic"", ""weight"": 83}]"
male-cns:v1.0,810069,MNad09,MNad09_L,腹部筋群,ad,vnc_motor,L,A6,AbNT,Reviewed,unassigned,,腹部/尾端注釈のみ。具体的筋/作用未同定,annotation_only,MANC;BANC26,data/nonleg_muscle_evidence.csv,型名/出神経のみから具体的筋や作用を推定しない。,not_measured,212,2043,"[{""bodyId"": ""907942"", ""type"": ""INXXX377"", ""superclass"": ""vnc_intrinsic"", ""weight"": 114}, {""bodyId"": ""807026"", ""type"": ""INXXX377"", ""superclass"": ""vnc_intrinsic"", ""weight"": 99}, {""bodyId"": ""909670"", ""type"": ""INXXX377"", ""superclass"": ""vnc_intrinsic"", ""weight"": 99}]"
male-cns:v1.0,810086,MNad03,MNad03_L,腹部筋群,ad,vnc_motor,L,A4,AbN4,Reviewed,unassigned,,腹部/尾端注釈のみ。具体的筋/作用未同定,annotation_only,MANC;BANC26,data/nonleg_muscle_evidence.csv,型名/出神経のみから具体的筋や作用を推定しない。,not_measured,117,865,"[{""bodyId"": ""800363"", ""type"": ""IN10B011"", ""superclass"": ""vnc_intrinsic"", ""weight"": 79}, {""bodyId"": ""800413"", ""type"": ""IN10B011"", ""superclass"": ""vnc_intrinsic"", ""weight"": 69}, {""bodyId"": ""802632"", ""type"": ""INXXX183"", ""superclass"": ""vnc_intrinsic"", ""weight"": 53}]"
male-cns:v1.0,810098,Ti flexor MN,Ti flexor MN_R,前脚筋群,fl,vnc_motor,R,T1,ProLN,Reviewed,Ti flexor MN,femur-tibia,flexion,anatomical_action_inferred,Azevedo 2024 Appendix A1 p3; A12 pp32-33,data/leg_muscle_actions.csv,前脚筋地図と現型注釈による作用対応。T2/T3は分節間相同を含む。個別生理は未測定。,not_measured,413,2365,"[{""bodyId"": ""800549"", ""type"": ""IN21A004"", ""superclass"": ""vnc_intrinsic"", ""weight"": 128}, {""bodyId"": ""800371"", ""type"": ""IN21A002"", ""superclass"": ""vnc_intrinsic"", ""weight"": 125}, {""bodyId"": ""904854"", ""type"": ""IN13A002"", ""superclass"": ""vnc_intrinsic"", ""weight"": 78}]"
male-cns:v1.0,810241,MNad09,MNad09_R,腹部筋群,ad,vnc_motor,R,A5,AbNT,Reviewed,unassigned,,腹部/尾端注釈のみ。具体的筋/作用未同定,annotation_only,MANC;BANC26,data/nonleg_muscle_evidence.csv,型名/出神経のみから具体的筋や作用を推定しない。,not_measured,200,2005,"[{""bodyId"": ""807026"", ""type"": ""INXXX377"", ""superclass"": ""vnc_intrinsic"", ""weight"": 110}, {""bodyId"": ""907942"", ""type"": ""INXXX377"", ""superclass"": ""vnc_intrinsic"", ""weight"": 106}, {""bodyId"": ""909670"", ""type"": ""INXXX377"", ""superclass"": ""vnc_intrinsic"", ""weight"": 105}]"
male-cns:v1.0,810372,MNad09,MNad09_L,腹部筋群,ad,vnc_motor,L,A5,AbNT,Reviewed,unassigned,,腹部/尾端注釈のみ。具体的筋/作用未同定,annotation_only,MANC;BANC26,data/nonleg_muscle_evidence.csv,型名/出神経のみから具体的筋や作用を推定しない。,not_measured,180,1939,"[{""bodyId"": ""909670"", ""type"": ""INXXX377"", ""superclass"": ""vnc_intrinsic"", ""weight"": 132}, {""bodyId"": ""907942"", ""type"": ""INXXX377"", ""superclass"": ""vnc_intrinsic"", ""weight"": 126}, {""bodyId"": ""814965"", ""type"": ""INXXX377"", ""superclass"": ""vnc_intrinsic"", ""weight"": 98}]"
male-cns:v1.0,810460,hiii2 MN,hiii2 MN_R,平均棍筋群,hm,vnc_motor,R,T3,AbN1,Reviewed,haltere third axillary hiii2,,平均棍の直接操舵、感覚帰還を介する翅MN発火位相/動員調整候補,candidate,DIC19;EHR23;MANC,data/nonleg_muscle_evidence.csv,DIC19の標識は複数筋MN。hi2とhiii2の個別機能・MaleCNSの複数候補間対応は未確定。,not_measured,186,1727,"[{""bodyId"": ""802018"", ""type"": ""IN03B049"", ""superclass"": ""vnc_intrinsic"", ""weight"": 213}, {""bodyId"": ""10550"", ""type"": ""AN02A001"", ""superclass"": ""ascending_neuron"", ""weight"": 155}, {""bodyId"": ""802677"", ""type"": ""IN01A011"", ""superclass"": ""vnc_intrinsic"", ""weight"": 69}]"
male-cns:v1.0,810535,Tergopleural/Pleural promotor MN,Tergopleural/Pleural promotor MN_R,前脚筋群,fl,vnc_motor,R,T1,DProN,Reviewed,Tergopleural/Pleural promotor MN,thorax-coxa,coxa_anterior_movement,anatomical_action_inferred,Azevedo 2024 Appendix A1 p2; A2 pp15-16,data/leg_muscle_actions.csv,前脚筋地図と現型注釈による作用対応。T2/T3は分節間相同を含む。個別生理は未測定。,not_measured,372,1947,"[{""bodyId"": ""803518"", ""type"": ""IN16B034"", ""superclass"": ""vnc_intrinsic"", ""weight"": 203}, {""bodyId"": ""802895"", ""type"": ""IN21A013"", ""superclass"": ""vnc_intrinsic"", ""weight"": 52}, {""bodyId"": ""802270"", ""type"": ""IN16B022"", ""superclass"": ""vnc_intrinsic"", ""weight"": 49}]"
male-cns:v1.0,810541,Ta levator MN,Ta levator MN_L,前脚筋群,fl,vnc_motor,L,T1,ProLN,Reviewed,Ta levator MN,tibia-tarsus,flexion_toward_substrate,anatomical_action_inferred,Azevedo 2024 Appendix A1 p4; A17 pp41-42,data/leg_muscle_actions.csv,前脚筋地図と現型注釈による作用対応。T2/T3は分節間相同を含む。個別生理は未測定。,not_measured,258,1996,"[{""bodyId"": ""903945"", ""type"": ""IN16B032"", ""superclass"": ""vnc_intrinsic"", ""weight"": 94}, {""bodyId"": ""802668"", ""type"": ""IN06B033"", ""superclass"": ""vnc_intrinsic"", ""weight"": 77}, {""bodyId"": ""15653"", ""type"": ""DNge012"", ""superclass"": ""descending_neuron"", ""weight"": 72}]"
male-cns:v1.0,810639,Tr flexor MN,Tr flexor MN_L,前脚筋群,fl,vnc_motor,L,T1,VProN,Reviewed,Tr flexor MN,coxa-trochanter,flexion,anatomical_action_inferred,Azevedo 2024 Appendix A1 p3; A7-A8 pp24-26,data/leg_muscle_actions.csv,前脚筋地図と現型注釈による作用対応。T2/T3は分節間相同を含む。個別生理は未測定。,not_measured,429,2662,"[{""bodyId"": ""800216"", ""type"": ""IN19B012"", ""superclass"": ""vnc_intrinsic"", ""weight"": 181}, {""bodyId"": ""800490"", ""type"": ""IN19A008"", ""superclass"": ""vnc_intrinsic"", ""weight"": 178}, {""bodyId"": ""801822"", ""type"": ""IN21A010"", ""superclass"": ""vnc_intrinsic"", ""weight"": 123}]"
male-cns:v1.0,810720,Acc. tr flexor MN,Acc. tr flexor MN_R,中脚筋群,ml,vnc_motor,R,T2,MesoLN,Reviewed,Acc. tr flexor MN,coxa-trochanter,flexion,anatomical_action_inferred,Azevedo 2024 Appendix A1 p3; A9 pp27-28,data/leg_muscle_actions.csv,前脚筋地図と現型注釈による作用対応。T2/T3は分節間相同を含む。個別生理は未測定。,not_measured,232,1851,"[{""bodyId"": ""800194"", ""type"": ""IN13A010"", ""superclass"": ""vnc_intrinsic"", ""weight"": 192}, {""bodyId"": ""904743"", ""type"": ""IN21A010"", ""superclass"": ""vnc_intrinsic"", ""weight"": 158}, {""bodyId"": ""801296"", ""type"": ""IN16B016"", ""superclass"": ""vnc_intrinsic"", ""weight"": 154}]"
male-cns:v1.0,811137,MNhl87,MNhl87_L,後脚筋群,hl,vnc_motor,L,T3,MetaLN,Reviewed,,unknown,unknown,muscle_unresolved,no_named_muscle_type,data/leg_muscle_actions.csv,前脚筋地図と現型注釈による作用対応。T2/T3は分節間相同を含む。個別生理は未測定。 旧MANC標的とのラベル差あり。legs/legacy_target_differences.csv参照。,not_measured,195,1808,"[{""bodyId"": ""807148"", ""type"": ""IN03B056"", ""superclass"": ""vnc_intrinsic"", ""weight"": 178}, {""bodyId"": ""806303"", ""type"": ""IN03B056"", ""superclass"": ""vnc_intrinsic"", ""weight"": 160}, {""bodyId"": ""906721"", ""type"": ""IN17A060"", ""superclass"": ""vnc_intrinsic"", ""weight"": 122}]"
male-cns:v1.0,811395,MNxm02,MNxm02_R,標的筋不明,xm,vnc_motor,R,T2,DMetaN,Reviewed,possible haltere-associated effector; unassigned,,平均棍候補だが腹部/unknown注釈を保持,candidate_region_only,MANC,data/nonleg_muscle_evidence.csv,出神経と平均棍neuropil形態からの候補。筋支配未同定。腹部出力へも平均棍へも強制分類しない。,not_measured,269,1495,"[{""bodyId"": ""800742"", ""type"": ""IN03A003"", ""superclass"": ""vnc_intrinsic"", ""weight"": 170}, {""bodyId"": ""804386"", ""type"": ""INXXX472"", ""superclass"": ""vnc_intrinsic"", ""weight"": 96}, {""bodyId"": ""803605"", ""type"": ""INXXX472"", ""superclass"": ""vnc_intrinsic"", ""weight"": 93}]"
male-cns:v1.0,811400,MNxm02,MNxm02_L,標的筋不明,xm,vnc_motor,L,T2,DMetaN,Reviewed,possible haltere-associated effector; unassigned,,平均棍候補だが腹部/unknown注釈を保持,candidate_region_only,MANC,data/nonleg_muscle_evidence.csv,出神経と平均棍neuropil形態からの候補。筋支配未同定。腹部出力へも平均棍へも強制分類しない。,not_measured,283,1458,"[{""bodyId"": ""800021"", ""type"": ""IN03A003"", ""superclass"": ""vnc_intrinsic"", ""weight"": 168}, {""bodyId"": ""800742"", ""type"": ""IN03A003"", ""superclass"": ""vnc_intrinsic"", ""weight"": 85}, {""bodyId"": ""803605"", ""type"": ""INXXX472"", ""superclass"": ""vnc_intrinsic"", ""weight"": 78}]"
male-cns:v1.0,811554,MNad07,MNad07_R,腹部筋群,ad,vnc_motor,R,A4,AbN4,Reviewed,unassigned,,腹部/尾端注釈のみ。具体的筋/作用未同定,annotation_only,MANC;BANC26,data/nonleg_muscle_evidence.csv,型名/出神経のみから具体的筋や作用を推定しない。,not_measured,188,1493,"[{""bodyId"": ""1053964972"", ""type"": ""IN10B010"", ""superclass"": ""vnc_intrinsic"", ""weight"": 142}, {""bodyId"": ""907987"", ""type"": ""INXXX244"", ""superclass"": ""vnc_intrinsic"", ""weight"": 84}, {""bodyId"": ""801151"", ""type"": ""IN10B010"", ""superclass"": ""vnc_intrinsic"", ""weight"": 74}]"
male-cns:v1.0,811652,Fe reductor MN,Fe reductor MN_R,前脚筋群,fl,vnc_motor,R,T1,ProLN,Prelim Roughly traced,Fe reductor MN,trochanter-femur,unknown,named_muscle_action_unresolved,Azevedo 2024 Appendix A1 p3; A10 pp29-30,data/leg_muscle_actions.csv,前脚筋地図と現型注釈による作用対応。T2/T3は分節間相同を含む。個別生理は未測定。,not_measured,783,5149,"[{""bodyId"": ""802895"", ""type"": ""IN21A013"", ""superclass"": ""vnc_intrinsic"", ""weight"": 232}, {""bodyId"": ""10499"", ""type"": ""DNge039"", ""superclass"": ""descending_neuron"", ""weight"": 116}, {""bodyId"": ""903285"", ""type"": ""IN03A007"", ""superclass"": ""vnc_intrinsic"", ""weight"": 100}]"
male-cns:v1.0,811952,MNad07,MNad07_L,腹部筋群,ad,vnc_motor,L,A3,AbN4,Reviewed,unassigned,,腹部/尾端注釈のみ。具体的筋/作用未同定,annotation_only,MANC;BANC26,data/nonleg_muscle_evidence.csv,型名/出神経のみから具体的筋や作用を推定しない。,not_measured,253,1696,"[{""bodyId"": ""1053964972"", ""type"": ""IN10B010"", ""superclass"": ""vnc_intrinsic"", ""weight"": 147}, {""bodyId"": ""801151"", ""type"": ""IN10B010"", ""superclass"": ""vnc_intrinsic"", ""weight"": 118}, {""bodyId"": ""816908"", ""type"": ""INXXX244"", ""superclass"": ""vnc_intrinsic"", ""weight"": 84}]"
male-cns:v1.0,811999,MNad09,MNad09_L,腹部筋群,ad,vnc_motor,L,A4,AbNT,Reviewed,unassigned,,腹部/尾端注釈のみ。具体的筋/作用未同定,annotation_only,MANC;BANC26,data/nonleg_muscle_evidence.csv,型名/出神経のみから具体的筋や作用を推定しない。,not_measured,184,1564,"[{""bodyId"": ""814468"", ""type"": ""INXXX245"", ""superclass"": ""vnc_intrinsic"", ""weight"": 85}, {""bodyId"": ""804431"", ""type"": ""INXXX377"", ""superclass"": ""vnc_intrinsic"", ""weight"": 79}, {""bodyId"": ""17210"", ""type"": ""DNpe036"", ""superclass"": ""descending_neuron"", ""weight"": 68}]"
male-cns:v1.0,812111,Fe reductor MN,Fe reductor MN_L,前脚筋群,fl,vnc_motor,L,T1,ProLN,Reviewed,Fe reductor MN,trochanter-femur,unknown,named_muscle_action_unresolved,Azevedo 2024 Appendix A1 p3; A10 pp29-30,data/leg_muscle_actions.csv,前脚筋地図と現型注釈による作用対応。T2/T3は分節間相同を含む。個別生理は未測定。,not_measured,381,1505,"[{""bodyId"": ""802175"", ""type"": ""IN21A013"", ""superclass"": ""vnc_intrinsic"", ""weight"": 102}, {""bodyId"": ""811017"", ""type"": ""IN13A060"", ""superclass"": ""vnc_intrinsic"", ""weight"": 55}, {""bodyId"": ""817761"", ""type"": ""IN08A036"", ""superclass"": ""vnc_intrinsic"", ""weight"": 44}]"
male-cns:v1.0,812186,MNad09,MNad09_R,腹部筋群,ad,vnc_motor,R,A4,AbNT,Reviewed,unassigned,,腹部/尾端注釈のみ。具体的筋/作用未同定,annotation_only,MANC;BANC26,data/nonleg_muscle_evidence.csv,型名/出神経のみから具体的筋や作用を推定しない。,not_measured,188,1543,"[{""bodyId"": ""1050687371"", ""type"": ""INXXX245"", ""superclass"": ""vnc_intrinsic"", ""weight"": 94}, {""bodyId"": ""804431"", ""type"": ""INXXX377"", ""superclass"": ""vnc_intrinsic"", ""weight"": 63}, {""bodyId"": ""17210"", ""type"": ""DNpe036"", ""superclass"": ""descending_neuron"", ""weight"": 53}]"
male-cns:v1.0,812193,MNad55,MNad55_L,腹部筋群,ad,vnc_motor,L,A9,AbNT,Reviewed,unassigned,,腹部/尾端注釈のみ。具体的筋/作用未同定,annotation_only,MANC;BANC26,data/nonleg_muscle_evidence.csv,型名/出神経のみから具体的筋や作用を推定しない。,not_measured,377,2877,"[{""bodyId"": ""801242"", ""type"": ""INXXX167"", ""superclass"": ""vnc_intrinsic"", ""weight"": 112}, {""bodyId"": ""902304"", ""type"": ""INXXX167"", ""superclass"": ""vnc_intrinsic"", ""weight"": 112}, {""bodyId"": ""800130"", ""type"": ""INXXX077"", ""superclass"": ""vnc_intrinsic"", ""weight"": 106}]"
male-cns:v1.0,812354,MNad43,MNad43_R,腹部筋群,ad,vnc_motor,R,A1,AbN3,Prelim Roughly traced,unassigned,,腹部/尾端注釈のみ。具体的筋/作用未同定,annotation_only,MANC;BANC26,data/nonleg_muscle_evidence.csv,型名/出神経のみから具体的筋や作用を推定しない。,not_measured,198,1455,"[{""bodyId"": ""802242"", ""type"": ""INXXX287"", ""superclass"": ""vnc_intrinsic"", ""weight"": 216}, {""bodyId"": ""804793"", ""type"": ""IN06A063"", ""superclass"": ""vnc_intrinsic"", ""weight"": 116}, {""bodyId"": ""803924"", ""type"": ""IN12A048"", ""superclass"": ""vnc_intrinsic"", ""weight"": 83}]"
male-cns:v1.0,812385,MNad07,MNad07_R,腹部筋群,ad,vnc_motor,R,A3,AbN4,Reviewed,unassigned,,腹部/尾端注釈のみ。具体的筋/作用未同定,annotation_only,MANC;BANC26,data/nonleg_muscle_evidence.csv,型名/出神経のみから具体的筋や作用を推定しない。,not_measured,221,1573,"[{""bodyId"": ""1053964972"", ""type"": ""IN10B010"", ""superclass"": ""vnc_intrinsic"", ""weight"": 142}, {""bodyId"": ""801151"", ""type"": ""IN10B010"", ""superclass"": ""vnc_intrinsic"", ""weight"": 100}, {""bodyId"": ""907987"", ""type"": ""INXXX244"", ""superclass"": ""vnc_intrinsic"", ""weight"": 81}]"
male-cns:v1.0,812503,MNad49,MNad49_L,腹部筋群,ad,vnc_motor,L,A9,AbNT,Reviewed,unassigned,,腹部/尾端注釈のみ。具体的筋/作用未同定,annotation_only,MANC;BANC26,data/nonleg_muscle_evidence.csv,型名/出神経のみから具体的筋や作用を推定しない。,not_measured,124,1455,"[{""bodyId"": ""801242"", ""type"": ""INXXX167"", ""superclass"": ""vnc_intrinsic"", ""weight"": 174}, {""bodyId"": ""902304"", ""type"": ""INXXX167"", ""superclass"": ""vnc_intrinsic"", ""weight"": 144}, {""bodyId"": ""801346"", ""type"": ""INXXX328"", ""superclass"": ""vnc_intrinsic"", ""weight"": 114}]"
male-cns:v1.0,812531,Acc. ti flexor MN,Acc. ti flexor MN_R,中脚筋群,ml,vnc_motor,R,T2,MesoLN,Reviewed,Acc. ti flexor MN,femur-tibia,flexion,anatomical_action_inferred,Azevedo 2024 Appendix A1 pp3-4; A13-A14 pp34-37,data/leg_muscle_actions.csv,前脚筋地図と現型注釈による作用対応。T2/T3は分節間相同を含む。個別生理は未測定。,not_measured,265,1632,"[{""bodyId"": ""800857"", ""type"": ""IN21A002"", ""superclass"": ""vnc_intrinsic"", ""weight"": 92}, {""bodyId"": ""804875"", ""type"": ""IN01A030"", ""superclass"": ""vnc_intrinsic"", ""weight"": 68}, {""bodyId"": ""910508"", ""type"": ""IN09A021"", ""superclass"": ""vnc_intrinsic"", ""weight"": 66}]"
male-cns:v1.0,812718,MNad07,MNad07_L,腹部筋群,ad,vnc_motor,L,A5,AbN4,Reviewed,unassigned,,腹部/尾端注釈のみ。具体的筋/作用未同定,annotation_only,MANC;BANC26,data/nonleg_muscle_evidence.csv,型名/出神経のみから具体的筋や作用を推定しない。,not_measured,215,1581,"[{""bodyId"": ""1053964972"", ""type"": ""IN10B010"", ""superclass"": ""vnc_intrinsic"", ""weight"": 125}, {""bodyId"": ""801151"", ""type"": ""IN10B010"", ""superclass"": ""vnc_intrinsic"", ""weight"": 80}, {""bodyId"": ""805268"", ""type"": ""INXXX386"", ""superclass"": ""vnc_intrinsic"", ""weight"": 66}]"
male-cns:v1.0,812752,MNxm03,MNxm03_R,標的筋不明,xm,vnc_motor,R,T2,DMetaN,Reviewed,possible haltere-associated effector; unassigned,,平均棍候補だが腹部/unknown注釈を保持,candidate_region_only,MANC,data/nonleg_muscle_evidence.csv,出神経と平均棍neuropil形態からの候補。筋支配未同定。腹部出力へも平均棍へも強制分類しない。,not_measured,192,1342,"[{""bodyId"": ""803889"", ""type"": ""INXXX261"", ""superclass"": ""vnc_intrinsic"", ""weight"": 220}, {""bodyId"": ""804761"", ""type"": ""INXXX249"", ""superclass"": ""vnc_intrinsic"", ""weight"": 182}, {""bodyId"": ""803452"", ""type"": ""INXXX249"", ""superclass"": ""vnc_intrinsic"", ""weight"": 145}]"
male-cns:v1.0,812872,ltm MN,ltm MN_R,中脚筋群,ml,vnc_motor,R,T2,MesoLN,Reviewed,ltm MN,long_tendon,long_tendon_pull_muscle1_or2_unresolved,anatomical_action_inferred,Azevedo 2024 Appendix A1 p4; A15-A16 pp38-40,data/leg_muscle_actions.csv,前脚筋地図と現型注釈による作用対応。T2/T3は分節間相同を含む。個別生理は未測定。,not_measured,212,1431,"[{""bodyId"": ""801097"", ""type"": ""IN21A003"", ""superclass"": ""vnc_intrinsic"", ""weight"": 131}, {""bodyId"": ""800896"", ""type"": ""IN09A002"", ""superclass"": ""vnc_intrinsic"", ""weight"": 98}, {""bodyId"": ""801584"", ""type"": ""IN21A008"", ""superclass"": ""vnc_intrinsic"", ""weight"": 86}]"
male-cns:v1.0,812899,MNhl87,MNhl87_R,後脚筋群,hl,vnc_motor,R,T3,MetaLN,Reviewed,,unknown,unknown,muscle_unresolved,no_named_muscle_type,data/leg_muscle_actions.csv,前脚筋地図と現型注釈による作用対応。T2/T3は分節間相同を含む。個別生理は未測定。 旧MANC標的とのラベル差あり。legs/legacy_target_differences.csv参照。,not_measured,188,1412,"[{""bodyId"": ""807777"", ""type"": ""IN03B056"", ""superclass"": ""vnc_intrinsic"", ""weight"": 121}, {""bodyId"": ""807963"", ""type"": ""IN03B056"", ""superclass"": ""vnc_intrinsic"", ""weight"": 108}, {""bodyId"": ""803703"", ""type"": ""IN17A060"", ""superclass"": ""vnc_intrinsic"", ""weight"": 61}]"
male-cns:v1.0,812953,Ti extensor MN,Ti extensor MN_L,後脚筋群,hl,vnc_motor,L,T3,MetaLN,Reviewed,Ti extensor MN,femur-tibia,extension,anatomical_action_inferred,Azevedo 2024 Appendix A1 p3; A11 p31,data/leg_muscle_actions.csv,前脚筋地図と現型注釈による作用対応。T2/T3は分節間相同を含む。個別生理は未測定。,not_measured,300,1474,"[{""bodyId"": ""800699"", ""type"": ""IN08A005"", ""superclass"": ""vnc_intrinsic"", ""weight"": 75}, {""bodyId"": ""802706"", ""type"": ""IN13A015"", ""superclass"": ""vnc_intrinsic"", ""weight"": 73}, {""bodyId"": ""800430"", ""type"": ""IN19A005"", ""superclass"": ""vnc_intrinsic"", ""weight"": 54}]"
male-cns:v1.0,812988,MNxm03,MNxm03_L,標的筋不明,xm,vnc_motor,L,T2,DMetaN,Reviewed,possible haltere-associated effector; unassigned,,平均棍候補だが腹部/unknown注釈を保持,candidate_region_only,MANC,data/nonleg_muscle_evidence.csv,出神経と平均棍neuropil形態からの候補。筋支配未同定。腹部出力へも平均棍へも強制分類しない。,not_measured,198,1348,"[{""bodyId"": ""803889"", ""type"": ""INXXX261"", ""superclass"": ""vnc_intrinsic"", ""weight"": 210}, {""bodyId"": ""804761"", ""type"": ""INXXX249"", ""superclass"": ""vnc_intrinsic"", ""weight"": 170}, {""bodyId"": ""803452"", ""type"": ""INXXX249"", ""superclass"": ""vnc_intrinsic"", ""weight"": 145}]"
male-cns:v1.0,813291,MNad25,MNad25_R,腹部筋群,ad,vnc_motor,R,A2,AbN3,Reviewed,unassigned,,腹部/尾端注釈のみ。具体的筋/作用未同定,annotation_only,MANC;BANC26,data/nonleg_muscle_evidence.csv,型名/出神経のみから具体的筋や作用を推定しない。,not_measured,148,1378,"[{""bodyId"": ""803389"", ""type"": ""INXXX261"", ""superclass"": ""vnc_intrinsic"", ""weight"": 105}, {""bodyId"": ""803252"", ""type"": ""INXXX261"", ""superclass"": ""vnc_intrinsic"", ""weight"": 88}, {""bodyId"": ""800602"", ""type"": ""INXXX183"", ""superclass"": ""vnc_intrinsic"", ""weight"": 63}]"
male-cns:v1.0,813480,Sternal adductor MN,Sternal adductor MN_L,前脚筋群,fl,vnc_motor,L,T1,ProAN,Reviewed,Sternal adductor MN,thorax-coxa,coxa_medial_movement,anatomical_action_inferred,Azevedo 2024 Appendix A1 p3; A3 p17,data/leg_muscle_actions.csv,前脚筋地図と現型注釈による作用対応。T2/T3は分節間相同を含む。個別生理は未測定。,not_measured,354,1383,"[{""bodyId"": ""800685"", ""type"": ""IN09A002"", ""superclass"": ""vnc_intrinsic"", ""weight"": 57}, {""bodyId"": ""902480"", ""type"": ""IN20A.22A008"", ""superclass"": ""vnc_intrinsic"", ""weight"": 44}, {""bodyId"": ""903366"", ""type"": ""IN16B016"", ""superclass"": ""vnc_intrinsic"", ""weight"": 39}]"
male-cns:v1.0,813566,Fe reductor MN,Fe reductor MN_R,前脚筋群,fl,vnc_motor,R,T1,ProLN,Reviewed,Fe reductor MN,trochanter-femur,unknown,named_muscle_action_unresolved,Azevedo 2024 Appendix A1 p3; A10 pp29-30,data/leg_muscle_actions.csv,前脚筋地図と現型注釈による作用対応。T2/T3は分節間相同を含む。個別生理は未測定。,not_measured,269,1263,"[{""bodyId"": ""802895"", ""type"": ""IN21A013"", ""superclass"": ""vnc_intrinsic"", ""weight"": 117}, {""bodyId"": ""908602"", ""type"": ""IN08A036"", ""superclass"": ""vnc_intrinsic"", ""weight"": 54}, {""bodyId"": ""818561"", ""type"": ""IN13A060"", ""superclass"": ""vnc_intrinsic"", ""weight"": 45}]"
male-cns:v1.0,813603,ltm MN,ltm MN_L,中脚筋群,ml,vnc_motor,L,T2,MesoLN,Reviewed,ltm MN,long_tendon,long_tendon_pull_muscle1_or2_unresolved,anatomical_action_inferred,Azevedo 2024 Appendix A1 p4; A15-A16 pp38-40,data/leg_muscle_actions.csv,前脚筋地図と現型注釈による作用対応。T2/T3は分節間相同を含む。個別生理は未測定。 旧MANC標的とのラベル差あり。legs/legacy_target_differences.csv参照。,not_measured,280,1270,"[{""bodyId"": ""808020"", ""type"": ""IN03A071"", ""superclass"": ""vnc_intrinsic"", ""weight"": 65}, {""bodyId"": ""800276"", ""type"": ""IN14A002"", ""superclass"": ""vnc_intrinsic"", ""weight"": 62}, {""bodyId"": ""801791"", ""type"": ""IN14A009"", ""superclass"": ""vnc_intrinsic"", ""weight"": 45}]"
male-cns:v1.0,813629,Acc. ti flexor MN,Acc. ti flexor MN_R,後脚筋群,hl,vnc_motor,R,T3,MetaLN,Reviewed,Acc. ti flexor MN,femur-tibia,flexion,anatomical_action_inferred,Azevedo 2024 Appendix A1 pp3-4; A13-A14 pp34-37,data/leg_muscle_actions.csv,前脚筋地図と現型注釈による作用対応。T2/T3は分節間相同を含む。個別生理は未測定。,not_measured,295,1571,"[{""bodyId"": ""800976"", ""type"": ""IN21A002"", ""superclass"": ""vnc_intrinsic"", ""weight"": 89}, {""bodyId"": ""801565"", ""type"": ""IN21A006"", ""superclass"": ""vnc_intrinsic"", ""weight"": 81}, {""bodyId"": ""800638"", ""type"": ""IN19A015"", ""superclass"": ""vnc_intrinsic"", ""weight"": 71}]"
male-cns:v1.0,813633,MNad21,MNad21_R,腹部筋群,ad,vnc_motor,R,A2,AbN3,Reviewed,unassigned,,腹部/尾端注釈のみ。具体的筋/作用未同定,annotation_only,MANC;BANC26,data/nonleg_muscle_evidence.csv,型名/出神経のみから具体的筋や作用を推定しない。,not_measured,179,1353,"[{""bodyId"": ""14029"", ""type"": ""DNp65"", ""superclass"": ""descending_neuron"", ""weight"": 155}, {""bodyId"": ""17367"", ""type"": ""DNp65"", ""superclass"": ""descending_neuron"", ""weight"": 128}, {""bodyId"": ""28653"", ""type"": ""ANXXX136"", ""superclass"": ""ascending_neuron"", ""weight"": 82}]"
male-cns:v1.0,813696,ADNM2 MN,ADNM2 MN_R,頸筋群,nm,vnc_motor,R,T1,CvN,Reviewed,TH2 candidate via CvNA2,,頸部作用候補。Gorko CvNA1/2はVNC由来で横走水平筋を支配,cross_nomenclature_unverified,GOR24,data/nonleg_muscle_evidence.csv,ADNMとCvNAの直接同義対応を今回は未検証。筋を確定欄に転記しない。,not_measured,220,2285,"[{""bodyId"": ""12787"", ""type"": ""DNge033"", ""superclass"": ""descending_neuron"", ""weight"": 167}, {""bodyId"": ""11424"", ""type"": ""DNge026"", ""superclass"": ""descending_neuron"", ""weight"": 160}, {""bodyId"": ""12818"", ""type"": ""DNge002"", ""superclass"": ""descending_neuron"", ""weight"": 133}]"
male-cns:v1.0,813755,Tergotr. MN,Tergotr. MN_L,中脚筋群,ml,vnc_motor,L,T2,MesoLN,Reviewed,Tergotr. MN,coxa-trochanter,extension,anatomical_action_inferred,Azevedo 2024 Appendix A1 p3; A5 pp20-21,data/leg_muscle_actions.csv,前脚筋地図と現型注釈による作用対応。T2/T3は分節間相同を含む。個別生理は未測定。,not_measured,656,6048,"[{""bodyId"": ""802988"", ""type"": ""IN13B018"", ""superclass"": ""vnc_intrinsic"", ""weight"": 175}, {""bodyId"": ""800756"", ""type"": ""IN20A.22A001"", ""superclass"": ""vnc_intrinsic"", ""weight"": 164}, {""bodyId"": ""801146"", ""type"": ""IN20A.22A001"", ""superclass"": ""vnc_intrinsic"", ""weight"": 159}]"
male-cns:v1.0,814106,"MNad04,MNad48","MNad04,MNad48_R",腹部筋群,ad,vnc_motor,R,A10,AbNT,Reviewed,unassigned,,腹部/尾端注釈のみ。具体的筋/作用未同定,annotation_only,MANC;BANC26,data/nonleg_muscle_evidence.csv,型名/出神経のみから具体的筋や作用を推定しない。,not_measured,104,1262,"[{""bodyId"": ""800413"", ""type"": ""IN10B011"", ""superclass"": ""vnc_intrinsic"", ""weight"": 180}, {""bodyId"": ""800363"", ""type"": ""IN10B011"", ""superclass"": ""vnc_intrinsic"", ""weight"": 168}, {""bodyId"": ""902304"", ""type"": ""INXXX167"", ""superclass"": ""vnc_intrinsic"", ""weight"": 113}]"
male-cns:v1.0,814163,Fe reductor MN,Fe reductor MN_L,前脚筋群,fl,vnc_motor,L,T1,ProLN,Reviewed,Fe reductor MN,trochanter-femur,unknown,named_muscle_action_unresolved,Azevedo 2024 Appendix A1 p3; A10 pp29-30,data/leg_muscle_actions.csv,前脚筋地図と現型注釈による作用対応。T2/T3は分節間相同を含む。個別生理は未測定。,not_measured,363,1317,"[{""bodyId"": ""817761"", ""type"": ""IN08A036"", ""superclass"": ""vnc_intrinsic"", ""weight"": 40}, {""bodyId"": ""912337"", ""type"": ""IN13A060"", ""superclass"": ""vnc_intrinsic"", ""weight"": 39}, {""bodyId"": ""802175"", ""type"": ""IN21A013"", ""superclass"": ""vnc_intrinsic"", ""weight"": 37}]"
male-cns:v1.0,814206,MNad06,MNad06_L,腹部筋群,ad,vnc_motor,L,A4,AbN4,Reviewed,unassigned,,腹部/尾端注釈のみ。具体的筋/作用未同定,annotation_only,MANC;BANC26,data/nonleg_muscle_evidence.csv,型名/出神経のみから具体的筋や作用を推定しない。,not_measured,397,3432,"[{""bodyId"": ""805382"", ""type"": ""INXXX315"", ""superclass"": ""vnc_intrinsic"", ""weight"": 128}, {""bodyId"": ""805230"", ""type"": ""INXXX315"", ""superclass"": ""vnc_intrinsic"", ""weight"": 127}, {""bodyId"": ""806238"", ""type"": ""INXXX332"", ""superclass"": ""vnc_intrinsic"", ""weight"": 109}]"
male-cns:v1.0,814430,MNad03,MNad03_L,腹部筋群,ad,vnc_motor,L,A5,AbN4,Reviewed,unassigned,,腹部/尾端注釈のみ。具体的筋/作用未同定,annotation_only,MANC;BANC26,data/nonleg_muscle_evidence.csv,型名/出神経のみから具体的筋や作用を推定しない。,not_measured,134,1153,"[{""bodyId"": ""800363"", ""type"": ""IN10B011"", ""superclass"": ""vnc_intrinsic"", ""weight"": 122}, {""bodyId"": ""800413"", ""type"": ""IN10B011"", ""superclass"": ""vnc_intrinsic"", ""weight"": 109}, {""bodyId"": ""802632"", ""type"": ""INXXX183"", ""superclass"": ""vnc_intrinsic"", ""weight"": 84}]"
male-cns:v1.0,814489,Tr flexor MN,Tr flexor MN_L,前脚筋群,fl,vnc_motor,L,T1,ProAN,Reviewed,Tr flexor MN,coxa-trochanter,flexion,anatomical_action_inferred,Azevedo 2024 Appendix A1 p3; A7-A8 pp24-26,data/leg_muscle_actions.csv,前脚筋地図と現型注釈による作用対応。T2/T3は分節間相同を含む。個別生理は未測定。,not_measured,296,1387,"[{""bodyId"": ""800216"", ""type"": ""IN19B012"", ""superclass"": ""vnc_intrinsic"", ""weight"": 71}, {""bodyId"": ""802106"", ""type"": ""IN21A015"", ""superclass"": ""vnc_intrinsic"", ""weight"": 71}, {""bodyId"": ""809385"", ""type"": ""IN13A010"", ""superclass"": ""vnc_intrinsic"", ""weight"": 52}]"
male-cns:v1.0,814942,Tr extensor MN,Tr extensor MN_R,中脚筋群,ml,vnc_motor,R,T2,MesoLN,Reviewed,Tr extensor MN,coxa-trochanter,extension,anatomical_action_inferred,Azevedo 2024 Appendix A1 p3; A6 pp22-23,data/leg_muscle_actions.csv,前脚筋地図と現型注釈による作用対応。T2/T3は分節間相同を含む。個別生理は未測定。,not_measured,218,1006,"[{""bodyId"": ""801296"", ""type"": ""IN16B016"", ""superclass"": ""vnc_intrinsic"", ""weight"": 74}, {""bodyId"": ""800106"", ""type"": ""IN16B020"", ""superclass"": ""vnc_intrinsic"", ""weight"": 46}, {""bodyId"": ""801421"", ""type"": ""IN03A001"", ""superclass"": ""vnc_intrinsic"", ""weight"": 39}]"
male-cns:v1.0,814983,MNml78,MNml78_R,中脚筋群,ml,vnc_motor,R,T2,MesoLN,Reviewed,,unknown,unknown,muscle_unresolved,no_named_muscle_type,data/leg_muscle_actions.csv,前脚筋地図と現型注釈による作用対応。T2/T3は分節間相同を含む。個別生理は未測定。 旧MANC標的とのラベル差あり。legs/legacy_target_differences.csv参照。,not_measured,270,1081,"[{""bodyId"": ""801794"", ""type"": ""IN13B012"", ""superclass"": ""vnc_intrinsic"", ""weight"": 57}, {""bodyId"": ""800896"", ""type"": ""IN09A002"", ""superclass"": ""vnc_intrinsic"", ""weight"": 49}, {""bodyId"": ""905262"", ""type"": ""IN19A030"", ""superclass"": ""vnc_intrinsic"", ""weight"": 40}]"
male-cns:v1.0,814989,MNad03,MNad03_R,腹部筋群,ad,vnc_motor,R,A3,AbN4,Reviewed,unassigned,,腹部/尾端注釈のみ。具体的筋/作用未同定,annotation_only,MANC;BANC26,data/nonleg_muscle_evidence.csv,型名/出神経のみから具体的筋や作用を推定しない。,not_measured,134,1125,"[{""bodyId"": ""800413"", ""type"": ""IN10B011"", ""superclass"": ""vnc_intrinsic"", ""weight"": 97}, {""bodyId"": ""800363"", ""type"": ""IN10B011"", ""superclass"": ""vnc_intrinsic"", ""weight"": 75}, {""bodyId"": ""802632"", ""type"": ""INXXX183"", ""superclass"": ""vnc_intrinsic"", ""weight"": 73}]"
male-cns:v1.0,815075,MNad17,MNad17_L,腹部筋群,ad,vnc_motor,L,A8,AbNT,Reviewed,unassigned,,腹部/尾端注釈のみ。具体的筋/作用未同定,annotation_only,MANC;BANC26,data/nonleg_muscle_evidence.csv,型名/出神経のみから具体的筋や作用を推定しない。,not_measured,145,1166,"[{""bodyId"": ""803352"", ""type"": ""INXXX239"", ""superclass"": ""vnc_intrinsic"", ""weight"": 98}, {""bodyId"": ""801586"", ""type"": ""INXXX239"", ""superclass"": ""vnc_intrinsic"", ""weight"": 88}, {""bodyId"": ""803118"", ""type"": ""INXXX329"", ""superclass"": ""vnc_intrinsic"", ""weight"": 78}]"
male-cns:v1.0,815097,ltm MN,ltm MN_R,後脚筋群,hl,vnc_motor,R,T3,MetaLN,Reviewed,ltm MN,long_tendon,long_tendon_pull_muscle1_or2_unresolved,anatomical_action_inferred,Azevedo 2024 Appendix A1 p4; A15-A16 pp38-40,data/leg_muscle_actions.csv,前脚筋地図と現型注釈による作用対応。T2/T3は分節間相同を含む。個別生理は未測定。,not_measured,143,602,"[{""bodyId"": ""800716"", ""type"": ""IN09A002"", ""superclass"": ""vnc_intrinsic"", ""weight"": 31}, {""bodyId"": ""808919"", ""type"": ""IN20A.22A027"", ""superclass"": ""vnc_intrinsic"", ""weight"": 29}, {""bodyId"": ""806578"", ""type"": ""IN20A.22A023"", ""superclass"": ""vnc_intrinsic"", ""weight"": 23}]"
male-cns:v1.0,815205,MNad03,MNad03_L,腹部筋群,ad,vnc_motor,L,A3,AbN4,Reviewed,unassigned,,腹部/尾端注釈のみ。具体的筋/作用未同定,annotation_only,MANC;BANC26,data/nonleg_muscle_evidence.csv,型名/出神経のみから具体的筋や作用を推定しない。,not_measured,138,1086,"[{""bodyId"": ""800363"", ""type"": ""IN10B011"", ""superclass"": ""vnc_intrinsic"", ""weight"": 109}, {""bodyId"": ""800413"", ""type"": ""IN10B011"", ""superclass"": ""vnc_intrinsic"", ""weight"": 87}, {""bodyId"": ""800602"", ""type"": ""INXXX183"", ""superclass"": ""vnc_intrinsic"", ""weight"": 55}]"
male-cns:v1.0,815209,MNad29,MNad29_R,腹部筋群,ad,vnc_motor,R,T3,AbN1,Reviewed,possible haltere-associated effector; unassigned,,平均棍候補だが腹部/unknown注釈を保持,candidate_region_only,MANC,data/nonleg_muscle_evidence.csv,出神経と平均棍neuropil形態からの候補。筋支配未同定。腹部出力へも平均棍へも強制分類しない。,not_measured,141,1008,"[{""bodyId"": ""802959"", ""type"": ""IN19A036"", ""superclass"": ""vnc_intrinsic"", ""weight"": 74}, {""bodyId"": ""803213"", ""type"": ""IN06A025"", ""superclass"": ""vnc_intrinsic"", ""weight"": 74}, {""bodyId"": ""800938"", ""type"": ""IN10B016"", ""superclass"": ""vnc_intrinsic"", ""weight"": 72}]"
male-cns:v1.0,815246,Acc. ti flexor MN,Acc. ti flexor MN_L,前脚筋群,fl,vnc_motor,L,T1,ProLN,Reviewed,Acc. ti flexor MN,femur-tibia,flexion,anatomical_action_inferred,Azevedo 2024 Appendix A1 pp3-4; A13-A14 pp34-37,data/leg_muscle_actions.csv,前脚筋地図と現型注釈による作用対応。T2/T3は分節間相同を含む。個別生理は未測定。,not_measured,263,1025,"[{""bodyId"": ""801017"", ""type"": ""IN21A002"", ""superclass"": ""vnc_intrinsic"", ""weight"": 50}, {""bodyId"": ""852122"", ""type"": null, ""superclass"": ""vnc_intrinsic"", ""weight"": 41}, {""bodyId"": ""803039"", ""type"": ""INXXX471"", ""superclass"": ""vnc_intrinsic"", ""weight"": 33}]"
male-cns:v1.0,815281,MNad03,MNad03_R,腹部筋群,ad,vnc_motor,R,A5,AbN4,Reviewed,unassigned,,腹部/尾端注釈のみ。具体的筋/作用未同定,annotation_only,MANC;BANC26,data/nonleg_muscle_evidence.csv,型名/出神経のみから具体的筋や作用を推定しない。,not_measured,113,1094,"[{""bodyId"": ""800413"", ""type"": ""IN10B011"", ""superclass"": ""vnc_intrinsic"", ""weight"": 117}, {""bodyId"": ""800363"", ""type"": ""IN10B011"", ""superclass"": ""vnc_intrinsic"", ""weight"": 106}, {""bodyId"": ""802632"", ""type"": ""INXXX183"", ""superclass"": ""vnc_intrinsic"", ""weight"": 79}]"
male-cns:v1.0,815344,Ti extensor MN,Ti extensor MN_L,前脚筋群,fl,vnc_motor,L,T1,ProLN,Reviewed,Ti extensor MN,femur-tibia,extension,anatomical_action_inferred,Azevedo 2024 Appendix A1 p3; A11 p31,data/leg_muscle_actions.csv,前脚筋地図と現型注釈による作用対応。T2/T3は分節間相同を含む。個別生理は未測定。,not_measured,1162,11065,"[{""bodyId"": ""800527"", ""type"": ""IN19A005"", ""superclass"": ""vnc_intrinsic"", ""weight"": 550}, {""bodyId"": ""931203"", ""type"": ""IN08A007"", ""superclass"": ""vnc_intrinsic"", ""weight"": 286}, {""bodyId"": ""904707"", ""type"": ""IN13A006"", ""superclass"": ""vnc_intrinsic"", ""weight"": 234}]"
male-cns:v1.0,815498,ltm2-femur MN,ltm2-femur MN_L,後脚筋群,hl,vnc_motor,L,T3,MetaLN,Reviewed,ltm2-femur MN,long_tendon,long_tendon_pull_femur_muscle,anatomical_action_inferred,Azevedo 2024 Appendix A1 p4; A15-A16 pp38-40,data/leg_muscle_actions.csv,前脚筋地図と現型注釈による作用対応。T2/T3は分節間相同を含む。個別生理は未測定。,not_measured,261,1256,"[{""bodyId"": ""801195"", ""type"": ""IN21A020"", ""superclass"": ""vnc_intrinsic"", ""weight"": 62}, {""bodyId"": ""801378"", ""type"": ""IN13B011"", ""superclass"": ""vnc_intrinsic"", ""weight"": 56}, {""bodyId"": ""10717"", ""type"": ""DNg93"", ""superclass"": ""descending_neuron"", ""weight"": 49}]"
male-cns:v1.0,815678,Ti extensor MN,Ti extensor MN_R,前脚筋群,fl,vnc_motor,R,T1,ProLN,Reviewed,Ti extensor MN,femur-tibia,extension,anatomical_action_inferred,Azevedo 2024 Appendix A1 p3; A11 p31,data/leg_muscle_actions.csv,前脚筋地図と現型注釈による作用対応。T2/T3は分節間相同を含む。個別生理は未測定。 旧MANC標的とのラベル差あり。legs/legacy_target_differences.csv参照。,not_measured,493,4013,"[{""bodyId"": ""800501"", ""type"": ""IN19A005"", ""superclass"": ""vnc_intrinsic"", ""weight"": 228}, {""bodyId"": ""801650"", ""type"": ""IN08A007"", ""superclass"": ""vnc_intrinsic"", ""weight"": 198}, {""bodyId"": ""802990"", ""type"": ""IN13A014"", ""superclass"": ""vnc_intrinsic"", ""weight"": 138}]"
male-cns:v1.0,815682,MNad29,MNad29_L,腹部筋群,ad,vnc_motor,L,T3,AbN1,Reviewed,possible haltere-associated effector; unassigned,,平均棍候補だが腹部/unknown注釈を保持,candidate_region_only,MANC,data/nonleg_muscle_evidence.csv,出神経と平均棍neuropil形態からの候補。筋支配未同定。腹部出力へも平均棍へも強制分類しない。,not_measured,161,958,"[{""bodyId"": ""803193"", ""type"": ""IN10B023"", ""superclass"": ""vnc_intrinsic"", ""weight"": 86}, {""bodyId"": ""802381"", ""type"": ""INXXX332"", ""superclass"": ""vnc_intrinsic"", ""weight"": 71}, {""bodyId"": ""803406"", ""type"": ""IN06A025"", ""superclass"": ""vnc_intrinsic"", ""weight"": 70}]"
male-cns:v1.0,815854,Sternal adductor MN,Sternal adductor MN_R,前脚筋群,fl,vnc_motor,R,T1,ProAN,Reviewed,Sternal adductor MN,thorax-coxa,coxa_medial_movement,anatomical_action_inferred,Azevedo 2024 Appendix A1 p3; A3 p17,data/leg_muscle_actions.csv,前脚筋地図と現型注釈による作用対応。T2/T3は分節間相同を含む。個別生理は未測定。,not_measured,292,976,"[{""bodyId"": ""800347"", ""type"": ""IN21A001"", ""superclass"": ""vnc_intrinsic"", ""weight"": 30}, {""bodyId"": ""801382"", ""type"": ""IN09A002"", ""superclass"": ""vnc_intrinsic"", ""weight"": 29}, {""bodyId"": ""801437"", ""type"": ""IN08A006"", ""superclass"": ""vnc_intrinsic"", ""weight"": 24}]"
male-cns:v1.0,815958,Acc. tr flexor MN,Acc. tr flexor MN_R,後脚筋群,hl,vnc_motor,R,T3,MetaLN,Reviewed,Acc. tr flexor MN,coxa-trochanter,flexion,anatomical_action_inferred,Azevedo 2024 Appendix A1 p3; A9 pp27-28,data/leg_muscle_actions.csv,前脚筋地図と現型注釈による作用対応。T2/T3は分節間相同を含む。個別生理は未測定。,not_measured,118,316,"[{""bodyId"": ""902520"", ""type"": ""INXXX464"", ""superclass"": ""vnc_intrinsic"", ""weight"": 16}, {""bodyId"": ""801002"", ""type"": ""IN21A010"", ""superclass"": ""vnc_intrinsic"", ""weight"": 15}, {""bodyId"": ""524225"", ""type"": ""DNg14"", ""superclass"": ""descending_neuron"", ""weight"": 11}]"
male-cns:v1.0,816018,Sternal adductor MN,Sternal adductor MN_L,中脚筋群,ml,vnc_motor,L,T2,MesoLN,Reviewed,Sternal adductor MN,thorax-coxa,coxa_medial_movement,anatomical_action_inferred,Azevedo 2024 Appendix A1 p3; A3 p17,data/leg_muscle_actions.csv,前脚筋地図と現型注釈による作用対応。T2/T3は分節間相同を含む。個別生理は未測定。 旧MANC標的とのラベル差あり。legs/legacy_target_differences.csv参照。,not_measured,225,935,"[{""bodyId"": ""800816"", ""type"": ""IN21A010"", ""superclass"": ""vnc_intrinsic"", ""weight"": 60}, {""bodyId"": ""801495"", ""type"": ""IN21A015"", ""superclass"": ""vnc_intrinsic"", ""weight"": 50}, {""bodyId"": ""902667"", ""type"": ""IN16B016"", ""superclass"": ""vnc_intrinsic"", ""weight"": 48}]"
male-cns:v1.0,816022,MNhl29,MNhl29_R,後脚筋群,hl,vnc_motor,R,T3,MetaLN,Reviewed,,unknown,unknown,muscle_unresolved,no_named_muscle_type,data/leg_muscle_actions.csv,前脚筋地図と現型注釈による作用対応。T2/T3は分節間相同を含む。個別生理は未測定。 旧MANC標的とのラベル差あり。legs/legacy_target_differences.csv参照。,not_measured,310,1398,"[{""bodyId"": ""800716"", ""type"": ""IN09A002"", ""superclass"": ""vnc_intrinsic"", ""weight"": 76}, {""bodyId"": ""905618"", ""type"": ""IN21A021"", ""superclass"": ""vnc_intrinsic"", ""weight"": 72}, {""bodyId"": ""800345"", ""type"": ""IN16B016"", ""superclass"": ""vnc_intrinsic"", ""weight"": 48}]"
male-cns:v1.0,816215,Acc. ti flexor MN,Acc. ti flexor MN_L,前脚筋群,fl,vnc_motor,L,T1,ProLN,Reviewed,Acc. ti flexor MN,femur-tibia,flexion,anatomical_action_inferred,Azevedo 2024 Appendix A1 pp3-4; A13-A14 pp34-37,data/leg_muscle_actions.csv,前脚筋地図と現型注釈による作用対応。T2/T3は分節間相同を含む。個別生理は未測定。,not_measured,205,934,"[{""bodyId"": ""803901"", ""type"": ""IN21A022"", ""superclass"": ""vnc_intrinsic"", ""weight"": 59}, {""bodyId"": ""904831"", ""type"": ""IN01A030"", ""superclass"": ""vnc_intrinsic"", ""weight"": 51}, {""bodyId"": ""801017"", ""type"": ""IN21A002"", ""superclass"": ""vnc_intrinsic"", ""weight"": 44}]"
male-cns:v1.0,816222,Ti flexor MN,Ti flexor MN_R,中脚筋群,ml,vnc_motor,R,T2,MesoLN,Reviewed,Ti flexor MN,femur-tibia,flexion,anatomical_action_inferred,Azevedo 2024 Appendix A1 p3; A12 pp32-33,data/leg_muscle_actions.csv,前脚筋地図と現型注釈による作用対応。T2/T3は分節間相同を含む。個別生理は未測定。,not_measured,179,1111,"[{""bodyId"": ""801665"", ""type"": ""IN21A004"", ""superclass"": ""vnc_intrinsic"", ""weight"": 107}, {""bodyId"": ""10124"", ""type"": ""DNg105"", ""superclass"": ""descending_neuron"", ""weight"": 73}, {""bodyId"": ""800857"", ""type"": ""IN21A002"", ""superclass"": ""vnc_intrinsic"", ""weight"": 51}]"
male-cns:v1.0,816404,Acc. ti flexor MN,Acc. ti flexor MN_L,前脚筋群,fl,vnc_motor,L,T1,ProLN,Reviewed,Acc. ti flexor MN,femur-tibia,flexion,anatomical_action_inferred,Azevedo 2024 Appendix A1 pp3-4; A13-A14 pp34-37,data/leg_muscle_actions.csv,前脚筋地図と現型注釈による作用対応。T2/T3は分節間相同を含む。個別生理は未測定。,not_measured,184,859,"[{""bodyId"": ""801017"", ""type"": ""IN21A002"", ""superclass"": ""vnc_intrinsic"", ""weight"": 65}, {""bodyId"": ""904831"", ""type"": ""IN01A030"", ""superclass"": ""vnc_intrinsic"", ""weight"": 54}, {""bodyId"": ""903366"", ""type"": ""IN16B016"", ""superclass"": ""vnc_intrinsic"", ""weight"": 52}]"
male-cns:v1.0,816501,MNhl02,MNhl02_L,後脚筋群,hl,vnc_motor,L,T3,AbN1,Reviewed,,unknown,unknown,muscle_unresolved,no_named_muscle_type,data/leg_muscle_actions.csv,前脚筋地図と現型注釈による作用対応。T2/T3は分節間相同を含む。個別生理は未測定。 旧MANC標的とのラベル差あり。legs/legacy_target_differences.csv参照。,not_measured,338,1280,"[{""bodyId"": ""800387"", ""type"": ""IN16B020"", ""superclass"": ""vnc_intrinsic"", ""weight"": 52}, {""bodyId"": ""800095"", ""type"": ""IN20A.22A001"", ""superclass"": ""vnc_intrinsic"", ""weight"": 44}, {""bodyId"": ""800263"", ""type"": ""IN20A.22A001"", ""superclass"": ""vnc_intrinsic"", ""weight"": 44}]"
male-cns:v1.0,816648,Tr flexor MN,Tr flexor MN_R,前脚筋群,fl,vnc_motor,R,T1,ProAN,Reviewed,Tr flexor MN,coxa-trochanter,flexion,anatomical_action_inferred,Azevedo 2024 Appendix A1 p3; A7-A8 pp24-26,data/leg_muscle_actions.csv,前脚筋地図と現型注釈による作用対応。T2/T3は分節間相同を含む。個別生理は未測定。,not_measured,41,77,"[{""bodyId"": ""800778"", ""type"": ""IN13A003"", ""superclass"": ""vnc_intrinsic"", ""weight"": 6}, {""bodyId"": ""800782"", ""type"": ""IN19A008"", ""superclass"": ""vnc_intrinsic"", ""weight"": 6}, {""bodyId"": ""903545"", ""type"": ""IN16B016"", ""superclass"": ""vnc_intrinsic"", ""weight"": 6}]"
male-cns:v1.0,816810,"MNad18,MNad27","MNad18,MNad27_L",腹部筋群,ad,vnc_motor,L,A1,AbN2,Reviewed,unassigned,,腹部/尾端注釈のみ。具体的筋/作用未同定,annotation_only,MANC;BANC26,data/nonleg_muscle_evidence.csv,型名/出神経のみから具体的筋や作用を推定しない。,not_measured,103,859,"[{""bodyId"": ""14029"", ""type"": ""DNp65"", ""superclass"": ""descending_neuron"", ""weight"": 58}, {""bodyId"": ""13994"", ""type"": ""DNge172"", ""superclass"": ""descending_neuron"", ""weight"": 56}, {""bodyId"": ""512461"", ""type"": ""DNge172"", ""superclass"": ""descending_neuron"", ""weight"": 50}]"
male-cns:v1.0,817026,MNxm01,MNxm01_L,標的筋不明,xm,vnc_motor,L,T1,PDMNa,Roughly traced,unassigned,,未分類注釈のみ。具体的筋/作用未同定,annotation_only,MANC,data/nonleg_muscle_evidence.csv,型名/出神経のみから具体的筋や作用を推定しない。,not_measured,128,619,"[{""bodyId"": ""809973"", ""type"": ""SNxx25"", ""superclass"": ""vnc_sensory"", ""weight"": 71}, {""bodyId"": ""816596"", ""type"": ""SNxx25"", ""superclass"": ""vnc_sensory"", ""weight"": 47}, {""bodyId"": ""804502"", ""type"": ""IN16B072"", ""superclass"": ""vnc_intrinsic"", ""weight"": 45}]"
male-cns:v1.0,817133,"MNad18,MNad27","MNad18,MNad27_R",腹部筋群,ad,vnc_motor,R,A1,AbN2,Reviewed,unassigned,,腹部/尾端注釈のみ。具体的筋/作用未同定,annotation_only,MANC;BANC26,data/nonleg_muscle_evidence.csv,型名/出神経のみから具体的筋や作用を推定しない。,not_measured,103,1005,"[{""bodyId"": ""26636"", ""type"": ""DNp58"", ""superclass"": ""descending_neuron"", ""weight"": 80}, {""bodyId"": ""14029"", ""type"": ""DNp65"", ""superclass"": ""descending_neuron"", ""weight"": 66}, {""bodyId"": ""29234"", ""type"": ""ANXXX202"", ""superclass"": ""ascending_neuron"", ""weight"": 62}]"
male-cns:v1.0,817210,Ta levator MN,Ta levator MN_R,前脚筋群,fl,vnc_motor,R,T1,ProLN,Reviewed,Ta levator MN,tibia-tarsus,flexion_toward_substrate,anatomical_action_inferred,Azevedo 2024 Appendix A1 p4; A17 pp41-42,data/leg_muscle_actions.csv,前脚筋地図と現型注釈による作用対応。T2/T3は分節間相同を含む。個別生理は未測定。,not_measured,188,606,"[{""bodyId"": ""801437"", ""type"": ""IN08A006"", ""superclass"": ""vnc_intrinsic"", ""weight"": 29}, {""bodyId"": ""905729"", ""type"": ""IN03A013"", ""superclass"": ""vnc_intrinsic"", ""weight"": 28}, {""bodyId"": ""800567"", ""type"": ""INXXX036"", ""superclass"": ""vnc_intrinsic"", ""weight"": 23}]"
male-cns:v1.0,817283,Acc. ti flexor MN,Acc. ti flexor MN_L,前脚筋群,fl,vnc_motor,L,T1,ProLN,Reviewed,Acc. ti flexor MN,femur-tibia,flexion,anatomical_action_inferred,Azevedo 2024 Appendix A1 pp3-4; A13-A14 pp34-37,data/leg_muscle_actions.csv,前脚筋地図と現型注釈による作用対応。T2/T3は分節間相同を含む。個別生理は未測定。,not_measured,198,784,"[{""bodyId"": ""801718"", ""type"": ""IN13B012"", ""superclass"": ""vnc_intrinsic"", ""weight"": 49}, {""bodyId"": ""1054019402"", ""type"": ""IN16B076"", ""superclass"": ""vnc_intrinsic"", ""weight"": 37}, {""bodyId"": ""800565"", ""type"": ""IN18B008"", ""superclass"": ""vnc_intrinsic"", ""weight"": 31}]"
male-cns:v1.0,817347,Tergotr. MN,Tergotr. MN_R,前脚筋群,fl,vnc_motor,R,T1,VProN,Reviewed,Tergotr. MN,coxa-trochanter,extension,anatomical_action_inferred,Azevedo 2024 Appendix A1 p3; A5 pp20-21,data/leg_muscle_actions.csv,前脚筋地図と現型注釈による作用対応。T2/T3は分節間相同を含む。個別生理は未測定。,not_measured,700,4109,"[{""bodyId"": ""903500"", ""type"": ""IN20A.22A001"", ""superclass"": ""vnc_intrinsic"", ""weight"": 120}, {""bodyId"": ""800605"", ""type"": ""IN21A016"", ""superclass"": ""vnc_intrinsic"", ""weight"": 96}, {""bodyId"": ""800224"", ""type"": ""IN13A001"", ""superclass"": ""vnc_intrinsic"", ""weight"": 89}]"
male-cns:v1.0,817374,Acc. ti flexor MN,Acc. ti flexor MN_L,後脚筋群,hl,vnc_motor,L,T3,MetaLN,Reviewed,Acc. ti flexor MN,femur-tibia,flexion,anatomical_action_inferred,Azevedo 2024 Appendix A1 pp3-4; A13-A14 pp34-37,data/leg_muscle_actions.csv,前脚筋地図と現型注釈による作用対応。T2/T3は分節間相同を含む。個別生理は未測定。 旧MANC標的とのラベル差あり。legs/legacy_target_differences.csv参照。,not_measured,126,363,"[{""bodyId"": ""800977"", ""type"": ""IN16B016"", ""superclass"": ""vnc_intrinsic"", ""weight"": 26}, {""bodyId"": ""801195"", ""type"": ""IN21A020"", ""superclass"": ""vnc_intrinsic"", ""weight"": 22}, {""bodyId"": ""800832"", ""type"": ""IN21A003"", ""superclass"": ""vnc_intrinsic"", ""weight"": 18}]"
male-cns:v1.0,817458,MNad54,MNad54_L,腹部筋群,ad,vnc_motor,L,A1,AbN2,Reviewed,unassigned,,腹部/尾端注釈のみ。具体的筋/作用未同定,annotation_only,MANC;BANC26,data/nonleg_muscle_evidence.csv,型名/出神経のみから具体的筋や作用を推定しない。,not_measured,73,688,"[{""bodyId"": ""903063"", ""type"": ""INXXX261"", ""superclass"": ""vnc_intrinsic"", ""weight"": 115}, {""bodyId"": ""803252"", ""type"": ""INXXX261"", ""superclass"": ""vnc_intrinsic"", ""weight"": 63}, {""bodyId"": ""12134"", ""type"": ""DNp58"", ""superclass"": ""descending_neuron"", ""weight"": 54}]"
male-cns:v1.0,817509,Acc. ti flexor MN,Acc. ti flexor MN_R,前脚筋群,fl,vnc_motor,R,T1,ProLN,Reviewed,Acc. ti flexor MN,femur-tibia,flexion,anatomical_action_inferred,Azevedo 2024 Appendix A1 pp3-4; A13-A14 pp34-37,data/leg_muscle_actions.csv,前脚筋地図と現型注釈による作用対応。T2/T3は分節間相同を含む。個別生理は未測定。,not_measured,239,923,"[{""bodyId"": ""1057576230"", ""type"": ""IN09A003"", ""superclass"": ""vnc_intrinsic"", ""weight"": 70}, {""bodyId"": ""802709"", ""type"": ""IN14A009"", ""superclass"": ""vnc_intrinsic"", ""weight"": 44}, {""bodyId"": ""800468"", ""type"": ""IN08A003"", ""superclass"": ""vnc_intrinsic"", ""weight"": 35}]"
male-cns:v1.0,817595,Fe reductor MN,Fe reductor MN_R,前脚筋群,fl,vnc_motor,R,T1,VProN,Reviewed,Fe reductor MN,trochanter-femur,unknown,named_muscle_action_unresolved,Azevedo 2024 Appendix A1 p3; A10 pp29-30,data/leg_muscle_actions.csv,前脚筋地図と現型注釈による作用対応。T2/T3は分節間相同を含む。個別生理は未測定。,not_measured,56,168,"[{""bodyId"": ""805873"", ""type"": ""IN03A066"", ""superclass"": ""vnc_intrinsic"", ""weight"": 16}, {""bodyId"": ""800787"", ""type"": ""IN03A010"", ""superclass"": ""vnc_intrinsic"", ""weight"": 12}, {""bodyId"": ""805699"", ""type"": ""IN08A036"", ""superclass"": ""vnc_intrinsic"", ""weight"": 12}]"
male-cns:v1.0,817640,Tr flexor MN,Tr flexor MN_R,前脚筋群,fl,vnc_motor,R,T1,ProAN,Reviewed,Tr flexor MN,coxa-trochanter,flexion,anatomical_action_inferred,Azevedo 2024 Appendix A1 p3; A7-A8 pp24-26,data/leg_muscle_actions.csv,前脚筋地図と現型注釈による作用対応。T2/T3は分節間相同を含む。個別生理は未測定。 旧MANC標的とのラベル差あり。legs/legacy_target_differences.csv参照。,not_measured,192,704,"[{""bodyId"": ""802291"", ""type"": ""IN13A010"", ""superclass"": ""vnc_intrinsic"", ""weight"": 31}, {""bodyId"": ""801055"", ""type"": ""IN16B014"", ""superclass"": ""vnc_intrinsic"", ""weight"": 27}, {""bodyId"": ""801061"", ""type"": ""IN19B012"", ""superclass"": ""vnc_intrinsic"", ""weight"": 25}]"
male-cns:v1.0,817655,Ta depressor MN,Ta depressor MN_L,前脚筋群,fl,vnc_motor,L,T1,ProLN,Reviewed,Ta depressor MN,tibia-tarsus,extension_push_from_substrate,anatomical_action_inferred,Azevedo 2024 Appendix A1 p4; A17 pp41-42,data/leg_muscle_actions.csv,前脚筋地図と現型注釈による作用対応。T2/T3は分節間相同を含む。個別生理は未測定。,not_measured,173,536,"[{""bodyId"": ""801718"", ""type"": ""IN13B012"", ""superclass"": ""vnc_intrinsic"", ""weight"": 30}, {""bodyId"": ""801036"", ""type"": ""IN19A030"", ""superclass"": ""vnc_intrinsic"", ""weight"": 26}, {""bodyId"": ""800685"", ""type"": ""IN09A002"", ""superclass"": ""vnc_intrinsic"", ""weight"": 22}]"
male-cns:v1.0,817681,Tr flexor MN,Tr flexor MN_R,中脚筋群,ml,vnc_motor,R,T2,MesoLN,Reviewed,Tr flexor MN,coxa-trochanter,flexion,anatomical_action_inferred,Azevedo 2024 Appendix A1 p3; A7-A8 pp24-26,data/leg_muscle_actions.csv,前脚筋地図と現型注釈による作用対応。T2/T3は分節間相同を含む。個別生理は未測定。,not_measured,381,2515,"[{""bodyId"": ""904743"", ""type"": ""IN21A010"", ""superclass"": ""vnc_intrinsic"", ""weight"": 142}, {""bodyId"": ""800304"", ""type"": ""IN19A008"", ""superclass"": ""vnc_intrinsic"", ""weight"": 110}, {""bodyId"": ""800194"", ""type"": ""IN13A010"", ""superclass"": ""vnc_intrinsic"", ""weight"": 101}]"
male-cns:v1.0,817835,"MNad18,MNad27","MNad18,MNad27_R",腹部筋群,ad,vnc_motor,R,A1,AbN2,Reviewed,unassigned,,腹部/尾端注釈のみ。具体的筋/作用未同定,annotation_only,MANC;BANC26,data/nonleg_muscle_evidence.csv,型名/出神経のみから具体的筋や作用を推定しない。,not_measured,80,735,"[{""bodyId"": ""26636"", ""type"": ""DNp58"", ""superclass"": ""descending_neuron"", ""weight"": 62}, {""bodyId"": ""512461"", ""type"": ""DNge172"", ""superclass"": ""descending_neuron"", ""weight"": 48}, {""bodyId"": ""555795"", ""type"": ""DNge172"", ""superclass"": ""descending_neuron"", ""weight"": 46}]"
male-cns:v1.0,817927,"MNad18,MNad27","MNad18,MNad27_L",腹部筋群,ad,vnc_motor,L,A2,AbN3,Reviewed,unassigned,,腹部/尾端注釈のみ。具体的筋/作用未同定,annotation_only,MANC;BANC26,data/nonleg_muscle_evidence.csv,型名/出神経のみから具体的筋や作用を推定しない。,not_measured,108,692,"[{""bodyId"": ""12134"", ""type"": ""DNp58"", ""superclass"": ""descending_neuron"", ""weight"": 52}, {""bodyId"": ""42692"", ""type"": ""ANXXX202"", ""superclass"": ""ascending_neuron"", ""weight"": 48}, {""bodyId"": ""160440"", ""type"": ""ANXXX202"", ""superclass"": ""ascending_neuron"", ""weight"": 42}]"
male-cns:v1.0,817990,MNml78,MNml78_R,中脚筋群,ml,vnc_motor,R,T2,MesoLN,Reviewed,,unknown,unknown,muscle_unresolved,no_named_muscle_type,data/leg_muscle_actions.csv,前脚筋地図と現型注釈による作用対応。T2/T3は分節間相同を含む。個別生理は未測定。 旧MANC標的とのラベル差あり。legs/legacy_target_differences.csv参照。,not_measured,175,622,"[{""bodyId"": ""801794"", ""type"": ""IN13B012"", ""superclass"": ""vnc_intrinsic"", ""weight"": 48}, {""bodyId"": ""811007"", ""type"": ""IN20A.22A046"", ""superclass"": ""vnc_intrinsic"", ""weight"": 25}, {""bodyId"": ""908694"", ""type"": ""IN20A.22A046"", ""superclass"": ""vnc_intrinsic"", ""weight"": 25}]"
male-cns:v1.0,817999,MNad54,MNad54_L,腹部筋群,ad,vnc_motor,L,A1,AbN2,Reviewed,unassigned,,腹部/尾端注釈のみ。具体的筋/作用未同定,annotation_only,MANC;BANC26,data/nonleg_muscle_evidence.csv,型名/出神経のみから具体的筋や作用を推定しない。,not_measured,73,649,"[{""bodyId"": ""903063"", ""type"": ""INXXX261"", ""superclass"": ""vnc_intrinsic"", ""weight"": 82}, {""bodyId"": ""803252"", ""type"": ""INXXX261"", ""superclass"": ""vnc_intrinsic"", ""weight"": 68}, {""bodyId"": ""808963"", ""type"": ""SNpp23"", ""superclass"": ""vnc_sensory"", ""weight"": 41}]"
male-cns:v1.0,818057,Ti flexor MN,Ti flexor MN_L,前脚筋群,fl,vnc_motor,L,T1,ProLN,Reviewed,Ti flexor MN,femur-tibia,flexion,anatomical_action_inferred,Azevedo 2024 Appendix A1 p3; A12 pp32-33,data/leg_muscle_actions.csv,前脚筋地図と現型注釈による作用対応。T2/T3は分節間相同を含む。個別生理は未測定。,not_measured,219,795,"[{""bodyId"": ""852122"", ""type"": null, ""superclass"": ""vnc_intrinsic"", ""weight"": 43}, {""bodyId"": ""800155"", ""type"": ""IN03A004"", ""superclass"": ""vnc_intrinsic"", ""weight"": 31}, {""bodyId"": ""903366"", ""type"": ""IN16B016"", ""superclass"": ""vnc_intrinsic"", ""weight"": 26}]"
male-cns:v1.0,818077,"MNad18,MNad27","MNad18,MNad27_R",腹部筋群,ad,vnc_motor,R,A2,AbN3,Reviewed,unassigned,,腹部/尾端注釈のみ。具体的筋/作用未同定,annotation_only,MANC;BANC26,data/nonleg_muscle_evidence.csv,型名/出神経のみから具体的筋や作用を推定しない。,not_measured,101,697,"[{""bodyId"": ""26636"", ""type"": ""DNp58"", ""superclass"": ""descending_neuron"", ""weight"": 53}, {""bodyId"": ""29234"", ""type"": ""ANXXX202"", ""superclass"": ""ascending_neuron"", ""weight"": 52}, {""bodyId"": ""19709"", ""type"": ""AN05B097"", ""superclass"": ""ascending_neuron"", ""weight"": 40}]"
male-cns:v1.0,818098,MNxm01,MNxm01_R,標的筋不明,xm,vnc_motor,R,T1,PDMNa,Roughly traced,unassigned,,未分類注釈のみ。具体的筋/作用未同定,annotation_only,MANC,data/nonleg_muscle_evidence.csv,型名/出神経のみから具体的筋や作用を推定しない。,not_measured,123,514,"[{""bodyId"": ""809973"", ""type"": ""SNxx25"", ""superclass"": ""vnc_sensory"", ""weight"": 55}, {""bodyId"": ""816596"", ""type"": ""SNxx25"", ""superclass"": ""vnc_sensory"", ""weight"": 42}, {""bodyId"": ""10823"", ""type"": ""DNp48"", ""superclass"": ""descending_neuron"", ""weight"": 26}]"
male-cns:v1.0,818295,Ti flexor MN,Ti flexor MN_L,中脚筋群,ml,vnc_motor,L,T2,MesoLN,Reviewed,Ti flexor MN,femur-tibia,flexion,anatomical_action_inferred,Azevedo 2024 Appendix A1 p3; A12 pp32-33,data/leg_muscle_actions.csv,前脚筋地図と現型注釈による作用対応。T2/T3は分節間相同を含む。個別生理は未測定。,not_measured,150,531,"[{""bodyId"": ""801091"", ""type"": ""IN21A002"", ""superclass"": ""vnc_intrinsic"", ""weight"": 32}, {""bodyId"": ""801054"", ""type"": ""IN21A004"", ""superclass"": ""vnc_intrinsic"", ""weight"": 30}, {""bodyId"": ""802944"", ""type"": ""IN12B018"", ""superclass"": ""vnc_intrinsic"", ""weight"": 27}]"
male-cns:v1.0,818387,MNad54,MNad54_R,腹部筋群,ad,vnc_motor,R,A1,AbN2,Reviewed,unassigned,,腹部/尾端注釈のみ。具体的筋/作用未同定,annotation_only,MANC;BANC26,data/nonleg_muscle_evidence.csv,型名/出神経のみから具体的筋や作用を推定しない。,not_measured,85,628,"[{""bodyId"": ""903063"", ""type"": ""INXXX261"", ""superclass"": ""vnc_intrinsic"", ""weight"": 73}, {""bodyId"": ""803389"", ""type"": ""INXXX261"", ""superclass"": ""vnc_intrinsic"", ""weight"": 54}, {""bodyId"": ""26636"", ""type"": ""DNp58"", ""superclass"": ""descending_neuron"", ""weight"": 53}]"
male-cns:v1.0,818389,Tr flexor MN,Tr flexor MN_L,前脚筋群,fl,vnc_motor,L,T1,ProAN,Reviewed,Tr flexor MN,coxa-trochanter,flexion,anatomical_action_inferred,Azevedo 2024 Appendix A1 p3; A7-A8 pp24-26,data/leg_muscle_actions.csv,前脚筋地図と現型注釈による作用対応。T2/T3は分節間相同を含む。個別生理は未測定。,not_measured,162,666,"[{""bodyId"": ""800490"", ""type"": ""IN19A008"", ""superclass"": ""vnc_intrinsic"", ""weight"": 44}, {""bodyId"": ""73753"", ""type"": ""AN07B003"", ""superclass"": ""ascending_neuron"", ""weight"": 29}, {""bodyId"": ""802106"", ""type"": ""IN21A015"", ""superclass"": ""vnc_intrinsic"", ""weight"": 27}]"
male-cns:v1.0,818399,Sternal posterior rotator MN,Sternal posterior rotator MN_L,後脚筋群,hl,vnc_motor,L,T3,MetaLN,Reviewed,Sternal posterior rotator MN,thorax-coxa,coxa_posterior_movement_or_axial_rotation,anatomical_action_inferred,Azevedo 2024 Appendix A1 p3; A4 pp18-19,data/leg_muscle_actions.csv,前脚筋地図と現型注釈による作用対応。T2/T3は分節間相同を含む。個別生理は未測定。,not_measured,275,1952,"[{""bodyId"": ""802241"", ""type"": ""IN19A037"", ""superclass"": ""vnc_intrinsic"", ""weight"": 111}, {""bodyId"": ""804433"", ""type"": ""IN17A041"", ""superclass"": ""vnc_intrinsic"", ""weight"": 75}, {""bodyId"": ""800134"", ""type"": ""IN03A010"", ""superclass"": ""vnc_intrinsic"", ""weight"": 73}]"
male-cns:v1.0,818428,MNad54,MNad54_R,腹部筋群,ad,vnc_motor,R,A1,AbN2,Reviewed,unassigned,,腹部/尾端注釈のみ。具体的筋/作用未同定,annotation_only,MANC;BANC26,data/nonleg_muscle_evidence.csv,型名/出神経のみから具体的筋や作用を推定しない。,not_measured,68,685,"[{""bodyId"": ""903063"", ""type"": ""INXXX261"", ""superclass"": ""vnc_intrinsic"", ""weight"": 99}, {""bodyId"": ""808963"", ""type"": ""SNpp23"", ""superclass"": ""vnc_sensory"", ""weight"": 59}, {""bodyId"": ""803252"", ""type"": ""INXXX261"", ""superclass"": ""vnc_intrinsic"", ""weight"": 50}]"
male-cns:v1.0,818553,ltm1-tibia MN,ltm1-tibia MN_L,前脚筋群,fl,vnc_motor,L,T1,ProLN,Reviewed,ltm1-tibia MN,long_tendon,long_tendon_pull_tibia_muscle,anatomical_action_inferred,Azevedo 2024 Appendix A1 p4; A15-A16 pp38-40,data/leg_muscle_actions.csv,前脚筋地図と現型注釈による作用対応。T2/T3は分節間相同を含む。個別生理は未測定。,not_measured,191,754,"[{""bodyId"": ""801254"", ""type"": ""IN13B011"", ""superclass"": ""vnc_intrinsic"", ""weight"": 37}, {""bodyId"": ""10717"", ""type"": ""DNg93"", ""superclass"": ""descending_neuron"", ""weight"": 36}, {""bodyId"": ""800256"", ""type"": ""IN08A002"", ""superclass"": ""vnc_intrinsic"", ""weight"": 30}]"
male-cns:v1.0,818563,MNad25,MNad25_L,腹部筋群,ad,vnc_motor,L,A1,AbN2,Reviewed,unassigned,,腹部/尾端注釈のみ。具体的筋/作用未同定,annotation_only,MANC;BANC26,data/nonleg_muscle_evidence.csv,型名/出神経のみから具体的筋や作用を推定しない。,not_measured,107,557,"[{""bodyId"": ""803252"", ""type"": ""INXXX261"", ""superclass"": ""vnc_intrinsic"", ""weight"": 48}, {""bodyId"": ""803389"", ""type"": ""INXXX261"", ""superclass"": ""vnc_intrinsic"", ""weight"": 40}, {""bodyId"": ""10823"", ""type"": ""DNp48"", ""superclass"": ""descending_neuron"", ""weight"": 28}]"
male-cns:v1.0,818719,Tr flexor MN,Tr flexor MN_R,前脚筋群,fl,vnc_motor,R,T1,ProAN,Reviewed,Tr flexor MN,coxa-trochanter,flexion,anatomical_action_inferred,Azevedo 2024 Appendix A1 p3; A7-A8 pp24-26,data/leg_muscle_actions.csv,前脚筋地図と現型注釈による作用対応。T2/T3は分節間相同を含む。個別生理は未測定。,not_measured,128,525,"[{""bodyId"": ""801755"", ""type"": ""IN00A002"", ""superclass"": ""vnc_intrinsic"", ""weight"": 56}, {""bodyId"": ""800353"", ""type"": ""IN08A002"", ""superclass"": ""vnc_intrinsic"", ""weight"": 34}, {""bodyId"": ""800782"", ""type"": ""IN19A008"", ""superclass"": ""vnc_intrinsic"", ""weight"": 30}]"
male-cns:v1.0,818842,Tr extensor MN,Tr extensor MN_R,前脚筋群,fl,vnc_motor,R,T1,ProLN,Reviewed,Tr extensor MN,coxa-trochanter,extension,anatomical_action_inferred,Azevedo 2024 Appendix A1 p3; A6 pp22-23,data/leg_muscle_actions.csv,前脚筋地図と現型注釈による作用対応。T2/T3は分節間相同を含む。個別生理は未測定。,not_measured,180,592,"[{""bodyId"": ""800353"", ""type"": ""IN08A002"", ""superclass"": ""vnc_intrinsic"", ""weight"": 35}, {""bodyId"": ""902663"", ""type"": ""IN03A001"", ""superclass"": ""vnc_intrinsic"", ""weight"": 28}, {""bodyId"": ""30777"", ""type"": ""AN19B004"", ""superclass"": ""ascending_neuron"", ""weight"": 27}]"
male-cns:v1.0,818996,Sternal posterior rotator MN,Sternal posterior rotator MN_R,中脚筋群,ml,vnc_motor,R,T2,MesoLN,Reviewed,Sternal posterior rotator MN,thorax-coxa,coxa_posterior_movement_or_axial_rotation,anatomical_action_inferred,Azevedo 2024 Appendix A1 p3; A4 pp18-19,data/leg_muscle_actions.csv,前脚筋地図と現型注釈による作用対応。T2/T3は分節間相同を含む。個別生理は未測定。,not_measured,102,427,"[{""bodyId"": ""801129"", ""type"": ""IN09A004"", ""superclass"": ""vnc_intrinsic"", ""weight"": 44}, {""bodyId"": ""800687"", ""type"": ""IN19A003"", ""superclass"": ""vnc_intrinsic"", ""weight"": 21}, {""bodyId"": ""810852"", ""type"": ""IN08A023"", ""superclass"": ""vnc_intrinsic"", ""weight"": 18}]"
male-cns:v1.0,819112,Ti flexor MN,Ti flexor MN_L,後脚筋群,hl,vnc_motor,L,T3,MetaLN,Reviewed,Ti flexor MN,femur-tibia,flexion,anatomical_action_inferred,Azevedo 2024 Appendix A1 p3; A12 pp32-33,data/leg_muscle_actions.csv,前脚筋地図と現型注釈による作用対応。T2/T3は分節間相同を含む。個別生理は未測定。 旧MANC標的とのラベル差あり。legs/legacy_target_differences.csv参照。,not_measured,156,569,"[{""bodyId"": ""911639"", ""type"": ""IN21A002"", ""superclass"": ""vnc_intrinsic"", ""weight"": 41}, {""bodyId"": ""820881"", ""type"": ""IN21A004"", ""superclass"": ""vnc_intrinsic"", ""weight"": 35}, {""bodyId"": ""800102"", ""type"": ""IN03A004"", ""superclass"": ""vnc_intrinsic"", ""weight"": 29}]"
male-cns:v1.0,819203,Tr flexor MN,Tr flexor MN_R,中脚筋群,ml,vnc_motor,R,T2,MesoLN,Reviewed,Tr flexor MN,coxa-trochanter,flexion,anatomical_action_inferred,Azevedo 2024 Appendix A1 p3; A7-A8 pp24-26,data/leg_muscle_actions.csv,前脚筋地図と現型注釈による作用対応。T2/T3は分節間相同を含む。個別生理は未測定。,not_measured,162,464,"[{""bodyId"": ""801296"", ""type"": ""IN16B016"", ""superclass"": ""vnc_intrinsic"", ""weight"": 23}, {""bodyId"": ""910508"", ""type"": ""IN09A021"", ""superclass"": ""vnc_intrinsic"", ""weight"": 23}, {""bodyId"": ""902439"", ""type"": ""IN03A007"", ""superclass"": ""vnc_intrinsic"", ""weight"": 20}]"
male-cns:v1.0,819278,Ta depressor MN,Ta depressor MN_L,前脚筋群,fl,vnc_motor,L,T1,ProLN,Reviewed,Ta depressor MN,tibia-tarsus,extension_push_from_substrate,anatomical_action_inferred,Azevedo 2024 Appendix A1 p4; A17 pp41-42,data/leg_muscle_actions.csv,前脚筋地図と現型注釈による作用対応。T2/T3は分節間相同を含む。個別生理は未測定。 旧MANC標的とのラベル差あり。legs/legacy_target_differences.csv参照。,not_measured,172,503,"[{""bodyId"": ""805272"", ""type"": ""IN03A028"", ""superclass"": ""vnc_intrinsic"", ""weight"": 24}, {""bodyId"": ""800685"", ""type"": ""IN09A002"", ""superclass"": ""vnc_intrinsic"", ""weight"": 23}, {""bodyId"": ""801718"", ""type"": ""IN13B012"", ""superclass"": ""vnc_intrinsic"", ""weight"": 17}]"
male-cns:v1.0,819384,Ti flexor MN,Ti flexor MN_L,前脚筋群,fl,vnc_motor,L,T1,ProLN,Reviewed,Ti flexor MN,femur-tibia,flexion,anatomical_action_inferred,Azevedo 2024 Appendix A1 p3; A12 pp32-33,data/leg_muscle_actions.csv,前脚筋地図と現型注釈による作用対応。T2/T3は分節間相同を含む。個別生理は未測定。 旧MANC標的とのラベル差あり。legs/legacy_target_differences.csv参照。,not_measured,128,567,"[{""bodyId"": ""801017"", ""type"": ""IN21A002"", ""superclass"": ""vnc_intrinsic"", ""weight"": 34}, {""bodyId"": ""905496"", ""type"": ""IN21A006"", ""superclass"": ""vnc_intrinsic"", ""weight"": 32}, {""bodyId"": ""800898"", ""type"": ""IN12B018"", ""superclass"": ""vnc_intrinsic"", ""weight"": 31}]"
male-cns:v1.0,819492,MNad12,MNad12_R,腹部筋群,ad,vnc_motor,R,A9,AbNT,Reviewed,unassigned,,腹部/尾端注釈のみ。具体的筋/作用未同定,annotation_only,MANC;BANC26,data/nonleg_muscle_evidence.csv,型名/出神経のみから具体的筋や作用を推定しない。,not_measured,51,240,"[{""bodyId"": ""11604"", ""type"": ""AN05B004"", ""superclass"": ""ascending_neuron"", ""weight"": 22}, {""bodyId"": ""13432"", ""type"": ""DNg66"", ""superclass"": ""descending_neuron"", ""weight"": 21}, {""bodyId"": ""14026"", ""type"": ""AN05B004"", ""superclass"": ""ascending_neuron"", ""weight"": 19}]"
male-cns:v1.0,819549,MNad12,MNad12_L,腹部筋群,ad,vnc_motor,L,A8,AbNT,Reviewed,unassigned,,腹部/尾端注釈のみ。具体的筋/作用未同定,annotation_only,MANC;BANC26,data/nonleg_muscle_evidence.csv,型名/出神経のみから具体的筋や作用を推定しない。,not_measured,64,254,"[{""bodyId"": ""13432"", ""type"": ""DNg66"", ""superclass"": ""descending_neuron"", ""weight"": 23}, {""bodyId"": ""805879"", ""type"": ""MNad17"", ""superclass"": ""vnc_motor"", ""weight"": 23}, {""bodyId"": ""805630"", ""type"": ""MNad17"", ""superclass"": ""vnc_motor"", ""weight"": 19}]"
male-cns:v1.0,819674,Acc. ti flexor MN,Acc. ti flexor MN_L,中脚筋群,ml,vnc_motor,L,T2,MesoLN,Reviewed,Acc. ti flexor MN,femur-tibia,flexion,anatomical_action_inferred,Azevedo 2024 Appendix A1 pp3-4; A13-A14 pp34-37,data/leg_muscle_actions.csv,前脚筋地図と現型注釈による作用対応。T2/T3は分節間相同を含む。個別生理は未測定。,not_measured,131,527,"[{""bodyId"": ""801091"", ""type"": ""IN21A002"", ""superclass"": ""vnc_intrinsic"", ""weight"": 32}, {""bodyId"": ""805911"", ""type"": ""IN09A021"", ""superclass"": ""vnc_intrinsic"", ""weight"": 30}, {""bodyId"": ""902825"", ""type"": ""IN21A022"", ""superclass"": ""vnc_intrinsic"", ""weight"": 24}]"
male-cns:v1.0,819796,MNad25,MNad25_R,腹部筋群,ad,vnc_motor,R,A1,AbN2,Reviewed,unassigned,,腹部/尾端注釈のみ。具体的筋/作用未同定,annotation_only,MANC;BANC26,data/nonleg_muscle_evidence.csv,型名/出神経のみから具体的筋や作用を推定しない。,not_measured,75,456,"[{""bodyId"": ""803252"", ""type"": ""INXXX261"", ""superclass"": ""vnc_intrinsic"", ""weight"": 44}, {""bodyId"": ""10680"", ""type"": ""DNp48"", ""superclass"": ""descending_neuron"", ""weight"": 41}, {""bodyId"": ""803389"", ""type"": ""INXXX261"", ""superclass"": ""vnc_intrinsic"", ""weight"": 24}]"
male-cns:v1.0,819869,Acc. ti flexor MN,Acc. ti flexor MN_L,前脚筋群,fl,vnc_motor,L,T1,ProLN,Reviewed,Acc. ti flexor MN,femur-tibia,flexion,anatomical_action_inferred,Azevedo 2024 Appendix A1 pp3-4; A13-A14 pp34-37,data/leg_muscle_actions.csv,前脚筋地図と現型注釈による作用対応。T2/T3は分節間相同を含む。個別生理は未測定。,not_measured,258,1094,"[{""bodyId"": ""800902"", ""type"": ""IN09A003"", ""superclass"": ""vnc_intrinsic"", ""weight"": 55}, {""bodyId"": ""807289"", ""type"": ""IN03A072"", ""superclass"": ""vnc_intrinsic"", ""weight"": 50}, {""bodyId"": ""801950"", ""type"": ""IN14A009"", ""superclass"": ""vnc_intrinsic"", ""weight"": 32}]"
male-cns:v1.0,820110,Ta levator MN,Ta levator MN_R,前脚筋群,fl,vnc_motor,R,T1,ProLN,Reviewed,Ta levator MN,tibia-tarsus,flexion_toward_substrate,anatomical_action_inferred,Azevedo 2024 Appendix A1 p4; A17 pp41-42,data/leg_muscle_actions.csv,前脚筋地図と現型注釈による作用対応。T2/T3は分節間相同を含む。個別生理は未測定。,not_measured,208,623,"[{""bodyId"": ""800468"", ""type"": ""IN08A003"", ""superclass"": ""vnc_intrinsic"", ""weight"": 27}, {""bodyId"": ""14537"", ""type"": ""DNge078"", ""superclass"": ""descending_neuron"", ""weight"": 24}, {""bodyId"": ""800787"", ""type"": ""IN03A010"", ""superclass"": ""vnc_intrinsic"", ""weight"": 19}]"
male-cns:v1.0,820130,Tr flexor MN,Tr flexor MN_R,前脚筋群,fl,vnc_motor,R,T1,ProAN,Reviewed,Tr flexor MN,coxa-trochanter,flexion,anatomical_action_inferred,Azevedo 2024 Appendix A1 p3; A7-A8 pp24-26,data/leg_muscle_actions.csv,前脚筋地図と現型注釈による作用対応。T2/T3は分節間相同を含む。個別生理は未測定。,not_measured,111,339,"[{""bodyId"": ""801061"", ""type"": ""IN19B012"", ""superclass"": ""vnc_intrinsic"", ""weight"": 15}, {""bodyId"": ""800782"", ""type"": ""IN19A008"", ""superclass"": ""vnc_intrinsic"", ""weight"": 13}, {""bodyId"": ""803537"", ""type"": ""IN17A028"", ""superclass"": ""vnc_intrinsic"", ""weight"": 13}]"
male-cns:v1.0,820350,Fe reductor MN,Fe reductor MN_L,後脚筋群,hl,vnc_motor,L,T3,MetaLN,Reviewed,Fe reductor MN,trochanter-femur,unknown,named_muscle_action_unresolved,Azevedo 2024 Appendix A1 p3; A10 pp29-30,data/leg_muscle_actions.csv,前脚筋地図と現型注釈による作用対応。T2/T3は分節間相同を含む。個別生理は未測定。,not_measured,229,886,"[{""bodyId"": ""807213"", ""type"": ""IN08A022"", ""superclass"": ""vnc_intrinsic"", ""weight"": 43}, {""bodyId"": ""800159"", ""type"": ""IN19B003"", ""superclass"": ""vnc_intrinsic"", ""weight"": 29}, {""bodyId"": ""800070"", ""type"": ""IN19B021"", ""superclass"": ""vnc_intrinsic"", ""weight"": 23}]"
male-cns:v1.0,820574,MNml83,MNml83_R,中脚筋群,ml,vnc_motor,R,T2,MesoLN,Reviewed,,unknown,unknown,muscle_unresolved,no_named_muscle_type,data/leg_muscle_actions.csv,前脚筋地図と現型注釈による作用対応。T2/T3は分節間相同を含む。個別生理は未測定。 旧MANC標的とのラベル差あり。legs/legacy_target_differences.csv参照。,not_measured,187,685,"[{""bodyId"": ""801876"", ""type"": ""IN14A009"", ""superclass"": ""vnc_intrinsic"", ""weight"": 25}, {""bodyId"": ""902439"", ""type"": ""IN03A007"", ""superclass"": ""vnc_intrinsic"", ""weight"": 25}, {""bodyId"": ""803184"", ""type"": ""INXXX083"", ""superclass"": ""vnc_intrinsic"", ""weight"": 24}]"
male-cns:v1.0,820632,MNml80,MNml80_L,中脚筋群,ml,vnc_motor,L,T2,MesoLN,Reviewed,,unknown,unknown,muscle_unresolved,no_named_muscle_type,data/leg_muscle_actions.csv,前脚筋地図と現型注釈による作用対応。T2/T3は分節間相同を含む。個別生理は未測定。 旧MANC標的とのラベル差あり。legs/legacy_target_differences.csv参照。,not_measured,193,803,"[{""bodyId"": ""10717"", ""type"": ""DNg93"", ""superclass"": ""descending_neuron"", ""weight"": 49}, {""bodyId"": ""902617"", ""type"": ""IN13B012"", ""superclass"": ""vnc_intrinsic"", ""weight"": 44}, {""bodyId"": ""903510"", ""type"": ""IN19A030"", ""superclass"": ""vnc_intrinsic"", ""weight"": 42}]"
male-cns:v1.0,820668,Tr flexor MN,Tr flexor MN_R,前脚筋群,fl,vnc_motor,R,T1,VProN,Reviewed,Tr flexor MN,coxa-trochanter,flexion,anatomical_action_inferred,Azevedo 2024 Appendix A1 p3; A7-A8 pp24-26,data/leg_muscle_actions.csv,前脚筋地図と現型注釈による作用対応。T2/T3は分節間相同を含む。個別生理は未測定。,not_measured,228,1190,"[{""bodyId"": ""802085"", ""type"": ""IN21A015"", ""superclass"": ""vnc_intrinsic"", ""weight"": 107}, {""bodyId"": ""801061"", ""type"": ""IN19B012"", ""superclass"": ""vnc_intrinsic"", ""weight"": 63}, {""bodyId"": ""800782"", ""type"": ""IN19A008"", ""superclass"": ""vnc_intrinsic"", ""weight"": 57}]"
male-cns:v1.0,820764,Fe reductor MN,Fe reductor MN_L,中脚筋群,ml,vnc_motor,L,T2,MesoLN,Reviewed,Fe reductor MN,trochanter-femur,unknown,named_muscle_action_unresolved,Azevedo 2024 Appendix A1 p3; A10 pp29-30,data/leg_muscle_actions.csv,前脚筋地図と現型注釈による作用対応。T2/T3は分節間相同を含む。個別生理は未測定。,not_measured,131,372,"[{""bodyId"": ""801166"", ""type"": ""IN21A009"", ""superclass"": ""vnc_intrinsic"", ""weight"": 15}, {""bodyId"": ""804550"", ""type"": ""IN03A024"", ""superclass"": ""vnc_intrinsic"", ""weight"": 13}, {""bodyId"": ""801098"", ""type"": ""INXXX062"", ""superclass"": ""vnc_intrinsic"", ""weight"": 12}]"
male-cns:v1.0,820803,"MNad18,MNad27","MNad18,MNad27_R",腹部筋群,ad,vnc_motor,R,A2,AbN3,Reviewed,unassigned,,腹部/尾端注釈のみ。具体的筋/作用未同定,annotation_only,MANC;BANC26,data/nonleg_muscle_evidence.csv,型名/出神経のみから具体的筋や作用を推定しない。,not_measured,66,370,"[{""bodyId"": ""26636"", ""type"": ""DNp58"", ""superclass"": ""descending_neuron"", ""weight"": 48}, {""bodyId"": ""29234"", ""type"": ""ANXXX202"", ""superclass"": ""ascending_neuron"", ""weight"": 41}, {""bodyId"": ""12134"", ""type"": ""DNp58"", ""superclass"": ""descending_neuron"", ""weight"": 27}]"
male-cns:v1.0,820896,Ta levator MN,Ta levator MN_R,前脚筋群,fl,vnc_motor,R,T1,ProLN,Reviewed,Ta levator MN,tibia-tarsus,flexion_toward_substrate,anatomical_action_inferred,Azevedo 2024 Appendix A1 p4; A17 pp41-42,data/leg_muscle_actions.csv,前脚筋地図と現型注釈による作用対応。T2/T3は分節間相同を含む。個別生理は未測定。,not_measured,122,597,"[{""bodyId"": ""802977"", ""type"": ""IN16B032"", ""superclass"": ""vnc_intrinsic"", ""weight"": 52}, {""bodyId"": ""905729"", ""type"": ""IN03A013"", ""superclass"": ""vnc_intrinsic"", ""weight"": 33}, {""bodyId"": ""802784"", ""type"": ""IN06B033"", ""superclass"": ""vnc_intrinsic"", ""weight"": 25}]"
male-cns:v1.0,820983,MNad12,MNad12_R,腹部筋群,ad,vnc_motor,R,A8,AbNT,Reviewed,unassigned,,腹部/尾端注釈のみ。具体的筋/作用未同定,annotation_only,MANC;BANC26,data/nonleg_muscle_evidence.csv,型名/出神経のみから具体的筋や作用を推定しない。,not_measured,64,215,"[{""bodyId"": ""13432"", ""type"": ""DNg66"", ""superclass"": ""descending_neuron"", ""weight"": 28}, {""bodyId"": ""47693"", ""type"": ""DNpe036"", ""superclass"": ""descending_neuron"", ""weight"": 20}, {""bodyId"": ""17210"", ""type"": ""DNpe036"", ""superclass"": ""descending_neuron"", ""weight"": 19}]"
male-cns:v1.0,821154,Acc. tr flexor MN,Acc. tr flexor MN_L,後脚筋群,hl,vnc_motor,L,T3,MetaLN,Reviewed,Acc. tr flexor MN,coxa-trochanter,flexion,anatomical_action_inferred,Azevedo 2024 Appendix A1 p3; A9 pp27-28,data/leg_muscle_actions.csv,前脚筋地図と現型注釈による作用対応。T2/T3は分節間相同を含む。個別生理は未測定。 旧MANC標的とのラベル差あり。legs/legacy_target_differences.csv参照。,not_measured,148,362,"[{""bodyId"": ""13130"", ""type"": ""DNg105"", ""superclass"": ""descending_neuron"", ""weight"": 20}, {""bodyId"": ""800099"", ""type"": ""DNge079"", ""superclass"": ""descending_neuron"", ""weight"": 15}, {""bodyId"": ""801757"", ""type"": ""IN21A015"", ""superclass"": ""vnc_intrinsic"", ""weight"": 12}]"
male-cns:v1.0,821291,Acc. tr flexor MN,Acc. tr flexor MN_L,前脚筋群,fl,vnc_motor,L,T1,ProLN,Reviewed,Acc. tr flexor MN,coxa-trochanter,flexion,anatomical_action_inferred,Azevedo 2024 Appendix A1 p3; A9 pp27-28,data/leg_muscle_actions.csv,前脚筋地図と現型注釈による作用対応。T2/T3は分節間相同を含む。個別生理は未測定。,not_measured,156,599,"[{""bodyId"": ""802106"", ""type"": ""IN21A015"", ""superclass"": ""vnc_intrinsic"", ""weight"": 27}, {""bodyId"": ""801822"", ""type"": ""IN21A010"", ""superclass"": ""vnc_intrinsic"", ""weight"": 26}, {""bodyId"": ""809454"", ""type"": ""IN12B030"", ""superclass"": ""vnc_intrinsic"", ""weight"": 25}]"
male-cns:v1.0,821375,Acc. tr flexor MN,Acc. tr flexor MN_L,中脚筋群,ml,vnc_motor,L,T2,MesoLN,Reviewed,Acc. tr flexor MN,coxa-trochanter,flexion,anatomical_action_inferred,Azevedo 2024 Appendix A1 p3; A9 pp27-28,data/leg_muscle_actions.csv,前脚筋地図と現型注釈による作用対応。T2/T3は分節間相同を含む。個別生理は未測定。,not_measured,108,322,"[{""bodyId"": ""902667"", ""type"": ""IN16B016"", ""superclass"": ""vnc_intrinsic"", ""weight"": 35}, {""bodyId"": ""805925"", ""type"": ""IN12B023"", ""superclass"": ""vnc_intrinsic"", ""weight"": 24}, {""bodyId"": ""800816"", ""type"": ""IN21A010"", ""superclass"": ""vnc_intrinsic"", ""weight"": 19}]"
male-cns:v1.0,821449,ltm2-femur MN,ltm2-femur MN_R,後脚筋群,hl,vnc_motor,R,T3,MetaLN,Reviewed,ltm2-femur MN,long_tendon,long_tendon_pull_femur_muscle,anatomical_action_inferred,Azevedo 2024 Appendix A1 p4; A15-A16 pp38-40,data/leg_muscle_actions.csv,前脚筋地図と現型注釈による作用対応。T2/T3は分節間相同を含む。個別生理は未測定。,not_measured,312,1671,"[{""bodyId"": ""802112"", ""type"": ""IN21A020"", ""superclass"": ""vnc_intrinsic"", ""weight"": 84}, {""bodyId"": ""801542"", ""type"": ""IN13B011"", ""superclass"": ""vnc_intrinsic"", ""weight"": 51}, {""bodyId"": ""10734"", ""type"": ""DNg93"", ""superclass"": ""descending_neuron"", ""weight"": 47}]"
male-cns:v1.0,821494,MNml79,MNml79_L,中脚筋群,ml,vnc_motor,L,T2,MesoLN,Reviewed,,unknown,unknown,muscle_unresolved,no_named_muscle_type,data/leg_muscle_actions.csv,前脚筋地図と現型注釈による作用対応。T2/T3は分節間相同を含む。個別生理は未測定。,not_measured,172,616,"[{""bodyId"": ""802060"", ""type"": ""IN20A.22A008"", ""superclass"": ""vnc_intrinsic"", ""weight"": 25}, {""bodyId"": ""801913"", ""type"": ""IN18B018"", ""superclass"": ""vnc_intrinsic"", ""weight"": 19}, {""bodyId"": ""903510"", ""type"": ""IN19A030"", ""superclass"": ""vnc_intrinsic"", ""weight"": 19}]"
male-cns:v1.0,821635,Ti flexor MN,Ti flexor MN_R,前脚筋群,fl,vnc_motor,R,T1,ProLN,Reviewed,Ti flexor MN,femur-tibia,flexion,anatomical_action_inferred,Azevedo 2024 Appendix A1 p3; A12 pp32-33,data/leg_muscle_actions.csv,前脚筋地図と現型注釈による作用対応。T2/T3は分節間相同を含む。個別生理は未測定。,not_measured,167,524,"[{""bodyId"": ""800371"", ""type"": ""IN21A002"", ""superclass"": ""vnc_intrinsic"", ""weight"": 33}, {""bodyId"": ""904246"", ""type"": ""IN12B018"", ""superclass"": ""vnc_intrinsic"", ""weight"": 26}, {""bodyId"": ""908144"", ""type"": ""IN03A023"", ""superclass"": ""vnc_intrinsic"", ""weight"": 20}]"
male-cns:v1.0,821769,Fe reductor MN,Fe reductor MN_R,中脚筋群,ml,vnc_motor,R,T2,MesoLN,Reviewed,Fe reductor MN,trochanter-femur,unknown,named_muscle_action_unresolved,Azevedo 2024 Appendix A1 p3; A10 pp29-30,data/leg_muscle_actions.csv,前脚筋地図と現型注釈による作用対応。T2/T3は分節間相同を含む。個別生理は未測定。,not_measured,127,335,"[{""bodyId"": ""905896"", ""type"": ""IN21A009"", ""superclass"": ""vnc_intrinsic"", ""weight"": 28}, {""bodyId"": ""908440"", ""type"": ""IN08A039"", ""superclass"": ""vnc_intrinsic"", ""weight"": 19}, {""bodyId"": ""804972"", ""type"": ""IN18B038"", ""superclass"": ""vnc_intrinsic"", ""weight"": 11}]"
male-cns:v1.0,822013,Ti flexor MN,Ti flexor MN_R,中脚筋群,ml,vnc_motor,R,T2,MesoLN,Reviewed,Ti flexor MN,femur-tibia,flexion,anatomical_action_inferred,Azevedo 2024 Appendix A1 p3; A12 pp32-33,data/leg_muscle_actions.csv,前脚筋地図と現型注釈による作用対応。T2/T3は分節間相同を含む。個別生理は未測定。 旧MANC標的とのラベル差あり。legs/legacy_target_differences.csv参照。,not_measured,83,242,"[{""bodyId"": ""10124"", ""type"": ""DNg105"", ""superclass"": ""descending_neuron"", ""weight"": 18}, {""bodyId"": ""801665"", ""type"": ""IN21A004"", ""superclass"": ""vnc_intrinsic"", ""weight"": 12}, {""bodyId"": ""802169"", ""type"": ""IN20A.22A009"", ""superclass"": ""vnc_intrinsic"", ""weight"": 11}]"
male-cns:v1.0,822047,ltm1-tibia MN,ltm1-tibia MN_L,前脚筋群,fl,vnc_motor,L,T1,ProLN,Reviewed,ltm1-tibia MN,long_tendon,long_tendon_pull_tibia_muscle,anatomical_action_inferred,Azevedo 2024 Appendix A1 p4; A15-A16 pp38-40,data/leg_muscle_actions.csv,前脚筋地図と現型注釈による作用対応。T2/T3は分節間相同を含む。個別生理は未測定。 旧MANC標的とのラベル差あり。legs/legacy_target_differences.csv参照。,not_measured,88,237,"[{""bodyId"": ""800685"", ""type"": ""IN09A002"", ""superclass"": ""vnc_intrinsic"", ""weight"": 27}, {""bodyId"": ""930012"", ""type"": ""IN21A003"", ""superclass"": ""vnc_intrinsic"", ""weight"": 18}, {""bodyId"": ""801254"", ""type"": ""IN13B011"", ""superclass"": ""vnc_intrinsic"", ""weight"": 11}]"
male-cns:v1.0,822092,ltm MN,ltm MN_L,前脚筋群,fl,vnc_motor,L,T1,ProLN,Reviewed,ltm MN,long_tendon,long_tendon_pull_muscle1_or2_unresolved,anatomical_action_inferred,Azevedo 2024 Appendix A1 p4; A15-A16 pp38-40,data/leg_muscle_actions.csv,前脚筋地図と現型注釈による作用対応。T2/T3は分節間相同を含む。個別生理は未測定。,not_measured,106,266,"[{""bodyId"": ""814555"", ""type"": ""IN03A073"", ""superclass"": ""vnc_intrinsic"", ""weight"": 17}, {""bodyId"": ""803391"", ""type"": ""IN03A018"", ""superclass"": ""vnc_intrinsic"", ""weight"": 13}, {""bodyId"": ""800493"", ""type"": ""IN14A002"", ""superclass"": ""vnc_intrinsic"", ""weight"": 12}]"
male-cns:v1.0,822185,MNml77,MNml77_L,中脚筋群,ml,vnc_motor,L,T2,MesoLN,Reviewed,,unknown,unknown,muscle_unresolved,no_named_muscle_type,data/leg_muscle_actions.csv,前脚筋地図と現型注釈による作用対応。T2/T3は分節間相同を含む。個別生理は未測定。 旧MANC標的とのラベル差あり。legs/legacy_target_differences.csv参照。,not_measured,161,644,"[{""bodyId"": ""801791"", ""type"": ""IN14A009"", ""superclass"": ""vnc_intrinsic"", ""weight"": 35}, {""bodyId"": ""800141"", ""type"": ""IN19A002"", ""superclass"": ""vnc_intrinsic"", ""weight"": 27}, {""bodyId"": ""800816"", ""type"": ""IN21A010"", ""superclass"": ""vnc_intrinsic"", ""weight"": 25}]"
male-cns:v1.0,822252,MNhl64,MNhl64_L,後脚筋群,hl,vnc_motor,L,T3,MetaLN,Reviewed,,unknown,unknown,muscle_unresolved,no_named_muscle_type,data/leg_muscle_actions.csv,前脚筋地図と現型注釈による作用対応。T2/T3は分節間相同を含む。個別生理は未測定。 旧MANC標的とのラベル差あり。legs/legacy_target_differences.csv参照。,not_measured,169,685,"[{""bodyId"": ""801422"", ""type"": ""IN20A.22A008"", ""superclass"": ""vnc_intrinsic"", ""weight"": 48}, {""bodyId"": ""800640"", ""type"": ""IN20A.22A008"", ""superclass"": ""vnc_intrinsic"", ""weight"": 35}, {""bodyId"": ""803818"", ""type"": ""IN03A055"", ""superclass"": ""vnc_intrinsic"", ""weight"": 35}]"
male-cns:v1.0,822274,ltm MN,ltm MN_L,前脚筋群,fl,vnc_motor,L,T1,ProLN,Reviewed,ltm MN,long_tendon,long_tendon_pull_muscle1_or2_unresolved,anatomical_action_inferred,Azevedo 2024 Appendix A1 p4; A15-A16 pp38-40,data/leg_muscle_actions.csv,前脚筋地図と現型注釈による作用対応。T2/T3は分節間相同を含む。個別生理は未測定。,not_measured,106,360,"[{""bodyId"": ""800256"", ""type"": ""IN08A002"", ""superclass"": ""vnc_intrinsic"", ""weight"": 27}, {""bodyId"": ""808170"", ""type"": ""IN04A002"", ""superclass"": ""vnc_intrinsic"", ""weight"": 18}, {""bodyId"": ""800685"", ""type"": ""IN09A002"", ""superclass"": ""vnc_intrinsic"", ""weight"": 15}]"
male-cns:v1.0,822742,MNml80,MNml80_L,中脚筋群,ml,vnc_motor,L,T2,MesoLN,Reviewed,,unknown,unknown,muscle_unresolved,no_named_muscle_type,data/leg_muscle_actions.csv,前脚筋地図と現型注釈による作用対応。T2/T3は分節間相同を含む。個別生理は未測定。 旧MANC標的とのラベル差あり。legs/legacy_target_differences.csv参照。,not_measured,109,412,"[{""bodyId"": ""903510"", ""type"": ""IN19A030"", ""superclass"": ""vnc_intrinsic"", ""weight"": 39}, {""bodyId"": ""902617"", ""type"": ""IN13B012"", ""superclass"": ""vnc_intrinsic"", ""weight"": 33}, {""bodyId"": ""804897"", ""type"": ""IN13B080"", ""superclass"": ""vnc_intrinsic"", ""weight"": 27}]"
male-cns:v1.0,822945,Ti flexor MN,Ti flexor MN_L,後脚筋群,hl,vnc_motor,L,T3,MetaLN,Reviewed,Ti flexor MN,femur-tibia,flexion,anatomical_action_inferred,Azevedo 2024 Appendix A1 p3; A12 pp32-33,data/leg_muscle_actions.csv,前脚筋地図と現型注釈による作用対応。T2/T3は分節間相同を含む。個別生理は未測定。,not_measured,136,420,"[{""bodyId"": ""800102"", ""type"": ""IN03A004"", ""superclass"": ""vnc_intrinsic"", ""weight"": 32}, {""bodyId"": ""802751"", ""type"": ""IN12B018"", ""superclass"": ""vnc_intrinsic"", ""weight"": 23}, {""bodyId"": ""820881"", ""type"": ""IN21A004"", ""superclass"": ""vnc_intrinsic"", ""weight"": 21}]"
male-cns:v1.0,823132,Fe reductor MN,Fe reductor MN_R,中脚筋群,ml,vnc_motor,R,T2,MesoLN,Reviewed,Fe reductor MN,trochanter-femur,unknown,named_muscle_action_unresolved,Azevedo 2024 Appendix A1 p3; A10 pp29-30,data/leg_muscle_actions.csv,前脚筋地図と現型注釈による作用対応。T2/T3は分節間相同を含む。個別生理は未測定。,not_measured,113,246,"[{""bodyId"": ""905896"", ""type"": ""IN21A009"", ""superclass"": ""vnc_intrinsic"", ""weight"": 17}, {""bodyId"": ""908679"", ""type"": ""IN04B017"", ""superclass"": ""vnc_intrinsic"", ""weight"": 11}, {""bodyId"": ""800736"", ""type"": ""IN03A010"", ""superclass"": ""vnc_intrinsic"", ""weight"": 8}]"
male-cns:v1.0,823168,Tr flexor MN,Tr flexor MN_L,前脚筋群,fl,vnc_motor,L,T1,VProN,Reviewed,Tr flexor MN,coxa-trochanter,flexion,anatomical_action_inferred,Azevedo 2024 Appendix A1 p3; A7-A8 pp24-26,data/leg_muscle_actions.csv,前脚筋地図と現型注釈による作用対応。T2/T3は分節間相同を含む。個別生理は未測定。,not_measured,268,1368,"[{""bodyId"": ""802106"", ""type"": ""IN21A015"", ""superclass"": ""vnc_intrinsic"", ""weight"": 102}, {""bodyId"": ""800490"", ""type"": ""IN19A008"", ""superclass"": ""vnc_intrinsic"", ""weight"": 81}, {""bodyId"": ""800216"", ""type"": ""IN19B012"", ""superclass"": ""vnc_intrinsic"", ""weight"": 76}]"
male-cns:v1.0,823281,Tr flexor MN,Tr flexor MN_L,前脚筋群,fl,vnc_motor,L,T1,VProN,Reviewed,Tr flexor MN,coxa-trochanter,flexion,anatomical_action_inferred,Azevedo 2024 Appendix A1 p3; A7-A8 pp24-26,data/leg_muscle_actions.csv,前脚筋地図と現型注釈による作用対応。T2/T3は分節間相同を含む。個別生理は未測定。,not_measured,90,309,"[{""bodyId"": ""801822"", ""type"": ""IN21A010"", ""superclass"": ""vnc_intrinsic"", ""weight"": 27}, {""bodyId"": ""800216"", ""type"": ""IN19B012"", ""superclass"": ""vnc_intrinsic"", ""weight"": 25}, {""bodyId"": ""800490"", ""type"": ""IN19A008"", ""superclass"": ""vnc_intrinsic"", ""weight"": 18}]"
male-cns:v1.0,823405,ltm MN,ltm MN_L,後脚筋群,hl,vnc_motor,L,T3,MetaLN,Reviewed,ltm MN,long_tendon,long_tendon_pull_muscle1_or2_unresolved,anatomical_action_inferred,Azevedo 2024 Appendix A1 p4; A15-A16 pp38-40,data/leg_muscle_actions.csv,前脚筋地図と現型注釈による作用対応。T2/T3は分節間相同を含む。個別生理は未測定。 旧MANC標的とのラベル差あり。legs/legacy_target_differences.csv参照。,not_measured,78,214,"[{""bodyId"": ""902476"", ""type"": ""INXXX023"", ""superclass"": ""vnc_intrinsic"", ""weight"": 21}, {""bodyId"": ""808759"", ""type"": ""IN20A.22A023"", ""superclass"": ""vnc_intrinsic"", ""weight"": 20}, {""bodyId"": ""802213"", ""type"": ""IN19A030"", ""superclass"": ""vnc_intrinsic"", ""weight"": 14}]"
male-cns:v1.0,823665,Ti flexor MN,Ti flexor MN_R,後脚筋群,hl,vnc_motor,R,T3,MetaLN,Reviewed,Ti flexor MN,femur-tibia,flexion,anatomical_action_inferred,Azevedo 2024 Appendix A1 p3; A12 pp32-33,data/leg_muscle_actions.csv,前脚筋地図と現型注釈による作用対応。T2/T3は分節間相同を含む。個別生理は未測定。 旧MANC標的とのラベル差あり。legs/legacy_target_differences.csv参照。,not_measured,140,351,"[{""bodyId"": ""802010"", ""type"": ""IN19A030"", ""superclass"": ""vnc_intrinsic"", ""weight"": 27}, {""bodyId"": ""801258"", ""type"": ""IN13B012"", ""superclass"": ""vnc_intrinsic"", ""weight"": 16}, {""bodyId"": ""803659"", ""type"": ""IN16B041"", ""superclass"": ""vnc_intrinsic"", ""weight"": 15}]"
male-cns:v1.0,823739,Ti flexor MN,Ti flexor MN_L,中脚筋群,ml,vnc_motor,L,T2,MesoLN,Reviewed,Ti flexor MN,femur-tibia,flexion,anatomical_action_inferred,Azevedo 2024 Appendix A1 p3; A12 pp32-33,data/leg_muscle_actions.csv,前脚筋地図と現型注釈による作用対応。T2/T3は分節間相同を含む。個別生理は未測定。,not_measured,108,421,"[{""bodyId"": ""801054"", ""type"": ""IN21A004"", ""superclass"": ""vnc_intrinsic"", ""weight"": 29}, {""bodyId"": ""800492"", ""type"": ""IN03A004"", ""superclass"": ""vnc_intrinsic"", ""weight"": 26}, {""bodyId"": ""802944"", ""type"": ""IN12B018"", ""superclass"": ""vnc_intrinsic"", ""weight"": 21}]"
male-cns:v1.0,824041,Ti flexor MN,Ti flexor MN_L,中脚筋群,ml,vnc_motor,L,T2,MesoLN,Reviewed,Ti flexor MN,femur-tibia,flexion,anatomical_action_inferred,Azevedo 2024 Appendix A1 p3; A12 pp32-33,data/leg_muscle_actions.csv,前脚筋地図と現型注釈による作用対応。T2/T3は分節間相同を含む。個別生理は未測定。 旧MANC標的とのラベル差あり。legs/legacy_target_differences.csv参照。,not_measured,128,500,"[{""bodyId"": ""801091"", ""type"": ""IN21A002"", ""superclass"": ""vnc_intrinsic"", ""weight"": 37}, {""bodyId"": ""929268"", ""type"": ""IN21A006"", ""superclass"": ""vnc_intrinsic"", ""weight"": 31}, {""bodyId"": ""801054"", ""type"": ""IN21A004"", ""superclass"": ""vnc_intrinsic"", ""weight"": 27}]"
male-cns:v1.0,824104,ltm MN,ltm MN_L,後脚筋群,hl,vnc_motor,L,T3,MetaLN,Reviewed,ltm MN,long_tendon,long_tendon_pull_muscle1_or2_unresolved,anatomical_action_inferred,Azevedo 2024 Appendix A1 p4; A15-A16 pp38-40,data/leg_muscle_actions.csv,前脚筋地図と現型注釈による作用対応。T2/T3は分節間相同を含む。個別生理は未測定。,not_measured,81,300,"[{""bodyId"": ""800434"", ""type"": ""IN09A002"", ""superclass"": ""vnc_intrinsic"", ""weight"": 27}, {""bodyId"": ""808117"", ""type"": ""IN01A042"", ""superclass"": ""vnc_intrinsic"", ""weight"": 17}, {""bodyId"": ""903536"", ""type"": ""IN03A068"", ""superclass"": ""vnc_intrinsic"", ""weight"": 14}]"
male-cns:v1.0,824223,STTMm,STTMm_R,翅・胸部筋群,wm,vnc_motor,R,T2,PDMNp,Reviewed,small TTM-associated MN; TTM or intracoxal muscles 67/68 candidate,,未確定：TTM/基節内のdepressor・levator候補,candidate,AZE24,data/nonleg_muscle_evidence.csv,小型2MN/側は筋作用未確定。主TTMnの跳躍作用を転記しない。,not_measured,867,7252,"[{""bodyId"": ""933395"", ""type"": ""IN20A.22A001"", ""superclass"": ""vnc_intrinsic"", ""weight"": 235}, {""bodyId"": ""800466"", ""type"": ""IN20A.22A001"", ""superclass"": ""vnc_intrinsic"", ""weight"": 228}, {""bodyId"": ""902722"", ""type"": ""IN17A017"", ""superclass"": ""vnc_intrinsic"", ""weight"": 169}]"
male-cns:v1.0,824315,Tr flexor MN,Tr flexor MN_R,中脚筋群,ml,vnc_motor,R,T2,MesoLN,Reviewed,Tr flexor MN,coxa-trochanter,flexion,anatomical_action_inferred,Azevedo 2024 Appendix A1 p3; A7-A8 pp24-26,data/leg_muscle_actions.csv,前脚筋地図と現型注釈による作用対応。T2/T3は分節間相同を含む。個別生理は未測定。,not_measured,441,4745,"[{""bodyId"": ""801032"", ""type"": ""IN21A015"", ""superclass"": ""vnc_intrinsic"", ""weight"": 230}, {""bodyId"": ""800194"", ""type"": ""IN13A010"", ""superclass"": ""vnc_intrinsic"", ""weight"": 227}, {""bodyId"": ""800304"", ""type"": ""IN19A008"", ""superclass"": ""vnc_intrinsic"", ""weight"": 193}]"
male-cns:v1.0,824689,ltm MN,ltm MN_L,中脚筋群,ml,vnc_motor,L,T2,MesoLN,Reviewed,ltm MN,long_tendon,long_tendon_pull_muscle1_or2_unresolved,anatomical_action_inferred,Azevedo 2024 Appendix A1 p4; A15-A16 pp38-40,data/leg_muscle_actions.csv,前脚筋地図と現型注釈による作用対応。T2/T3は分節間相同を含む。個別生理は未測定。 旧MANC標的とのラベル差あり。legs/legacy_target_differences.csv参照。,not_measured,39,107,"[{""bodyId"": ""800081"", ""type"": ""IN08A002"", ""superclass"": ""vnc_intrinsic"", ""weight"": 15}, {""bodyId"": ""801103"", ""type"": ""IN21A008"", ""superclass"": ""vnc_intrinsic"", ""weight"": 9}, {""bodyId"": ""907421"", ""type"": ""IN04A002"", ""superclass"": ""vnc_intrinsic"", ""weight"": 9}]"
male-cns:v1.0,824997,ltm MN,ltm MN_R,中脚筋群,ml,vnc_motor,R,T2,MesoLN,Reviewed,ltm MN,long_tendon,long_tendon_pull_muscle1_or2_unresolved,anatomical_action_inferred,Azevedo 2024 Appendix A1 p4; A15-A16 pp38-40,data/leg_muscle_actions.csv,前脚筋地図と現型注釈による作用対応。T2/T3は分節間相同を含む。個別生理は未測定。 旧MANC標的とのラベル差あり。legs/legacy_target_differences.csv参照。,not_measured,60,169,"[{""bodyId"": ""10734"", ""type"": ""DNg93"", ""superclass"": ""descending_neuron"", ""weight"": 16}, {""bodyId"": ""801584"", ""type"": ""IN21A008"", ""superclass"": ""vnc_intrinsic"", ""weight"": 15}, {""bodyId"": ""800318"", ""type"": ""IN08A002"", ""superclass"": ""vnc_intrinsic"", ""weight"": 14}]"
male-cns:v1.0,825485,Acc. ti flexor MN,Acc. ti flexor MN_L,中脚筋群,ml,vnc_motor,L,T2,MesoLN,Reviewed,Acc. ti flexor MN,femur-tibia,flexion,anatomical_action_inferred,Azevedo 2024 Appendix A1 pp3-4; A13-A14 pp34-37,data/leg_muscle_actions.csv,前脚筋地図と現型注釈による作用対応。T2/T3は分節間相同を含む。個別生理は未測定。,not_measured,77,190,"[{""bodyId"": ""929268"", ""type"": ""IN21A006"", ""superclass"": ""vnc_intrinsic"", ""weight"": 18}, {""bodyId"": ""801091"", ""type"": ""IN21A002"", ""superclass"": ""vnc_intrinsic"", ""weight"": 12}, {""bodyId"": ""801385"", ""type"": ""IN18B005"", ""superclass"": ""vnc_intrinsic"", ""weight"": 12}]"
male-cns:v1.0,825516,Acc. ti flexor MN,Acc. ti flexor MN_L,前脚筋群,fl,vnc_motor,L,T1,ProLN,Reviewed,Acc. ti flexor MN,femur-tibia,flexion,anatomical_action_inferred,Azevedo 2024 Appendix A1 pp3-4; A13-A14 pp34-37,data/leg_muscle_actions.csv,前脚筋地図と現型注釈による作用対応。T2/T3は分節間相同を含む。個別生理は未測定。 旧MANC標的とのラベル差あり。legs/legacy_target_differences.csv参照。,not_measured,108,323,"[{""bodyId"": ""1054019402"", ""type"": ""IN16B076"", ""superclass"": ""vnc_intrinsic"", ""weight"": 25}, {""bodyId"": ""800565"", ""type"": ""IN18B008"", ""superclass"": ""vnc_intrinsic"", ""weight"": 22}, {""bodyId"": ""808506"", ""type"": ""IN16B070"", ""superclass"": ""vnc_intrinsic"", ""weight"": 17}]"
male-cns:v1.0,825681,ltm MN,ltm MN_L,中脚筋群,ml,vnc_motor,L,T2,MesoLN,Reviewed,ltm MN,long_tendon,long_tendon_pull_muscle1_or2_unresolved,anatomical_action_inferred,Azevedo 2024 Appendix A1 p4; A15-A16 pp38-40,data/leg_muscle_actions.csv,前脚筋地図と現型注釈による作用対応。T2/T3は分節間相同を含む。個別生理は未測定。 旧MANC標的とのラベル差あり。legs/legacy_target_differences.csv参照。,not_measured,207,864,"[{""bodyId"": ""800081"", ""type"": ""IN08A002"", ""superclass"": ""vnc_intrinsic"", ""weight"": 66}, {""bodyId"": ""801103"", ""type"": ""IN21A008"", ""superclass"": ""vnc_intrinsic"", ""weight"": 51}, {""bodyId"": ""800296"", ""type"": ""IN09A002"", ""superclass"": ""vnc_intrinsic"", ""weight"": 37}]"
male-cns:v1.0,825721,Ta depressor MN,Ta depressor MN_R,前脚筋群,fl,vnc_motor,R,T1,ProLN,Reviewed,Ta depressor MN,tibia-tarsus,extension_push_from_substrate,anatomical_action_inferred,Azevedo 2024 Appendix A1 p4; A17 pp41-42,data/leg_muscle_actions.csv,前脚筋地図と現型注釈による作用対応。T2/T3は分節間相同を含む。個別生理は未測定。,not_measured,89,215,"[{""bodyId"": ""806109"", ""type"": ""IN14B011"", ""superclass"": ""vnc_intrinsic"", ""weight"": 22}, {""bodyId"": ""13570"", ""type"": ""DNge063"", ""superclass"": ""descending_neuron"", ""weight"": 17}, {""bodyId"": ""805442"", ""type"": ""IN14B011"", ""superclass"": ""vnc_intrinsic"", ""weight"": 15}]"
male-cns:v1.0,825991,MNad21,MNad21_L,腹部筋群,ad,vnc_motor,L,A2,AbN3,Reviewed,unassigned,,腹部/尾端注釈のみ。具体的筋/作用未同定,annotation_only,MANC;BANC26,data/nonleg_muscle_evidence.csv,型名/出神経のみから具体的筋や作用を推定しない。,not_measured,210,1668,"[{""bodyId"": ""17367"", ""type"": ""DNp65"", ""superclass"": ""descending_neuron"", ""weight"": 150}, {""bodyId"": ""14029"", ""type"": ""DNp65"", ""superclass"": ""descending_neuron"", ""weight"": 144}, {""bodyId"": ""28653"", ""type"": ""ANXXX136"", ""superclass"": ""ascending_neuron"", ""weight"": 125}]"
male-cns:v1.0,826996,ltm2-femur MN,ltm2-femur MN_L,中脚筋群,ml,vnc_motor,L,T2,MesoLN,Reviewed,ltm2-femur MN,long_tendon,long_tendon_pull_femur_muscle,anatomical_action_inferred,Azevedo 2024 Appendix A1 p4; A15-A16 pp38-40,data/leg_muscle_actions.csv,前脚筋地図と現型注釈による作用対応。T2/T3は分節間相同を含む。個別生理は未測定。 旧MANC標的とのラベル差あり。legs/legacy_target_differences.csv参照。,not_measured,118,367,"[{""bodyId"": ""800081"", ""type"": ""IN08A002"", ""superclass"": ""vnc_intrinsic"", ""weight"": 30}, {""bodyId"": ""10717"", ""type"": ""DNg93"", ""superclass"": ""descending_neuron"", ""weight"": 29}, {""bodyId"": ""10433"", ""type"": ""DNp10"", ""superclass"": ""descending_neuron"", ""weight"": 18}]"
male-cns:v1.0,827188,Ti flexor MN,Ti flexor MN_R,前脚筋群,fl,vnc_motor,R,T1,ProLN,Reviewed,Ti flexor MN,femur-tibia,flexion,anatomical_action_inferred,Azevedo 2024 Appendix A1 p3; A12 pp32-33,data/leg_muscle_actions.csv,前脚筋地図と現型注釈による作用対応。T2/T3は分節間相同を含む。個別生理は未測定。,not_measured,111,340,"[{""bodyId"": ""800371"", ""type"": ""IN21A002"", ""superclass"": ""vnc_intrinsic"", ""weight"": 40}, {""bodyId"": ""807545"", ""type"": ""IN14A004"", ""superclass"": ""vnc_intrinsic"", ""weight"": 18}, {""bodyId"": ""800549"", ""type"": ""IN21A004"", ""superclass"": ""vnc_intrinsic"", ""weight"": 14}]"
male-cns:v1.0,827968,Ti flexor MN,Ti flexor MN_R,後脚筋群,hl,vnc_motor,R,T3,MetaLN,Reviewed,Ti flexor MN,femur-tibia,flexion,anatomical_action_inferred,Azevedo 2024 Appendix A1 p3; A12 pp32-33,data/leg_muscle_actions.csv,前脚筋地図と現型注釈による作用対応。T2/T3は分節間相同を含む。個別生理は未測定。,not_measured,114,466,"[{""bodyId"": ""800793"", ""type"": ""IN21A004"", ""superclass"": ""vnc_intrinsic"", ""weight"": 39}, {""bodyId"": ""800976"", ""type"": ""IN21A002"", ""superclass"": ""vnc_intrinsic"", ""weight"": 39}, {""bodyId"": ""802843"", ""type"": ""IN12B018"", ""superclass"": ""vnc_intrinsic"", ""weight"": 28}]"
male-cns:v1.0,828238,,,後脚筋群,hl,vnc_motor,R,T3,MetaLN,Reviewed,,unknown,unknown,muscle_unresolved,no_named_muscle_type,data/leg_muscle_actions.csv,前脚筋地図と現型注釈による作用対応。T2/T3は分節間相同を含む。個別生理は未測定。,not_measured,141,436,"[{""bodyId"": ""800562"", ""type"": ""IN07B001"", ""superclass"": ""vnc_intrinsic"", ""weight"": 30}, {""bodyId"": ""10038"", ""type"": ""pIP1"", ""superclass"": ""descending_neuron"", ""weight"": 25}, {""bodyId"": ""10544"", ""type"": ""DNg88"", ""superclass"": ""descending_neuron"", ""weight"": 18}]"
male-cns:v1.0,828939,Tr flexor MN,Tr flexor MN_L,前脚筋群,fl,vnc_motor,L,T1,ProLN,Reviewed,Tr flexor MN,coxa-trochanter,flexion,anatomical_action_inferred,Azevedo 2024 Appendix A1 p3; A7-A8 pp24-26,data/leg_muscle_actions.csv,前脚筋地図と現型注釈による作用対応。T2/T3は分節間相同を含む。個別生理は未測定。,not_measured,148,574,"[{""bodyId"": ""800490"", ""type"": ""IN19A008"", ""superclass"": ""vnc_intrinsic"", ""weight"": 42}, {""bodyId"": ""800216"", ""type"": ""IN19B012"", ""superclass"": ""vnc_intrinsic"", ""weight"": 35}, {""bodyId"": ""800863"", ""type"": ""INXXX466"", ""superclass"": ""vnc_intrinsic"", ""weight"": 35}]"
male-cns:v1.0,828978,Sternotrochanter MN,Sternotrochanter MN_L,後脚筋群,hl,vnc_motor,L,T3,MetaLN,Reviewed,Sternotrochanter MN,coxa-trochanter,extension,anatomical_action_inferred,Azevedo 2024 Appendix A1 p3; A6 pp22-23,data/leg_muscle_actions.csv,前脚筋地図と現型注釈による作用対応。T2/T3は分節間相同を含む。個別生理は未測定。,not_measured,289,1355,"[{""bodyId"": ""800188"", ""type"": ""IN19A010"", ""superclass"": ""vnc_intrinsic"", ""weight"": 71}, {""bodyId"": ""800263"", ""type"": ""IN20A.22A001"", ""superclass"": ""vnc_intrinsic"", ""weight"": 59}, {""bodyId"": ""10717"", ""type"": ""DNg93"", ""superclass"": ""descending_neuron"", ""weight"": 45}]"
male-cns:v1.0,829873,Acc. ti flexor MN,Acc. ti flexor MN_L,後脚筋群,hl,vnc_motor,L,T3,MetaLN,Reviewed,Acc. ti flexor MN,femur-tibia,flexion,anatomical_action_inferred,Azevedo 2024 Appendix A1 pp3-4; A13-A14 pp34-37,data/leg_muscle_actions.csv,前脚筋地図と現型注釈による作用対応。T2/T3は分節間相同を含む。個別生理は未測定。,not_measured,86,196,"[{""bodyId"": ""800586"", ""type"": ""IN09A003"", ""superclass"": ""vnc_intrinsic"", ""weight"": 13}, {""bodyId"": ""802755"", ""type"": ""IN19A031"", ""superclass"": ""vnc_intrinsic"", ""weight"": 12}, {""bodyId"": ""550221"", ""type"": ""DNg69"", ""superclass"": ""descending_neuron"", ""weight"": 11}]"
male-cns:v1.0,830039,ltm2-femur MN,ltm2-femur MN_R,前脚筋群,fl,vnc_motor,R,T1,ProLN,Reviewed,ltm2-femur MN,long_tendon,long_tendon_pull_femur_muscle,anatomical_action_inferred,Azevedo 2024 Appendix A1 p4; A15-A16 pp38-40,data/leg_muscle_actions.csv,前脚筋地図と現型注釈による作用対応。T2/T3は分節間相同を含む。個別生理は未測定。,not_measured,131,306,"[{""bodyId"": ""803175"", ""type"": ""IN21A020"", ""superclass"": ""vnc_intrinsic"", ""weight"": 20}, {""bodyId"": ""805404"", ""type"": ""IN16B041"", ""superclass"": ""vnc_intrinsic"", ""weight"": 13}, {""bodyId"": ""807523"", ""type"": ""IN21A028"", ""superclass"": ""vnc_intrinsic"", ""weight"": 13}]"
male-cns:v1.0,830480,Acc. ti flexor MN,Acc. ti flexor MN_L,中脚筋群,ml,vnc_motor,L,T2,MesoLN,Reviewed,Acc. ti flexor MN,femur-tibia,flexion,anatomical_action_inferred,Azevedo 2024 Appendix A1 pp3-4; A13-A14 pp34-37,data/leg_muscle_actions.csv,前脚筋地図と現型注釈による作用対応。T2/T3は分節間相同を含む。個別生理は未測定。,not_measured,122,349,"[{""bodyId"": ""801091"", ""type"": ""IN21A002"", ""superclass"": ""vnc_intrinsic"", ""weight"": 24}, {""bodyId"": ""902825"", ""type"": ""IN21A022"", ""superclass"": ""vnc_intrinsic"", ""weight"": 12}, {""bodyId"": ""801860"", ""type"": ""INXXX471"", ""superclass"": ""vnc_intrinsic"", ""weight"": 11}]"
male-cns:v1.0,830514,Ti extensor MN,Ti extensor MN_R,中脚筋群,ml,vnc_motor,R,T2,MesoLN,Reviewed,Ti extensor MN,femur-tibia,extension,anatomical_action_inferred,Azevedo 2024 Appendix A1 p3; A11 p31,data/leg_muscle_actions.csv,前脚筋地図と現型注釈による作用対応。T2/T3は分節間相同を含む。個別生理は未測定。,not_measured,720,9065,"[{""bodyId"": ""800497"", ""type"": ""IN19A005"", ""superclass"": ""vnc_intrinsic"", ""weight"": 500}, {""bodyId"": ""801610"", ""type"": ""IN13A006"", ""superclass"": ""vnc_intrinsic"", ""weight"": 410}, {""bodyId"": ""800069"", ""type"": ""IN08A007"", ""superclass"": ""vnc_intrinsic"", ""weight"": 367}]"
male-cns:v1.0,830847,STTMm,STTMm_L,翅・胸部筋群,wm,vnc_motor,L,T2,PDMNp,Reviewed,small TTM-associated MN; TTM or intracoxal muscles 67/68 candidate,,未確定：TTM/基節内のdepressor・levator候補,candidate,AZE24,data/nonleg_muscle_evidence.csv,小型2MN/側は筋作用未確定。主TTMnの跳躍作用を転記しない。,not_measured,881,8273,"[{""bodyId"": ""904685"", ""type"": ""IN13A001"", ""superclass"": ""vnc_intrinsic"", ""weight"": 268}, {""bodyId"": ""800756"", ""type"": ""IN20A.22A001"", ""superclass"": ""vnc_intrinsic"", ""weight"": 249}, {""bodyId"": ""801087"", ""type"": ""IN17A017"", ""superclass"": ""vnc_intrinsic"", ""weight"": 228}]"
male-cns:v1.0,832490,Sternal anterior rotator MN,Sternal anterior rotator MN_L,中脚筋群,ml,vnc_motor,L,T2,MesoLN,Reviewed,Sternal anterior rotator MN,thorax-coxa,coxa_anterior_movement,anatomical_action_inferred,Azevedo 2024 Appendix A1 p3; A3 p17,data/leg_muscle_actions.csv,前脚筋地図と現型注釈による作用対応。T2/T3は分節間相同を含む。個別生理は未測定。,not_measured,639,5840,"[{""bodyId"": ""800032"", ""type"": ""IN21A001"", ""superclass"": ""vnc_intrinsic"", ""weight"": 393}, {""bodyId"": ""800511"", ""type"": ""IN08A006"", ""superclass"": ""vnc_intrinsic"", ""weight"": 292}, {""bodyId"": ""801554"", ""type"": ""IN16B022"", ""superclass"": ""vnc_intrinsic"", ""weight"": 175}]"
male-cns:v1.0,833140,Acc. ti flexor MN,Acc. ti flexor MN_R,前脚筋群,fl,vnc_motor,R,T1,ProLN,Reviewed,Acc. ti flexor MN,femur-tibia,flexion,anatomical_action_inferred,Azevedo 2024 Appendix A1 pp3-4; A13-A14 pp34-37,data/leg_muscle_actions.csv,前脚筋地図と現型注釈による作用対応。T2/T3は分節間相同を含む。個別生理は未測定。 旧MANC標的とのラベル差あり。legs/legacy_target_differences.csv参照。,not_measured,112,231,"[{""bodyId"": ""903652"", ""type"": ""IN13B012"", ""superclass"": ""vnc_intrinsic"", ""weight"": 16}, {""bodyId"": ""10734"", ""type"": ""DNg93"", ""superclass"": ""descending_neuron"", ""weight"": 12}, {""bodyId"": ""804721"", ""type"": ""IN03A028"", ""superclass"": ""vnc_intrinsic"", ""weight"": 12}]"
male-cns:v1.0,833211,"MNad18,MNad27","MNad18,MNad27_L",腹部筋群,ad,vnc_motor,L,A1,AbN2,Reviewed,unassigned,,腹部/尾端注釈のみ。具体的筋/作用未同定,annotation_only,MANC;BANC26,data/nonleg_muscle_evidence.csv,型名/出神経のみから具体的筋や作用を推定しない。,not_measured,103,810,"[{""bodyId"": ""512461"", ""type"": ""DNge172"", ""superclass"": ""descending_neuron"", ""weight"": 67}, {""bodyId"": ""12134"", ""type"": ""DNp58"", ""superclass"": ""descending_neuron"", ""weight"": 57}, {""bodyId"": ""17367"", ""type"": ""DNp65"", ""superclass"": ""descending_neuron"", ""weight"": 56}]"
male-cns:v1.0,834952,"MNnm07,MNnm12","MNnm07,MNnm12_R",頸筋群,nm,vnc_motor,R,T1,DProN,Reviewed,unassigned,,頸部注釈のみ。具体的筋/作用未同定,annotation_only,GOR24;BANC26,data/nonleg_muscle_evidence.csv,型名/出神経のみから具体的筋や作用を推定しない。,not_measured,257,1112,"[{""bodyId"": ""13758"", ""type"": ""AN06B040"", ""superclass"": ""ascending_neuron"", ""weight"": 56}, {""bodyId"": ""47277"", ""type"": ""AN11B008"", ""superclass"": ""ascending_neuron"", ""weight"": 55}, {""bodyId"": ""905602"", ""type"": ""IN02A019"", ""superclass"": ""vnc_intrinsic"", ""weight"": 45}]"
male-cns:v1.0,835074,Fe reductor MN,Fe reductor MN_R,前脚筋群,fl,vnc_motor,R,T1,VProN,Reviewed,Fe reductor MN,trochanter-femur,unknown,named_muscle_action_unresolved,Azevedo 2024 Appendix A1 p3; A10 pp29-30,data/leg_muscle_actions.csv,前脚筋地図と現型注釈による作用対応。T2/T3は分節間相同を含む。個別生理は未測定。,not_measured,49,103,"[{""bodyId"": ""805699"", ""type"": ""IN08A036"", ""superclass"": ""vnc_intrinsic"", ""weight"": 11}, {""bodyId"": ""908602"", ""type"": ""IN08A036"", ""superclass"": ""vnc_intrinsic"", ""weight"": 9}, {""bodyId"": ""801509"", ""type"": ""IN09A010"", ""superclass"": ""vnc_intrinsic"", ""weight"": 6}]"
male-cns:v1.0,837745,Acc. ti flexor MN,Acc. ti flexor MN_R,前脚筋群,fl,vnc_motor,R,T1,ProLN,Reviewed,Acc. ti flexor MN,femur-tibia,flexion,anatomical_action_inferred,Azevedo 2024 Appendix A1 pp3-4; A13-A14 pp34-37,data/leg_muscle_actions.csv,前脚筋地図と現型注釈による作用対応。T2/T3は分節間相同を含む。個別生理は未測定。,not_measured,90,186,"[{""bodyId"": ""911166"", ""type"": ""IN19A030"", ""superclass"": ""vnc_intrinsic"", ""weight"": 17}, {""bodyId"": ""10734"", ""type"": ""DNg93"", ""superclass"": ""descending_neuron"", ""weight"": 10}, {""bodyId"": ""815828"", ""type"": null, ""superclass"": ""vnc_intrinsic"", ""weight"": 7}]"
male-cns:v1.0,838321,Tr extensor MN,Tr extensor MN_R,前脚筋群,fl,vnc_motor,R,T1,ProAN,Reviewed,Tr extensor MN,coxa-trochanter,extension,anatomical_action_inferred,Azevedo 2024 Appendix A1 p3; A6 pp22-23,data/leg_muscle_actions.csv,前脚筋地図と現型注釈による作用対応。T2/T3は分節間相同を含む。個別生理は未測定。,not_measured,439,2470,"[{""bodyId"": ""801283"", ""type"": ""IN16B020"", ""superclass"": ""vnc_intrinsic"", ""weight"": 173}, {""bodyId"": ""903500"", ""type"": ""IN20A.22A001"", ""superclass"": ""vnc_intrinsic"", ""weight"": 94}, {""bodyId"": ""907751"", ""type"": ""IN20A.22A001"", ""superclass"": ""vnc_intrinsic"", ""weight"": 78}]"
male-cns:v1.0,840530,Tr extensor MN,Tr extensor MN_R,中脚筋群,ml,vnc_motor,R,T2,MesoLN,Reviewed,Tr extensor MN,coxa-trochanter,extension,anatomical_action_inferred,Azevedo 2024 Appendix A1 p3; A6 pp22-23,data/leg_muscle_actions.csv,前脚筋地図と現型注釈による作用対応。T2/T3は分節間相同を含む。個別生理は未測定。,not_measured,150,476,"[{""bodyId"": ""800106"", ""type"": ""IN16B020"", ""superclass"": ""vnc_intrinsic"", ""weight"": 26}, {""bodyId"": ""800466"", ""type"": ""IN20A.22A001"", ""superclass"": ""vnc_intrinsic"", ""weight"": 22}, {""bodyId"": ""802324"", ""type"": ""IN13B006"", ""superclass"": ""vnc_intrinsic"", ""weight"": 18}]"
male-cns:v1.0,840740,Ti flexor MN,Ti flexor MN_R,後脚筋群,hl,vnc_motor,R,T3,MetaLN,Reviewed,Ti flexor MN,femur-tibia,flexion,anatomical_action_inferred,Azevedo 2024 Appendix A1 p3; A12 pp32-33,data/leg_muscle_actions.csv,前脚筋地図と現型注釈による作用対応。T2/T3は分節間相同を含む。個別生理は未測定。 旧MANC標的とのラベル差あり。legs/legacy_target_differences.csv参照。,not_measured,120,338,"[{""bodyId"": ""801258"", ""type"": ""IN13B012"", ""superclass"": ""vnc_intrinsic"", ""weight"": 25}, {""bodyId"": ""802010"", ""type"": ""IN19A030"", ""superclass"": ""vnc_intrinsic"", ""weight"": 24}, {""bodyId"": ""802481"", ""type"": ""IN20A.22A008"", ""superclass"": ""vnc_intrinsic"", ""weight"": 19}]"
male-cns:v1.0,840981,Tr extensor MN,Tr extensor MN_L,後脚筋群,hl,vnc_motor,L,T3,MetaLN,Reviewed,Tr extensor MN,coxa-trochanter,extension,anatomical_action_inferred,Azevedo 2024 Appendix A1 p3; A6 pp22-23,data/leg_muscle_actions.csv,前脚筋地図と現型注釈による作用対応。T2/T3は分節間相同を含む。個別生理は未測定。,not_measured,175,544,"[{""bodyId"": ""800387"", ""type"": ""IN16B020"", ""superclass"": ""vnc_intrinsic"", ""weight"": 38}, {""bodyId"": ""800095"", ""type"": ""IN20A.22A001"", ""superclass"": ""vnc_intrinsic"", ""weight"": 35}, {""bodyId"": ""800263"", ""type"": ""IN20A.22A001"", ""superclass"": ""vnc_intrinsic"", ""weight"": 33}]"
male-cns:v1.0,843389,Acc. ti flexor MN,Acc. ti flexor MN_L,後脚筋群,hl,vnc_motor,L,T3,MetaLN,Reviewed,Acc. ti flexor MN,femur-tibia,flexion,anatomical_action_inferred,Azevedo 2024 Appendix A1 pp3-4; A13-A14 pp34-37,data/leg_muscle_actions.csv,前脚筋地図と現型注釈による作用対応。T2/T3は分節間相同を含む。個別生理は未測定。 旧MANC標的とのラベル差あり。legs/legacy_target_differences.csv参照。,not_measured,107,290,"[{""bodyId"": ""904587"", ""type"": ""IN07B001"", ""superclass"": ""vnc_intrinsic"", ""weight"": 20}, {""bodyId"": ""802553"", ""type"": ""IN21A021"", ""superclass"": ""vnc_intrinsic"", ""weight"": 19}, {""bodyId"": ""10717"", ""type"": ""DNg93"", ""superclass"": ""descending_neuron"", ""weight"": 16}]"
male-cns:v1.0,852673,ltm2-femur MN,ltm2-femur MN_R,中脚筋群,ml,vnc_motor,R,T2,MesoLN,Reviewed,ltm2-femur MN,long_tendon,long_tendon_pull_femur_muscle,anatomical_action_inferred,Azevedo 2024 Appendix A1 p4; A15-A16 pp38-40,data/leg_muscle_actions.csv,前脚筋地図と現型注釈による作用対応。T2/T3は分節間相同を含む。個別生理は未測定。 旧MANC標的とのラベル差あり。legs/legacy_target_differences.csv参照。,not_measured,93,209,"[{""bodyId"": ""10734"", ""type"": ""DNg93"", ""superclass"": ""descending_neuron"", ""weight"": 14}, {""bodyId"": ""800918"", ""type"": ""IN19A029"", ""superclass"": ""vnc_intrinsic"", ""weight"": 11}, {""bodyId"": ""800318"", ""type"": ""IN08A002"", ""superclass"": ""vnc_intrinsic"", ""weight"": 8}]"
male-cns:v1.0,852881,,,後脚筋群,hl,vnc_motor,R,T3,MetaLN,Reviewed,,unknown,unknown,muscle_unresolved,no_named_muscle_type,data/leg_muscle_actions.csv,前脚筋地図と現型注釈による作用対応。T2/T3は分節間相同を含む。個別生理は未測定。 旧MANC標的とのラベル差あり。legs/legacy_target_differences.csv参照。,not_measured,45,77,"[{""bodyId"": ""806377"", ""type"": ""IN03A070"", ""superclass"": ""vnc_intrinsic"", ""weight"": 7}, {""bodyId"": ""906414"", ""type"": ""IN03A070"", ""superclass"": ""vnc_intrinsic"", ""weight"": 7}, {""bodyId"": ""801156"", ""type"": ""IN19B027"", ""superclass"": ""vnc_intrinsic"", ""weight"": 5}]"
male-cns:v1.0,853504,"MNnm07,MNnm12","MNnm07,MNnm12_L",頸筋群,nm,vnc_motor,L,T1,DProN,Reviewed,unassigned,,頸部注釈のみ。具体的筋/作用未同定,annotation_only,GOR24;BANC26,data/nonleg_muscle_evidence.csv,型名/出神経のみから具体的筋や作用を推定しない。,not_measured,266,2086,"[{""bodyId"": ""19124"", ""type"": ""AN03A002"", ""superclass"": ""ascending_neuron"", ""weight"": 153}, {""bodyId"": ""14278"", ""type"": ""DNg73"", ""superclass"": ""descending_neuron"", ""weight"": 84}, {""bodyId"": ""69759"", ""type"": ""AN11B008"", ""superclass"": ""ascending_neuron"", ""weight"": 82}]"
male-cns:v1.0,856359,Sternotrochanter MN,Sternotrochanter MN_R,中脚筋群,ml,vnc_motor,R,T2,MesoLN,Reviewed,Sternotrochanter MN,coxa-trochanter,extension,anatomical_action_inferred,Azevedo 2024 Appendix A1 p3; A6 pp22-23,data/leg_muscle_actions.csv,前脚筋地図と現型注釈による作用対応。T2/T3は分節間相同を含む。個別生理は未測定。,not_measured,812,7938,"[{""bodyId"": ""800106"", ""type"": ""IN16B020"", ""superclass"": ""vnc_intrinsic"", ""weight"": 338}, {""bodyId"": ""800466"", ""type"": ""IN20A.22A001"", ""superclass"": ""vnc_intrinsic"", ""weight"": 175}, {""bodyId"": ""933395"", ""type"": ""IN20A.22A001"", ""superclass"": ""vnc_intrinsic"", ""weight"": 168}]"
male-cns:v1.0,857751,ltm2-femur MN,ltm2-femur MN_L,後脚筋群,hl,vnc_motor,L,T3,MetaLN,Reviewed,ltm2-femur MN,long_tendon,long_tendon_pull_femur_muscle,anatomical_action_inferred,Azevedo 2024 Appendix A1 p4; A15-A16 pp38-40,data/leg_muscle_actions.csv,前脚筋地図と現型注釈による作用対応。T2/T3は分節間相同を含む。個別生理は未測定。,not_measured,112,272,"[{""bodyId"": ""903604"", ""type"": ""IN08A002"", ""superclass"": ""vnc_intrinsic"", ""weight"": 27}, {""bodyId"": ""10717"", ""type"": ""DNg93"", ""superclass"": ""descending_neuron"", ""weight"": 12}, {""bodyId"": ""801195"", ""type"": ""IN21A020"", ""superclass"": ""vnc_intrinsic"", ""weight"": 12}]"
male-cns:v1.0,858248,ltm1-tibia MN,ltm1-tibia MN_L,後脚筋群,hl,vnc_motor,L,T3,MetaLN,Reviewed,ltm1-tibia MN,long_tendon,long_tendon_pull_tibia_muscle,anatomical_action_inferred,Azevedo 2024 Appendix A1 p4; A15-A16 pp38-40,data/leg_muscle_actions.csv,前脚筋地図と現型注釈による作用対応。T2/T3は分節間相同を含む。個別生理は未測定。,not_measured,114,348,"[{""bodyId"": ""13873"", ""type"": ""DNa14"", ""superclass"": ""descending_neuron"", ""weight"": 23}, {""bodyId"": ""903604"", ""type"": ""IN08A002"", ""superclass"": ""vnc_intrinsic"", ""weight"": 21}, {""bodyId"": ""802043"", ""type"": ""IN19A029"", ""superclass"": ""vnc_intrinsic"", ""weight"": 17}]"
male-cns:v1.0,860084,ltm MN,ltm MN_R,前脚筋群,fl,vnc_motor,R,T1,ProLN,Reviewed,ltm MN,long_tendon,long_tendon_pull_muscle1_or2_unresolved,anatomical_action_inferred,Azevedo 2024 Appendix A1 p4; A15-A16 pp38-40,data/leg_muscle_actions.csv,前脚筋地図と現型注釈による作用対応。T2/T3は分節間相同を含む。個別生理は未測定。,not_measured,79,226,"[{""bodyId"": ""800353"", ""type"": ""IN08A002"", ""superclass"": ""vnc_intrinsic"", ""weight"": 22}, {""bodyId"": ""805404"", ""type"": ""IN16B041"", ""superclass"": ""vnc_intrinsic"", ""weight"": 13}, {""bodyId"": ""909865"", ""type"": ""IN19A064"", ""superclass"": ""vnc_intrinsic"", ""weight"": 10}]"
male-cns:v1.0,867630,Acc. ti flexor MN,Acc. ti flexor MN_L,前脚筋群,fl,vnc_motor,L,T1,ProLN,Reviewed,Acc. ti flexor MN,femur-tibia,flexion,anatomical_action_inferred,Azevedo 2024 Appendix A1 pp3-4; A13-A14 pp34-37,data/leg_muscle_actions.csv,前脚筋地図と現型注釈による作用対応。T2/T3は分節間相同を含む。個別生理は未測定。 旧MANC標的とのラベル差あり。legs/legacy_target_differences.csv参照。,not_measured,69,141,"[{""bodyId"": ""800685"", ""type"": ""IN09A002"", ""superclass"": ""vnc_intrinsic"", ""weight"": 9}, {""bodyId"": ""56138"", ""type"": ""AN19B009"", ""superclass"": ""ascending_neuron"", ""weight"": 8}, {""bodyId"": ""801261"", ""type"": ""IN19B005"", ""superclass"": ""vnc_intrinsic"", ""weight"": 8}]"
male-cns:v1.0,867926,Acc. tr flexor MN,Acc. tr flexor MN_R,中脚筋群,ml,vnc_motor,R,T2,MesoLN,Reviewed,Acc. tr flexor MN,coxa-trochanter,flexion,anatomical_action_inferred,Azevedo 2024 Appendix A1 p3; A9 pp27-28,data/leg_muscle_actions.csv,前脚筋地図と現型注釈による作用対応。T2/T3は分節間相同を含む。個別生理は未測定。 旧MANC標的とのラベル差あり。legs/legacy_target_differences.csv参照。,not_measured,54,129,"[{""bodyId"": ""800304"", ""type"": ""IN19A008"", ""superclass"": ""vnc_intrinsic"", ""weight"": 8}, {""bodyId"": ""801296"", ""type"": ""IN16B016"", ""superclass"": ""vnc_intrinsic"", ""weight"": 8}, {""bodyId"": ""15063"", ""type"": ""DNg50"", ""superclass"": ""descending_neuron"", ""weight"": 6}]"
male-cns:v1.0,869369,MNhl65,MNhl65_R,後脚筋群,hl,vnc_motor,R,T3,MetaLN,Reviewed,,unknown,unknown,muscle_unresolved,no_named_muscle_type,data/leg_muscle_actions.csv,前脚筋地図と現型注釈による作用対応。T2/T3は分節間相同を含む。個別生理は未測定。 旧MANC標的とのラベル差あり。legs/legacy_target_differences.csv参照。,not_measured,200,717,"[{""bodyId"": ""802272"", ""type"": ""IN03B031"", ""superclass"": ""vnc_intrinsic"", ""weight"": 66}, {""bodyId"": ""800334"", ""type"": ""IN17A007"", ""superclass"": ""vnc_intrinsic"", ""weight"": 26}, {""bodyId"": ""905618"", ""type"": ""IN21A021"", ""superclass"": ""vnc_intrinsic"", ""weight"": 25}]"
male-cns:v1.0,876504,,,後脚筋群,hl,vnc_motor,L,T3,MetaLN,Reviewed,,unknown,unknown,muscle_unresolved,no_named_muscle_type,data/leg_muscle_actions.csv,前脚筋地図と現型注釈による作用対応。T2/T3は分節間相同を含む。個別生理は未測定。,not_measured,61,105,"[{""bodyId"": ""800095"", ""type"": ""IN20A.22A001"", ""superclass"": ""vnc_intrinsic"", ""weight"": 9}, {""bodyId"": ""903604"", ""type"": ""IN08A002"", ""superclass"": ""vnc_intrinsic"", ""weight"": 8}, {""bodyId"": ""800387"", ""type"": ""IN16B020"", ""superclass"": ""vnc_intrinsic"", ""weight"": 5}]"
male-cns:v1.0,890541,ltm MN,ltm MN_L,後脚筋群,hl,vnc_motor,L,T3,MetaLN,Reviewed,ltm MN,long_tendon,long_tendon_pull_muscle1_or2_unresolved,anatomical_action_inferred,Azevedo 2024 Appendix A1 p4; A15-A16 pp38-40,data/leg_muscle_actions.csv,前脚筋地図と現型注釈による作用対応。T2/T3は分節間相同を含む。個別生理は未測定。,not_measured,163,444,"[{""bodyId"": ""800726"", ""type"": ""IN08A008"", ""superclass"": ""vnc_intrinsic"", ""weight"": 31}, {""bodyId"": ""800800"", ""type"": ""IN13B012"", ""superclass"": ""vnc_intrinsic"", ""weight"": 25}, {""bodyId"": ""1050859066"", ""type"": ""INXXX073"", ""superclass"": ""vnc_intrinsic"", ""weight"": 22}]"
male-cns:v1.0,895449,MNml78,MNml78_L,中脚筋群,ml,vnc_motor,L,T2,MesoLN,Reviewed,,unknown,unknown,muscle_unresolved,no_named_muscle_type,data/leg_muscle_actions.csv,前脚筋地図と現型注釈による作用対応。T2/T3は分節間相同を含む。個別生理は未測定。 旧MANC標的とのラベル差あり。legs/legacy_target_differences.csv参照。,not_measured,42,112,"[{""bodyId"": ""800296"", ""type"": ""IN09A002"", ""superclass"": ""vnc_intrinsic"", ""weight"": 11}, {""bodyId"": ""806677"", ""type"": ""IN20A.22A046"", ""superclass"": ""vnc_intrinsic"", ""weight"": 9}, {""bodyId"": ""806550"", ""type"": ""IN20A.22A046"", ""superclass"": ""vnc_intrinsic"", ""weight"": 8}]"
male-cns:v1.0,896719,Acc. tr flexor MN,Acc. tr flexor MN_L,後脚筋群,hl,vnc_motor,L,T3,MetaLN,Reviewed,Acc. tr flexor MN,coxa-trochanter,flexion,anatomical_action_inferred,Azevedo 2024 Appendix A1 p3; A9 pp27-28,data/leg_muscle_actions.csv,前脚筋地図と現型注釈による作用対応。T2/T3は分節間相同を含む。個別生理は未測定。,not_measured,104,229,"[{""bodyId"": ""800257"", ""type"": ""IN19A008"", ""superclass"": ""vnc_intrinsic"", ""weight"": 21}, {""bodyId"": ""800089"", ""type"": ""IN19B012"", ""superclass"": ""vnc_intrinsic"", ""weight"": 13}, {""bodyId"": ""801453"", ""type"": ""IN21A010"", ""superclass"": ""vnc_intrinsic"", ""weight"": 13}]"
male-cns:v1.0,902310,Pleural remotor/abductor MN,Pleural remotor/abductor MN_L,後脚筋群,hl,vnc_motor,L,T3,MetaLN,Reviewed,Pleural remotor/abductor MN,thorax-coxa,coxa_posterior_and_lateral_movement,anatomical_action_inferred,Azevedo 2024 Appendix A1 p2; A4 pp18-19,data/leg_muscle_actions.csv,前脚筋地図と現型注釈による作用対応。T2/T3は分節間相同を含む。個別生理は未測定。 旧MANC標的とのラベル差あり。legs/legacy_target_differences.csv参照。,not_measured,259,1331,"[{""bodyId"": ""905714"", ""type"": ""IN21A017"", ""superclass"": ""vnc_intrinsic"", ""weight"": 85}, {""bodyId"": ""940467"", ""type"": ""IN19A016"", ""superclass"": ""vnc_intrinsic"", ""weight"": 62}, {""bodyId"": ""800134"", ""type"": ""IN03A010"", ""superclass"": ""vnc_intrinsic"", ""weight"": 52}]"
male-cns:v1.0,902492,Pleural remotor/abductor MN,Pleural remotor/abductor MN_L,中脚筋群,ml,vnc_motor,L,T2,MesoLN,Reviewed,Pleural remotor/abductor MN,thorax-coxa,coxa_posterior_and_lateral_movement,anatomical_action_inferred,Azevedo 2024 Appendix A1 p2; A4 pp18-19,data/leg_muscle_actions.csv,前脚筋地図と現型注釈による作用対応。T2/T3は分節間相同を含む。個別生理は未測定。,not_measured,916,12174,"[{""bodyId"": ""902427"", ""type"": ""IN19A013"", ""superclass"": ""vnc_intrinsic"", ""weight"": 300}, {""bodyId"": ""905938"", ""type"": ""IN17A041"", ""superclass"": ""vnc_intrinsic"", ""weight"": 276}, {""bodyId"": ""804550"", ""type"": ""IN03A024"", ""superclass"": ""vnc_intrinsic"", ""weight"": 249}]"
male-cns:v1.0,902719,Pleural remotor/abductor MN,Pleural remotor/abductor MN_R,中脚筋群,ml,vnc_motor,R,T2,MesoLN,Reviewed,Pleural remotor/abductor MN,thorax-coxa,coxa_posterior_and_lateral_movement,anatomical_action_inferred,Azevedo 2024 Appendix A1 p2; A4 pp18-19,data/leg_muscle_actions.csv,前脚筋地図と現型注釈による作用対応。T2/T3は分節間相同を含む。個別生理は未測定。,not_measured,746,8224,"[{""bodyId"": ""801747"", ""type"": ""IN19A013"", ""superclass"": ""vnc_intrinsic"", ""weight"": 277}, {""bodyId"": ""800687"", ""type"": ""IN19A003"", ""superclass"": ""vnc_intrinsic"", ""weight"": 186}, {""bodyId"": ""801882"", ""type"": ""IN01A015"", ""superclass"": ""vnc_intrinsic"", ""weight"": 170}]"
male-cns:v1.0,902962,Fe reductor MN,Fe reductor MN_R,後脚筋群,hl,vnc_motor,R,T3,MetaLN,Reviewed,Fe reductor MN,trochanter-femur,unknown,named_muscle_action_unresolved,Azevedo 2024 Appendix A1 p3; A10 pp29-30,data/leg_muscle_actions.csv,前脚筋地図と現型注釈による作用対応。T2/T3は分節間相同を含む。個別生理は未測定。,not_measured,1389,17168,"[{""bodyId"": ""804063"", ""type"": ""IN03A010"", ""superclass"": ""vnc_intrinsic"", ""weight"": 363}, {""bodyId"": ""802330"", ""type"": ""IN21A017"", ""superclass"": ""vnc_intrinsic"", ""weight"": 330}, {""bodyId"": ""905977"", ""type"": ""IN03A042"", ""superclass"": ""vnc_intrinsic"", ""weight"": 268}]"
male-cns:v1.0,903010,Tr flexor MN,Tr flexor MN_R,前脚筋群,fl,vnc_motor,R,T1,ProAN,Reviewed,Tr flexor MN,coxa-trochanter,flexion,anatomical_action_inferred,Azevedo 2024 Appendix A1 p3; A7-A8 pp24-26,data/leg_muscle_actions.csv,前脚筋地図と現型注釈による作用対応。T2/T3は分節間相同を含む。個別生理は未測定。,not_measured,76,162,"[{""bodyId"": ""122112"", ""type"": ""AN01A014"", ""superclass"": ""ascending_neuron"", ""weight"": 13}, {""bodyId"": ""801061"", ""type"": ""IN19B012"", ""superclass"": ""vnc_intrinsic"", ""weight"": 10}, {""bodyId"": ""801894"", ""type"": ""IN21A010"", ""superclass"": ""vnc_intrinsic"", ""weight"": 7}]"
male-cns:v1.0,903090,MNhl62,MNhl62_R,後脚筋群,hl,vnc_motor,R,T3,AbN1,Reviewed,,unknown,unknown,muscle_unresolved,no_named_muscle_type,data/leg_muscle_actions.csv,前脚筋地図と現型注釈による作用対応。T2/T3は分節間相同を含む。個別生理は未測定。 旧MANC標的とのラベル差あり。legs/legacy_target_differences.csv参照。,not_measured,1236,12152,"[{""bodyId"": ""800167"", ""type"": ""IN21A001"", ""superclass"": ""vnc_intrinsic"", ""weight"": 452}, {""bodyId"": ""800722"", ""type"": ""IN08A006"", ""superclass"": ""vnc_intrinsic"", ""weight"": 404}, {""bodyId"": ""803959"", ""type"": ""IN17A052"", ""superclass"": ""vnc_intrinsic"", ""weight"": 231}]"
male-cns:v1.0,903152,ADNM1 MN,ADNM1 MN_L,頸筋群,nm,vnc_motor,L,T1,CvN,Roughly traced,TH1 candidate via CvNA1,,頸部作用候補。Gorko CvNA1/2はVNC由来で横走水平筋を支配,cross_nomenclature_unverified,GOR24,data/nonleg_muscle_evidence.csv,ADNMとCvNAの直接同義対応を今回は未検証。筋を確定欄に転記しない。,not_measured,630,6821,"[{""bodyId"": ""13295"", ""type"": ""DNge033"", ""superclass"": ""descending_neuron"", ""weight"": 371}, {""bodyId"": ""13638"", ""type"": ""DNge002"", ""superclass"": ""descending_neuron"", ""weight"": 208}, {""bodyId"": ""12818"", ""type"": ""DNge002"", ""superclass"": ""descending_neuron"", ""weight"": 198}]"
male-cns:v1.0,903153,MNnm13,MNnm13_R,頸筋群,nm,vnc_motor,R,T1,DProN,Reviewed,unassigned,,頸部注釈のみ。具体的筋/作用未同定,annotation_only,GOR24;BANC26,data/nonleg_muscle_evidence.csv,型名/出神経のみから具体的筋や作用を推定しない。,not_measured,562,7044,"[{""bodyId"": ""10676"", ""type"": ""DNg49"", ""superclass"": ""descending_neuron"", ""weight"": 464}, {""bodyId"": ""12647"", ""type"": ""DNge125"", ""superclass"": ""descending_neuron"", ""weight"": 441}, {""bodyId"": ""11986"", ""type"": ""DNge018"", ""superclass"": ""descending_neuron"", ""weight"": 180}]"
male-cns:v1.0,903158,Tr flexor MN,Tr flexor MN_L,中脚筋群,ml,vnc_motor,L,T2,MesoLN,Reviewed,Tr flexor MN,coxa-trochanter,flexion,anatomical_action_inferred,Azevedo 2024 Appendix A1 p3; A7-A8 pp24-26,data/leg_muscle_actions.csv,前脚筋地図と現型注釈による作用対応。T2/T3は分節間相同を含む。個別生理は未測定。,not_measured,351,3025,"[{""bodyId"": ""800236"", ""type"": ""IN19A008"", ""superclass"": ""vnc_intrinsic"", ""weight"": 178}, {""bodyId"": ""801495"", ""type"": ""IN21A015"", ""superclass"": ""vnc_intrinsic"", ""weight"": 174}, {""bodyId"": ""800332"", ""type"": ""IN13A010"", ""superclass"": ""vnc_intrinsic"", ""weight"": 151}]"
male-cns:v1.0,903159,Tr flexor MN,Tr flexor MN_L,中脚筋群,ml,vnc_motor,L,T2,MesoLN,Reviewed,Tr flexor MN,coxa-trochanter,flexion,anatomical_action_inferred,Azevedo 2024 Appendix A1 p3; A7-A8 pp24-26,data/leg_muscle_actions.csv,前脚筋地図と現型注釈による作用対応。T2/T3は分節間相同を含む。個別生理は未測定。,not_measured,660,6212,"[{""bodyId"": ""800236"", ""type"": ""IN19A008"", ""superclass"": ""vnc_intrinsic"", ""weight"": 379}, {""bodyId"": ""801495"", ""type"": ""IN21A015"", ""superclass"": ""vnc_intrinsic"", ""weight"": 338}, {""bodyId"": ""800837"", ""type"": ""IN19B012"", ""superclass"": ""vnc_intrinsic"", ""weight"": 320}]"
male-cns:v1.0,903298,Acc. ti flexor MN,Acc. ti flexor MN_L,前脚筋群,fl,vnc_motor,L,T1,ProLN,Reviewed,Acc. ti flexor MN,femur-tibia,flexion,anatomical_action_inferred,Azevedo 2024 Appendix A1 pp3-4; A13-A14 pp34-37,data/leg_muscle_actions.csv,前脚筋地図と現型注釈による作用対応。T2/T3は分節間相同を含む。個別生理は未測定。,not_measured,486,2445,"[{""bodyId"": ""801036"", ""type"": ""IN19A030"", ""superclass"": ""vnc_intrinsic"", ""weight"": 143}, {""bodyId"": ""801718"", ""type"": ""IN13B012"", ""superclass"": ""vnc_intrinsic"", ""weight"": 116}, {""bodyId"": ""801886"", ""type"": ""IN20A.22A029"", ""superclass"": ""vnc_intrinsic"", ""weight"": 59}]"
male-cns:v1.0,903363,Ti flexor MN,Ti flexor MN_R,中脚筋群,ml,vnc_motor,R,T2,MesoLN,Reviewed,Ti flexor MN,femur-tibia,flexion,anatomical_action_inferred,Azevedo 2024 Appendix A1 p3; A12 pp32-33,data/leg_muscle_actions.csv,前脚筋地図と現型注釈による作用対応。T2/T3は分節間相同を含む。個別生理は未測定。,not_measured,125,363,"[{""bodyId"": ""800857"", ""type"": ""IN21A002"", ""superclass"": ""vnc_intrinsic"", ""weight"": 32}, {""bodyId"": ""902551"", ""type"": ""IN03A004"", ""superclass"": ""vnc_intrinsic"", ""weight"": 28}, {""bodyId"": ""800905"", ""type"": ""IN14A004"", ""superclass"": ""vnc_intrinsic"", ""weight"": 15}]"
male-cns:v1.0,903508,MNml81,MNml81_L,中脚筋群,ml,vnc_motor,L,T2,MesoLN,Reviewed,,unknown,unknown,muscle_unresolved,no_named_muscle_type,data/leg_muscle_actions.csv,前脚筋地図と現型注釈による作用対応。T2/T3は分節間相同を含む。個別生理は未測定。 旧MANC標的とのラベル差あり。legs/legacy_target_differences.csv参照。,not_measured,725,7011,"[{""bodyId"": ""903801"", ""type"": ""INXXX083"", ""superclass"": ""vnc_intrinsic"", ""weight"": 257}, {""bodyId"": ""800124"", ""type"": ""IN19A019"", ""superclass"": ""vnc_intrinsic"", ""weight"": 215}, {""bodyId"": ""800483"", ""type"": ""IN03A007"", ""superclass"": ""vnc_intrinsic"", ""weight"": 212}]"
male-cns:v1.0,903579,Tr flexor MN,Tr flexor MN_L,中脚筋群,ml,vnc_motor,L,T2,MesoLN,Reviewed,Tr flexor MN,coxa-trochanter,flexion,anatomical_action_inferred,Azevedo 2024 Appendix A1 p3; A7-A8 pp24-26,data/leg_muscle_actions.csv,前脚筋地図と現型注釈による作用対応。T2/T3は分節間相同を含む。個別生理は未測定。,not_measured,41,72,"[{""bodyId"": ""800820"", ""type"": ""IN09B008"", ""superclass"": ""vnc_intrinsic"", ""weight"": 6}, {""bodyId"": ""804940"", ""type"": ""IN09A012"", ""superclass"": ""vnc_intrinsic"", ""weight"": 6}, {""bodyId"": ""800483"", ""type"": ""IN03A007"", ""superclass"": ""vnc_intrinsic"", ""weight"": 4}]"
male-cns:v1.0,903642,Sternal posterior rotator MN,Sternal posterior rotator MN_R,後脚筋群,hl,vnc_motor,R,T3,MetaLN,Reviewed,Sternal posterior rotator MN,thorax-coxa,coxa_posterior_movement_or_axial_rotation,anatomical_action_inferred,Azevedo 2024 Appendix A1 p3; A4 pp18-19,data/leg_muscle_actions.csv,前脚筋地図と現型注釈による作用対応。T2/T3は分節間相同を含む。個別生理は未測定。,not_measured,685,8098,"[{""bodyId"": ""800596"", ""type"": ""IN19A003"", ""superclass"": ""vnc_intrinsic"", ""weight"": 352}, {""bodyId"": ""903665"", ""type"": ""IN09A010"", ""superclass"": ""vnc_intrinsic"", ""weight"": 290}, {""bodyId"": ""802985"", ""type"": ""IN19A022"", ""superclass"": ""vnc_intrinsic"", ""weight"": 270}]"
male-cns:v1.0,903643,Sternal posterior rotator MN,Sternal posterior rotator MN_R,後脚筋群,hl,vnc_motor,R,T3,MetaLN,Reviewed,Sternal posterior rotator MN,thorax-coxa,coxa_posterior_movement_or_axial_rotation,anatomical_action_inferred,Azevedo 2024 Appendix A1 p3; A4 pp18-19,data/leg_muscle_actions.csv,前脚筋地図と現型注釈による作用対応。T2/T3は分節間相同を含む。個別生理は未測定。,not_measured,894,8765,"[{""bodyId"": ""800596"", ""type"": ""IN19A003"", ""superclass"": ""vnc_intrinsic"", ""weight"": 339}, {""bodyId"": ""803828"", ""type"": ""IN19A016"", ""superclass"": ""vnc_intrinsic"", ""weight"": 196}, {""bodyId"": ""807848"", ""type"": ""IN08A047"", ""superclass"": ""vnc_intrinsic"", ""weight"": 189}]"
male-cns:v1.0,903679,MNad67,MNad67_L,腹部筋群,ad,vnc_motor,L,A8,AbNT,Reviewed,unassigned,,腹部/尾端注釈のみ。具体的筋/作用未同定,annotation_only,MANC;BANC26,data/nonleg_muscle_evidence.csv,型名/出神経のみから具体的筋や作用を推定しない。,not_measured,755,8259,"[{""bodyId"": ""802528"", ""type"": ""INXXX297"", ""superclass"": ""vnc_intrinsic"", ""weight"": 160}, {""bodyId"": ""801016"", ""type"": ""INXXX246"", ""superclass"": ""vnc_intrinsic"", ""weight"": 156}, {""bodyId"": ""802352"", ""type"": ""INXXX228"", ""superclass"": ""vnc_intrinsic"", ""weight"": 153}]"
male-cns:v1.0,903689,Sternal anterior rotator MN,Sternal anterior rotator MN_L,中脚筋群,ml,vnc_motor,L,T2,MesoLN,Reviewed,Sternal anterior rotator MN,thorax-coxa,coxa_anterior_movement,anatomical_action_inferred,Azevedo 2024 Appendix A1 p3; A3 p17,data/leg_muscle_actions.csv,前脚筋地図と現型注釈による作用対応。T2/T3は分節間相同を含む。個別生理は未測定。,not_measured,922,12256,"[{""bodyId"": ""800032"", ""type"": ""IN21A001"", ""superclass"": ""vnc_intrinsic"", ""weight"": 791}, {""bodyId"": ""800511"", ""type"": ""IN08A006"", ""superclass"": ""vnc_intrinsic"", ""weight"": 381}, {""bodyId"": ""802498"", ""type"": ""IN21A013"", ""superclass"": ""vnc_intrinsic"", ""weight"": 377}]"
male-cns:v1.0,903844,MNml80,MNml80_R,中脚筋群,ml,vnc_motor,R,T2,MesoLN,Reviewed,,unknown,unknown,muscle_unresolved,no_named_muscle_type,data/leg_muscle_actions.csv,前脚筋地図と現型注釈による作用対応。T2/T3は分節間相同を含む。個別生理は未測定。 旧MANC標的とのラベル差あり。legs/legacy_target_differences.csv参照。,not_measured,651,5391,"[{""bodyId"": ""801794"", ""type"": ""IN13B012"", ""superclass"": ""vnc_intrinsic"", ""weight"": 267}, {""bodyId"": ""905262"", ""type"": ""IN19A030"", ""superclass"": ""vnc_intrinsic"", ""weight"": 232}, {""bodyId"": ""800546"", ""type"": ""IN13A009"", ""superclass"": ""vnc_intrinsic"", ""weight"": 154}]"
male-cns:v1.0,903852,hg3 MN,hg3 MN_R,翅・胸部筋群,wm,vnc_motor,R,T2,ADMN,Reviewed,fourth axillary hg3 / iv3,,翅基部硬節を介する直接操舵。単一の固定yaw/pitch/roll作用は今回割り当てない,exact_type_label_bridge,MANC;AZE24;EHR23,data/nonleg_muscle_evidence.csv,文献の機能標本とMaleCNSは別個体。型名対応のみで生理を同定しない。,not_measured,1228,14188,"[{""bodyId"": ""803760"", ""type"": ""IN03A011"", ""superclass"": ""vnc_intrinsic"", ""weight"": 355}, {""bodyId"": ""800814"", ""type"": ""IN19B007"", ""superclass"": ""vnc_intrinsic"", ""weight"": 313}, {""bodyId"": ""803805"", ""type"": ""IN06B047"", ""superclass"": ""vnc_intrinsic"", ""weight"": 255}]"
male-cns:v1.0,904184,Sternal adductor MN,Sternal adductor MN_L,後脚筋群,hl,vnc_motor,L,T3,MetaLN,Reviewed,Sternal adductor MN,thorax-coxa,coxa_medial_movement,anatomical_action_inferred,Azevedo 2024 Appendix A1 p3; A3 p17,data/leg_muscle_actions.csv,前脚筋地図と現型注釈による作用対応。T2/T3は分節間相同を含む。個別生理は未測定。,not_measured,452,2927,"[{""bodyId"": ""800894"", ""type"": ""IN21A009"", ""superclass"": ""vnc_intrinsic"", ""weight"": 84}, {""bodyId"": ""807213"", ""type"": ""IN08A022"", ""superclass"": ""vnc_intrinsic"", ""weight"": 83}, {""bodyId"": ""808202"", ""type"": ""IN08A043"", ""superclass"": ""vnc_intrinsic"", ""weight"": 73}]"
male-cns:v1.0,904657,Sternotrochanter MN,Sternotrochanter MN_L,中脚筋群,ml,vnc_motor,L,T2,MesoLN,Reviewed,Sternotrochanter MN,coxa-trochanter,extension,anatomical_action_inferred,Azevedo 2024 Appendix A1 p3; A6 pp22-23,data/leg_muscle_actions.csv,前脚筋地図と現型注釈による作用対応。T2/T3は分節間相同を含む。個別生理は未測定。,not_measured,1383,14702,"[{""bodyId"": ""801106"", ""type"": ""IN16B020"", ""superclass"": ""vnc_intrinsic"", ""weight"": 535}, {""bodyId"": ""800756"", ""type"": ""IN20A.22A001"", ""superclass"": ""vnc_intrinsic"", ""weight"": 339}, {""bodyId"": ""801146"", ""type"": ""IN20A.22A001"", ""superclass"": ""vnc_intrinsic"", ""weight"": 325}]"
male-cns:v1.0,904990,MNad62,MNad62_R,腹部筋群,ad,vnc_motor,R,A8,AbNT,Reviewed,unassigned,,腹部/尾端注釈のみ。具体的筋/作用未同定,annotation_only,MANC;BANC26,data/nonleg_muscle_evidence.csv,型名/出神経のみから具体的筋や作用を推定しない。,not_measured,446,7323,"[{""bodyId"": ""801265"", ""type"": ""INXXX217"", ""superclass"": ""vnc_intrinsic"", ""weight"": 253}, {""bodyId"": ""801730"", ""type"": ""INXXX217"", ""superclass"": ""vnc_intrinsic"", ""weight"": 243}, {""bodyId"": ""47170"", ""type"": ""INXXX217"", ""superclass"": ""vnc_intrinsic"", ""weight"": 212}]"
male-cns:v1.0,905145,Fe reductor MN,Fe reductor MN_R,中脚筋群,ml,vnc_motor,R,T2,MesoLN,Reviewed,Fe reductor MN,trochanter-femur,unknown,named_muscle_action_unresolved,Azevedo 2024 Appendix A1 p3; A10 pp29-30,data/leg_muscle_actions.csv,前脚筋地図と現型注釈による作用対応。T2/T3は分節間相同を含む。個別生理は未測定。,not_measured,372,3086,"[{""bodyId"": ""805054"", ""type"": ""IN03A024"", ""superclass"": ""vnc_intrinsic"", ""weight"": 110}, {""bodyId"": ""801882"", ""type"": ""IN01A015"", ""superclass"": ""vnc_intrinsic"", ""weight"": 106}, {""bodyId"": ""801552"", ""type"": ""IN19A016"", ""superclass"": ""vnc_intrinsic"", ""weight"": 93}]"
male-cns:v1.0,905210,MNnm11,MNnm11_L,頸筋群,nm,vnc_motor,L,T1,DProN,Reviewed,unassigned,,頸部注釈のみ。具体的筋/作用未同定,annotation_only,GOR24;BANC26,data/nonleg_muscle_evidence.csv,型名/出神経のみから具体的筋や作用を推定しない。,not_measured,435,7852,"[{""bodyId"": ""26916"", ""type"": ""AN18B023"", ""superclass"": ""ascending_neuron"", ""weight"": 369}, {""bodyId"": ""514489"", ""type"": ""DNg49"", ""superclass"": ""descending_neuron"", ""weight"": 307}, {""bodyId"": ""12787"", ""type"": ""DNge033"", ""superclass"": ""descending_neuron"", ""weight"": 301}]"
male-cns:v1.0,905235,Acc. ti flexor MN,Acc. ti flexor MN_R,中脚筋群,ml,vnc_motor,R,T2,MesoLN,Reviewed,Acc. ti flexor MN,femur-tibia,flexion,anatomical_action_inferred,Azevedo 2024 Appendix A1 pp3-4; A13-A14 pp34-37,data/leg_muscle_actions.csv,前脚筋地図と現型注釈による作用対応。T2/T3は分節間相同を含む。個別生理は未測定。,not_measured,444,3162,"[{""bodyId"": ""800857"", ""type"": ""IN21A002"", ""superclass"": ""vnc_intrinsic"", ""weight"": 176}, {""bodyId"": ""801097"", ""type"": ""IN21A003"", ""superclass"": ""vnc_intrinsic"", ""weight"": 166}, {""bodyId"": ""800896"", ""type"": ""IN09A002"", ""superclass"": ""vnc_intrinsic"", ""weight"": 105}]"
male-cns:v1.0,905236,MNml80,MNml80_R,中脚筋群,ml,vnc_motor,R,T2,MesoLN,Reviewed,,unknown,unknown,muscle_unresolved,no_named_muscle_type,data/leg_muscle_actions.csv,前脚筋地図と現型注釈による作用対応。T2/T3は分節間相同を含む。個別生理は未測定。 旧MANC標的とのラベル差あり。legs/legacy_target_differences.csv参照。,not_measured,224,907,"[{""bodyId"": ""905262"", ""type"": ""IN19A030"", ""superclass"": ""vnc_intrinsic"", ""weight"": 40}, {""bodyId"": ""801794"", ""type"": ""IN13B012"", ""superclass"": ""vnc_intrinsic"", ""weight"": 38}, {""bodyId"": ""10734"", ""type"": ""DNg93"", ""superclass"": ""descending_neuron"", ""weight"": 35}]"
male-cns:v1.0,905421,Pleural remotor/abductor MN,Pleural remotor/abductor MN_L,中脚筋群,ml,vnc_motor,L,T2,MesoLN,Reviewed,Pleural remotor/abductor MN,thorax-coxa,coxa_posterior_and_lateral_movement,anatomical_action_inferred,Azevedo 2024 Appendix A1 p2; A4 pp18-19,data/leg_muscle_actions.csv,前脚筋地図と現型注釈による作用対応。T2/T3は分節間相同を含む。個別生理は未測定。,not_measured,728,7798,"[{""bodyId"": ""902427"", ""type"": ""IN19A013"", ""superclass"": ""vnc_intrinsic"", ""weight"": 305}, {""bodyId"": ""800461"", ""type"": ""IN19A003"", ""superclass"": ""vnc_intrinsic"", ""weight"": 185}, {""bodyId"": ""801787"", ""type"": ""IN19A016"", ""superclass"": ""vnc_intrinsic"", ""weight"": 182}]"
male-cns:v1.0,905487,ltm MN,ltm MN_R,中脚筋群,ml,vnc_motor,R,T2,MesoLN,Reviewed,ltm MN,long_tendon,long_tendon_pull_muscle1_or2_unresolved,anatomical_action_inferred,Azevedo 2024 Appendix A1 p4; A15-A16 pp38-40,data/leg_muscle_actions.csv,前脚筋地図と現型注釈による作用対応。T2/T3は分節間相同を含む。個別生理は未測定。,not_measured,195,800,"[{""bodyId"": ""804163"", ""type"": ""IN03A071"", ""superclass"": ""vnc_intrinsic"", ""weight"": 42}, {""bodyId"": ""801876"", ""type"": ""IN14A009"", ""superclass"": ""vnc_intrinsic"", ""weight"": 40}, {""bodyId"": ""800097"", ""type"": ""IN14A002"", ""superclass"": ""vnc_intrinsic"", ""weight"": 33}]"
male-cns:v1.0,905559,MNml79,MNml79_R,中脚筋群,ml,vnc_motor,R,T2,MesoLN,Reviewed,,unknown,unknown,muscle_unresolved,no_named_muscle_type,data/leg_muscle_actions.csv,前脚筋地図と現型注釈による作用対応。T2/T3は分節間相同を含む。個別生理は未測定。 旧MANC標的とのラベル差あり。legs/legacy_target_differences.csv参照。,not_measured,267,1143,"[{""bodyId"": ""800918"", ""type"": ""IN19A029"", ""superclass"": ""vnc_intrinsic"", ""weight"": 53}, {""bodyId"": ""802303"", ""type"": ""IN14A011"", ""superclass"": ""vnc_intrinsic"", ""weight"": 45}, {""bodyId"": ""801308"", ""type"": ""IN10B014"", ""superclass"": ""vnc_intrinsic"", ""weight"": 39}]"
male-cns:v1.0,905584,MNad66,MNad66_R,腹部筋群,ad,vnc_motor,R,A8,AbNT,Reviewed,unassigned,,腹部/尾端注釈のみ。具体的筋/作用未同定,annotation_only,MANC;BANC26,data/nonleg_muscle_evidence.csv,型名/出神経のみから具体的筋や作用を推定しない。,not_measured,673,8874,"[{""bodyId"": ""907237"", ""type"": ""INXXX317"", ""superclass"": ""vnc_intrinsic"", ""weight"": 262}, {""bodyId"": ""809580"", ""type"": ""INXXX275"", ""superclass"": ""vnc_intrinsic"", ""weight"": 260}, {""bodyId"": ""800166"", ""type"": ""INXXX149"", ""superclass"": ""vnc_intrinsic"", ""weight"": 216}]"
male-cns:v1.0,905586,Acc. tr flexor MN,Acc. tr flexor MN_R,後脚筋群,hl,vnc_motor,R,T3,MetaLN,Reviewed,Acc. tr flexor MN,coxa-trochanter,flexion,anatomical_action_inferred,Azevedo 2024 Appendix A1 p3; A9 pp27-28,data/leg_muscle_actions.csv,前脚筋地図と現型注釈による作用対応。T2/T3は分節間相同を含む。個別生理は未測定。,not_measured,277,967,"[{""bodyId"": ""800345"", ""type"": ""IN16B016"", ""superclass"": ""vnc_intrinsic"", ""weight"": 71}, {""bodyId"": ""800127"", ""type"": ""IN19A008"", ""superclass"": ""vnc_intrinsic"", ""weight"": 48}, {""bodyId"": ""800624"", ""type"": ""IN13B010"", ""superclass"": ""vnc_intrinsic"", ""weight"": 33}]"
male-cns:v1.0,905617,MNnm09,MNnm09_L,頸筋群,nm,vnc_motor,L,T1,DProN,Reviewed,unassigned,,頸部注釈のみ。具体的筋/作用未同定,annotation_only,GOR24;BANC26,data/nonleg_muscle_evidence.csv,型名/出神経のみから具体的筋や作用を推定しない。,not_measured,411,5104,"[{""bodyId"": ""12485"", ""type"": ""DNge125"", ""superclass"": ""descending_neuron"", ""weight"": 216}, {""bodyId"": ""514489"", ""type"": ""DNg49"", ""superclass"": ""descending_neuron"", ""weight"": 166}, {""bodyId"": ""803521"", ""type"": ""IN02A007"", ""superclass"": ""vnc_intrinsic"", ""weight"": 143}]"
male-cns:v1.0,905661,Tr extensor MN,Tr extensor MN_R,後脚筋群,hl,vnc_motor,R,T3,MetaLN,Reviewed,Tr extensor MN,coxa-trochanter,extension,anatomical_action_inferred,Azevedo 2024 Appendix A1 p3; A6 pp22-23,data/leg_muscle_actions.csv,前脚筋地図と現型注釈による作用対応。T2/T3は分節間相同を含む。個別生理は未測定。,not_measured,348,1507,"[{""bodyId"": ""800340"", ""type"": ""IN08A002"", ""superclass"": ""vnc_intrinsic"", ""weight"": 75}, {""bodyId"": ""902504"", ""type"": ""IN01A015"", ""superclass"": ""vnc_intrinsic"", ""weight"": 48}, {""bodyId"": ""802046"", ""type"": ""IN13B006"", ""superclass"": ""vnc_intrinsic"", ""weight"": 45}]"
male-cns:v1.0,905709,MNad55,MNad55_R,腹部筋群,ad,vnc_motor,R,A9,AbNT,Reviewed,unassigned,,腹部/尾端注釈のみ。具体的筋/作用未同定,annotation_only,MANC;BANC26,data/nonleg_muscle_evidence.csv,型名/出神経のみから具体的筋や作用を推定しない。,not_measured,351,2897,"[{""bodyId"": ""801242"", ""type"": ""INXXX167"", ""superclass"": ""vnc_intrinsic"", ""weight"": 136}, {""bodyId"": ""902304"", ""type"": ""INXXX167"", ""superclass"": ""vnc_intrinsic"", ""weight"": 110}, {""bodyId"": ""904121"", ""type"": ""INXXX077"", ""superclass"": ""vnc_intrinsic"", ""weight"": 91}]"
male-cns:v1.0,905792,MNhl01,MNhl01_R,後脚筋群,hl,vnc_motor,R,T3,AbN1,Reviewed,,unknown,unknown,muscle_unresolved,no_named_muscle_type,data/leg_muscle_actions.csv,前脚筋地図と現型注釈による作用対応。T2/T3は分節間相同を含む。個別生理は未測定。 旧MANC標的とのラベル差あり。legs/legacy_target_differences.csv参照。,not_measured,1086,8432,"[{""bodyId"": ""800446"", ""type"": ""IN13A009"", ""superclass"": ""vnc_intrinsic"", ""weight"": 258}, {""bodyId"": ""800133"", ""type"": ""IN17A017"", ""superclass"": ""vnc_intrinsic"", ""weight"": 202}, {""bodyId"": ""800291"", ""type"": ""IN13A001"", ""superclass"": ""vnc_intrinsic"", ""weight"": 179}]"
male-cns:v1.0,905849,Tergotr. MN,Tergotr. MN_R,後脚筋群,hl,vnc_motor,R,T3,AbN1,Reviewed,Tergotr. MN,coxa-trochanter,extension,anatomical_action_inferred,Azevedo 2024 Appendix A1 p3; A5 pp20-21,data/leg_muscle_actions.csv,前脚筋地図と現型注釈による作用対応。T2/T3は分節間相同を含む。個別生理は未測定。,not_measured,975,9451,"[{""bodyId"": ""800291"", ""type"": ""IN13A001"", ""superclass"": ""vnc_intrinsic"", ""weight"": 290}, {""bodyId"": ""800446"", ""type"": ""IN13A009"", ""superclass"": ""vnc_intrinsic"", ""weight"": 287}, {""bodyId"": ""800133"", ""type"": ""IN17A017"", ""superclass"": ""vnc_intrinsic"", ""weight"": 244}]"
male-cns:v1.0,905928,Tr flexor MN,Tr flexor MN_R,後脚筋群,hl,vnc_motor,R,T3,MetaLN,Reviewed,Tr flexor MN,coxa-trochanter,flexion,anatomical_action_inferred,Azevedo 2024 Appendix A1 p3; A7-A8 pp24-26,data/leg_muscle_actions.csv,前脚筋地図と現型注釈による作用対応。T2/T3は分節間相同を含む。個別生理は未測定。,not_measured,774,5202,"[{""bodyId"": ""800127"", ""type"": ""IN19A008"", ""superclass"": ""vnc_intrinsic"", ""weight"": 182}, {""bodyId"": ""800879"", ""type"": ""IN19B012"", ""superclass"": ""vnc_intrinsic"", ""weight"": 149}, {""bodyId"": ""555457"", ""type"": ""DNge079"", ""superclass"": ""descending_neuron"", ""weight"": 139}]"
male-cns:v1.0,906003,MNhm43,MNhm43_R,平均棍筋群,hm,vnc_motor,R,T3,AbN1,Reviewed,haltere basalar hb1 or hb2 (unordered pair),,平均棍操舵,unordered_muscle_pair,MANC;EHR23,data/nonleg_muscle_evidence.csv,hb1/hb2のどちらを各型が支配するかは未決。MANC49582は両型に重複対応。,not_measured,567,5233,"[{""bodyId"": ""30119"", ""type"": ""AN06B023"", ""superclass"": ""ascending_neuron"", ""weight"": 204}, {""bodyId"": ""10460"", ""type"": ""DNa09"", ""superclass"": ""descending_neuron"", ""weight"": 158}, {""bodyId"": ""12030"", ""type"": ""DNg91"", ""superclass"": ""descending_neuron"", ""weight"": 126}]"
male-cns:v1.0,906111,MNad20,MNad20_R,腹部筋群,ad,vnc_motor,R,A9,AbNT,Reviewed,unassigned,,腹部/尾端注釈のみ。具体的筋/作用未同定,annotation_only,MANC;BANC26,data/nonleg_muscle_evidence.csv,型名/出神経のみから具体的筋や作用を推定しない。,not_measured,349,4463,"[{""bodyId"": ""903171"", ""type"": ""INXXX228"", ""superclass"": ""vnc_intrinsic"", ""weight"": 168}, {""bodyId"": ""803353"", ""type"": ""INXXX228"", ""superclass"": ""vnc_intrinsic"", ""weight"": 166}, {""bodyId"": ""906307"", ""type"": ""INXXX287"", ""superclass"": ""vnc_intrinsic"", ""weight"": 147}]"
male-cns:v1.0,906235,Sternal anterior rotator MN,Sternal anterior rotator MN_R,後脚筋群,hl,vnc_motor,R,T3,MetaLN,Reviewed,Sternal anterior rotator MN,thorax-coxa,coxa_anterior_movement,anatomical_action_inferred,Azevedo 2024 Appendix A1 p3; A3 p17,data/leg_muscle_actions.csv,前脚筋地図と現型注釈による作用対応。T2/T3は分節間相同を含む。個別生理は未測定。,not_measured,1175,10974,"[{""bodyId"": ""800167"", ""type"": ""IN21A001"", ""superclass"": ""vnc_intrinsic"", ""weight"": 643}, {""bodyId"": ""801357"", ""type"": ""IN21A013"", ""superclass"": ""vnc_intrinsic"", ""weight"": 372}, {""bodyId"": ""800722"", ""type"": ""IN08A006"", ""superclass"": ""vnc_intrinsic"", ""weight"": 335}]"
male-cns:v1.0,906520,MNad40,MNad40_L,腹部筋群,ad,vnc_motor,L,A1,AbN2,Reviewed,unassigned,,腹部/尾端注釈のみ。具体的筋/作用未同定,annotation_only,MANC;BANC26,data/nonleg_muscle_evidence.csv,型名/出神経のみから具体的筋や作用を推定しない。,not_measured,606,8587,"[{""bodyId"": ""802654"", ""type"": ""INXXX287"", ""superclass"": ""vnc_intrinsic"", ""weight"": 451}, {""bodyId"": ""802613"", ""type"": ""IN19A026"", ""superclass"": ""vnc_intrinsic"", ""weight"": 358}, {""bodyId"": ""802960"", ""type"": ""INXXX179"", ""superclass"": ""vnc_intrinsic"", ""weight"": 327}]"
male-cns:v1.0,906612,"DVMn 3a, b","DVMn 3a, b_L",翅・胸部筋群,wm,vnc_motor,L,T1,PDMNa,Reviewed,DVM3,,間接飛翔動力筋・翅挙上。非同期伸張活性化でDLMと拮抗,exact_type_label_bridge,AZE24,data/nonleg_muscle_evidence.csv,文献の機能標本とMaleCNSは別個体。型名対応のみで生理を同定しない。,not_measured,506,3805,"[{""bodyId"": ""805361"", ""type"": ""IN11B013"", ""superclass"": ""vnc_intrinsic"", ""weight"": 119}, {""bodyId"": ""804732"", ""type"": ""IN11B013"", ""superclass"": ""vnc_intrinsic"", ""weight"": 103}, {""bodyId"": ""806098"", ""type"": ""IN11B013"", ""superclass"": ""vnc_intrinsic"", ""weight"": 97}]"
male-cns:v1.0,907256,Sternal posterior rotator MN,Sternal posterior rotator MN_R,後脚筋群,hl,vnc_motor,R,T3,MetaLN,Reviewed,Sternal posterior rotator MN,thorax-coxa,coxa_posterior_movement_or_axial_rotation,anatomical_action_inferred,Azevedo 2024 Appendix A1 p3; A4 pp18-19,data/leg_muscle_actions.csv,前脚筋地図と現型注釈による作用対応。T2/T3は分節間相同を含む。個別生理は未測定。,not_measured,759,8522,"[{""bodyId"": ""800596"", ""type"": ""IN19A003"", ""superclass"": ""vnc_intrinsic"", ""weight"": 371}, {""bodyId"": ""802985"", ""type"": ""IN19A022"", ""superclass"": ""vnc_intrinsic"", ""weight"": 303}, {""bodyId"": ""801843"", ""type"": ""IN21A012"", ""superclass"": ""vnc_intrinsic"", ""weight"": 292}]"
male-cns:v1.0,907387,MNml77,MNml77_R,中脚筋群,ml,vnc_motor,R,T2,MesoLN,Reviewed,,unknown,unknown,muscle_unresolved,no_named_muscle_type,data/leg_muscle_actions.csv,前脚筋地図と現型注釈による作用対応。T2/T3は分節間相同を含む。個別生理は未測定。 旧MANC標的とのラベル差あり。legs/legacy_target_differences.csv参照。,not_measured,167,687,"[{""bodyId"": ""902439"", ""type"": ""IN03A007"", ""superclass"": ""vnc_intrinsic"", ""weight"": 67}, {""bodyId"": ""803075"", ""type"": ""IN17A058"", ""superclass"": ""vnc_intrinsic"", ""weight"": 27}, {""bodyId"": ""800438"", ""type"": ""IN26X001"", ""superclass"": ""vnc_intrinsic"", ""weight"": 22}]"
male-cns:v1.0,907422,MNml78,MNml78_L,中脚筋群,ml,vnc_motor,L,T2,MesoLN,Reviewed,,unknown,unknown,muscle_unresolved,no_named_muscle_type,data/leg_muscle_actions.csv,前脚筋地図と現型注釈による作用対応。T2/T3は分節間相同を含む。個別生理は未測定。 旧MANC標的とのラベル差あり。legs/legacy_target_differences.csv参照。,not_measured,190,588,"[{""bodyId"": ""800296"", ""type"": ""IN09A002"", ""superclass"": ""vnc_intrinsic"", ""weight"": 27}, {""bodyId"": ""902617"", ""type"": ""IN13B012"", ""superclass"": ""vnc_intrinsic"", ""weight"": 24}, {""bodyId"": ""804897"", ""type"": ""IN13B080"", ""superclass"": ""vnc_intrinsic"", ""weight"": 17}]"
male-cns:v1.0,907443,ltm1-tibia MN,ltm1-tibia MN_L,中脚筋群,ml,vnc_motor,L,T2,MesoLN,Reviewed,ltm1-tibia MN,long_tendon,long_tendon_pull_tibia_muscle,anatomical_action_inferred,Azevedo 2024 Appendix A1 p4; A15-A16 pp38-40,data/leg_muscle_actions.csv,前脚筋地図と現型注釈による作用対応。T2/T3は分節間相同を含む。個別生理は未測定。,not_measured,141,462,"[{""bodyId"": ""808130"", ""type"": ""IN12B026"", ""superclass"": ""vnc_intrinsic"", ""weight"": 25}, {""bodyId"": ""904427"", ""type"": ""IN16B041"", ""superclass"": ""vnc_intrinsic"", ""weight"": 23}, {""bodyId"": ""521445"", ""type"": ""DNge063"", ""superclass"": ""descending_neuron"", ""weight"": 14}]"
male-cns:v1.0,907848,Acc. ti flexor MN,Acc. ti flexor MN_R,中脚筋群,ml,vnc_motor,R,T2,MesoLN,Reviewed,Acc. ti flexor MN,femur-tibia,flexion,anatomical_action_inferred,Azevedo 2024 Appendix A1 pp3-4; A13-A14 pp34-37,data/leg_muscle_actions.csv,前脚筋地図と現型注釈による作用対応。T2/T3は分節間相同を含む。個別生理は未測定。,not_measured,319,1806,"[{""bodyId"": ""800857"", ""type"": ""IN21A002"", ""superclass"": ""vnc_intrinsic"", ""weight"": 104}, {""bodyId"": ""801665"", ""type"": ""IN21A004"", ""superclass"": ""vnc_intrinsic"", ""weight"": 85}, {""bodyId"": ""802880"", ""type"": ""IN21A022"", ""superclass"": ""vnc_intrinsic"", ""weight"": 61}]"
male-cns:v1.0,908094,Acc. ti flexor MN,Acc. ti flexor MN_L,中脚筋群,ml,vnc_motor,L,T2,MesoLN,Reviewed,Acc. ti flexor MN,femur-tibia,flexion,anatomical_action_inferred,Azevedo 2024 Appendix A1 pp3-4; A13-A14 pp34-37,data/leg_muscle_actions.csv,前脚筋地図と現型注釈による作用対応。T2/T3は分節間相同を含む。個別生理は未測定。,not_measured,149,498,"[{""bodyId"": ""801091"", ""type"": ""IN21A002"", ""superclass"": ""vnc_intrinsic"", ""weight"": 33}, {""bodyId"": ""800675"", ""type"": ""IN21A003"", ""superclass"": ""vnc_intrinsic"", ""weight"": 19}, {""bodyId"": ""902667"", ""type"": ""IN16B016"", ""superclass"": ""vnc_intrinsic"", ""weight"": 19}]"
male-cns:v1.0,908158,MNad17,MNad17_L,腹部筋群,ad,vnc_motor,L,A9,AbNT,Reviewed,unassigned,,腹部/尾端注釈のみ。具体的筋/作用未同定,annotation_only,MANC;BANC26,data/nonleg_muscle_evidence.csv,型名/出神経のみから具体的筋や作用を推定しない。,not_measured,78,934,"[{""bodyId"": ""805630"", ""type"": ""MNad17"", ""superclass"": ""vnc_motor"", ""weight"": 90}, {""bodyId"": ""801586"", ""type"": ""INXXX239"", ""superclass"": ""vnc_intrinsic"", ""weight"": 72}, {""bodyId"": ""803563"", ""type"": ""INXXX239"", ""superclass"": ""vnc_intrinsic"", ""weight"": 63}]"
male-cns:v1.0,908181,hi1 MN,hi1 MN_L,平均棍筋群,hm,vnc_motor,L,T3,AbN1,Reviewed,haltere first axillary hi1,,平均棍の直接操舵、感覚帰還を介する翅MN発火位相/動員調整候補,exact_type_label_bridge,DIC19;EHR23;MANC,data/nonleg_muscle_evidence.csv,DIC19の標識は複数筋MN。hi2とhiii2の個別機能・MaleCNSの複数候補間対応は未確定。,not_measured,225,1656,"[{""bodyId"": ""805615"", ""type"": ""IN07B030"", ""superclass"": ""vnc_intrinsic"", ""weight"": 75}, {""bodyId"": ""17757"", ""type"": ""AN19B001"", ""superclass"": ""ascending_neuron"", ""weight"": 69}, {""bodyId"": ""909270"", ""type"": ""IN07B030"", ""superclass"": ""vnc_intrinsic"", ""weight"": 65}]"
male-cns:v1.0,908285,MNad50,MNad50_R,腹部筋群,ad,vnc_motor,R,,AbNT,Reviewed,unassigned,,腹部/尾端注釈のみ。具体的筋/作用未同定,annotation_only,MANC;BANC26,data/nonleg_muscle_evidence.csv,型名/出神経のみから具体的筋や作用を推定しない。,not_measured,261,1710,"[{""bodyId"": ""803217"", ""type"": ""INXXX285"", ""superclass"": ""vnc_intrinsic"", ""weight"": 67}, {""bodyId"": ""803102"", ""type"": ""IN06A031"", ""superclass"": ""vnc_intrinsic"", ""weight"": 64}, {""bodyId"": ""801707"", ""type"": ""INXXX271"", ""superclass"": ""vnc_intrinsic"", ""weight"": 59}]"
male-cns:v1.0,908673,ltm2-femur MN,ltm2-femur MN_R,中脚筋群,ml,vnc_motor,R,T2,MesoLN,Reviewed,ltm2-femur MN,long_tendon,long_tendon_pull_femur_muscle,anatomical_action_inferred,Azevedo 2024 Appendix A1 p4; A15-A16 pp38-40,data/leg_muscle_actions.csv,前脚筋地図と現型注釈による作用対応。T2/T3は分節間相同を含む。個別生理は未測定。,not_measured,238,1330,"[{""bodyId"": ""905168"", ""type"": ""IN21A020"", ""superclass"": ""vnc_intrinsic"", ""weight"": 46}, {""bodyId"": ""805286"", ""type"": ""IN12B024_c"", ""superclass"": ""vnc_intrinsic"", ""weight"": 34}, {""bodyId"": ""800846"", ""type"": ""IN12A003"", ""superclass"": ""vnc_intrinsic"", ""weight"": 28}]"
male-cns:v1.0,908762,Ti flexor MN,Ti flexor MN_L,後脚筋群,hl,vnc_motor,L,T3,MetaLN,Reviewed,Ti flexor MN,femur-tibia,flexion,anatomical_action_inferred,Azevedo 2024 Appendix A1 p3; A12 pp32-33,data/leg_muscle_actions.csv,前脚筋地図と現型注釈による作用対応。T2/T3は分節間相同を含む。個別生理は未測定。,not_measured,99,207,"[{""bodyId"": ""802213"", ""type"": ""IN19A030"", ""superclass"": ""vnc_intrinsic"", ""weight"": 20}, {""bodyId"": ""800640"", ""type"": ""IN20A.22A008"", ""superclass"": ""vnc_intrinsic"", ""weight"": 9}, {""bodyId"": ""903026"", ""type"": ""IN12B024_c"", ""superclass"": ""vnc_intrinsic"", ""weight"": 8}]"
male-cns:v1.0,909078,Tr extensor MN,Tr extensor MN_L,中脚筋群,ml,vnc_motor,L,T2,MesoLN,Reviewed,Tr extensor MN,coxa-trochanter,extension,anatomical_action_inferred,Azevedo 2024 Appendix A1 p3; A6 pp22-23,data/leg_muscle_actions.csv,前脚筋地図と現型注釈による作用対応。T2/T3は分節間相同を含む。個別生理は未測定。,not_measured,450,2931,"[{""bodyId"": ""800860"", ""type"": ""IN19A010"", ""superclass"": ""vnc_intrinsic"", ""weight"": 128}, {""bodyId"": ""800081"", ""type"": ""IN08A002"", ""superclass"": ""vnc_intrinsic"", ""weight"": 103}, {""bodyId"": ""902667"", ""type"": ""IN16B016"", ""superclass"": ""vnc_intrinsic"", ""weight"": 98}]"
male-cns:v1.0,909255,Acc. ti flexor MN,Acc. ti flexor MN_R,中脚筋群,ml,vnc_motor,R,T2,MesoLN,Reviewed,Acc. ti flexor MN,femur-tibia,flexion,anatomical_action_inferred,Azevedo 2024 Appendix A1 pp3-4; A13-A14 pp34-37,data/leg_muscle_actions.csv,前脚筋地図と現型注釈による作用対応。T2/T3は分節間相同を含む。個別生理は未測定。 旧MANC標的とのラベル差あり。legs/legacy_target_differences.csv参照。,not_measured,201,829,"[{""bodyId"": ""902439"", ""type"": ""IN03A007"", ""superclass"": ""vnc_intrinsic"", ""weight"": 47}, {""bodyId"": ""800495"", ""type"": ""IN09A003"", ""superclass"": ""vnc_intrinsic"", ""weight"": 43}, {""bodyId"": ""801876"", ""type"": ""IN14A009"", ""superclass"": ""vnc_intrinsic"", ""weight"": 26}]"
male-cns:v1.0,909371,Sternal adductor MN,Sternal adductor MN_R,中脚筋群,ml,vnc_motor,R,T2,MesoLN,Reviewed,Sternal adductor MN,thorax-coxa,coxa_medial_movement,anatomical_action_inferred,Azevedo 2024 Appendix A1 p3; A3 p17,data/leg_muscle_actions.csv,前脚筋地図と現型注釈による作用対応。T2/T3は分節間相同を含む。個別生理は未測定。,not_measured,504,2518,"[{""bodyId"": ""904743"", ""type"": ""IN21A010"", ""superclass"": ""vnc_intrinsic"", ""weight"": 153}, {""bodyId"": ""801296"", ""type"": ""IN16B016"", ""superclass"": ""vnc_intrinsic"", ""weight"": 107}, {""bodyId"": ""801032"", ""type"": ""IN21A015"", ""superclass"": ""vnc_intrinsic"", ""weight"": 86}]"
male-cns:v1.0,909521,Tergotr. MN,Tergotr. MN_R,前脚筋群,fl,vnc_motor,R,T1,VProN,Reviewed,Tergotr. MN,coxa-trochanter,extension,anatomical_action_inferred,Azevedo 2024 Appendix A1 p3; A5 pp20-21,data/leg_muscle_actions.csv,前脚筋地図と現型注釈による作用対応。T2/T3は分節間相同を含む。個別生理は未測定。,not_measured,665,3494,"[{""bodyId"": ""803807"", ""type"": ""IN13A011"", ""superclass"": ""vnc_intrinsic"", ""weight"": 109}, {""bodyId"": ""800605"", ""type"": ""IN21A016"", ""superclass"": ""vnc_intrinsic"", ""weight"": 108}, {""bodyId"": ""902706"", ""type"": ""IN13B018"", ""superclass"": ""vnc_intrinsic"", ""weight"": 82}]"
male-cns:v1.0,909618,Acc. tr flexor MN,Acc. tr flexor MN_L,前脚筋群,fl,vnc_motor,L,T1,ProLN,Prelim Roughly traced,Acc. tr flexor MN,coxa-trochanter,flexion,anatomical_action_inferred,Azevedo 2024 Appendix A1 p3; A9 pp27-28,data/leg_muscle_actions.csv,前脚筋地図と現型注釈による作用対応。T2/T3は分節間相同を含む。個別生理は未測定。,not_measured,120,364,"[{""bodyId"": ""903366"", ""type"": ""IN16B016"", ""superclass"": ""vnc_intrinsic"", ""weight"": 26}, {""bodyId"": ""908717"", ""type"": ""IN12B092"", ""superclass"": ""vnc_intrinsic"", ""weight"": 18}, {""bodyId"": ""800685"", ""type"": ""IN09A002"", ""superclass"": ""vnc_intrinsic"", ""weight"": 16}]"
male-cns:v1.0,909713,Acc. ti flexor MN,Acc. ti flexor MN_R,前脚筋群,fl,vnc_motor,R,T1,ProLN,Reviewed,Acc. ti flexor MN,femur-tibia,flexion,anatomical_action_inferred,Azevedo 2024 Appendix A1 pp3-4; A13-A14 pp34-37,data/leg_muscle_actions.csv,前脚筋地図と現型注釈による作用対応。T2/T3は分節間相同を含む。個別生理は未測定。 旧MANC標的とのラベル差あり。legs/legacy_target_differences.csv参照。,not_measured,91,157,"[{""bodyId"": ""809394"", ""type"": ""IN16B070"", ""superclass"": ""vnc_intrinsic"", ""weight"": 7}, {""bodyId"": ""816119"", ""type"": ""IN16B061"", ""superclass"": ""vnc_intrinsic"", ""weight"": 6}, {""bodyId"": ""806412"", ""type"": ""IN16B070"", ""superclass"": ""vnc_intrinsic"", ""weight"": 5}]"
male-cns:v1.0,909831,Ti flexor MN,Ti flexor MN_L,前脚筋群,fl,vnc_motor,L,T1,ProLN,Reviewed,Ti flexor MN,femur-tibia,flexion,anatomical_action_inferred,Azevedo 2024 Appendix A1 p3; A12 pp32-33,data/leg_muscle_actions.csv,前脚筋地図と現型注釈による作用対応。T2/T3は分節間相同を含む。個別生理は未測定。,not_measured,135,550,"[{""bodyId"": ""800898"", ""type"": ""IN12B018"", ""superclass"": ""vnc_intrinsic"", ""weight"": 36}, {""bodyId"": ""852122"", ""type"": null, ""superclass"": ""vnc_intrinsic"", ""weight"": 36}, {""bodyId"": ""801017"", ""type"": ""IN21A002"", ""superclass"": ""vnc_intrinsic"", ""weight"": 22}]"
male-cns:v1.0,910095,Tr flexor MN,Tr flexor MN_R,中脚筋群,ml,vnc_motor,R,T2,MesoLN,Reviewed,Tr flexor MN,coxa-trochanter,flexion,anatomical_action_inferred,Azevedo 2024 Appendix A1 p3; A7-A8 pp24-26,data/leg_muscle_actions.csv,前脚筋地図と現型注釈による作用対応。T2/T3は分節間相同を含む。個別生理は未測定。,not_measured,438,4151,"[{""bodyId"": ""800304"", ""type"": ""IN19A008"", ""superclass"": ""vnc_intrinsic"", ""weight"": 289}, {""bodyId"": ""904743"", ""type"": ""IN21A010"", ""superclass"": ""vnc_intrinsic"", ""weight"": 223}, {""bodyId"": ""801032"", ""type"": ""IN21A015"", ""superclass"": ""vnc_intrinsic"", ""weight"": 197}]"
male-cns:v1.0,910178,Ti flexor MN,Ti flexor MN_R,後脚筋群,hl,vnc_motor,R,T3,MetaLN,Reviewed,Ti flexor MN,femur-tibia,flexion,anatomical_action_inferred,Azevedo 2024 Appendix A1 p3; A12 pp32-33,data/leg_muscle_actions.csv,前脚筋地図と現型注釈による作用対応。T2/T3は分節間相同を含む。個別生理は未測定。 旧MANC標的とのラベル差あり。legs/legacy_target_differences.csv参照。,not_measured,147,589,"[{""bodyId"": ""800793"", ""type"": ""IN21A004"", ""superclass"": ""vnc_intrinsic"", ""weight"": 47}, {""bodyId"": ""800976"", ""type"": ""IN21A002"", ""superclass"": ""vnc_intrinsic"", ""weight"": 41}, {""bodyId"": ""903182"", ""type"": ""IN03A004"", ""superclass"": ""vnc_intrinsic"", ""weight"": 32}]"
male-cns:v1.0,910296,Acc. ti flexor MN,Acc. ti flexor MN_R,後脚筋群,hl,vnc_motor,R,T3,MetaLN,Reviewed,Acc. ti flexor MN,femur-tibia,flexion,anatomical_action_inferred,Azevedo 2024 Appendix A1 pp3-4; A13-A14 pp34-37,data/leg_muscle_actions.csv,前脚筋地図と現型注釈による作用対応。T2/T3は分節間相同を含む。個別生理は未測定。,not_measured,149,413,"[{""bodyId"": ""800976"", ""type"": ""IN21A002"", ""superclass"": ""vnc_intrinsic"", ""weight"": 20}, {""bodyId"": ""801246"", ""type"": ""LBL40"", ""superclass"": ""vnc_intrinsic"", ""weight"": 15}, {""bodyId"": ""802619"", ""type"": ""IN21A022"", ""superclass"": ""vnc_intrinsic"", ""weight"": 14}]"
male-cns:v1.0,910334,ltm MN,ltm MN_L,前脚筋群,fl,vnc_motor,L,T1,ProLN,Reviewed,ltm MN,long_tendon,long_tendon_pull_muscle1_or2_unresolved,anatomical_action_inferred,Azevedo 2024 Appendix A1 p4; A15-A16 pp38-40,data/leg_muscle_actions.csv,前脚筋地図と現型注釈による作用対応。T2/T3は分節間相同を含む。個別生理は未測定。,not_measured,125,365,"[{""bodyId"": ""814555"", ""type"": ""IN03A073"", ""superclass"": ""vnc_intrinsic"", ""weight"": 21}, {""bodyId"": ""800493"", ""type"": ""IN14A002"", ""superclass"": ""vnc_intrinsic"", ""weight"": 16}, {""bodyId"": ""521445"", ""type"": ""DNge063"", ""superclass"": ""descending_neuron"", ""weight"": 14}]"
male-cns:v1.0,911134,Acc. tr flexor MN,Acc. tr flexor MN_L,前脚筋群,fl,vnc_motor,L,T1,ProLN,Reviewed,Acc. tr flexor MN,coxa-trochanter,flexion,anatomical_action_inferred,Azevedo 2024 Appendix A1 p3; A9 pp27-28,data/leg_muscle_actions.csv,前脚筋地図と現型注釈による作用対応。T2/T3は分節間相同を含む。個別生理は未測定。,not_measured,77,186,"[{""bodyId"": ""903366"", ""type"": ""IN16B016"", ""superclass"": ""vnc_intrinsic"", ""weight"": 27}, {""bodyId"": ""908717"", ""type"": ""IN12B092"", ""superclass"": ""vnc_intrinsic"", ""weight"": 12}, {""bodyId"": ""809385"", ""type"": ""IN13A010"", ""superclass"": ""vnc_intrinsic"", ""weight"": 8}]"
male-cns:v1.0,911334,MNad17,MNad17_R,腹部筋群,ad,vnc_motor,R,A9,AbNT,Reviewed,unassigned,,腹部/尾端注釈のみ。具体的筋/作用未同定,annotation_only,MANC;BANC26,data/nonleg_muscle_evidence.csv,型名/出神経のみから具体的筋や作用を推定しない。,not_measured,101,1286,"[{""bodyId"": ""803352"", ""type"": ""INXXX239"", ""superclass"": ""vnc_intrinsic"", ""weight"": 118}, {""bodyId"": ""802945"", ""type"": ""INXXX239"", ""superclass"": ""vnc_intrinsic"", ""weight"": 96}, {""bodyId"": ""803563"", ""type"": ""INXXX239"", ""superclass"": ""vnc_intrinsic"", ""weight"": 84}]"
male-cns:v1.0,911338,MNad69,MNad69_L,腹部筋群,ad,vnc_motor,L,A10,AbNT,Reviewed,unassigned,,腹部/尾端注釈のみ。具体的筋/作用未同定,annotation_only,MANC;BANC26,data/nonleg_muscle_evidence.csv,型名/出神経のみから具体的筋や作用を推定しない。,not_measured,87,1227,"[{""bodyId"": ""805630"", ""type"": ""MNad17"", ""superclass"": ""vnc_motor"", ""weight"": 154}, {""bodyId"": ""805879"", ""type"": ""MNad17"", ""superclass"": ""vnc_motor"", ""weight"": 136}, {""bodyId"": ""806047"", ""type"": ""MNad17"", ""superclass"": ""vnc_motor"", ""weight"": 88}]"
male-cns:v1.0,911453,ltm MN,ltm MN_L,前脚筋群,fl,vnc_motor,L,T1,ProLN,Reviewed,ltm MN,long_tendon,long_tendon_pull_muscle1_or2_unresolved,anatomical_action_inferred,Azevedo 2024 Appendix A1 p4; A15-A16 pp38-40,data/leg_muscle_actions.csv,前脚筋地図と現型注釈による作用対応。T2/T3は分節間相同を含む。個別生理は未測定。 旧MANC標的とのラベル差あり。legs/legacy_target_differences.csv参照。,not_measured,38,127,"[{""bodyId"": ""800256"", ""type"": ""IN08A002"", ""superclass"": ""vnc_intrinsic"", ""weight"": 29}, {""bodyId"": ""904021"", ""type"": ""IN21A008"", ""superclass"": ""vnc_intrinsic"", ""weight"": 10}, {""bodyId"": ""800685"", ""type"": ""IN09A002"", ""superclass"": ""vnc_intrinsic"", ""weight"": 8}]"
male-cns:v1.0,912694,ltm1-tibia MN,ltm1-tibia MN_L,後脚筋群,hl,vnc_motor,L,T3,MetaLN,Reviewed,ltm1-tibia MN,long_tendon,long_tendon_pull_tibia_muscle,anatomical_action_inferred,Azevedo 2024 Appendix A1 p4; A15-A16 pp38-40,data/leg_muscle_actions.csv,前脚筋地図と現型注釈による作用対応。T2/T3は分節間相同を含む。個別生理は未測定。,not_measured,260,1453,"[{""bodyId"": ""803721"", ""type"": ""IN16B041"", ""superclass"": ""vnc_intrinsic"", ""weight"": 66}, {""bodyId"": ""804110"", ""type"": ""IN13B017"", ""superclass"": ""vnc_intrinsic"", ""weight"": 50}, {""bodyId"": ""810315"", ""type"": ""IN12B026"", ""superclass"": ""vnc_intrinsic"", ""weight"": 50}]"
male-cns:v1.0,913939,MNad21,MNad21_R,腹部筋群,ad,vnc_motor,R,A1,AbN2,Reviewed,unassigned,,腹部/尾端注釈のみ。具体的筋/作用未同定,annotation_only,MANC;BANC26,data/nonleg_muscle_evidence.csv,型名/出神経のみから具体的筋や作用を推定しない。,not_measured,279,2129,"[{""bodyId"": ""14029"", ""type"": ""DNp65"", ""superclass"": ""descending_neuron"", ""weight"": 172}, {""bodyId"": ""28653"", ""type"": ""ANXXX136"", ""superclass"": ""ascending_neuron"", ""weight"": 162}, {""bodyId"": ""17367"", ""type"": ""DNp65"", ""superclass"": ""descending_neuron"", ""weight"": 146}]"
male-cns:v1.0,914655,Tr flexor MN,Tr flexor MN_R,前脚筋群,fl,vnc_motor,R,T1,ProLN,Reviewed,Tr flexor MN,coxa-trochanter,flexion,anatomical_action_inferred,Azevedo 2024 Appendix A1 p3; A7-A8 pp24-26,data/leg_muscle_actions.csv,前脚筋地図と現型注釈による作用対応。T2/T3は分節間相同を含む。個別生理は未測定。,not_measured,68,190,"[{""bodyId"": ""801061"", ""type"": ""IN19B012"", ""superclass"": ""vnc_intrinsic"", ""weight"": 20}, {""bodyId"": ""801894"", ""type"": ""IN21A010"", ""superclass"": ""vnc_intrinsic"", ""weight"": 12}, {""bodyId"": ""802085"", ""type"": ""IN21A015"", ""superclass"": ""vnc_intrinsic"", ""weight"": 11}]"
male-cns:v1.0,914837,ltm1-tibia MN,ltm1-tibia MN_R,後脚筋群,hl,vnc_motor,R,T3,MetaLN,Reviewed,ltm1-tibia MN,long_tendon,long_tendon_pull_tibia_muscle,anatomical_action_inferred,Azevedo 2024 Appendix A1 p4; A15-A16 pp38-40,data/leg_muscle_actions.csv,前脚筋地図と現型注釈による作用対応。T2/T3は分節間相同を含む。個別生理は未測定。 旧MANC標的とのラベル差あり。legs/legacy_target_differences.csv参照。,not_measured,141,459,"[{""bodyId"": ""800340"", ""type"": ""IN08A002"", ""superclass"": ""vnc_intrinsic"", ""weight"": 38}, {""bodyId"": ""800317"", ""type"": ""IN21A008"", ""superclass"": ""vnc_intrinsic"", ""weight"": 25}, {""bodyId"": ""10734"", ""type"": ""DNg93"", ""superclass"": ""descending_neuron"", ""weight"": 20}]"
male-cns:v1.0,914852,Acc. tr flexor MN,Acc. tr flexor MN_R,後脚筋群,hl,vnc_motor,R,T3,MetaLN,Reviewed,Acc. tr flexor MN,coxa-trochanter,flexion,anatomical_action_inferred,Azevedo 2024 Appendix A1 p3; A9 pp27-28,data/leg_muscle_actions.csv,前脚筋地図と現型注釈による作用対応。T2/T3は分節間相同を含む。個別生理は未測定。,not_measured,186,784,"[{""bodyId"": ""800345"", ""type"": ""IN16B016"", ""superclass"": ""vnc_intrinsic"", ""weight"": 58}, {""bodyId"": ""905618"", ""type"": ""IN21A021"", ""superclass"": ""vnc_intrinsic"", ""weight"": 42}, {""bodyId"": ""801002"", ""type"": ""IN21A010"", ""superclass"": ""vnc_intrinsic"", ""weight"": 38}]"
male-cns:v1.0,917601,MNx05,MNx05_L,摂食筋群（口器・咽頭等）,pm,cb_motor,L,,PhN,Prelim Roughly traced,unassigned,,口器/咽頭関連注釈のみ。具体的筋/作用未同定,annotation_only,GUS26,data/nonleg_muscle_evidence.csv,型名/出神経のみから具体的筋や作用を推定しない。,not_measured,94,182,"[{""bodyId"": ""10857"", ""type"": ""GNG033"", ""superclass"": ""cb_intrinsic"", ""weight"": 11}, {""bodyId"": ""16463"", ""type"": ""GNG172"", ""superclass"": ""cb_intrinsic"", ""weight"": 10}, {""bodyId"": ""13103"", ""type"": ""GNG033"", ""superclass"": ""cb_intrinsic"", ""weight"": 8}]"
male-cns:v1.0,919509,Sternal anterior rotator MN,Sternal anterior rotator MN_L,前脚筋群,fl,vnc_motor,L,T1,VProN,Reviewed,Sternal anterior rotator MN,thorax-coxa,coxa_anterior_movement,anatomical_action_inferred,Azevedo 2024 Appendix A1 p3; A3 p17,data/leg_muscle_actions.csv,前脚筋地図と現型注釈による作用対応。T2/T3は分節間相同を含む。個別生理は未測定。,not_measured,1052,10581,"[{""bodyId"": ""801316"", ""type"": ""IN21A001"", ""superclass"": ""vnc_intrinsic"", ""weight"": 603}, {""bodyId"": ""800561"", ""type"": ""IN08A006"", ""superclass"": ""vnc_intrinsic"", ""weight"": 383}, {""bodyId"": ""22931"", ""type"": ""ANXXX006"", ""superclass"": ""ascending_neuron"", ""weight"": 372}]"
male-cns:v1.0,924142,Tr flexor MN,Tr flexor MN_R,中脚筋群,ml,vnc_motor,R,T2,MesoLN,Reviewed,Tr flexor MN,coxa-trochanter,flexion,anatomical_action_inferred,Azevedo 2024 Appendix A1 p3; A7-A8 pp24-26,data/leg_muscle_actions.csv,前脚筋地図と現型注釈による作用対応。T2/T3は分節間相同を含む。個別生理は未測定。,not_measured,324,2811,"[{""bodyId"": ""800304"", ""type"": ""IN19A008"", ""superclass"": ""vnc_intrinsic"", ""weight"": 203}, {""bodyId"": ""904743"", ""type"": ""IN21A010"", ""superclass"": ""vnc_intrinsic"", ""weight"": 191}, {""bodyId"": ""800583"", ""type"": ""IN19B012"", ""superclass"": ""vnc_intrinsic"", ""weight"": 131}]"
male-cns:v1.0,924167,STTMm,STTMm_L,翅・胸部筋群,wm,vnc_motor,L,T2,PDMNp,Reviewed,small TTM-associated MN; TTM or intracoxal muscles 67/68 candidate,,未確定：TTM/基節内のdepressor・levator候補,candidate,AZE24,data/nonleg_muscle_evidence.csv,小型2MN/側は筋作用未確定。主TTMnの跳躍作用を転記しない。,not_measured,803,6796,"[{""bodyId"": ""800756"", ""type"": ""IN20A.22A001"", ""superclass"": ""vnc_intrinsic"", ""weight"": 231}, {""bodyId"": ""801146"", ""type"": ""IN20A.22A001"", ""superclass"": ""vnc_intrinsic"", ""weight"": 169}, {""bodyId"": ""801087"", ""type"": ""IN17A017"", ""superclass"": ""vnc_intrinsic"", ""weight"": 150}]"
male-cns:v1.0,924189,ltm MN,ltm MN_R,前脚筋群,fl,vnc_motor,R,T1,ProLN,Reviewed,ltm MN,long_tendon,long_tendon_pull_muscle1_or2_unresolved,anatomical_action_inferred,Azevedo 2024 Appendix A1 p4; A15-A16 pp38-40,data/leg_muscle_actions.csv,前脚筋地図と現型注釈による作用対応。T2/T3は分節間相同を含む。個別生理は未測定。,not_measured,53,97,"[{""bodyId"": ""800679"", ""type"": ""IN14A002"", ""superclass"": ""vnc_intrinsic"", ""weight"": 7}, {""bodyId"": ""812004"", ""type"": ""IN03A051"", ""superclass"": ""vnc_intrinsic"", ""weight"": 7}, {""bodyId"": ""806221"", ""type"": ""IN03A073"", ""superclass"": ""vnc_intrinsic"", ""weight"": 6}]"
male-cns:v1.0,924612,MN6,MN6_L,摂食筋群（口器・咽頭等）,pm,cb_motor,L,,MxLbN,Prelim Roughly traced,m6,,labellum伸展,exact_type_label_bridge,MCK20,data/nonleg_muscle_evidence.csv,MN2DとMN4のa/b亜型は2026命名。2020の親型操作を各亜型の独立作用としない。機械的連動と神経回路協調も別。,not_measured,213,2054,"[{""bodyId"": ""16595"", ""type"": ""GNG184"", ""superclass"": ""cb_intrinsic"", ""weight"": 109}, {""bodyId"": ""53553"", ""type"": ""GNG403"", ""superclass"": ""cb_intrinsic"", ""weight"": 108}, {""bodyId"": ""14593"", ""type"": ""GNG180"", ""superclass"": ""cb_intrinsic"", ""weight"": 101}]"
male-cns:v1.0,924716,Tergotr. MN,Tergotr. MN_R,前脚筋群,fl,vnc_motor,R,T1,VProN,Reviewed,Tergotr. MN,coxa-trochanter,extension,anatomical_action_inferred,Azevedo 2024 Appendix A1 p3; A5 pp20-21,data/leg_muscle_actions.csv,前脚筋地図と現型注釈による作用対応。T2/T3は分節間相同を含む。個別生理は未測定。,not_measured,643,3926,"[{""bodyId"": ""800605"", ""type"": ""IN21A016"", ""superclass"": ""vnc_intrinsic"", ""weight"": 126}, {""bodyId"": ""912063"", ""type"": ""IN12B012"", ""superclass"": ""vnc_intrinsic"", ""weight"": 100}, {""bodyId"": ""907751"", ""type"": ""IN20A.22A001"", ""superclass"": ""vnc_intrinsic"", ""weight"": 84}]"
male-cns:v1.0,925726,MN10,MN10_L,摂食筋群（口器・咽頭等）,pm,cb_motor,L,,PhN,Prelim Roughly traced,m10 (pharyngeal musculature),,咽頭ポンプに関連する筋。各型の詳細作用は今回未検証,exact_type_label_bridge,MCK20,data/nonleg_muscle_evidence.csv,筋同定資料とポンプ作動を区別。MN12DとMN12Vは近接命名で機能類似を含意しない。,not_measured,84,317,"[{""bodyId"": ""15903"", ""type"": ""GNG077"", ""superclass"": ""cb_intrinsic"", ""weight"": 32}, {""bodyId"": ""21670"", ""type"": ""GNG077"", ""superclass"": ""cb_intrinsic"", ""weight"": 24}, {""bodyId"": ""42089"", ""type"": ""GNG334"", ""superclass"": ""cb_intrinsic"", ""weight"": 17}]"
male-cns:v1.0,927808,Ti flexor MN,Ti flexor MN_L,中脚筋群,ml,vnc_motor,L,T2,MesoLN,Reviewed,Ti flexor MN,femur-tibia,flexion,anatomical_action_inferred,Azevedo 2024 Appendix A1 p3; A12 pp32-33,data/leg_muscle_actions.csv,前脚筋地図と現型注釈による作用対応。T2/T3は分節間相同を含む。個別生理は未測定。,not_measured,535,6526,"[{""bodyId"": ""801054"", ""type"": ""IN21A004"", ""superclass"": ""vnc_intrinsic"", ""weight"": 412}, {""bodyId"": ""801091"", ""type"": ""IN21A002"", ""superclass"": ""vnc_intrinsic"", ""weight"": 306}, {""bodyId"": ""13130"", ""type"": ""DNg105"", ""superclass"": ""descending_neuron"", ""weight"": 183}]"
male-cns:v1.0,927828,Acc. tr flexor MN,Acc. tr flexor MN_L,中脚筋群,ml,vnc_motor,L,T2,MesoLN,Reviewed,Acc. tr flexor MN,coxa-trochanter,flexion,anatomical_action_inferred,Azevedo 2024 Appendix A1 p3; A9 pp27-28,data/leg_muscle_actions.csv,前脚筋地図と現型注釈による作用対応。T2/T3は分節間相同を含む。個別生理は未測定。,not_measured,119,670,"[{""bodyId"": ""902667"", ""type"": ""IN16B016"", ""superclass"": ""vnc_intrinsic"", ""weight"": 89}, {""bodyId"": ""800332"", ""type"": ""IN13A010"", ""superclass"": ""vnc_intrinsic"", ""weight"": 67}, {""bodyId"": ""805925"", ""type"": ""IN12B023"", ""superclass"": ""vnc_intrinsic"", ""weight"": 43}]"
male-cns:v1.0,928579,Ti extensor MN,Ti extensor MN_R,中脚筋群,ml,vnc_motor,R,T2,MesoLN,Reviewed,Ti extensor MN,femur-tibia,extension,anatomical_action_inferred,Azevedo 2024 Appendix A1 p3; A11 p31,data/leg_muscle_actions.csv,前脚筋地図と現型注釈による作用対応。T2/T3は分節間相同を含む。個別生理は未測定。,not_measured,470,3736,"[{""bodyId"": ""800497"", ""type"": ""IN19A005"", ""superclass"": ""vnc_intrinsic"", ""weight"": 175}, {""bodyId"": ""801610"", ""type"": ""IN13A006"", ""superclass"": ""vnc_intrinsic"", ""weight"": 115}, {""bodyId"": ""801910"", ""type"": ""IN13A015"", ""superclass"": ""vnc_intrinsic"", ""weight"": 103}]"
male-cns:v1.0,928688,FNM2,FNM2_L,頸筋群,nm,vnc_motor,L,T1,DProN,Reviewed,unassigned,,頸部注釈のみ。具体的筋/作用未同定,annotation_only,GOR24;BANC26,data/nonleg_muscle_evidence.csv,型名/出神経のみから具体的筋や作用を推定しない。,not_measured,320,4019,"[{""bodyId"": ""12485"", ""type"": ""DNge125"", ""superclass"": ""descending_neuron"", ""weight"": 194}, {""bodyId"": ""11424"", ""type"": ""DNge026"", ""superclass"": ""descending_neuron"", ""weight"": 168}, {""bodyId"": ""905005"", ""type"": ""IN02A029"", ""superclass"": ""vnc_intrinsic"", ""weight"": 147}]"
male-cns:v1.0,929376,Ti flexor MN,Ti flexor MN_L,後脚筋群,hl,vnc_motor,L,T3,MetaLN,Reviewed,Ti flexor MN,femur-tibia,flexion,anatomical_action_inferred,Azevedo 2024 Appendix A1 p3; A12 pp32-33,data/leg_muscle_actions.csv,前脚筋地図と現型注釈による作用対応。T2/T3は分節間相同を含む。個別生理は未測定。 旧MANC標的とのラベル差あり。legs/legacy_target_differences.csv参照。,not_measured,45,103,"[{""bodyId"": ""10717"", ""type"": ""DNg93"", ""superclass"": ""descending_neuron"", ""weight"": 11}, {""bodyId"": ""809716"", ""type"": ""IN16B105"", ""superclass"": ""vnc_intrinsic"", ""weight"": 10}, {""bodyId"": ""902423"", ""type"": ""IN01A025"", ""superclass"": ""vnc_intrinsic"", ""weight"": 6}]"
male-cns:v1.0,932321,"DVMn 3a, b","DVMn 3a, b_R",翅・胸部筋群,wm,vnc_motor,R,T1,PDMNa,Reviewed,DVM3,,間接飛翔動力筋・翅挙上。非同期伸張活性化でDLMと拮抗,exact_type_label_bridge,AZE24,data/nonleg_muscle_evidence.csv,文献の機能標本とMaleCNSは別個体。型名対応のみで生理を同定しない。,not_measured,494,3348,"[{""bodyId"": ""807950"", ""type"": ""IN11B013"", ""superclass"": ""vnc_intrinsic"", ""weight"": 110}, {""bodyId"": ""806335"", ""type"": ""IN11B013"", ""superclass"": ""vnc_intrinsic"", ""weight"": 98}, {""bodyId"": ""908780"", ""type"": ""IN11B013"", ""superclass"": ""vnc_intrinsic"", ""weight"": 90}]"
male-cns:v1.0,932322,DVMn 1a-c,DVMn 1a-c_L,翅・胸部筋群,wm,vnc_motor,L,T2,ADMN,Prelim Roughly traced,DVM1,,間接飛翔動力筋・翅挙上。非同期伸張活性化でDLMと拮抗,exact_type_label_bridge,AZE24,data/nonleg_muscle_evidence.csv,文献の機能標本とMaleCNSは別個体。型名対応のみで生理を同定しない。,not_measured,726,5063,"[{""bodyId"": ""802531"", ""type"": ""IN19B043"", ""superclass"": ""vnc_intrinsic"", ""weight"": 100}, {""bodyId"": ""805361"", ""type"": ""IN11B013"", ""superclass"": ""vnc_intrinsic"", ""weight"": 97}, {""bodyId"": ""806098"", ""type"": ""IN11B013"", ""superclass"": ""vnc_intrinsic"", ""weight"": 87}]"
male-cns:v1.0,932796,DVMn 1a-c,DVMn 1a-c_L,翅・胸部筋群,wm,vnc_motor,L,T2,ADMN,Reviewed,DVM1,,間接飛翔動力筋・翅挙上。非同期伸張活性化でDLMと拮抗,exact_type_label_bridge,AZE24,data/nonleg_muscle_evidence.csv,文献の機能標本とMaleCNSは別個体。型名対応のみで生理を同定しない。,not_measured,514,3761,"[{""bodyId"": ""802531"", ""type"": ""IN19B043"", ""superclass"": ""vnc_intrinsic"", ""weight"": 94}, {""bodyId"": ""806098"", ""type"": ""IN11B013"", ""superclass"": ""vnc_intrinsic"", ""weight"": 84}, {""bodyId"": ""804732"", ""type"": ""IN11B013"", ""superclass"": ""vnc_intrinsic"", ""weight"": 83}]"
male-cns:v1.0,934019,hiii2 MN,hiii2 MN_L,平均棍筋群,hm,vnc_motor,L,T3,AbN1,Reviewed,haltere third axillary hiii2,,平均棍の直接操舵、感覚帰還を介する翅MN発火位相/動員調整候補,candidate,DIC19;EHR23;MANC,data/nonleg_muscle_evidence.csv,DIC19の標識は複数筋MN。hi2とhiii2の個別機能・MaleCNSの複数候補間対応は未確定。,not_measured,238,2428,"[{""bodyId"": ""11508"", ""type"": ""AN02A001"", ""superclass"": ""ascending_neuron"", ""weight"": 156}, {""bodyId"": ""806072"", ""type"": ""IN03B049"", ""superclass"": ""vnc_intrinsic"", ""weight"": 153}, {""bodyId"": ""802018"", ""type"": ""IN03B049"", ""superclass"": ""vnc_intrinsic"", ""weight"": 110}]"
male-cns:v1.0,934091,Tergopleural/Pleural promotor MN,Tergopleural/Pleural promotor MN_L,前脚筋群,fl,vnc_motor,L,T1,DProN,Reviewed,Tergopleural/Pleural promotor MN,thorax-coxa,coxa_anterior_movement,anatomical_action_inferred,Azevedo 2024 Appendix A1 p2; A2 pp15-16,data/leg_muscle_actions.csv,前脚筋地図と現型注釈による作用対応。T2/T3は分節間相同を含む。個別生理は未測定。,not_measured,412,2774,"[{""bodyId"": ""803611"", ""type"": ""IN16B034"", ""superclass"": ""vnc_intrinsic"", ""weight"": 273}, {""bodyId"": ""804311"", ""type"": ""IN02A015"", ""superclass"": ""vnc_intrinsic"", ""weight"": 70}, {""bodyId"": ""800527"", ""type"": ""IN19A005"", ""superclass"": ""vnc_intrinsic"", ""weight"": 68}]"
male-cns:v1.0,934519,Acc. ti flexor MN,Acc. ti flexor MN_L,後脚筋群,hl,vnc_motor,L,T3,MetaLN,Reviewed,Acc. ti flexor MN,femur-tibia,flexion,anatomical_action_inferred,Azevedo 2024 Appendix A1 pp3-4; A13-A14 pp34-37,data/leg_muscle_actions.csv,前脚筋地図と現型注釈による作用対応。T2/T3は分節間相同を含む。個別生理は未測定。 旧MANC標的とのラベル差あり。legs/legacy_target_differences.csv参照。,not_measured,58,113,"[{""bodyId"": ""802751"", ""type"": ""IN12B018"", ""superclass"": ""vnc_intrinsic"", ""weight"": 12}, {""bodyId"": ""800977"", ""type"": ""IN16B016"", ""superclass"": ""vnc_intrinsic"", ""weight"": 9}, {""bodyId"": ""912085"", ""type"": ""IN21A006"", ""superclass"": ""vnc_intrinsic"", ""weight"": 9}]"
male-cns:v1.0,935161,"MNad04,MNad48","MNad04,MNad48_L",腹部筋群,ad,vnc_motor,L,A10,AbNT,Reviewed,unassigned,,腹部/尾端注釈のみ。具体的筋/作用未同定,annotation_only,MANC;BANC26,data/nonleg_muscle_evidence.csv,型名/出神経のみから具体的筋や作用を推定しない。,not_measured,144,1635,"[{""bodyId"": ""800363"", ""type"": ""IN10B011"", ""superclass"": ""vnc_intrinsic"", ""weight"": 187}, {""bodyId"": ""800413"", ""type"": ""IN10B011"", ""superclass"": ""vnc_intrinsic"", ""weight"": 177}, {""bodyId"": ""801242"", ""type"": ""INXXX167"", ""superclass"": ""vnc_intrinsic"", ""weight"": 85}]"
male-cns:v1.0,936696,MNhl65,MNhl65_L,後脚筋群,hl,vnc_motor,L,T3,MetaLN,Reviewed,,unknown,unknown,muscle_unresolved,no_named_muscle_type,data/leg_muscle_actions.csv,前脚筋地図と現型注釈による作用対応。T2/T3は分節間相同を含む。個別生理は未測定。 旧MANC標的とのラベル差あり。legs/legacy_target_differences.csv参照。,not_measured,176,609,"[{""bodyId"": ""902758"", ""type"": ""IN03B031"", ""superclass"": ""vnc_intrinsic"", ""weight"": 73}, {""bodyId"": ""800283"", ""type"": ""IN17A007"", ""superclass"": ""vnc_intrinsic"", ""weight"": 23}, {""bodyId"": ""801084"", ""type"": ""IN01A023"", ""superclass"": ""vnc_intrinsic"", ""weight"": 18}]"
male-cns:v1.0,939950,MNhl60,MNhl60_R,後脚筋群,hl,vnc_motor,R,T3,MetaLN,Reviewed,,unknown,unknown,muscle_unresolved,no_named_muscle_type,data/leg_muscle_actions.csv,前脚筋地図と現型注釈による作用対応。T2/T3は分節間相同を含む。個別生理は未測定。 旧MANC標的とのラベル差あり。legs/legacy_target_differences.csv参照。,not_measured,347,1468,"[{""bodyId"": ""902796"", ""type"": ""INXXX066"", ""superclass"": ""vnc_intrinsic"", ""weight"": 62}, {""bodyId"": ""801462"", ""type"": ""IN12A010"", ""superclass"": ""vnc_intrinsic"", ""weight"": 52}, {""bodyId"": ""906414"", ""type"": ""IN03A070"", ""superclass"": ""vnc_intrinsic"", ""weight"": 40}]"
male-cns:v1.0,102317324,MN1,MN1_R,摂食筋群（口器・咽頭等）,pm,cb_motor,R,GNG,MxLbN,Reviewed,m1,,rostrum退縮。伸展状態ではhaustellum屈曲も誘起,exact_type_label_bridge,MCK20,data/nonleg_muscle_evidence.csv,MN2DとMN4のa/b亜型は2026命名。2020の親型操作を各亜型の独立作用としない。機械的連動と神経回路協調も別。,not_measured,112,366,"[{""bodyId"": ""13099"", ""type"": ""GNG292"", ""superclass"": ""cb_intrinsic"", ""weight"": 34}, {""bodyId"": ""10163"", ""type"": ""DNge036"", ""superclass"": ""descending_neuron"", ""weight"": 25}, {""bodyId"": ""12734"", ""type"": ""GNG281"", ""superclass"": ""cb_intrinsic"", ""weight"": 21}]"
male-cns:v1.0,492462351,MN11V,MN11V_R,摂食筋群（口器・咽頭等）,pm,cb_motor,R,,,Reviewed,m11V (pharyngeal musculature),,咽頭ポンプに関連する筋。各型の詳細作用は今回未検証,exact_type_label_bridge,MCK20,data/nonleg_muscle_evidence.csv,筋同定資料とポンプ作動を区別。MN12DとMN12Vは近接命名で機能類似を含意しない。,not_measured,130,373,"[{""bodyId"": ""492462351"", ""type"": ""MN11V"", ""superclass"": ""cb_motor"", ""weight"": 29}, {""bodyId"": ""50835"", ""type"": ""GNG334"", ""superclass"": ""cb_intrinsic"", ""weight"": 22}, {""bodyId"": ""42089"", ""type"": ""GNG334"", ""superclass"": ""cb_intrinsic"", ""weight"": 15}]"
male-cns:v1.0,1004417640,MNx04,MNx04_L,摂食筋群（口器・咽頭等）,pm,cb_motor,L,,PhN,Reviewed,unassigned,,口器/咽頭関連注釈のみ。具体的筋/作用未同定,annotation_only,GUS26,data/nonleg_muscle_evidence.csv,型名/出神経のみから具体的筋や作用を推定しない。,not_measured,99,195,"[{""bodyId"": ""12595"", ""type"": ""GNG557"", ""superclass"": ""cb_intrinsic"", ""weight"": 19}, {""bodyId"": ""10548"", ""type"": ""DNg80"", ""superclass"": ""descending_neuron"", ""weight"": 7}, {""bodyId"": ""12533"", ""type"": ""GNG046"", ""superclass"": ""cb_intrinsic"", ""weight"": 7}]"
male-cns:v1.0,1050003192,Acc. ti flexor MN,Acc. ti flexor MN_L,後脚筋群,hl,vnc_motor,L,T3,MetaLN,Reviewed,Acc. ti flexor MN,femur-tibia,flexion,anatomical_action_inferred,Azevedo 2024 Appendix A1 pp3-4; A13-A14 pp34-37,data/leg_muscle_actions.csv,前脚筋地図と現型注釈による作用対応。T2/T3は分節間相同を含む。個別生理は未測定。,not_measured,119,296,"[{""bodyId"": ""800977"", ""type"": ""IN16B016"", ""superclass"": ""vnc_intrinsic"", ""weight"": 24}, {""bodyId"": ""154726"", ""type"": ""AN18B003"", ""superclass"": ""ascending_neuron"", ""weight"": 16}, {""bodyId"": ""912085"", ""type"": ""IN21A006"", ""superclass"": ""vnc_intrinsic"", ""weight"": 11}]"
male-cns:v1.0,1050005026,Acc. ti flexor MN,Acc. ti flexor MN_R,前脚筋群,fl,vnc_motor,R,T1,ProLN,Reviewed,Acc. ti flexor MN,femur-tibia,flexion,anatomical_action_inferred,Azevedo 2024 Appendix A1 pp3-4; A13-A14 pp34-37,data/leg_muscle_actions.csv,前脚筋地図と現型注釈による作用対応。T2/T3は分節間相同を含む。個別生理は未測定。 旧MANC標的とのラベル差あり。legs/legacy_target_differences.csv参照。,not_measured,96,198,"[{""bodyId"": ""903652"", ""type"": ""IN13B012"", ""superclass"": ""vnc_intrinsic"", ""weight"": 15}, {""bodyId"": ""905517"", ""type"": ""IN16B076"", ""superclass"": ""vnc_intrinsic"", ""weight"": 10}, {""bodyId"": ""911166"", ""type"": ""IN19A030"", ""superclass"": ""vnc_intrinsic"", ""weight"": 10}]"
male-cns:v1.0,1050011487,"MNnm07,MNnm12","MNnm07,MNnm12_L",頸筋群,nm,vnc_motor,L,T1,DProN,Reviewed,unassigned,,頸部注釈のみ。具体的筋/作用未同定,annotation_only,GOR24;BANC26,data/nonleg_muscle_evidence.csv,型名/出神経のみから具体的筋や作用を推定しない。,not_measured,299,1535,"[{""bodyId"": ""19124"", ""type"": ""AN03A002"", ""superclass"": ""ascending_neuron"", ""weight"": 73}, {""bodyId"": ""14278"", ""type"": ""DNg73"", ""superclass"": ""descending_neuron"", ""weight"": 49}, {""bodyId"": ""139941"", ""type"": ""AN11B012"", ""superclass"": ""ascending_neuron"", ""weight"": 49}]"
male-cns:v1.0,1050013311,Ti flexor MN,Ti flexor MN_R,後脚筋群,hl,vnc_motor,R,T3,MetaLN,Reviewed,Ti flexor MN,femur-tibia,flexion,anatomical_action_inferred,Azevedo 2024 Appendix A1 p3; A12 pp32-33,data/leg_muscle_actions.csv,前脚筋地図と現型注釈による作用対応。T2/T3は分節間相同を含む。個別生理は未測定。 旧MANC標的とのラベル差あり。legs/legacy_target_differences.csv参照。,not_measured,58,127,"[{""bodyId"": ""801258"", ""type"": ""IN13B012"", ""superclass"": ""vnc_intrinsic"", ""weight"": 14}, {""bodyId"": ""10734"", ""type"": ""DNg93"", ""superclass"": ""descending_neuron"", ""weight"": 9}, {""bodyId"": ""805439"", ""type"": ""IN19A010"", ""superclass"": ""vnc_intrinsic"", ""weight"": 8}]"
male-cns:v1.0,1050013851,ltm MN,ltm MN_R,前脚筋群,fl,vnc_motor,R,T1,ProLN,Reviewed,ltm MN,long_tendon,long_tendon_pull_muscle1_or2_unresolved,anatomical_action_inferred,Azevedo 2024 Appendix A1 p4; A15-A16 pp38-40,data/leg_muscle_actions.csv,前脚筋地図と現型注釈による作用対応。T2/T3は分節間相同を含む。個別生理は未測定。 旧MANC標的とのラベル差あり。legs/legacy_target_differences.csv参照。,not_measured,31,66,"[{""bodyId"": ""800515"", ""type"": ""IN21A008"", ""superclass"": ""vnc_intrinsic"", ""weight"": 10}, {""bodyId"": ""800353"", ""type"": ""IN08A002"", ""superclass"": ""vnc_intrinsic"", ""weight"": 8}, {""bodyId"": ""801382"", ""type"": ""IN09A002"", ""superclass"": ""vnc_intrinsic"", ""weight"": 6}]"
male-cns:v1.0,1050014552,DLMn c-f,DLMn c-f_R,翅・胸部筋群,wm,vnc_motor,R,T1,PDMNa,Reviewed,DLM fibres c-f,,間接飛翔動力筋・翅下降。非同期伸張活性化の動力を調節,exact_type_label_bridge,AZE24;HUR23,data/nonleg_muscle_evidence.csv,"DLMn a,bは筋2線維を支配する1MN/側。DLMn c-fは4MN/側。論文MN1-5と個別一対一へ再番号付けしない。soma側と筋側は反対になり得る。",not_measured,782,8901,"[{""bodyId"": ""803023"", ""type"": ""IN19B043"", ""superclass"": ""vnc_intrinsic"", ""weight"": 164}, {""bodyId"": ""908183"", ""type"": ""IN19B043"", ""superclass"": ""vnc_intrinsic"", ""weight"": 135}, {""bodyId"": ""802139"", ""type"": ""IN19B067"", ""superclass"": ""vnc_intrinsic"", ""weight"": 128}]"
male-cns:v1.0,1050015101,ltm MN,ltm MN_R,前脚筋群,fl,vnc_motor,R,T1,ProLN,Reviewed,ltm MN,long_tendon,long_tendon_pull_muscle1_or2_unresolved,anatomical_action_inferred,Azevedo 2024 Appendix A1 p4; A15-A16 pp38-40,data/leg_muscle_actions.csv,前脚筋地図と現型注釈による作用対応。T2/T3は分節間相同を含む。個別生理は未測定。,not_measured,60,98,"[{""bodyId"": ""806221"", ""type"": ""IN03A073"", ""superclass"": ""vnc_intrinsic"", ""weight"": 10}, {""bodyId"": ""812004"", ""type"": ""IN03A051"", ""superclass"": ""vnc_intrinsic"", ""weight"": 8}, {""bodyId"": ""800679"", ""type"": ""IN14A002"", ""superclass"": ""vnc_intrinsic"", ""weight"": 6}]"
male-cns:v1.0,1050031705,Ti flexor MN,Ti flexor MN_R,前脚筋群,fl,vnc_motor,R,T1,ProLN,Reviewed,Ti flexor MN,femur-tibia,flexion,anatomical_action_inferred,Azevedo 2024 Appendix A1 p3; A12 pp32-33,data/leg_muscle_actions.csv,前脚筋地図と現型注釈による作用対応。T2/T3は分節間相同を含む。個別生理は未測定。,not_measured,37,66,"[{""bodyId"": ""812297"", ""type"": ""GFC4"", ""superclass"": ""vnc_intrinsic"", ""weight"": 8}, {""bodyId"": ""800371"", ""type"": ""IN21A002"", ""superclass"": ""vnc_intrinsic"", ""weight"": 5}, {""bodyId"": ""800224"", ""type"": ""IN13A001"", ""superclass"": ""vnc_intrinsic"", ""weight"": 3}]"
male-cns:v1.0,1050032839,Acc. ti flexor MN,Acc. ti flexor MN_R,後脚筋群,hl,vnc_motor,R,T3,MetaLN,Reviewed,Acc. ti flexor MN,femur-tibia,flexion,anatomical_action_inferred,Azevedo 2024 Appendix A1 pp3-4; A13-A14 pp34-37,data/leg_muscle_actions.csv,前脚筋地図と現型注釈による作用対応。T2/T3は分節間相同を含む。個別生理は未測定。,not_measured,47,84,"[{""bodyId"": ""10734"", ""type"": ""DNg93"", ""superclass"": ""descending_neuron"", ""weight"": 5}, {""bodyId"": ""800345"", ""type"": ""IN16B016"", ""superclass"": ""vnc_intrinsic"", ""weight"": 5}, {""bodyId"": ""801916"", ""type"": ""IN16B036"", ""superclass"": ""vnc_intrinsic"", ""weight"": 5}]"
male-cns:v1.0,1050038433,Acc. tr flexor MN,Acc. tr flexor MN_L,後脚筋群,hl,vnc_motor,L,T3,MetaLN,Reviewed,Acc. tr flexor MN,coxa-trochanter,flexion,anatomical_action_inferred,Azevedo 2024 Appendix A1 p3; A9 pp27-28,data/leg_muscle_actions.csv,前脚筋地図と現型注釈による作用対応。T2/T3は分節間相同を含む。個別生理は未測定。 旧MANC標的とのラベル差あり。legs/legacy_target_differences.csv参照。,not_measured,57,101,"[{""bodyId"": ""800089"", ""type"": ""IN19B012"", ""superclass"": ""vnc_intrinsic"", ""weight"": 10}, {""bodyId"": ""525454"", ""type"": ""DNg74_b"", ""superclass"": ""descending_neuron"", ""weight"": 6}, {""bodyId"": ""801453"", ""type"": ""IN21A010"", ""superclass"": ""vnc_intrinsic"", ""weight"": 6}]"
male-cns:v1.0,1050045395,"DVMn 3a, b","DVMn 3a, b_R",翅・胸部筋群,wm,vnc_motor,R,T1,PDMNa,Reviewed,DVM3,,間接飛翔動力筋・翅挙上。非同期伸張活性化でDLMと拮抗,exact_type_label_bridge,AZE24,data/nonleg_muscle_evidence.csv,文献の機能標本とMaleCNSは別個体。型名対応のみで生理を同定しない。,not_measured,499,3720,"[{""bodyId"": ""908780"", ""type"": ""IN11B013"", ""superclass"": ""vnc_intrinsic"", ""weight"": 99}, {""bodyId"": ""806335"", ""type"": ""IN11B013"", ""superclass"": ""vnc_intrinsic"", ""weight"": 97}, {""bodyId"": ""807950"", ""type"": ""IN11B013"", ""superclass"": ""vnc_intrinsic"", ""weight"": 77}]"
male-cns:v1.0,1050046221,MNml80,MNml80_L,中脚筋群,ml,vnc_motor,L,T2,MesoLN,Reviewed,,unknown,unknown,muscle_unresolved,no_named_muscle_type,data/leg_muscle_actions.csv,前脚筋地図と現型注釈による作用対応。T2/T3は分節間相同を含む。個別生理は未測定。 旧MANC標的とのラベル差あり。legs/legacy_target_differences.csv参照。,not_measured,412,2471,"[{""bodyId"": ""903510"", ""type"": ""IN19A030"", ""superclass"": ""vnc_intrinsic"", ""weight"": 186}, {""bodyId"": ""902617"", ""type"": ""IN13B012"", ""superclass"": ""vnc_intrinsic"", ""weight"": 142}, {""bodyId"": ""10717"", ""type"": ""DNg93"", ""superclass"": ""descending_neuron"", ""weight"": 64}]"
male-cns:v1.0,1050074465,MNad15,MNad15_R,腹部筋群,ad,vnc_motor,R,A6,AbN4,Reviewed,unassigned,,腹部/尾端注釈のみ。具体的筋/作用未同定,annotation_only,MANC;BANC26,data/nonleg_muscle_evidence.csv,型名/出神経のみから具体的筋や作用を推定しない。,not_measured,462,5366,"[{""bodyId"": ""800451"", ""type"": ""INXXX039"", ""superclass"": ""vnc_intrinsic"", ""weight"": 197}, {""bodyId"": ""800386"", ""type"": ""INXXX039"", ""superclass"": ""vnc_intrinsic"", ""weight"": 146}, {""bodyId"": ""805191"", ""type"": ""IN08B004"", ""superclass"": ""vnc_intrinsic"", ""weight"": 143}]"
male-cns:v1.0,1050080384,ltm MN,ltm MN_L,後脚筋群,hl,vnc_motor,L,T3,MetaLN,Reviewed,ltm MN,long_tendon,long_tendon_pull_muscle1_or2_unresolved,anatomical_action_inferred,Azevedo 2024 Appendix A1 p4; A15-A16 pp38-40,data/leg_muscle_actions.csv,前脚筋地図と現型注釈による作用対応。T2/T3は分節間相同を含む。個別生理は未測定。 旧MANC標的とのラベル差あり。legs/legacy_target_differences.csv参照。,not_measured,57,118,"[{""bodyId"": ""803653"", ""type"": ""IN04A002"", ""superclass"": ""vnc_intrinsic"", ""weight"": 10}, {""bodyId"": ""903604"", ""type"": ""IN08A002"", ""superclass"": ""vnc_intrinsic"", ""weight"": 10}, {""bodyId"": ""800832"", ""type"": ""IN21A003"", ""superclass"": ""vnc_intrinsic"", ""weight"": 7}]"
male-cns:v1.0,1050088257,Ti flexor MN,Ti flexor MN_L,後脚筋群,hl,vnc_motor,L,T3,MetaLN,Reviewed,Ti flexor MN,femur-tibia,flexion,anatomical_action_inferred,Azevedo 2024 Appendix A1 p3; A12 pp32-33,data/leg_muscle_actions.csv,前脚筋地図と現型注釈による作用対応。T2/T3は分節間相同を含む。個別生理は未測定。,not_measured,130,324,"[{""bodyId"": ""911639"", ""type"": ""IN21A002"", ""superclass"": ""vnc_intrinsic"", ""weight"": 28}, {""bodyId"": ""10218"", ""type"": ""DNg35"", ""superclass"": ""descending_neuron"", ""weight"": 13}, {""bodyId"": ""820881"", ""type"": ""IN21A004"", ""superclass"": ""vnc_intrinsic"", ""weight"": 13}]"
male-cns:v1.0,1050091102,ltm MN,ltm MN_R,後脚筋群,hl,vnc_motor,R,T3,MetaLN,Reviewed,ltm MN,long_tendon,long_tendon_pull_muscle1_or2_unresolved,anatomical_action_inferred,Azevedo 2024 Appendix A1 p4; A15-A16 pp38-40,data/leg_muscle_actions.csv,前脚筋地図と現型注釈による作用対応。T2/T3は分節間相同を含む。個別生理は未測定。 旧MANC標的とのラベル差あり。legs/legacy_target_differences.csv参照。,not_measured,152,470,"[{""bodyId"": ""801258"", ""type"": ""IN13B012"", ""superclass"": ""vnc_intrinsic"", ""weight"": 43}, {""bodyId"": ""801629"", ""type"": ""IN08A008"", ""superclass"": ""vnc_intrinsic"", ""weight"": 25}, {""bodyId"": ""906684"", ""type"": ""IN02A015"", ""superclass"": ""vnc_intrinsic"", ""weight"": 17}]"
male-cns:v1.0,1050091581,Acc. ti flexor MN,Acc. ti flexor MN_R,前脚筋群,fl,vnc_motor,R,T1,ProLN,Reviewed,Acc. ti flexor MN,femur-tibia,flexion,anatomical_action_inferred,Azevedo 2024 Appendix A1 pp3-4; A13-A14 pp34-37,data/leg_muscle_actions.csv,前脚筋地図と現型注釈による作用対応。T2/T3は分節間相同を含む。個別生理は未測定。,not_measured,276,1031,"[{""bodyId"": ""800371"", ""type"": ""IN21A002"", ""superclass"": ""vnc_intrinsic"", ""weight"": 54}, {""bodyId"": ""801386"", ""type"": ""IN21A003"", ""superclass"": ""vnc_intrinsic"", ""weight"": 44}, {""bodyId"": ""800551"", ""type"": ""IN19A015"", ""superclass"": ""vnc_intrinsic"", ""weight"": 40}]"
male-cns:v1.0,1050098047,Tr flexor MN,Tr flexor MN_R,後脚筋群,hl,vnc_motor,R,T3,MetaLN,Reviewed,Tr flexor MN,coxa-trochanter,flexion,anatomical_action_inferred,Azevedo 2024 Appendix A1 p3; A7-A8 pp24-26,data/leg_muscle_actions.csv,前脚筋地図と現型注釈による作用対応。T2/T3は分節間相同を含む。個別生理は未測定。,not_measured,231,1209,"[{""bodyId"": ""801467"", ""type"": ""IN21A015"", ""superclass"": ""vnc_intrinsic"", ""weight"": 124}, {""bodyId"": ""800127"", ""type"": ""IN19A008"", ""superclass"": ""vnc_intrinsic"", ""weight"": 86}, {""bodyId"": ""903273"", ""type"": ""IN13A010"", ""superclass"": ""vnc_intrinsic"", ""weight"": 65}]"
male-cns:v1.0,1050100010,Ti flexor MN,Ti flexor MN_L,後脚筋群,hl,vnc_motor,L,T3,MetaLN,Reviewed,Ti flexor MN,femur-tibia,flexion,anatomical_action_inferred,Azevedo 2024 Appendix A1 p3; A12 pp32-33,data/leg_muscle_actions.csv,前脚筋地図と現型注釈による作用対応。T2/T3は分節間相同を含む。個別生理は未測定。,not_measured,109,245,"[{""bodyId"": ""802213"", ""type"": ""IN19A030"", ""superclass"": ""vnc_intrinsic"", ""weight"": 20}, {""bodyId"": ""808759"", ""type"": ""IN20A.22A023"", ""superclass"": ""vnc_intrinsic"", ""weight"": 17}, {""bodyId"": ""808582"", ""type"": ""IN20A.22A027"", ""superclass"": ""vnc_intrinsic"", ""weight"": 12}]"
male-cns:v1.0,1050102118,Acc. tr flexor MN,Acc. tr flexor MN_R,後脚筋群,hl,vnc_motor,R,T3,MetaLN,Reviewed,Acc. tr flexor MN,coxa-trochanter,flexion,anatomical_action_inferred,Azevedo 2024 Appendix A1 p3; A9 pp27-28,data/leg_muscle_actions.csv,前脚筋地図と現型注釈による作用対応。T2/T3は分節間相同を含む。個別生理は未測定。 旧MANC標的とのラベル差あり。legs/legacy_target_differences.csv参照。,not_measured,33,56,"[{""bodyId"": ""823180"", ""type"": ""IN01A064"", ""superclass"": ""vnc_intrinsic"", ""weight"": 5}, {""bodyId"": ""801320"", ""type"": ""IN07B022"", ""superclass"": ""vnc_intrinsic"", ""weight"": 4}, {""bodyId"": ""806647"", ""type"": ""IN03A092"", ""superclass"": ""vnc_intrinsic"", ""weight"": 4}]"
male-cns:v1.0,1050111955,Ta levator MN,Ta levator MN_L,前脚筋群,fl,vnc_motor,L,T1,ProLN,Reviewed,Ta levator MN,tibia-tarsus,flexion_toward_substrate,anatomical_action_inferred,Azevedo 2024 Appendix A1 p4; A17 pp41-42,data/leg_muscle_actions.csv,前脚筋地図と現型注釈による作用対応。T2/T3は分節間相同を含む。個別生理は未測定。 旧MANC標的とのラベル差あり。legs/legacy_target_differences.csv参照。,not_measured,534,3278,"[{""bodyId"": ""36541"", ""type"": ""DNge078"", ""superclass"": ""descending_neuron"", ""weight"": 140}, {""bodyId"": ""800902"", ""type"": ""IN09A003"", ""superclass"": ""vnc_intrinsic"", ""weight"": 91}, {""bodyId"": ""801074"", ""type"": ""IN03A007"", ""superclass"": ""vnc_intrinsic"", ""weight"": 82}]"
male-cns:v1.0,1050115387,Acc. ti flexor MN,Acc. ti flexor MN_L,前脚筋群,fl,vnc_motor,L,T1,ProLN,Reviewed,Acc. ti flexor MN,femur-tibia,flexion,anatomical_action_inferred,Azevedo 2024 Appendix A1 pp3-4; A13-A14 pp34-37,data/leg_muscle_actions.csv,前脚筋地図と現型注釈による作用対応。T2/T3は分節間相同を含む。個別生理は未測定。,not_measured,67,158,"[{""bodyId"": ""903366"", ""type"": ""IN16B016"", ""superclass"": ""vnc_intrinsic"", ""weight"": 12}, {""bodyId"": ""905496"", ""type"": ""IN21A006"", ""superclass"": ""vnc_intrinsic"", ""weight"": 12}, {""bodyId"": ""800898"", ""type"": ""IN12B018"", ""superclass"": ""vnc_intrinsic"", ""weight"": 11}]"
male-cns:v1.0,1050119039,MNml78,MNml78_L,中脚筋群,ml,vnc_motor,L,T2,MesoLN,Reviewed,,unknown,unknown,muscle_unresolved,no_named_muscle_type,data/leg_muscle_actions.csv,前脚筋地図と現型注釈による作用対応。T2/T3は分節間相同を含む。個別生理は未測定。 旧MANC標的とのラベル差あり。legs/legacy_target_differences.csv参照。,not_measured,55,95,"[{""bodyId"": ""801385"", ""type"": ""IN18B005"", ""superclass"": ""vnc_intrinsic"", ""weight"": 6}, {""bodyId"": ""804897"", ""type"": ""IN13B080"", ""superclass"": ""vnc_intrinsic"", ""weight"": 5}, {""bodyId"": ""802017"", ""type"": ""IN07B014"", ""superclass"": ""vnc_intrinsic"", ""weight"": 4}]"
male-cns:v1.0,1050123559,Acc. ti flexor MN,Acc. ti flexor MN_L,後脚筋群,hl,vnc_motor,L,T3,MetaLN,Reviewed,Acc. ti flexor MN,femur-tibia,flexion,anatomical_action_inferred,Azevedo 2024 Appendix A1 pp3-4; A13-A14 pp34-37,data/leg_muscle_actions.csv,前脚筋地図と現型注釈による作用対応。T2/T3は分節間相同を含む。個別生理は未測定。 旧MANC標的とのラベル差あり。legs/legacy_target_differences.csv参照。,not_measured,51,100,"[{""bodyId"": ""800769"", ""type"": ""IN19A017"", ""superclass"": ""vnc_intrinsic"", ""weight"": 6}, {""bodyId"": ""800977"", ""type"": ""IN16B016"", ""superclass"": ""vnc_intrinsic"", ""weight"": 6}, {""bodyId"": ""800434"", ""type"": ""IN09A002"", ""superclass"": ""vnc_intrinsic"", ""weight"": 5}]"
male-cns:v1.0,1050126678,Acc. ti flexor MN,Acc. ti flexor MN_R,前脚筋群,fl,vnc_motor,R,T1,ProLN,Reviewed,Acc. ti flexor MN,femur-tibia,flexion,anatomical_action_inferred,Azevedo 2024 Appendix A1 pp3-4; A13-A14 pp34-37,data/leg_muscle_actions.csv,前脚筋地図と現型注釈による作用対応。T2/T3は分節間相同を含む。個別生理は未測定。,not_measured,67,143,"[{""bodyId"": ""904286"", ""type"": ""IN21A022"", ""superclass"": ""vnc_intrinsic"", ""weight"": 12}, {""bodyId"": ""800371"", ""type"": ""IN21A002"", ""superclass"": ""vnc_intrinsic"", ""weight"": 11}, {""bodyId"": ""903545"", ""type"": ""IN16B016"", ""superclass"": ""vnc_intrinsic"", ""weight"": 9}]"
male-cns:v1.0,1050139141,Acc. tr flexor MN,Acc. tr flexor MN_L,後脚筋群,hl,vnc_motor,L,T3,MetaLN,Reviewed,Acc. tr flexor MN,coxa-trochanter,flexion,anatomical_action_inferred,Azevedo 2024 Appendix A1 p3; A9 pp27-28,data/leg_muscle_actions.csv,前脚筋地図と現型注釈による作用対応。T2/T3は分節間相同を含む。個別生理は未測定。,not_measured,91,204,"[{""bodyId"": ""801757"", ""type"": ""IN21A015"", ""superclass"": ""vnc_intrinsic"", ""weight"": 24}, {""bodyId"": ""800089"", ""type"": ""IN19B012"", ""superclass"": ""vnc_intrinsic"", ""weight"": 11}, {""bodyId"": ""805471"", ""type"": ""GFC1"", ""superclass"": ""vnc_intrinsic"", ""weight"": 9}]"
male-cns:v1.0,1050151215,MNml78,MNml78_L,中脚筋群,ml,vnc_motor,L,T2,MesoLN,Reviewed,,unknown,unknown,muscle_unresolved,no_named_muscle_type,data/leg_muscle_actions.csv,前脚筋地図と現型注釈による作用対応。T2/T3は分節間相同を含む。個別生理は未測定。 旧MANC標的とのラベル差あり。legs/legacy_target_differences.csv参照。,not_measured,94,218,"[{""bodyId"": ""806677"", ""type"": ""IN20A.22A046"", ""superclass"": ""vnc_intrinsic"", ""weight"": 9}, {""bodyId"": ""902617"", ""type"": ""IN13B012"", ""superclass"": ""vnc_intrinsic"", ""weight"": 9}, {""bodyId"": ""800296"", ""type"": ""IN09A002"", ""superclass"": ""vnc_intrinsic"", ""weight"": 7}]"
male-cns:v1.0,1050156705,Acc. ti flexor MN,Acc. ti flexor MN_R,前脚筋群,fl,vnc_motor,R,T1,ProLN,Reviewed,Acc. ti flexor MN,femur-tibia,flexion,anatomical_action_inferred,Azevedo 2024 Appendix A1 pp3-4; A13-A14 pp34-37,data/leg_muscle_actions.csv,前脚筋地図と現型注釈による作用対応。T2/T3は分節間相同を含む。個別生理は未測定。,not_measured,31,39,"[{""bodyId"": ""800371"", ""type"": ""IN21A002"", ""superclass"": ""vnc_intrinsic"", ""weight"": 3}, {""bodyId"": ""804028"", ""type"": ""IN01A030"", ""superclass"": ""vnc_intrinsic"", ""weight"": 3}, {""bodyId"": ""800805"", ""type"": ""IN18B005"", ""superclass"": ""vnc_intrinsic"", ""weight"": 2}]"
male-cns:v1.0,1050160514,Acc. ti flexor MN,Acc. ti flexor MN_R,後脚筋群,hl,vnc_motor,R,T3,MetaLN,Reviewed,Acc. ti flexor MN,femur-tibia,flexion,anatomical_action_inferred,Azevedo 2024 Appendix A1 pp3-4; A13-A14 pp34-37,data/leg_muscle_actions.csv,前脚筋地図と現型注釈による作用対応。T2/T3は分節間相同を含む。個別生理は未測定。,not_measured,36,57,"[{""bodyId"": ""800716"", ""type"": ""IN09A002"", ""superclass"": ""vnc_intrinsic"", ""weight"": 5}, {""bodyId"": ""801258"", ""type"": ""IN13B012"", ""superclass"": ""vnc_intrinsic"", ""weight"": 5}, {""bodyId"": ""807849"", ""type"": ""IN04B052"", ""superclass"": ""vnc_intrinsic"", ""weight"": 4}]"
male-cns:v1.0,1050160593,MNml76,MNml76_R,中脚筋群,ml,vnc_motor,R,T2,MesoLN,Reviewed,,unknown,unknown,muscle_unresolved,no_named_muscle_type,data/leg_muscle_actions.csv,前脚筋地図と現型注釈による作用対応。T2/T3は分節間相同を含む。個別生理は未測定。 旧MANC標的とのラベル差あり。legs/legacy_target_differences.csv参照。,not_measured,73,120,"[{""bodyId"": ""905262"", ""type"": ""IN19A030"", ""superclass"": ""vnc_intrinsic"", ""weight"": 9}, {""bodyId"": ""812573"", ""type"": ""IN13B080"", ""superclass"": ""vnc_intrinsic"", ""weight"": 5}, {""bodyId"": ""63539"", ""type"": ""ANXXX023"", ""superclass"": ""ascending_neuron"", ""weight"": 4}]"
male-cns:v1.0,1050166426,Ti flexor MN,Ti flexor MN_L,後脚筋群,hl,vnc_motor,L,T3,MetaLN,Reviewed,Ti flexor MN,femur-tibia,flexion,anatomical_action_inferred,Azevedo 2024 Appendix A1 p3; A12 pp32-33,data/leg_muscle_actions.csv,前脚筋地図と現型注釈による作用対応。T2/T3は分節間相同を含む。個別生理は未測定。 旧MANC標的とのラベル差あり。legs/legacy_target_differences.csv参照。,not_measured,36,82,"[{""bodyId"": ""800800"", ""type"": ""IN13B012"", ""superclass"": ""vnc_intrinsic"", ""weight"": 12}, {""bodyId"": ""10717"", ""type"": ""DNg93"", ""superclass"": ""descending_neuron"", ""weight"": 10}, {""bodyId"": ""802213"", ""type"": ""IN19A030"", ""superclass"": ""vnc_intrinsic"", ""weight"": 7}]"
male-cns:v1.0,1050174251,ltm2-femur MN,ltm2-femur MN_R,後脚筋群,hl,vnc_motor,R,T3,MetaLN,Reviewed,ltm2-femur MN,long_tendon,long_tendon_pull_femur_muscle,anatomical_action_inferred,Azevedo 2024 Appendix A1 p4; A15-A16 pp38-40,data/leg_muscle_actions.csv,前脚筋地図と現型注釈による作用対応。T2/T3は分節間相同を含む。個別生理は未測定。,not_measured,226,818,"[{""bodyId"": ""800317"", ""type"": ""IN21A008"", ""superclass"": ""vnc_intrinsic"", ""weight"": 34}, {""bodyId"": ""10734"", ""type"": ""DNg93"", ""superclass"": ""descending_neuron"", ""weight"": 30}, {""bodyId"": ""800340"", ""type"": ""IN08A002"", ""superclass"": ""vnc_intrinsic"", ""weight"": 30}]"
male-cns:v1.0,1050189039,Ti flexor MN,Ti flexor MN_R,前脚筋群,fl,vnc_motor,R,T1,ProLN,Reviewed,Ti flexor MN,femur-tibia,flexion,anatomical_action_inferred,Azevedo 2024 Appendix A1 p3; A12 pp32-33,data/leg_muscle_actions.csv,前脚筋地図と現型注釈による作用対応。T2/T3は分節間相同を含む。個別生理は未測定。,not_measured,81,179,"[{""bodyId"": ""912045"", ""type"": ""IN12B024_b"", ""superclass"": ""vnc_intrinsic"", ""weight"": 16}, {""bodyId"": ""803799"", ""type"": ""IN21A017"", ""superclass"": ""vnc_intrinsic"", ""weight"": 13}, {""bodyId"": ""802167"", ""type"": ""IN13B011"", ""superclass"": ""vnc_intrinsic"", ""weight"": 9}]"
male-cns:v1.0,1050194310,Tr flexor MN,Tr flexor MN_L,後脚筋群,hl,vnc_motor,L,T3,MetaLN,Reviewed,Tr flexor MN,coxa-trochanter,flexion,anatomical_action_inferred,Azevedo 2024 Appendix A1 p3; A7-A8 pp24-26,data/leg_muscle_actions.csv,前脚筋地図と現型注釈による作用対応。T2/T3は分節間相同を含む。個別生理は未測定。,not_measured,15,18,"[{""bodyId"": ""802964"", ""type"": ""Sternal posterior rotator MN"", ""superclass"": ""vnc_motor"", ""weight"": 3}, {""bodyId"": ""1440498998"", ""type"": null, ""superclass"": null, ""weight"": 2}, {""bodyId"": ""800183"", ""type"": ""IN13A003"", ""superclass"": ""vnc_intrinsic"", ""weight"": 1}]"
male-cns:v1.0,1050202259,MNhl65,MNhl65_L,後脚筋群,hl,vnc_motor,L,T3,MetaLN,Reviewed,,unknown,unknown,muscle_unresolved,no_named_muscle_type,data/leg_muscle_actions.csv,前脚筋地図と現型注釈による作用対応。T2/T3は分節間相同を含む。個別生理は未測定。,not_measured,153,512,"[{""bodyId"": ""801253"", ""type"": ""IN19A040"", ""superclass"": ""vnc_intrinsic"", ""weight"": 29}, {""bodyId"": ""802214"", ""type"": ""IN18B021"", ""superclass"": ""vnc_intrinsic"", ""weight"": 20}, {""bodyId"": ""800273"", ""type"": ""IN13B004"", ""superclass"": ""vnc_intrinsic"", ""weight"": 15}]"
male-cns:v1.0,1050202461,Acc. ti flexor MN,Acc. ti flexor MN_R,後脚筋群,hl,vnc_motor,R,T3,MetaLN,Reviewed,Acc. ti flexor MN,femur-tibia,flexion,anatomical_action_inferred,Azevedo 2024 Appendix A1 pp3-4; A13-A14 pp34-37,data/leg_muscle_actions.csv,前脚筋地図と現型注釈による作用対応。T2/T3は分節間相同を含む。個別生理は未測定。,not_measured,91,195,"[{""bodyId"": ""800526"", ""type"": ""IN19A017"", ""superclass"": ""vnc_intrinsic"", ""weight"": 12}, {""bodyId"": ""800192"", ""type"": ""INXXX038"", ""superclass"": ""vnc_intrinsic"", ""weight"": 10}, {""bodyId"": ""800716"", ""type"": ""IN09A002"", ""superclass"": ""vnc_intrinsic"", ""weight"": 10}]"
male-cns:v1.0,1050203465,ltm MN,ltm MN_R,後脚筋群,hl,vnc_motor,R,T3,MetaLN,Reviewed,ltm MN,long_tendon,long_tendon_pull_muscle1_or2_unresolved,anatomical_action_inferred,Azevedo 2024 Appendix A1 p4; A15-A16 pp38-40,data/leg_muscle_actions.csv,前脚筋地図と現型注釈による作用対応。T2/T3は分節間相同を含む。個別生理は未測定。,not_measured,61,145,"[{""bodyId"": ""804409"", ""type"": ""IN04A002"", ""superclass"": ""vnc_intrinsic"", ""weight"": 14}, {""bodyId"": ""800340"", ""type"": ""IN08A002"", ""superclass"": ""vnc_intrinsic"", ""weight"": 8}, {""bodyId"": ""801192"", ""type"": ""IN21A018"", ""superclass"": ""vnc_intrinsic"", ""weight"": 7}]"
male-cns:v1.0,1050211750,"MNnm07,MNnm12","MNnm07,MNnm12_R",頸筋群,nm,vnc_motor,R,T1,DProN,Reviewed,unassigned,,頸部注釈のみ。具体的筋/作用未同定,annotation_only,GOR24;BANC26,data/nonleg_muscle_evidence.csv,型名/出神経のみから具体的筋や作用を推定しない。,not_measured,111,349,"[{""bodyId"": ""47277"", ""type"": ""AN11B008"", ""superclass"": ""ascending_neuron"", ""weight"": 24}, {""bodyId"": ""67972"", ""type"": ""ANXXX200"", ""superclass"": ""ascending_neuron"", ""weight"": 21}, {""bodyId"": ""150355"", ""type"": ""AN11B012"", ""superclass"": ""ascending_neuron"", ""weight"": 13}]"
male-cns:v1.0,1050233038,Acc. ti flexor MN,Acc. ti flexor MN_L,後脚筋群,hl,vnc_motor,L,T3,MetaLN,Reviewed,Acc. ti flexor MN,femur-tibia,flexion,anatomical_action_inferred,Azevedo 2024 Appendix A1 pp3-4; A13-A14 pp34-37,data/leg_muscle_actions.csv,前脚筋地図と現型注釈による作用対応。T2/T3は分節間相同を含む。個別生理は未測定。,not_measured,41,81,"[{""bodyId"": ""800977"", ""type"": ""IN16B016"", ""superclass"": ""vnc_intrinsic"", ""weight"": 11}, {""bodyId"": ""802621"", ""type"": ""IN21A022"", ""superclass"": ""vnc_intrinsic"", ""weight"": 6}, {""bodyId"": ""912085"", ""type"": ""IN21A006"", ""superclass"": ""vnc_intrinsic"", ""weight"": 6}]"
male-cns:v1.0,1050239701,Acc. tr flexor MN,Acc. tr flexor MN_L,後脚筋群,hl,vnc_motor,L,T3,MetaLN,Reviewed,Acc. tr flexor MN,coxa-trochanter,flexion,anatomical_action_inferred,Azevedo 2024 Appendix A1 p3; A9 pp27-28,data/leg_muscle_actions.csv,前脚筋地図と現型注釈による作用対応。T2/T3は分節間相同を含む。個別生理は未測定。,not_measured,81,146,"[{""bodyId"": ""800089"", ""type"": ""IN19B012"", ""superclass"": ""vnc_intrinsic"", ""weight"": 8}, {""bodyId"": ""525454"", ""type"": ""DNg74_b"", ""superclass"": ""descending_neuron"", ""weight"": 7}, {""bodyId"": ""256420"", ""type"": ""DNge050"", ""superclass"": ""descending_neuron"", ""weight"": 6}]"
male-cns:v1.0,1050248133,Ta depressor MN,Ta depressor MN_R,前脚筋群,fl,vnc_motor,R,T1,ProLN,Reviewed,Ta depressor MN,tibia-tarsus,extension_push_from_substrate,anatomical_action_inferred,Azevedo 2024 Appendix A1 p4; A17 pp41-42,data/leg_muscle_actions.csv,前脚筋地図と現型注釈による作用対応。T2/T3は分節間相同を含む。個別生理は未測定。 旧MANC標的とのラベル差あり。legs/legacy_target_differences.csv参照。,not_measured,23,34,"[{""bodyId"": ""801382"", ""type"": ""IN09A002"", ""superclass"": ""vnc_intrinsic"", ""weight"": 5}, {""bodyId"": ""902663"", ""type"": ""IN03A001"", ""superclass"": ""vnc_intrinsic"", ""weight"": 3}, {""bodyId"": ""800353"", ""type"": ""IN08A002"", ""superclass"": ""vnc_intrinsic"", ""weight"": 2}]"
male-cns:v1.0,1050251718,ltm2-femur MN,ltm2-femur MN_R,前脚筋群,fl,vnc_motor,R,T1,ProLN,Reviewed,ltm2-femur MN,long_tendon,long_tendon_pull_femur_muscle,anatomical_action_inferred,Azevedo 2024 Appendix A1 p4; A15-A16 pp38-40,data/leg_muscle_actions.csv,前脚筋地図と現型注釈による作用対応。T2/T3は分節間相同を含む。個別生理は未測定。 旧MANC標的とのラベル差あり。legs/legacy_target_differences.csv参照。,not_measured,90,211,"[{""bodyId"": ""805404"", ""type"": ""IN16B041"", ""superclass"": ""vnc_intrinsic"", ""weight"": 16}, {""bodyId"": ""800515"", ""type"": ""IN21A008"", ""superclass"": ""vnc_intrinsic"", ""weight"": 13}, {""bodyId"": ""803175"", ""type"": ""IN21A020"", ""superclass"": ""vnc_intrinsic"", ""weight"": 9}]"
male-cns:v1.0,1050263576,Acc. ti flexor MN,Acc. ti flexor MN_L,後脚筋群,hl,vnc_motor,L,T3,MetaLN,Reviewed,Acc. ti flexor MN,femur-tibia,flexion,anatomical_action_inferred,Azevedo 2024 Appendix A1 pp3-4; A13-A14 pp34-37,data/leg_muscle_actions.csv,前脚筋地図と現型注釈による作用対応。T2/T3は分節間相同を含む。個別生理は未測定。,not_measured,107,213,"[{""bodyId"": ""802621"", ""type"": ""IN21A022"", ""superclass"": ""vnc_intrinsic"", ""weight"": 15}, {""bodyId"": ""911639"", ""type"": ""IN21A002"", ""superclass"": ""vnc_intrinsic"", ""weight"": 12}, {""bodyId"": ""811478"", ""type"": ""IN09A042"", ""superclass"": ""vnc_intrinsic"", ""weight"": 10}]"
male-cns:v1.0,1050268065,Acc. ti flexor MN,Acc. ti flexor MN_R,前脚筋群,fl,vnc_motor,R,T1,ProLN,Reviewed,Acc. ti flexor MN,femur-tibia,flexion,anatomical_action_inferred,Azevedo 2024 Appendix A1 pp3-4; A13-A14 pp34-37,data/leg_muscle_actions.csv,前脚筋地図と現型注釈による作用対応。T2/T3は分節間相同を含む。個別生理は未測定。,not_measured,83,178,"[{""bodyId"": ""903545"", ""type"": ""IN16B016"", ""superclass"": ""vnc_intrinsic"", ""weight"": 18}, {""bodyId"": ""800371"", ""type"": ""IN21A002"", ""superclass"": ""vnc_intrinsic"", ""weight"": 11}, {""bodyId"": ""913724"", ""type"": ""IN21A006"", ""superclass"": ""vnc_intrinsic"", ""weight"": 10}]"
male-cns:v1.0,1050272154,,,後脚筋群,hl,vnc_motor,L,T3,MetaLN,Reviewed,,unknown,unknown,muscle_unresolved,no_named_muscle_type,data/leg_muscle_actions.csv,前脚筋地図と現型注釈による作用対応。T2/T3は分節間相同を含む。個別生理は未測定。,not_measured,164,447,"[{""bodyId"": ""800800"", ""type"": ""IN13B012"", ""superclass"": ""vnc_intrinsic"", ""weight"": 26}, {""bodyId"": ""803947"", ""type"": ""IN03A036"", ""superclass"": ""vnc_intrinsic"", ""weight"": 21}, {""bodyId"": ""800434"", ""type"": ""IN09A002"", ""superclass"": ""vnc_intrinsic"", ""weight"": 15}]"
male-cns:v1.0,1050274189,MNhl60,MNhl60_L,後脚筋群,hl,vnc_motor,L,T3,MetaLN,Reviewed,,unknown,unknown,muscle_unresolved,no_named_muscle_type,data/leg_muscle_actions.csv,前脚筋地図と現型注釈による作用対応。T2/T3は分節間相同を含む。個別生理は未測定。 旧MANC標的とのラベル差あり。legs/legacy_target_differences.csv参照。,not_measured,45,76,"[{""bodyId"": ""800182"", ""type"": ""INXXX022"", ""superclass"": ""vnc_intrinsic"", ""weight"": 4}, {""bodyId"": ""800212"", ""type"": ""IN19A001"", ""superclass"": ""vnc_intrinsic"", ""weight"": 4}, {""bodyId"": ""800228"", ""type"": ""IN13A005"", ""superclass"": ""vnc_intrinsic"", ""weight"": 4}]"
male-cns:v1.0,1050303231,Ti flexor MN,Ti flexor MN_R,後脚筋群,hl,vnc_motor,R,T3,MetaLN,Reviewed,Ti flexor MN,femur-tibia,flexion,anatomical_action_inferred,Azevedo 2024 Appendix A1 p3; A12 pp32-33,data/leg_muscle_actions.csv,前脚筋地図と現型注釈による作用対応。T2/T3は分節間相同を含む。個別生理は未測定。 旧MANC標的とのラベル差あり。legs/legacy_target_differences.csv参照。,not_measured,150,505,"[{""bodyId"": ""800976"", ""type"": ""IN21A002"", ""superclass"": ""vnc_intrinsic"", ""weight"": 34}, {""bodyId"": ""800426"", ""type"": ""IN07B006"", ""superclass"": ""vnc_intrinsic"", ""weight"": 27}, {""bodyId"": ""903182"", ""type"": ""IN03A004"", ""superclass"": ""vnc_intrinsic"", ""weight"": 27}]"
male-cns:v1.0,1050306082,Acc. tr flexor MN,Acc. tr flexor MN_R,前脚筋群,fl,vnc_motor,R,T1,ProLN,Reviewed,Acc. tr flexor MN,coxa-trochanter,flexion,anatomical_action_inferred,Azevedo 2024 Appendix A1 p3; A9 pp27-28,data/leg_muscle_actions.csv,前脚筋地図と現型注釈による作用対応。T2/T3は分節間相同を含む。個別生理は未測定。 旧MANC標的とのラベル差あり。legs/legacy_target_differences.csv参照。,not_measured,41,89,"[{""bodyId"": ""802291"", ""type"": ""IN13A010"", ""superclass"": ""vnc_intrinsic"", ""weight"": 10}, {""bodyId"": ""802085"", ""type"": ""IN21A015"", ""superclass"": ""vnc_intrinsic"", ""weight"": 9}, {""bodyId"": ""801382"", ""type"": ""IN09A002"", ""superclass"": ""vnc_intrinsic"", ""weight"": 8}]"
male-cns:v1.0,1050335829,Sternal posterior rotator MN,Sternal posterior rotator MN_L,前脚筋群,fl,vnc_motor,L,T1,ProAN,Reviewed,Sternal posterior rotator MN,thorax-coxa,coxa_posterior_movement_or_axial_rotation,anatomical_action_inferred,Azevedo 2024 Appendix A1 p3; A4 pp18-19,data/leg_muscle_actions.csv,前脚筋地図と現型注釈による作用対応。T2/T3は分節間相同を含む。個別生理は未測定。,not_measured,191,789,"[{""bodyId"": ""903366"", ""type"": ""IN16B016"", ""superclass"": ""vnc_intrinsic"", ""weight"": 39}, {""bodyId"": ""934092"", ""type"": ""IN19A016"", ""superclass"": ""vnc_intrinsic"", ""weight"": 35}, {""bodyId"": ""802638"", ""type"": ""IN19A016"", ""superclass"": ""vnc_intrinsic"", ""weight"": 31}]"
male-cns:v1.0,1050340850,,,前脚筋群,fl,vnc_motor,R,T1,ProLN,Reviewed,,unknown,unknown,muscle_unresolved,no_named_muscle_type,data/leg_muscle_actions.csv,前脚筋地図と現型注釈による作用対応。T2/T3は分節間相同を含む。個別生理は未測定。 旧MANC標的とのラベル差あり。legs/legacy_target_differences.csv参照。,not_measured,24,35,"[{""bodyId"": ""808966"", ""type"": ""IN04A002"", ""superclass"": ""vnc_intrinsic"", ""weight"": 5}, {""bodyId"": ""815347"", ""type"": ""IN12B059"", ""superclass"": ""vnc_intrinsic"", ""weight"": 3}, {""bodyId"": ""13410"", ""type"": ""DNa14"", ""superclass"": ""descending_neuron"", ""weight"": 2}]"
male-cns:v1.0,1050349786,Acc. tr flexor MN,Acc. tr flexor MN_R,前脚筋群,fl,vnc_motor,R,T1,ProLN,Reviewed,Acc. tr flexor MN,coxa-trochanter,flexion,anatomical_action_inferred,Azevedo 2024 Appendix A1 p3; A9 pp27-28,data/leg_muscle_actions.csv,前脚筋地図と現型注釈による作用対応。T2/T3は分節間相同を含む。個別生理は未測定。,not_measured,68,126,"[{""bodyId"": ""800782"", ""type"": ""IN19A008"", ""superclass"": ""vnc_intrinsic"", ""weight"": 11}, {""bodyId"": ""10734"", ""type"": ""DNg93"", ""superclass"": ""descending_neuron"", ""weight"": 10}, {""bodyId"": ""803006"", ""type"": ""IN16B018"", ""superclass"": ""vnc_intrinsic"", ""weight"": 7}]"
male-cns:v1.0,1050380236,Ta depressor MN,Ta depressor MN_R,前脚筋群,fl,vnc_motor,R,T1,ProLN,Reviewed,Ta depressor MN,tibia-tarsus,extension_push_from_substrate,anatomical_action_inferred,Azevedo 2024 Appendix A1 p4; A17 pp41-42,data/leg_muscle_actions.csv,前脚筋地図と現型注釈による作用対応。T2/T3は分節間相同を含む。個別生理は未測定。 旧MANC標的とのラベル差あり。legs/legacy_target_differences.csv参照。,not_measured,27,37,"[{""bodyId"": ""801382"", ""type"": ""IN09A002"", ""superclass"": ""vnc_intrinsic"", ""weight"": 3}, {""bodyId"": ""23797"", ""type"": ""AN12B008"", ""superclass"": ""ascending_neuron"", ""weight"": 2}, {""bodyId"": ""800353"", ""type"": ""IN08A002"", ""superclass"": ""vnc_intrinsic"", ""weight"": 2}]"
male-cns:v1.0,1050403926,Ta depressor MN,Ta depressor MN_L,前脚筋群,fl,vnc_motor,L,T1,ProLN,Reviewed,Ta depressor MN,tibia-tarsus,extension_push_from_substrate,anatomical_action_inferred,Azevedo 2024 Appendix A1 p4; A17 pp41-42,data/leg_muscle_actions.csv,前脚筋地図と現型注釈による作用対応。T2/T3は分節間相同を含む。個別生理は未測定。 旧MANC標的とのラベル差あり。legs/legacy_target_differences.csv参照。,not_measured,32,47,"[{""bodyId"": ""800685"", ""type"": ""IN09A002"", ""superclass"": ""vnc_intrinsic"", ""weight"": 7}, {""bodyId"": ""1053526057"", ""type"": ""IN13B098"", ""superclass"": ""vnc_intrinsic"", ""weight"": 3}, {""bodyId"": ""801718"", ""type"": ""IN13B012"", ""superclass"": ""vnc_intrinsic"", ""weight"": 2}]"
male-cns:v1.0,1050460102,Acc. ti flexor MN,Acc. ti flexor MN_R,後脚筋群,hl,vnc_motor,R,T3,MetaLN,Reviewed,Acc. ti flexor MN,femur-tibia,flexion,anatomical_action_inferred,Azevedo 2024 Appendix A1 pp3-4; A13-A14 pp34-37,data/leg_muscle_actions.csv,前脚筋地図と現型注釈による作用対応。T2/T3は分節間相同を含む。個別生理は未測定。 旧MANC標的とのラベル差あり。legs/legacy_target_differences.csv参照。,not_measured,140,486,"[{""bodyId"": ""905618"", ""type"": ""IN21A021"", ""superclass"": ""vnc_intrinsic"", ""weight"": 45}, {""bodyId"": ""903280"", ""type"": ""IN09A003"", ""superclass"": ""vnc_intrinsic"", ""weight"": 28}, {""bodyId"": ""802219"", ""type"": ""IN14A009"", ""superclass"": ""vnc_intrinsic"", ""weight"": 17}]"
male-cns:v1.0,1050493413,Sternal posterior rotator MN,Sternal posterior rotator MN_R,後脚筋群,hl,vnc_motor,R,T3,MetaLN,Prelim Roughly traced,Sternal posterior rotator MN,thorax-coxa,coxa_posterior_movement_or_axial_rotation,anatomical_action_inferred,Azevedo 2024 Appendix A1 p3; A4 pp18-19,data/leg_muscle_actions.csv,前脚筋地図と現型注釈による作用対応。T2/T3は分節間相同を含む。個別生理は未測定。,not_measured,260,1430,"[{""bodyId"": ""906624"", ""type"": ""IN19A037"", ""superclass"": ""vnc_intrinsic"", ""weight"": 82}, {""bodyId"": ""903665"", ""type"": ""IN09A010"", ""superclass"": ""vnc_intrinsic"", ""weight"": 66}, {""bodyId"": ""804063"", ""type"": ""IN03A010"", ""superclass"": ""vnc_intrinsic"", ""weight"": 43}]"
male-cns:v1.0,1050607195,Fe reductor MN,Fe reductor MN_L,中脚筋群,ml,vnc_motor,L,T2,MesoLN,Reviewed,Fe reductor MN,trochanter-femur,unknown,named_muscle_action_unresolved,Azevedo 2024 Appendix A1 p3; A10 pp29-30,data/leg_muscle_actions.csv,前脚筋地図と現型注釈による作用対応。T2/T3は分節間相同を含む。個別生理は未測定。,not_measured,113,294,"[{""bodyId"": ""801166"", ""type"": ""IN21A009"", ""superclass"": ""vnc_intrinsic"", ""weight"": 19}, {""bodyId"": ""803841"", ""type"": ""IN18B038"", ""superclass"": ""vnc_intrinsic"", ""weight"": 12}, {""bodyId"": ""814068"", ""type"": ""IN08A041"", ""superclass"": ""vnc_intrinsic"", ""weight"": 12}]"
male-cns:v1.0,1050615112,ltm2-femur MN,ltm2-femur MN_L,前脚筋群,fl,vnc_motor,L,T1,ProLN,Reviewed,ltm2-femur MN,long_tendon,long_tendon_pull_femur_muscle,anatomical_action_inferred,Azevedo 2024 Appendix A1 p4; A15-A16 pp38-40,data/leg_muscle_actions.csv,前脚筋地図と現型注釈による作用対応。T2/T3は分節間相同を含む。個別生理は未測定。,not_measured,194,799,"[{""bodyId"": ""802197"", ""type"": ""IN21A020"", ""superclass"": ""vnc_intrinsic"", ""weight"": 44}, {""bodyId"": ""800256"", ""type"": ""IN08A002"", ""superclass"": ""vnc_intrinsic"", ""weight"": 31}, {""bodyId"": ""801904"", ""type"": ""IN21A007"", ""superclass"": ""vnc_intrinsic"", ""weight"": 30}]"
male-cns:v1.0,1050660827,Ta depressor MN,Ta depressor MN_L,前脚筋群,fl,vnc_motor,L,T1,ProLN,Reviewed,Ta depressor MN,tibia-tarsus,extension_push_from_substrate,anatomical_action_inferred,Azevedo 2024 Appendix A1 p4; A17 pp41-42,data/leg_muscle_actions.csv,前脚筋地図と現型注釈による作用対応。T2/T3は分節間相同を含む。個別生理は未測定。 旧MANC標的とのラベル差あり。legs/legacy_target_differences.csv参照。,not_measured,61,149,"[{""bodyId"": ""801036"", ""type"": ""IN19A030"", ""superclass"": ""vnc_intrinsic"", ""weight"": 12}, {""bodyId"": ""800898"", ""type"": ""IN12B018"", ""superclass"": ""vnc_intrinsic"", ""weight"": 9}, {""bodyId"": ""11067"", ""type"": ""DNb06"", ""superclass"": ""descending_neuron"", ""weight"": 7}]"
male-cns:v1.0,1050669248,Tr flexor MN,Tr flexor MN_L,中脚筋群,ml,vnc_motor,L,T2,MesoLN,Reviewed,Tr flexor MN,coxa-trochanter,flexion,anatomical_action_inferred,Azevedo 2024 Appendix A1 p3; A7-A8 pp24-26,data/leg_muscle_actions.csv,前脚筋地図と現型注釈による作用対応。T2/T3は分節間相同を含む。個別生理は未測定。,not_measured,458,3845,"[{""bodyId"": ""800332"", ""type"": ""IN13A010"", ""superclass"": ""vnc_intrinsic"", ""weight"": 218}, {""bodyId"": ""801495"", ""type"": ""IN21A015"", ""superclass"": ""vnc_intrinsic"", ""weight"": 212}, {""bodyId"": ""800837"", ""type"": ""IN19B012"", ""superclass"": ""vnc_intrinsic"", ""weight"": 170}]"
male-cns:v1.0,1050673969,MNml80,MNml80_R,中脚筋群,ml,vnc_motor,R,T2,MesoLN,Reviewed,,unknown,unknown,muscle_unresolved,no_named_muscle_type,data/leg_muscle_actions.csv,前脚筋地図と現型注釈による作用対応。T2/T3は分節間相同を含む。個別生理は未測定。 旧MANC標的とのラベル差あり。legs/legacy_target_differences.csv参照。,not_measured,194,671,"[{""bodyId"": ""905262"", ""type"": ""IN19A030"", ""superclass"": ""vnc_intrinsic"", ""weight"": 57}, {""bodyId"": ""801794"", ""type"": ""IN13B012"", ""superclass"": ""vnc_intrinsic"", ""weight"": 54}, {""bodyId"": ""812573"", ""type"": ""IN13B080"", ""superclass"": ""vnc_intrinsic"", ""weight"": 21}]"
male-cns:v1.0,1050730563,Acc. tr flexor MN,Acc. tr flexor MN_L,後脚筋群,hl,vnc_motor,L,T3,MetaLN,Reviewed,Acc. tr flexor MN,coxa-trochanter,flexion,anatomical_action_inferred,Azevedo 2024 Appendix A1 p3; A9 pp27-28,data/leg_muscle_actions.csv,前脚筋地図と現型注釈による作用対応。T2/T3は分節間相同を含む。個別生理は未測定。 旧MANC標的とのラベル差あり。legs/legacy_target_differences.csv参照。,not_measured,81,196,"[{""bodyId"": ""802553"", ""type"": ""IN21A021"", ""superclass"": ""vnc_intrinsic"", ""weight"": 23}, {""bodyId"": ""800977"", ""type"": ""IN16B016"", ""superclass"": ""vnc_intrinsic"", ""weight"": 12}, {""bodyId"": ""801411"", ""type"": ""IN19A020"", ""superclass"": ""vnc_intrinsic"", ""weight"": 8}]"
male-cns:v1.0,1050815462,Ta depressor MN,Ta depressor MN_R,前脚筋群,fl,vnc_motor,R,T1,ProLN,Reviewed,Ta depressor MN,tibia-tarsus,extension_push_from_substrate,anatomical_action_inferred,Azevedo 2024 Appendix A1 p4; A17 pp41-42,data/leg_muscle_actions.csv,前脚筋地図と現型注釈による作用対応。T2/T3は分節間相同を含む。個別生理は未測定。 旧MANC標的とのラベル差あり。legs/legacy_target_differences.csv参照。,not_measured,10,11,"[{""bodyId"": ""815828"", ""type"": null, ""superclass"": ""vnc_intrinsic"", ""weight"": 2}, {""bodyId"": ""806412"", ""type"": ""IN16B070"", ""superclass"": ""vnc_intrinsic"", ""weight"": 1}, {""bodyId"": ""808533"", ""type"": ""IN12B027"", ""superclass"": ""vnc_intrinsic"", ""weight"": 1}]"
male-cns:v1.0,1050938258,Tr flexor MN,Tr flexor MN_R,後脚筋群,hl,vnc_motor,R,T3,MetaLN,Reviewed,Tr flexor MN,coxa-trochanter,flexion,anatomical_action_inferred,Azevedo 2024 Appendix A1 p3; A7-A8 pp24-26,data/leg_muscle_actions.csv,前脚筋地図と現型注釈による作用対応。T2/T3は分節間相同を含む。個別生理は未測定。,not_measured,168,462,"[{""bodyId"": ""800345"", ""type"": ""IN16B016"", ""superclass"": ""vnc_intrinsic"", ""weight"": 29}, {""bodyId"": ""800638"", ""type"": ""IN19A015"", ""superclass"": ""vnc_intrinsic"", ""weight"": 23}, {""bodyId"": ""805004"", ""type"": ""IN09A012"", ""superclass"": ""vnc_intrinsic"", ""weight"": 23}]"
male-cns:v1.0,1051054875,Sternal posterior rotator MN,Sternal posterior rotator MN_L,中脚筋群,ml,vnc_motor,L,T2,MesoLN,Reviewed,Sternal posterior rotator MN,thorax-coxa,coxa_posterior_movement_or_axial_rotation,anatomical_action_inferred,Azevedo 2024 Appendix A1 p3; A4 pp18-19,data/leg_muscle_actions.csv,前脚筋地図と現型注釈による作用対応。T2/T3は分節間相同を含む。個別生理は未測定。,not_measured,162,941,"[{""bodyId"": ""800059"", ""type"": ""IN09A004"", ""superclass"": ""vnc_intrinsic"", ""weight"": 89}, {""bodyId"": ""800705"", ""type"": ""IN03A010"", ""superclass"": ""vnc_intrinsic"", ""weight"": 40}, {""bodyId"": ""808549"", ""type"": ""IN08A023"", ""superclass"": ""vnc_intrinsic"", ""weight"": 39}]"
male-cns:v1.0,1051062549,Ta depressor MN,Ta depressor MN_L,前脚筋群,fl,vnc_motor,L,T1,ProLN,Reviewed,Ta depressor MN,tibia-tarsus,extension_push_from_substrate,anatomical_action_inferred,Azevedo 2024 Appendix A1 p4; A17 pp41-42,data/leg_muscle_actions.csv,前脚筋地図と現型注釈による作用対応。T2/T3は分節間相同を含む。個別生理は未測定。,not_measured,191,658,"[{""bodyId"": ""800643"", ""type"": ""IN17A016"", ""superclass"": ""vnc_intrinsic"", ""weight"": 45}, {""bodyId"": ""13186"", ""type"": ""DNge028"", ""superclass"": ""descending_neuron"", ""weight"": 30}, {""bodyId"": ""821584"", ""type"": ""IN14B011"", ""superclass"": ""vnc_intrinsic"", ""weight"": 30}]"
male-cns:v1.0,1051236875,Acc. tr flexor MN,Acc. tr flexor MN_L,後脚筋群,hl,vnc_motor,L,T3,MetaLN,Reviewed,Acc. tr flexor MN,coxa-trochanter,flexion,anatomical_action_inferred,Azevedo 2024 Appendix A1 p3; A9 pp27-28,data/leg_muscle_actions.csv,前脚筋地図と現型注釈による作用対応。T2/T3は分節間相同を含む。個別生理は未測定。 旧MANC標的とのラベル差あり。legs/legacy_target_differences.csv参照。,not_measured,85,169,"[{""bodyId"": ""10030"", ""type"": ""pIP1"", ""superclass"": ""descending_neuron"", ""weight"": 8}, {""bodyId"": ""800089"", ""type"": ""IN19B012"", ""superclass"": ""vnc_intrinsic"", ""weight"": 8}, {""bodyId"": ""800257"", ""type"": ""IN19A008"", ""superclass"": ""vnc_intrinsic"", ""weight"": 8}]"
male-cns:v1.0,1051356801,Acc. ti flexor MN,Acc. ti flexor MN_L,中脚筋群,ml,vnc_motor,L,T2,MesoLN,Reviewed,Acc. ti flexor MN,femur-tibia,flexion,anatomical_action_inferred,Azevedo 2024 Appendix A1 pp3-4; A13-A14 pp34-37,data/leg_muscle_actions.csv,前脚筋地図と現型注釈による作用対応。T2/T3は分節間相同を含む。個別生理は未測定。,not_measured,72,199,"[{""bodyId"": ""929268"", ""type"": ""IN21A006"", ""superclass"": ""vnc_intrinsic"", ""weight"": 16}, {""bodyId"": ""801091"", ""type"": ""IN21A002"", ""superclass"": ""vnc_intrinsic"", ""weight"": 15}, {""bodyId"": ""805061"", ""type"": ""IN01A030"", ""superclass"": ""vnc_intrinsic"", ""weight"": 11}]"
male-cns:v1.0,1051367796,Tr flexor MN,Tr flexor MN_L,前脚筋群,fl,vnc_motor,L,T1,ProAN,Reviewed,Tr flexor MN,coxa-trochanter,flexion,anatomical_action_inferred,Azevedo 2024 Appendix A1 p3; A7-A8 pp24-26,data/leg_muscle_actions.csv,前脚筋地図と現型注釈による作用対応。T2/T3は分節間相同を含む。個別生理は未測定。,not_measured,16,20,"[{""bodyId"": ""815463"", ""type"": ""SNxx30"", ""superclass"": ""vnc_sensory"", ""weight"": 3}, {""bodyId"": ""800374"", ""type"": ""IN19A007"", ""superclass"": ""vnc_intrinsic"", ""weight"": 2}, {""bodyId"": ""928274"", ""type"": ""INXXX003"", ""superclass"": ""vnc_intrinsic"", ""weight"": 2}]"
male-cns:v1.0,1051670893,Tr flexor MN,Tr flexor MN_L,前脚筋群,fl,vnc_motor,L,T1,ProAN,Reviewed,Tr flexor MN,coxa-trochanter,flexion,anatomical_action_inferred,Azevedo 2024 Appendix A1 p3; A7-A8 pp24-26,data/leg_muscle_actions.csv,前脚筋地図と現型注釈による作用対応。T2/T3は分節間相同を含む。個別生理は未測定。,not_measured,100,258,"[{""bodyId"": ""800256"", ""type"": ""IN08A002"", ""superclass"": ""vnc_intrinsic"", ""weight"": 17}, {""bodyId"": ""800153"", ""type"": ""IN09A001"", ""superclass"": ""vnc_intrinsic"", ""weight"": 14}, {""bodyId"": ""800490"", ""type"": ""IN19A008"", ""superclass"": ""vnc_intrinsic"", ""weight"": 14}]"
male-cns:v1.0,1051680335,,,後脚筋群,hl,vnc_motor,L,T3,MetaLN,Reviewed,,unknown,unknown,muscle_unresolved,no_named_muscle_type,data/leg_muscle_actions.csv,前脚筋地図と現型注釈による作用対応。T2/T3は分節間相同を含む。個別生理は未測定。 旧MANC標的とのラベル差あり。legs/legacy_target_differences.csv参照。,not_measured,49,91,"[{""bodyId"": ""805908"", ""type"": ""IN03A070"", ""superclass"": ""vnc_intrinsic"", ""weight"": 7}, {""bodyId"": ""801378"", ""type"": ""IN13B011"", ""superclass"": ""vnc_intrinsic"", ""weight"": 6}, {""bodyId"": ""804110"", ""type"": ""IN13B017"", ""superclass"": ""vnc_intrinsic"", ""weight"": 6}]"
male-cns:v1.0,1052407897,,,前脚筋群,fl,vnc_motor,R,T1,ProLN,Reviewed,,unknown,unknown,muscle_unresolved,no_named_muscle_type,data/leg_muscle_actions.csv,前脚筋地図と現型注釈による作用対応。T2/T3は分節間相同を含む。個別生理は未測定。,not_measured,52,61,"[{""bodyId"": ""1054769007"", ""type"": ""IN14A101"", ""superclass"": ""vnc_intrinsic"", ""weight"": 3}, {""bodyId"": ""800077"", ""type"": ""IN12B002"", ""superclass"": ""vnc_intrinsic"", ""weight"": 2}, {""bodyId"": ""808165"", ""type"": ""IN12B069"", ""superclass"": ""vnc_intrinsic"", ""weight"": 2}]"
male-cns:v1.0,1052521030,Acc. ti flexor MN,Acc. ti flexor MN_R,中脚筋群,ml,vnc_motor,R,T2,MesoLN,Reviewed,Acc. ti flexor MN,femur-tibia,flexion,anatomical_action_inferred,Azevedo 2024 Appendix A1 pp3-4; A13-A14 pp34-37,data/leg_muscle_actions.csv,前脚筋地図と現型注釈による作用対応。T2/T3は分節間相同を含む。個別生理は未測定。 旧MANC標的とのラベル差あり。legs/legacy_target_differences.csv参照。,not_measured,110,259,"[{""bodyId"": ""801290"", ""type"": ""IN21A006"", ""superclass"": ""vnc_intrinsic"", ""weight"": 12}, {""bodyId"": ""800857"", ""type"": ""IN21A002"", ""superclass"": ""vnc_intrinsic"", ""weight"": 9}, {""bodyId"": ""800907"", ""type"": ""IN19A014"", ""superclass"": ""vnc_intrinsic"", ""weight"": 9}]"
male-cns:v1.0,1057471940,ltm1-tibia MN,ltm1-tibia MN_R,前脚筋群,fl,vnc_motor,R,T1,ProLN,Reviewed,ltm1-tibia MN,long_tendon,long_tendon_pull_tibia_muscle,anatomical_action_inferred,Azevedo 2024 Appendix A1 p4; A15-A16 pp38-40,data/leg_muscle_actions.csv,前脚筋地図と現型注釈による作用対応。T2/T3は分節間相同を含む。個別生理は未測定。,not_measured,182,684,"[{""bodyId"": ""805404"", ""type"": ""IN16B041"", ""superclass"": ""vnc_intrinsic"", ""weight"": 43}, {""bodyId"": ""800353"", ""type"": ""IN08A002"", ""superclass"": ""vnc_intrinsic"", ""weight"": 34}, {""bodyId"": ""802167"", ""type"": ""IN13B011"", ""superclass"": ""vnc_intrinsic"", ""weight"": 26}]"
male-cns:v1.0,1059707690,Acc. ti flexor MN,Acc. ti flexor MN_R,後脚筋群,hl,vnc_motor,R,T3,MetaLN,Reviewed,Acc. ti flexor MN,femur-tibia,flexion,anatomical_action_inferred,Azevedo 2024 Appendix A1 pp3-4; A13-A14 pp34-37,data/leg_muscle_actions.csv,前脚筋地図と現型注釈による作用対応。T2/T3は分節間相同を含む。個別生理は未測定。,not_measured,48,97,"[{""bodyId"": ""802619"", ""type"": ""IN21A022"", ""superclass"": ""vnc_intrinsic"", ""weight"": 7}, {""bodyId"": ""800345"", ""type"": ""IN16B016"", ""superclass"": ""vnc_intrinsic"", ""weight"": 6}, {""bodyId"": ""524225"", ""type"": ""DNg14"", ""superclass"": ""descending_neuron"", ""weight"": 4}]"
